"","year","user","cfmu","spec","n_samps","n_ints","samp_p_int","mean_wtkg","sd_wt","boot_sd","mean_n","mean_int","mean_spi","n_ints2","method","wt_cv"
"1",2006,"Charter","CSEO","black",92,1,92,1.89965210234783,0.676300045988267,0.0697499567438594,706.933333333333,132.666666666667,5.0407650060787,18.2511979608366,"bootstrap",0.0367172266214713
"2",2006,"Private","CSEO","black",33,1,33,1.46130206142424,0.418639704972329,0.0716547955988803,121.6,45.5333333333333,2.70992033450121,12.1774797509219,"bootstrap",0.0490348966790909
"3",2006,"Charter","EWYKT","black",85,1,85,2.04244190814118,0.49355596304494,0.05219749488251,313.133333333333,52.7333333333333,5.62761321744838,15.1040941720121,"bootstrap",0.0255564159129573
"4",2006,"Private","EWYKT","black",11,1,11,1.50424654009091,0.462203932220324,0.130473613268076,100.8,23.7333333333333,3.44014884883052,3.19753606119091,"bootstrap",0.0867368544920771
"5",2006,"Charter","NSEI","black",53,1,53,1.93189538533962,0.514381283814972,0.0674597606786615,102.538461538462,28.7692307692308,3.82202686075684,13.8669878394065,"bootstrap",0.0349189511971438
"6",2006,"Private","NSEI","black",29,1,29,1.31849341148276,0.447356292461829,0.0801766873701263,71.6428571428571,23.4285714285714,3.06100050634987,9.47402652820251,"bootstrap",0.0608093196916022
"7",2006,"Charter","NSEO","black",29,1,29,1.77687079813793,0.52632852589549,0.0990589581641698,223.333333333333,56.6666666666667,3.79560891322496,7.64040781413383,"bootstrap",0.0557491058258026
"8",2006,"Private","NSEO","black",16,1,16,1.555624331125,0.546045592690177,0.133320055366225,44.4666666666667,13.9333333333333,3.08990583064752,5.17815133435541,"bootstrap",0.0857019607489748
"9",2006,"Charter","SSEI","black",167,1,167,1.47183232464671,0.435860602560637,0.0331388257951769,465.4,76,6.05731184009574,27.5699855659669,"bootstrap",0.0225153539844503
"10",2006,"Private","SSEI","black",26,1,26,1.64885434696154,0.529455839898913,0.10590367642016,116.066666666667,37.5333333333333,2.99402189506678,8.6839712304175,"bootstrap",0.0642286425209821
"11",2006,"Charter","SSEO","black",203,1,203,1.36254771401478,0.477064362509819,0.0337589071332786,233.533333333333,65.0666666666667,3.69743634029823,54.9029060453348,"bootstrap",0.0247763118942875
"12",2006,"Private","SSEO","black",24,1,24,1.48207839370833,0.619541533450325,0.126394234345174,71.8666666666667,23.0666666666667,3.01039291726778,7.97238123380328,"bootstrap",0.0852817468237431
"13",2006,"Charter","CSEO","dsr_less_ye",136,1,136,1.14587504836029,0.561088288043535,0.0460952464263803,504.833333333333,203.75,2.1368594499078,63.6448035952333,"bootstrap",0.0402271141974345
"14",2006,"Private","CSEO","dsr_less_ye",38,1,38,1.09570997147368,0.330667939749088,0.0525208131089757,89.5714285714286,43,1.8457825576957,20.5874737745055,"bootstrap",0.0479331342018704
"15",2006,"Charter","EWYKT","dsr_less_ye",111,1,111,1.39180445078378,0.462966191900878,0.0432906782902322,116.846153846154,59.6923076923077,1.78738671882022,62.1018377451446,"bootstrap",0.0311039947212796
"16",2006,"Private","EWYKT","dsr_less_ye",11,1,11,1.391720435,0.332930424906333,0.0962326710523623,15.6666666666667,8.2,1.60746812355171,6.84305949140404,"bootstrap",0.0691465531670248
"17",2006,"Charter","NSEI","dsr_less_ye",69,1,69,1.39233369234783,0.393959428202469,0.0469726492099102,119.357142857143,53,2.05748266588884,33.5361270079968,"bootstrap",0.0337366318635172
"18",2006,"Private","NSEI","dsr_less_ye",42,1,42,1.04464009933333,0.33889635473239,0.0508644280423075,148.266666666667,87.6666666666667,1.63882055567949,25.6281872072234,"bootstrap",0.0486908630778849
"19",2006,"Charter","NSEO","dsr_less_ye",92,1,92,1.35119347772826,0.35527296549905,0.0373490715164508,284.3,114.5,2.37538934192259,38.7304928822898,"bootstrap",0.027641542186279
"20",2006,"Private","NSEO","dsr_less_ye",27,1,27,1.30182901337037,0.406713220915723,0.0767000823773217,29.4545454545455,13.8181818181818,2.09102558088626,12.912324099142,"bootstrap",0.05891717083394
"21",2006,"Charter","SSEI","dsr_less_ye",146,1,146,1.06871791239041,0.489822081061824,0.0407136602837955,418.357142857143,150.214285714286,2.49380438643985,58.5450890991612,"bootstrap",0.0380957966660547
"22",2006,"Private","SSEI","dsr_less_ye",299,1,299,0.925196491638796,0.386596153230304,0.0221061078395877,400.733333333333,172.6,2.12773973186714,140.524705875385,"bootstrap",0.0238934194404815
"23",2006,"Charter","SSEO","dsr_less_ye",140,1,140,1.07711062875714,0.398914642484651,0.0341876858626797,195.5,86.3571428571429,1.9981238043644,70.0657285070152,"bootstrap",0.0317401805811982
"24",2006,"Private","SSEO","dsr_less_ye",30,1,30,1.17656828793333,0.30911418940277,0.0567979996927712,42.8571428571429,21,1.81864959497312,16.495756017499,"bootstrap",0.0482742908127654
"25",2006,"Charter","CSEO","pelagic_less_blk",13,1,13,1.57891750946154,0.39844033793692,0.108090535277242,92.7333333333333,47.6,1.84126155247548,7.06037661109155,"bootstrap",0.0684586336078472
"26",2006,"Charter","NSEI","pelagic_less_blk",26,1,26,1.92496963392308,0.846367993292054,0.162481766097378,274,62.6,4.02240094844948,6.46380118074064,"bootstrap",0.0844074437508094
"27",2006,"Private","NSEI","pelagic_less_blk",33,1,33,1.37089152006061,0.625081892128098,0.10819179986103,232.533333333333,96.8666666666667,2.42527739995474,13.6066909297121,"bootstrap",0.0789207594312398
"28",2006,"Charter","NSEO","pelagic_less_blk",10,1,10,2.0207602112,0.452669388228328,0.141982169343926,58.5714285714286,29.1428571428571,2.12200803051883,4.7125175099149,"bootstrap",0.0702617601816359
"29",2006,"Private","SSEI","pelagic_less_blk",17,1,17,1.026994555,0.584756077235861,0.132932520758672,119.466666666667,50.6,2.34803341297204,7.24010139978464,"bootstrap",0.129438389046446
"30",2006,"Charter","CSEO","slope",40,1,40,2.1406668061,1.13034605021355,0.182757079245428,231.133333333333,114.2,2.03106810312452,19.6940712812463,"bootstrap",0.0853739025263751
"31",2006,"Charter","NSEI","slope",54,1,54,1.58035857305556,0.854476780232175,0.116950081947342,74.2666666666667,40.2,2.06879845470816,26.1021076640439,"bootstrap",0.0740022447698208
"32",2006,"Private","NSEI","slope",31,1,31,1.38684982770968,0.985152859326269,0.171882986127213,107.933333333333,62.7333333333333,1.69758117461376,18.261276964887,"bootstrap",0.123937705938263
"33",2006,"Charter","SSEI","slope",16,1,16,1.5061321334375,1.00216295922444,0.24477693454225,123.2,61.9333333333333,1.95660312910477,8.17743760193244,"bootstrap",0.162520225887211
"34",2006,"Private","SSEI","slope",75,1,75,1.4587777024,0.93710406329583,0.109500824335095,139.8,73.8666666666667,1.82537497036798,41.0874484516903,"bootstrap",0.0750634069570317
"35",2006,"Charter","SSEO","slope",14,1,14,1.48929025735714,0.67640803425874,0.176412954533668,67.6,45.1333333333333,1.45205046763777,9.64153816414901,"bootstrap",0.118454380307789
"36",2006,"Charter","CSEO","yelloweye",728,1,728,3.69836479929533,1.47119677708275,0.0562796982143528,408.5,194.083333333333,1.93135998351913,376.93646249909,"bootstrap",0.0152174545423632
"37",2006,"Private","CSEO","yelloweye",28,1,28,3.56640706739286,2.02460385436338,0.374864384658305,77.4545454545455,42.4545454545455,1.76132411697525,15.8971308745178,"bootstrap",0.105109814324236
"38",2006,"Charter","EWYKT","yelloweye",37,1,37,3.4141216447027,1.22792329238342,0.20171620434557,46.6,27.7,1.67233721671604,22.124724385825,"bootstrap",0.0590828990110969
"39",2006,"Charter","NSEI","yelloweye",114,1,114,4.12366230050877,2.14616581591998,0.192649333844848,69.3636363636364,37.2727272727273,1.77849606656826,64.0991015628006,"bootstrap",0.0467180190339735
"40",2006,"Private","NSEI","yelloweye",28,1,28,3.73913350567857,2.03755865474093,0.373917501734018,51.1333333333333,36.2666666666667,1.31619841270077,21.2733883659269,"bootstrap",0.100001110194689
"41",2006,"Charter","NSEO","yelloweye",132,1,132,4.08305580015909,2.04582849010712,0.179354683755372,236.5,108.5,2.18443244432585,60.4275954346288,"bootstrap",0.0439265815932232
"42",2006,"Private","NSEO","yelloweye",43,1,43,3.61893010790698,1.73589417917918,0.270162805318231,32.8181818181818,14.8181818181818,2.10132835001256,20.4632464982176,"bootstrap",0.0746526728239249
"43",2006,"Charter","SSEI","yelloweye",103,1,103,3.59145875658252,1.76678252969055,0.176110198776046,198.769230769231,90.3846153846154,1.94624385624861,52.92245350926,"bootstrap",0.0490358405072217
"44",2006,"Private","SSEI","yelloweye",145,1,145,3.09266224170345,1.71103906170041,0.143263592821141,193.066666666667,112,1.68733486463908,85.9343352873917,"bootstrap",0.046323711296139
"45",2006,"Charter","SSEO","yelloweye",122,1,122,3.90783967007377,2.0170345630868,0.18612241014504,215.909090909091,90.4545454545455,2.28082085070144,53.4895145151274,"bootstrap",0.0476279545372256
"46",2006,"Private","SSEO","yelloweye",10,1,10,3.4858399025,2.20037850361734,0.683273787306039,59.9090909090909,30.1818181818182,1.91294947525243,5.22752959728871,"bootstrap",0.196014104611059
"47",2007,"Charter","CSEO","black",42,1,42,1.79828160266667,0.76673182956993,0.116169979456141,706.933333333333,132.666666666667,5.0407650060787,8.33206863429496,"bootstrap",0.0646005493710622
"48",2007,"Private","CSEO","black",19,1,19,1.19364176147368,0.384208948049409,0.0841510765632074,121.6,45.5333333333333,2.70992033450121,7.01127622022775,"bootstrap",0.0704994406858834
"49",2007,"Charter","EWYKT","black",80,1,80,2.0773901446625,0.547277466326341,0.0598242894814211,313.133333333333,52.7333333333333,5.62761321744838,14.2156180442466,"bootstrap",0.0287978113476322
"50",2007,"Charter","NSEI","black",31,1,31,1.85533779919355,0.634832532321722,0.11301557779144,102.538461538462,28.7692307692308,3.82202686075684,8.11087967965285,"bootstrap",0.0609137472650877
"51",2007,"Charter","NSEO","black",53,1,53,1.85540935513208,0.517133055680692,0.0689420687074804,223.333333333333,56.6666666666667,3.79560891322496,13.9635039361756,"bootstrap",0.037157335936022
"52",2007,"Charter","SSEI","black",46,1,46,1.43888292895652,0.420468921064319,0.0609214181609745,465.4,76,6.05731184009574,7.5941277606855,"bootstrap",0.0423393849040621
"53",2007,"Private","SSEI","black",31,1,31,1.29325099741935,0.348701002572719,0.0598760812648932,116.066666666667,37.5333333333333,2.99402189506678,10.3539656978055,"bootstrap",0.0462988865922966
"54",2007,"Charter","SSEO","black",223,1,223,1.35516037653363,0.415178340002122,0.027951115944621,233.533333333333,65.0666666666667,3.69743634029823,60.3120593502939,"bootstrap",0.0206256886112013
"55",2007,"Private","SSEO","black",120,1,120,1.34814614758333,0.441689661147851,0.0414797696451744,71.8666666666667,23.0666666666667,3.01039291726778,39.8619061690164,"bootstrap",0.0307680066582769
"56",2007,"Charter","CSEO","dsr_less_ye",103,1,103,1.40021492991262,0.996239848007779,0.0962241464686884,504.833333333333,203.75,2.1368594499078,48.2015791934487,"bootstrap",0.0687209830527183
"57",2007,"Private","CSEO","dsr_less_ye",13,1,13,1.007181314,0.32597712268545,0.091216818258386,89.5714285714286,43,1.8457825576957,7.04308313338346,"bootstrap",0.0905664322703926
"58",2007,"Charter","EWYKT","dsr_less_ye",40,1,40,1.378564510175,0.466752261658764,0.0721280479148031,116.846153846154,59.6923076923077,1.78738671882022,22.3790406288809,"bootstrap",0.0523211263473241
"59",2007,"Charter","NSEI","dsr_less_ye",49,1,49,1.33226249067347,0.476834463561881,0.0653933249616708,119.357142857143,53,2.05748266588884,23.8155104839398,"bootstrap",0.0490844149853787
"60",2007,"Private","NSEI","dsr_less_ye",28,1,28,1.01157052542857,0.395476278445395,0.0750030160406346,148.266666666667,87.6666666666667,1.63882055567949,17.085458138149,"bootstrap",0.0741451180666401
"61",2007,"Charter","NSEO","dsr_less_ye",49,1,49,1.49702537128571,0.483754217009782,0.0688052738378234,284.3,114.5,2.37538934192259,20.6281972960021,"bootstrap",0.0459613278155267
"62",2007,"Charter","SSEI","dsr_less_ye",63,1,63,1.17742156633333,0.36116689151606,0.0458131657411262,418.357142857143,150.214285714286,2.49380438643985,25.262606940049,"bootstrap",0.0389097389168735
"63",2007,"Private","SSEI","dsr_less_ye",242,1,242,0.996149663206612,0.365009961300648,0.0240896041862098,400.733333333333,172.6,2.12773973186714,113.735715123221,"bootstrap",0.0241827157865669
"64",2007,"Charter","SSEO","dsr_less_ye",101,1,101,1.1045603559802,0.391353998114596,0.0377194119597154,195.5,86.3571428571429,1.9981238043644,50.5474184229181,"bootstrap",0.0341488011546845
"65",2007,"Private","SSEO","dsr_less_ye",45,1,45,1.13486307388889,0.352369859800334,0.0521198494380868,42.8571428571429,21,1.81864959497312,24.7436340262485,"bootstrap",0.0459261127066944
"66",2007,"Charter","CSEO","pelagic_less_blk",21,1,21,1.4984977217619,0.840316612714771,0.170996656455277,92.7333333333333,47.6,1.84126155247548,11.4052237563787,"bootstrap",0.114112056342817
"67",2007,"Charter","NSEI","pelagic_less_blk",13,1,13,1.32302731984615,0.26671667230804,0.0749334668637527,274,62.6,4.02240094844948,3.23190059037032,"bootstrap",0.0566378832392261
"68",2007,"Private","NSEI","pelagic_less_blk",24,1,24,1.17609282370833,0.440701621733971,0.0849124743471183,232.533333333333,96.8666666666667,2.42527739995474,9.89577522160883,"bootstrap",0.0721987862143238
"69",2007,"Private","SSEI","pelagic_less_blk",17,1,17,1.09361848547059,0.795657683403706,0.187196034904146,119.466666666667,50.6,2.34803341297204,7.24010139978464,"bootstrap",0.171171242431583
"70",2007,"Charter","CSEO","slope",28,1,28,2.93022379439286,1.6741942068215,0.311040513790462,231.133333333333,114.2,2.03106810312452,13.7858498968724,"bootstrap",0.106149064240641
"71",2007,"Charter","NSEI","slope",56,1,56,1.5433414805,0.878129040230591,0.120259710404975,74.2666666666667,40.2,2.06879845470816,27.0688523923419,"bootstrap",0.077921647233906
"72",2007,"Private","NSEI","slope",19,1,19,1.30401041431579,0.73723622738215,0.160902769119574,107.933333333333,62.7333333333333,1.69758117461376,11.1923955591243,"bootstrap",0.123390708657798
"73",2007,"Charter","SSEI","slope",38,1,38,1.54020018934211,0.848048895129793,0.136635255073064,123.2,61.9333333333333,1.95660312910477,19.4214143045896,"bootstrap",0.0887126595740959
"74",2007,"Private","SSEI","slope",84,1,84,1.6762527894881,0.945020550315155,0.102210668688986,139.8,73.8666666666667,1.82537497036798,46.0179422658931,"bootstrap",0.0609756889473693
"75",2007,"Charter","CSEO","yelloweye",288,1,288,3.40993709488542,1.46240821101883,0.0864778489519236,408.5,194.083333333333,1.93135998351913,149.117721428211,"bootstrap",0.0253605408386073
"76",2007,"Private","CSEO","yelloweye",12,1,12,3.75751774066667,1.80699332263768,0.480663191559059,77.4545454545455,42.4545454545455,1.76132411697525,6.81305608907905,"bootstrap",0.127920405100677
"77",2007,"Charter","EWYKT","yelloweye",15,1,15,3.32629214853333,1.03570427956308,0.257716425463928,46.6,27.7,1.67233721671604,8.96948285911822,"bootstrap",0.0774785899601642
"78",2007,"Charter","NSEI","yelloweye",92,1,92,3.76204322609783,1.65011145468719,0.174682418342718,69.3636363636364,37.2727272727273,1.77849606656826,51.7290995068215,"bootstrap",0.0464328578499368
"79",2007,"Private","NSEI","yelloweye",46,1,46,3.35793994019565,1.76846716192077,0.251860649473503,51.1333333333333,36.2666666666667,1.31619841270077,34.949138029737,"bootstrap",0.0750045128736962
"80",2007,"Charter","NSEO","yelloweye",75,1,75,3.94890721126667,1.65512295803754,0.188081268733553,236.5,108.5,2.18443244432585,34.3338610424027,"bootstrap",0.0476286878042959
"81",2007,"Charter","SSEI","yelloweye",68,1,68,3.68969225039706,1.58052069494556,0.195735518414384,198.769230769231,90.3846153846154,1.94624385624861,34.9390955206765,"bootstrap",0.0530492803006323
"82",2007,"Private","SSEI","yelloweye",169,1,169,3.02368646240828,1.55296346761926,0.121772665214395,193.066666666667,112,1.68733486463908,100.157949403926,"bootstrap",0.0402729141160377
"83",2007,"Charter","SSEO","yelloweye",112,1,112,3.74320199995536,1.47702540237442,0.138747377517192,215.909090909091,90.4545454545455,2.28082085070144,49.1051280794612,"bootstrap",0.0370664948134905
"84",2007,"Private","SSEO","yelloweye",39,1,39,3.24333915905128,0.9774356612593,0.155936877564981,59.9090909090909,30.1818181818182,1.91294947525243,20.387365429426,"bootstrap",0.0480791153554827
"85",2008,"Charter","EWYKT","black",547,1,547,2.18126338012797,0.557973481387822,0.0237899238876269,313.133333333333,52.7333333333333,5.62761321744838,97.1992883775364,"bootstrap",0.0109064884618524
"86",2008,"Private","EWYKT","black",14,1,14,1.93507767842857,0.564948526197879,0.146892072778152,100.8,23.7333333333333,3.44014884883052,4.06959135060662,"bootstrap",0.075910168576509
"87",2008,"Charter","NSEI","black",90,1,90,1.40031503345556,0.667971653718187,0.0686215920836468,102.538461538462,28.7692307692308,3.82202686075684,23.5477151989921,"bootstrap",0.0490043957567958
"88",2008,"Charter","NSEO","black",37,1,37,1.47948347532432,0.559718634917365,0.0907468730927237,223.333333333333,56.6666666666667,3.79560891322496,9.74810652148109,"bootstrap",0.06133686155084
"89",2008,"Charter","SSEI","black",166,1,166,1.46193954127711,0.393527566040342,0.0302324740318976,465.4,76,6.05731184009574,27.404895832039,"bootstrap",0.0206797019837684
"90",2008,"Private","SSEI","black",44,1,44,1.26287552377273,0.535328510958075,0.0822646178657015,116.066666666667,37.5333333333333,2.99402189506678,14.6959513130142,"bootstrap",0.0651407176060736
"91",2008,"Charter","SSEO","black",675,1,675,1.50566019818074,0.5536375333575,0.0208996603878713,233.533333333333,65.0666666666667,3.69743634029823,182.558924042369,"bootstrap",0.0138807284758699
"92",2008,"Private","SSEO","black",134,1,134,1.48345998115672,0.463108628326205,0.037490707145386,71.8666666666667,23.0666666666667,3.01039291726778,44.512461888735,"bootstrap",0.0252724762525464
"93",2008,"Charter","CSEO","dsr_less_ye",161,1,161,1.24541512914286,0.547517572501446,0.0426946798203583,504.833333333333,203.75,2.1368594499078,75.3442160208276,"bootstrap",0.0342814848007688
"94",2008,"Private","CSEO","dsr_less_ye",30,1,30,0.8547732904,0.201667304006543,0.0358571786076365,89.5714285714286,43,1.8457825576957,16.2532687693464,"bootstrap",0.0419493437737821
"95",2008,"Charter","EWYKT","dsr_less_ye",82,1,82,1.67959096602439,0.558477354576437,0.0626096459979554,116.846153846154,59.6923076923077,1.78738671882022,45.8770332892059,"bootstrap",0.0372767222880182
"96",2008,"Private","EWYKT","dsr_less_ye",10,1,10,1.5646071947,0.428330015412016,0.12966109778313,15.6666666666667,8.2,1.60746812355171,6.22096317400367,"bootstrap",0.0828713419076356
"97",2008,"Charter","NSEI","dsr_less_ye",87,1,87,1.06250582712644,0.453804298421811,0.0493615845844467,119.357142857143,53,2.05748266588884,42.2846818796482,"bootstrap",0.0464577071713064
"98",2008,"Private","NSEI","dsr_less_ye",44,1,44,1.04235248579545,0.543100706871733,0.0807205309173495,148.266666666667,87.6666666666667,1.63882055567949,26.8485770742341,"bootstrap",0.0774407237641391
"99",2008,"Charter","NSEO","dsr_less_ye",106,1,106,1.23292964849057,0.406269301683606,0.0387299575530213,284.3,114.5,2.37538934192259,44.6242635382904,"bootstrap",0.0314129501228534
"100",2008,"Charter","SSEI","dsr_less_ye",141,1,141,1.10951040399291,0.365329425204631,0.0310232495895629,418.357142857143,150.214285714286,2.49380438643985,56.5401202943954,"bootstrap",0.0279612065627473
"101",2008,"Private","SSEI","dsr_less_ye",274,1,274,0.948479394605839,0.362024225939575,0.021999206639165,400.733333333333,172.6,2.12773973186714,128.775148527945,"bootstrap",0.023194185096986
"102",2008,"Charter","SSEO","dsr_less_ye",308,1,308,1.23247971374351,0.484416703238193,0.0282846206736532,195.5,86.3571428571429,1.9981238043644,154.144602715433,"bootstrap",0.0229493600245493
"103",2008,"Private","SSEO","dsr_less_ye",57,1,57,1.06012278533333,0.349192488161821,0.0477430712720641,42.8571428571429,21,1.81864959497312,31.3419364332481,"bootstrap",0.0450354165881382
"104",2008,"Charter","NSEI","pelagic_less_blk",20,1,20,1.19728258265,0.442746980391008,0.0967658991472923,274,62.6,4.02240094844948,4.97215475441588,"bootstrap",0.0808212702243742
"105",2008,"Private","NSEI","pelagic_less_blk",28,1,28,0.89447827775,0.427111950384937,0.0817178005091268,232.533333333333,96.8666666666667,2.42527739995474,11.545071091877,"bootstrap",0.0913580603820614
"106",2008,"Charter","SSEI","pelagic_less_blk",15,1,15,1.36519785813333,0.638190167587718,0.158597812021189,235.4,75.6666666666667,2.94853585603028,5.08727067684197,"bootstrap",0.116172034021532
"107",2008,"Private","SSEI","pelagic_less_blk",34,1,34,0.948473916470588,0.513385188750131,0.0865305997905059,119.466666666667,50.6,2.34803341297204,14.4802027995693,"bootstrap",0.0912313963387618
"108",2008,"Charter","SSEO","pelagic_less_blk",15,1,15,1.41007524533333,0.491455883910652,0.12040596592755,36.3333333333333,18.3333333333333,2.11712233157419,7.08508893241266,"bootstrap",0.0853897452111408
"109",2008,"Private","SSEO","pelagic_less_blk",11,1,11,1.30931459563636,0.704982741588598,0.213518790823956,8.61538461538461,5.30769230769231,1.66373626373626,6.6116248348745,"bootstrap",0.163076766680493
"110",2008,"Charter","CSEO","slope",35,1,35,2.7414352266,2.27052832592115,0.379309501597711,231.133333333333,114.2,2.03106810312452,17.2323123710905,"bootstrap",0.138361650101119
"111",2008,"Charter","NSEI","slope",27,1,27,3.17013997051852,3.03033162538023,0.586839931001183,74.2666666666667,40.2,2.06879845470816,13.051053832022,"bootstrap",0.185114832928086
"112",2008,"Private","NSEI","slope",23,1,23,1.23564684095652,0.539437267310927,0.111999179881889,107.933333333333,62.7333333333333,1.69758117461376,13.5486893610452,"bootstrap",0.0906401215700025
"113",2008,"Charter","NSEO","slope",24,1,24,4.62928190158333,2.78791632253639,0.559642913620675,82.9285714285714,32.7857142857143,2.50542137383102,9.57922697182941,"bootstrap",0.120891949446687
"114",2008,"Charter","SSEI","slope",45,1,45,1.8185469762,1.06373423198259,0.153899128813353,123.2,61.9333333333333,1.95660312910477,22.999043255435,"bootstrap",0.0846275245168194
"115",2008,"Private","SSEI","slope",52,1,52,1.48886726438462,0.773197867990577,0.110013417879015,139.8,73.8666666666667,1.82537497036798,28.4872975931719,"bootstrap",0.0738906822056338
"116",2008,"Charter","SSEO","slope",41,1,41,1.3343222852439,1.19266717917537,0.194932885223285,67.6,45.1333333333333,1.45205046763777,28.2359331950078,"bootstrap",0.146091305960353
"117",2008,"Charter","CSEO","yelloweye",529,1,529,3.61256879131191,1.59215330902084,0.0697940263291722,408.5,194.083333333333,1.93135998351913,273.900259151124,"bootstrap",0.019319777798287
"118",2008,"Charter","EWYKT","yelloweye",35,1,35,4.12904576942857,1.4828248757997,0.242384844400551,46.6,27.7,1.67233721671604,20.9287933379425,"bootstrap",0.0587023874124058
"119",2008,"Charter","NSEI","yelloweye",97,1,97,3.27339397878351,2.09964701605359,0.20003907231728,69.3636363636364,37.2727272727273,1.77849606656826,54.5404636104531,"bootstrap",0.0611106006835207
"120",2008,"Private","NSEI","yelloweye",16,1,16,3.0280731071875,1.80901593809276,0.437127064945108,51.1333333333333,36.2666666666667,1.31619841270077,12.1562219233868,"bootstrap",0.144358160939884
"121",2008,"Charter","NSEO","yelloweye",143,1,143,3.59729566588112,1.48999178905774,0.125446382004202,236.5,108.5,2.18443244432585,65.4632283875145,"bootstrap",0.03487241351719
"122",2008,"Private","NSEO","yelloweye",10,1,10,3.450679681,1.43392256027821,0.424390466057381,32.8181818181818,14.8181818181818,2.10132835001256,4.75889453446922,"bootstrap",0.122987499649458
"123",2008,"Charter","SSEI","yelloweye",107,1,107,3.99413576013084,1.92548882487559,0.18350762383434,198.769230769231,90.3846153846154,1.94624385624861,54.9776944222409,"bootstrap",0.0459442630033008
"124",2008,"Private","SSEI","yelloweye",116,1,116,3.26379064273276,1.88623112550697,0.172003271709718,193.066666666667,112,1.68733486463908,68.7474682299134,"bootstrap",0.0527004610705362
"125",2008,"Charter","SSEO","yelloweye",242,1,242,4.10490896268595,1.82064820095226,0.114149123734694,215.909090909091,90.4545454545455,2.28082085070144,106.102151743122,"bootstrap",0.027807955005171
"126",2008,"Private","SSEO","yelloweye",38,1,38,3.75134118476316,1.9392855451639,0.296092041708916,59.9090909090909,30.1818181818182,1.91294947525243,19.8646124696971,"bootstrap",0.0789296486578065
"127",2009,"Charter","CSEO","black",152,1,152,1.71221405441447,0.597465035292392,0.0480038983680761,706.933333333333,132.666666666667,5.0407650060787,30.1541531526865,"bootstrap",0.0280361548512648
"128",2009,"Private","CSEO","black",59,1,59,1.60749269835593,0.504649338706793,0.0649454676923548,121.6,45.5333333333333,2.70992033450121,21.7718577364967,"bootstrap",0.040401718626018
"129",2009,"Charter","EWYKT","black",169,1,169,1.95487665999408,0.493120331988775,0.0382332026855818,313.133333333333,52.7333333333333,5.62761321744838,30.030493118471,"bootstrap",0.0195578593105191
"130",2009,"Charter","NSEI","black",78,1,78,1.40689446661538,0.66570256279719,0.0747330124421285,102.538461538462,28.7692307692308,3.82202686075684,20.4080198391265,"bootstrap",0.0531191316871949
"131",2009,"Private","NSEI","black",10,1,10,1.8517401546,0.627777417950544,0.182039332358213,71.6428571428571,23.4285714285714,3.06100050634987,3.26690569938018,"bootstrap",0.0983071690193679
"132",2009,"Charter","NSEO","black",158,1,158,1.17019491277215,0.641482506846227,0.0514250796273112,223.333333333333,56.6666666666667,3.79560891322496,41.6270494701084,"bootstrap",0.043945738497091
"133",2009,"Private","NSEO","black",17,1,17,1.36589716117647,0.545481269215881,0.132197923465672,44.4666666666667,13.9333333333333,3.08990583064752,5.50178579275262,"bootstrap",0.0967846827881298
"134",2009,"Charter","SSEI","black",87,1,87,1.4668770042069,0.393564121346926,0.0429311148218706,465.4,76,6.05731184009574,14.3628068517313,"bootstrap",0.0292670174109671
"135",2009,"Private","SSEI","black",34,1,34,1.48413147076471,0.503093581694387,0.0823951231304804,116.066666666667,37.5333333333333,2.99402189506678,11.3559623782383,"bootstrap",0.0555174017622751
"136",2009,"Charter","SSEO","black",201,1,201,1.43808472304975,0.50967284498582,0.0359504566359176,233.533333333333,65.0666666666667,3.69743634029823,54.3619907148389,"bootstrap",0.0249988446853655
"137",2009,"Private","SSEO","black",87,1,87,1.53042195428736,0.479780644553259,0.0492761314245804,71.8666666666667,23.0666666666667,3.01039291726778,28.8998819725369,"bootstrap",0.0321977421236916
"138",2009,"Charter","CSEO","dsr_less_ye",236,1,236,1.0659133253178,0.413076169559641,0.0261185411616632,504.833333333333,203.75,2.1368594499078,110.442453297611,"bootstrap",0.0245034380763334
"139",2009,"Private","CSEO","dsr_less_ye",62,1,62,0.783675389983871,0.33313644492993,0.0404713949801035,89.5714285714286,43,1.8457825576957,33.5900887899827,"bootstrap",0.0516430597379566
"140",2009,"Charter","EWYKT","dsr_less_ye",90,1,90,1.42763291444444,0.811976427390444,0.0866296953176196,116.846153846154,59.6923076923077,1.78738671882022,50.3528414149821,"bootstrap",0.0606806514763854
"141",2009,"Charter","NSEI","dsr_less_ye",89,1,89,1.21467163722472,0.434776797439699,0.0463588210342807,119.357142857143,53,2.05748266588884,43.2567435320539,"bootstrap",0.0381657228287649
"142",2009,"Private","NSEI","dsr_less_ye",60,1,60,1.01170076713333,0.453467547802783,0.05742340492304,148.266666666667,87.6666666666667,1.63882055567949,36.6116960103192,"bootstrap",0.0567592778304893
"143",2009,"Charter","NSEO","dsr_less_ye",87,1,87,1.08553575829885,0.504667400687513,0.054738369209765,284.3,114.5,2.37538934192259,36.625574790861,"bootstrap",0.050425210584998
"144",2009,"Charter","SSEI","dsr_less_ye",123,1,123,1.07296234789431,0.437288321963873,0.0402167226882852,418.357142857143,150.214285714286,2.49380438643985,49.3222325972386,"bootstrap",0.037481951502968
"145",2009,"Private","SSEI","dsr_less_ye",188,1,188,0.902920045984043,0.3580704533261,0.0269805575822034,400.733333333333,172.6,2.12773973186714,88.3566712527503,"bootstrap",0.0298814470918062
"146",2009,"Charter","SSEO","dsr_less_ye",158,1,158,1.07157276182278,0.437533125196131,0.0352951123337537,195.5,86.3571428571429,1.9981238043644,79.07417931506,"bootstrap",0.0329376721686313
"147",2009,"Private","SSEO","dsr_less_ye",76,1,76,1.32991785222368,0.861561877124897,0.096731166157637,42.8571428571429,21,1.81864959497312,41.7892485776641,"bootstrap",0.0727346925946576
"148",2009,"Charter","CSEO","pelagic_less_blk",45,1,45,1.35540348048889,0.621952469888482,0.089964082726694,92.7333333333333,47.6,1.84126155247548,24.43976519224,"bootstrap",0.0663743925862167
"149",2009,"Private","CSEO","pelagic_less_blk",10,1,10,1.1173988734,0.547984504487219,0.164821729865786,21.6428571428571,12.7142857142857,1.63914561628847,6.10073925136868,"bootstrap",0.147504829107505
"150",2009,"Charter","NSEI","pelagic_less_blk",29,1,29,1.27806262144828,0.391661298537855,0.0742664590109512,274,62.6,4.02240094844948,7.20962439390302,"bootstrap",0.0581086229771698
"151",2009,"Private","NSEI","pelagic_less_blk",23,1,23,1.133224965,0.297920793923201,0.0602755472323273,232.533333333333,96.8666666666667,2.42527739995474,9.48345125404179,"bootstrap",0.0531893923042256
"152",2009,"Charter","NSEO","pelagic_less_blk",11,1,11,0.795651594181818,0.378132406332259,0.109807595914508,58.5714285714286,29.1428571428571,2.12200803051883,5.18376926090638,"bootstrap",0.138009647334931
"153",2009,"Private","SSEI","pelagic_less_blk",42,1,42,0.986757449309524,0.520177063551972,0.0813950254777097,119.466666666667,50.6,2.34803341297204,17.8873093406444,"bootstrap",0.0824873686382254
"154",2009,"Private","SSEO","pelagic_less_blk",14,1,14,1.03436508935714,0.376797250720404,0.0970350215179049,8.61538461538461,5.30769230769231,1.66373626373626,8.41479524438573,"bootstrap",0.0938111915380015
"155",2009,"Charter","CSEO","slope",35,1,35,2.2203584908,1.20365159311115,0.200367698997846,231.133333333333,114.2,2.03106810312452,17.2323123710905,"bootstrap",0.0902411479173587
"156",2009,"Charter","NSEI","slope",47,1,47,1.26469870112766,0.534402074999701,0.0760250764045596,74.2666666666667,40.2,2.06879845470816,22.7185011150012,"bootstrap",0.0601131924439967
"157",2009,"Private","NSEI","slope",24,1,24,1.14853161120833,0.553938632721738,0.11167529818231,107.933333333333,62.7333333333333,1.69758117461376,14.1377628115254,"bootstrap",0.097233107989792
"158",2009,"Charter","SSEI","slope",13,1,13,0.934699655846154,0.274780184774273,0.0713423057257049,123.2,61.9333333333333,1.95660312910477,6.64416805157011,"bootstrap",0.0763264491213715
"159",2009,"Private","SSEI","slope",35,1,35,1.48511544734286,1.05451520112162,0.17718533756403,139.8,73.8666666666667,1.82537497036798,19.1741426107888,"bootstrap",0.119307450394545
"160",2009,"Charter","SSEO","slope",13,1,13,1.37300472061538,0.522831873835113,0.140377867522012,67.6,45.1333333333333,1.45205046763777,8.9528568667098,"bootstrap",0.102241358251918
"161",2009,"Charter","CSEO","yelloweye",634,1,634,3.48289753923502,1.56292129478924,0.0628948114899869,408.5,194.083333333333,1.93135998351913,328.266095088493,"bootstrap",0.0180581859734528
"162",2009,"Private","CSEO","yelloweye",34,1,34,3.11696036529412,1.48525024772371,0.254625757373445,77.4545454545455,42.4545454545455,1.76132411697525,19.3036589190573,"bootstrap",0.0816904058866396
"163",2009,"Charter","EWYKT","yelloweye",21,1,21,3.74574154790476,1.6661301452211,0.35900088200629,46.6,27.7,1.67233721671604,12.5572760027655,"bootstrap",0.0958424059468552
"164",2009,"Charter","NSEI","yelloweye",77,1,77,3.66659978962338,1.59315956283214,0.181338344141962,69.3636363636364,37.2727272727273,1.77849606656826,43.2950071959267,"bootstrap",0.0494568140911251
"165",2009,"Private","NSEI","yelloweye",32,1,32,2.7062436823125,1.25220261098738,0.208619858230202,51.1333333333333,36.2666666666667,1.31619841270077,24.3124438467736,"bootstrap",0.0770883492841766
"166",2009,"Charter","NSEO","yelloweye",152,1,152,3.56604965700658,1.80091321541017,0.146142251002975,236.5,108.5,2.18443244432585,69.5832917126028,"bootstrap",0.0409815524345923
"167",2009,"Charter","SSEI","yelloweye",91,1,91,3.54534081771429,1.94277823552005,0.202236237659351,198.769230769231,90.3846153846154,1.94624385624861,46.756730770317,"bootstrap",0.0570428198747151
"168",2009,"Private","SSEI","yelloweye",88,1,88,2.55557360981818,1.32790735253514,0.135923520768281,193.066666666667,112,1.68733486463908,52.1532517606239,"bootstrap",0.0531870888970213
"169",2009,"Charter","SSEO","yelloweye",174,1,174,3.88926994381609,1.83086074292595,0.136381454058314,215.909090909091,90.4545454545455,2.28082085070144,76.2883239805915,"bootstrap",0.0350660807885446
"170",2009,"Private","SSEO","yelloweye",60,1,60,3.8194727262,1.85454081506088,0.237451033053634,59.9090909090909,30.1818181818182,1.91294947525243,31.3651775837322,"bootstrap",0.0621685374069616
"171",2010,"Charter","CSEO","black",172,1,172,1.66639557403488,0.684980160136499,0.0515159026164146,706.933333333333,132.666666666667,5.0407650060787,34.1218048833032,"bootstrap",0.0309145699971333
"172",2010,"Private","CSEO","black",55,1,55,1.43193900312727,0.458420942595438,0.0619959865765544,121.6,45.5333333333333,2.70992033450121,20.2957995848698,"bootstrap",0.0432951308967482
"173",2010,"Charter","EWYKT","black",104,1,104,1.93453906865385,0.620599018657907,0.0611393541550408,313.133333333333,52.7333333333333,5.62761321744838,18.4803034575206,"bootstrap",0.0316040937842547
"174",2010,"Charter","NSEI","black",62,1,62,1.57458927267742,0.569474080158952,0.0719716471983902,102.538461538462,28.7692307692308,3.82202686075684,16.2217593593057,"bootstrap",0.0457082036866733
"175",2010,"Private","NSEI","black",18,1,18,1.08826744844444,0.493120484295753,0.110823692512219,71.6428571428571,23.4285714285714,3.06100050634987,5.88043025888432,"bootstrap",0.101834978773489
"176",2010,"Charter","NSEO","black",121,1,121,1.21233538970248,0.554544944441554,0.0501221320504001,223.333333333333,56.6666666666667,3.79560891322496,31.8789429486274,"bootstrap",0.0413434536978258
"177",2010,"Private","NSEO","black",24,1,24,1.30128293958333,0.55098470876171,0.110256489914355,44.4666666666667,13.9333333333333,3.08990583064752,7.76722700153311,"bootstrap",0.0847290674153148
"178",2010,"Charter","SSEI","black",74,1,74,1.53199402441892,0.58238645424386,0.0666914749807144,465.4,76,6.05731184009574,12.216640310668,"bootstrap",0.0435324641726395
"179",2010,"Private","SSEI","black",28,1,28,1.11078905103571,0.339333919847629,0.0614704780883549,116.066666666667,37.5333333333333,2.99402189506678,9.35196901737269,"bootstrap",0.0553394706502004
"180",2010,"Charter","SSEO","black",232,1,232,1.54796449825,0.723576217299444,0.0479222962326034,233.533333333333,65.0666666666667,3.69743634029823,62.7461783375255,"bootstrap",0.0309582657010418
"181",2010,"Private","SSEO","black",56,1,56,1.27001901217857,0.382799203402448,0.0521033613835338,71.8666666666667,23.0666666666667,3.01039291726778,18.6022228788743,"bootstrap",0.0410256546428833
"182",2010,"Charter","CSEO","dsr_less_ye",290,1,290,1.03846889074828,0.434300217519574,0.0242348074557763,504.833333333333,203.75,2.1368594499078,135.713184136894,"bootstrap",0.0233370567685602
"183",2010,"Private","CSEO","dsr_less_ye",86,1,86,0.811076466011628,0.419202111091732,0.0433936532126961,89.5714285714286,43,1.8457825576957,46.5927038054598,"bootstrap",0.0535013097175402
"184",2010,"Charter","EWYKT","dsr_less_ye",114,1,114,1.44780634589474,0.428375472713581,0.0406624337727639,116.846153846154,59.6923076923077,1.78738671882022,63.7802657923107,"bootstrap",0.0280855474132037
"185",2010,"Private","EWYKT","dsr_less_ye",16,1,16,1.509898334375,0.202234777397221,0.0488228975117434,15.6666666666667,8.2,1.60746812355171,9.95354107840587,"bootstrap",0.0323352217829639
"186",2010,"Charter","NSEI","dsr_less_ye",142,1,142,1.09501757498592,0.473325412392681,0.0401415950306955,119.357142857143,53,2.05748266588884,69.016377320805,"bootstrap",0.0366584025203539
"187",2010,"Private","NSEI","dsr_less_ye",118,1,118,1.03592105216949,0.377409364543595,0.0329833968202638,148.266666666667,87.6666666666667,1.63882055567949,72.0030021536277,"bootstrap",0.0318396819440902
"188",2010,"Charter","NSEO","dsr_less_ye",160,1,160,1.12095019650625,0.566821733949689,0.0448574388438838,284.3,114.5,2.37538934192259,67.3573789257213,"bootstrap",0.0400173343862148
"189",2010,"Private","NSEO","dsr_less_ye",20,1,20,1.5275901623,0.624894111226037,0.135636279899624,29.4545454545455,13.8181818181818,2.09102558088626,9.56468451788293,"bootstrap",0.0887910142700871
"190",2010,"Charter","SSEI","dsr_less_ye",138,1,138,0.95614640765942,0.29499813753991,0.024603566804525,418.357142857143,150.214285714286,2.49380438643985,55.337139011536,"bootstrap",0.0257320077839887
"191",2010,"Private","SSEI","dsr_less_ye",328,1,328,0.927009735125,0.364654087644333,0.0204777049985625,400.733333333333,172.6,2.12773973186714,154.154192398415,"bootstrap",0.0220900646699263
"192",2010,"Charter","SSEO","dsr_less_ye",174,1,174,1.16512512877586,0.468457833170506,0.0364160547825724,195.5,86.3571428571429,1.9981238043644,87.0816911444331,"bootstrap",0.0312550591204164
"193",2010,"Private","SSEO","dsr_less_ye",41,1,41,1.20658591629268,0.345407466113648,0.0521160888913041,42.8571428571429,21,1.81864959497312,22.5441998905819,"bootstrap",0.0431930194009178
"194",2010,"Charter","CSEO","pelagic_less_blk",45,1,45,1.25647756957778,0.556734130295627,0.0834466164682491,92.7333333333333,47.6,1.84126155247548,24.43976519224,"bootstrap",0.0664131366040145
"195",2010,"Private","CSEO","pelagic_less_blk",17,1,17,0.913909515647059,0.377203275833323,0.084244493635633,21.6428571428571,12.7142857142857,1.63914561628847,10.3712567273268,"bootstrap",0.0921803441076844
"196",2010,"Charter","EWYKT","pelagic_less_blk",10,1,10,1.2264856361,0.499229105938577,0.149160432531594,27.9333333333333,12.3333333333333,2.18863487779277,4.56905813823316,"bootstrap",0.121616126712985
"197",2010,"Charter","NSEI","pelagic_less_blk",26,1,26,1.06204076288462,0.36903773931334,0.0720421866469033,274,62.6,4.02240094844948,6.46380118074064,"bootstrap",0.0678337302715473
"198",2010,"Private","NSEI","pelagic_less_blk",40,1,40,1.041219156125,0.35778616366658,0.0549324468277227,232.533333333333,96.8666666666667,2.42527739995474,16.4929587026814,"bootstrap",0.0527578142455228
"199",2010,"Charter","NSEO","pelagic_less_blk",12,1,12,0.766664993833333,0.424387474372498,0.112896187769355,58.5714285714286,29.1428571428571,2.12200803051883,5.65502101189787,"bootstrap",0.147256218397129
"200",2010,"Charter","SSEI","pelagic_less_blk",13,1,13,1.25247154469231,0.778267297383693,0.206386288568904,235.4,75.6666666666667,2.94853585603028,4.40896791992971,"bootstrap",0.164783215589626
"201",2010,"Private","SSEI","pelagic_less_blk",26,1,26,1.36954968826923,1.23158648121474,0.235581120488867,119.466666666667,50.6,2.34803341297204,11.0730962584942,"bootstrap",0.172013562199837
"202",2010,"Charter","CSEO","slope",84,1,84,1.51172833580952,0.987979632580801,0.111037024437508,231.133333333333,114.2,2.03106810312452,41.3575496906172,"bootstrap",0.0734503824578033
"203",2010,"Private","CSEO","slope",14,1,14,1.36031036221429,1.49265282645551,0.371641640159536,29.4666666666667,19.4666666666667,1.4739572262278,9.49824034977548,"bootstrap",0.273203564776634
"204",2010,"Charter","NSEI","slope",30,1,30,1.5798437446,0.771965847568362,0.136005360413709,74.2666666666667,40.2,2.06879845470816,14.5011709244689,"bootstrap",0.0860878557633208
"205",2010,"Private","NSEI","slope",47,1,47,1.47910175989362,0.864744318664903,0.125394749516102,107.933333333333,62.7333333333333,1.69758117461376,27.6864521725705,"bootstrap",0.0847776352623098
"206",2010,"Charter","NSEO","slope",16,1,16,5.1489663708125,3.09141540655081,0.763657819309773,82.9285714285714,32.7857142857143,2.50542137383102,6.38615131455294,"bootstrap",0.148312838793948
"207",2010,"Charter","SSEI","slope",33,1,33,1.43496021930303,0.882249660956078,0.154806367321522,123.2,61.9333333333333,1.95660312910477,16.8659650539857,"bootstrap",0.107881992294332
"208",2010,"Private","SSEI","slope",50,1,50,1.12102010696,0.810633147924545,0.11026264353515,139.8,73.8666666666667,1.82537497036798,27.3916323011269,"bootstrap",0.0983592023466577
"209",2010,"Charter","SSEO","slope",13,1,13,2.498795609,1.31875189608605,0.351364560106972,67.6,45.1333333333333,1.45205046763777,8.9528568667098,"bootstrap",0.140613565527909
"210",2010,"Private","SSEO","slope",17,1,17,1.61948170364706,0.720526704998483,0.170892584572013,14.2666666666667,9.93333333333333,1.40035264930002,12.1397992202162,"bootstrap",0.105523010347795
"211",2010,"Charter","CSEO","yelloweye",541,1,541,3.44611042355638,1.48013045216617,0.0625927941032535,408.5,194.083333333333,1.93135998351913,280.113497543966,"bootstrap",0.0181633164379735
"212",2010,"Private","CSEO","yelloweye",31,1,31,3.187842155,1.37624066649904,0.246364661961488,77.4545454545455,42.4545454545455,1.76132411697525,17.6003948967875,"bootstrap",0.0772825786167222
"213",2010,"Charter","EWYKT","yelloweye",25,1,25,3.76074308128,1.17123724772659,0.226307789721273,46.6,27.7,1.67233721671604,14.9491380985304,"bootstrap",0.0601763494155647
"214",2010,"Charter","NSEI","yelloweye",77,1,77,3.32109236980519,1.85894624967229,0.210956009230796,69.3636363636364,37.2727272727273,1.77849606656826,43.2950071959267,"bootstrap",0.0635200668155973
"215",2010,"Private","NSEI","yelloweye",40,1,40,2.701855575425,1.47477010292384,0.225026356735542,51.1333333333333,36.2666666666667,1.31619841270077,30.3905548084669,"bootstrap",0.0832858568689947
"216",2010,"Charter","NSEO","yelloweye",166,1,166,2.91140921423494,1.77222508251118,0.13456325321445,236.5,108.5,2.18443244432585,75.9922791071847,"bootstrap",0.0462192853400756
"217",2010,"Private","NSEO","yelloweye",24,1,24,3.26743029604167,1.90773704212637,0.384864717106514,32.8181818181818,14.8181818181818,2.10132835001256,11.4213468827261,"bootstrap",0.117788195075732
"218",2010,"Charter","SSEI","yelloweye",147,1,147,3.43473253592517,1.35337756469237,0.108043547496144,198.769230769231,90.3846153846154,1.94624385624861,75.5301035520506,"bootstrap",0.031456174932422
"219",2010,"Private","SSEI","yelloweye",182,1,182,2.8086785085,1.46003050631493,0.107755583977161,193.066666666667,112,1.68733486463908,107.862407050381,"bootstrap",0.0383652253723795
"220",2010,"Charter","SSEO","yelloweye",202,1,202,4.02377363421287,1.49874750184129,0.107890501844043,215.909090909091,90.4545454545455,2.28082085070144,88.5646060004568,"bootstrap",0.0268132632826768
"221",2010,"Private","SSEO","yelloweye",84,1,84,3.85851482453571,1.6590861265609,0.172366562136259,59.9090909090909,30.1818181818182,1.91294947525243,43.9112486172251,"bootstrap",0.0446717376956039
"222",2011,"Charter","CSEO","black",257,76,3.38157894736842,1.4988753515642,0.545857070179784,0.0340074927661446,706.933333333333,132.666666666667,5.0407650060787,76,"bootstrap",0.0226886730311863
"223",2011,"Private","CSEO","black",131,53,2.47169811320755,1.5476156029084,0.55184684640064,0.0468154182934931,121.6,45.5333333333333,2.70992033450121,53,"bootstrap",0.0302500299205526
"224",2011,"Charter","EWYKT","black",22,5,4.4,2.23059930063636,0.332759990985556,0.0658024803925739,313.133333333333,52.7333333333333,5.62761321744838,5,"bootstrap",0.0294999107969778
"225",2011,"Charter","NSEI","black",87,30,2.9,0.941901462091954,0.403564133497467,0.0424585173626229,102.538461538462,28.7692307692308,3.82202686075684,30,"bootstrap",0.0450774513804479
"226",2011,"Private","NSEI","black",21,8,2.625,1.32103116438095,0.494557261018891,0.104458779851396,71.6428571428571,23.4285714285714,3.06100050634987,8,"bootstrap",0.0790736681071007
"227",2011,"Charter","NSEO","black",410,83,4.93975903614458,0.968114382343902,0.522164513092589,0.0252882935345667,223.333333333333,56.6666666666667,3.79560891322496,83,"bootstrap",0.02612118360781
"228",2011,"Private","NSEO","black",27,11,2.45454545454545,1.58739961451852,0.582984481129397,0.112030370387362,44.4666666666667,13.9333333333333,3.08990583064752,11,"bootstrap",0.0705747748473169
"229",2011,"Charter","SSEI","black",163,41,3.97560975609756,1.68160425579141,0.586742639400675,0.0461710820318974,465.4,76,6.05731184009574,41,"bootstrap",0.0274565682578913
"230",2011,"Private","SSEI","black",64,20,3.2,1.40923890439063,0.379376066203921,0.04695415343058,116.066666666667,37.5333333333333,2.99402189506678,20,"bootstrap",0.0333188029966315
"231",2011,"Charter","SSEO","black",191,56,3.41071428571429,1.5848675784555,0.457936451582501,0.0334993961278706,233.533333333333,65.0666666666667,3.69743634029823,56,"bootstrap",0.0211370316253909
"232",2011,"Private","SSEO","black",91,26,3.5,1.60830831006593,0.384323469628406,0.0401882439952441,71.8666666666667,23.0666666666667,3.01039291726778,26,"bootstrap",0.0249878979942574
"233",2011,"Charter","CSEO","dsr_less_ye",593,224,2.64732142857143,1.02668492846543,0.441610704455104,0.018179008150962,504.833333333333,203.75,2.1368594499078,224,"bootstrap",0.0177065111670957
"234",2011,"Private","CSEO","dsr_less_ye",124,53,2.33962264150943,0.915231181048387,0.309654268420365,0.0268252063124721,89.5714285714286,43,1.8457825576957,53,"bootstrap",0.0293097600561905
"235",2011,"Charter","EWYKT","dsr_less_ye",131,63,2.07936507936508,1.45143892823664,0.375047763903718,0.0336684811691604,116.846153846154,59.6923076923077,1.78738671882022,63,"bootstrap",0.0231966226853681
"236",2011,"Private","EWYKT","dsr_less_ye",26,9,2.88888888888889,1.0997308085,0.272783851533818,0.0524385337745601,15.6666666666667,8.2,1.60746812355171,9,"bootstrap",0.0476830633180902
"237",2011,"Charter","NSEI","dsr_less_ye",125,52,2.40384615384615,0.880034179456,0.454443970740519,0.0420730614082553,119.357142857143,53,2.05748266588884,52,"bootstrap",0.0478084401611118
"238",2011,"Private","NSEI","dsr_less_ye",85,41,2.07317073170732,1.17111888263529,0.717657918203332,0.0759649886859385,148.266666666667,87.6666666666667,1.63882055567949,41,"bootstrap",0.0648653094167514
"239",2011,"Charter","NSEO","dsr_less_ye",272,111,2.45045045045045,1.07549495615809,0.502869630154341,0.0304274239310484,284.3,114.5,2.37538934192259,111,"bootstrap",0.0282915542809629
"240",2011,"Private","NSEO","dsr_less_ye",21,9,2.33333333333333,1.18803599638095,0.506287199994857,0.108622099774856,29.4545454545455,13.8181818181818,2.09102558088626,9,"bootstrap",0.0914299735914954
"241",2011,"Charter","SSEI","dsr_less_ye",289,99,2.91919191919192,1.10569078985121,0.509567567394863,0.030082883259331,418.357142857143,150.214285714286,2.49380438643985,99,"bootstrap",0.0272073201074409
"242",2011,"Private","SSEI","dsr_less_ye",454,179,2.53631284916201,0.940028865539648,0.393554738897496,0.0192114670516888,400.733333333333,172.6,2.12773973186714,179,"bootstrap",0.0204371033230559
"243",2011,"Charter","SSEO","dsr_less_ye",225,84,2.67857142857143,1.13676909682222,0.526647654842126,0.0353271738911565,195.5,86.3571428571429,1.9981238043644,84,"bootstrap",0.0310768246514721
"244",2011,"Private","SSEO","dsr_less_ye",92,37,2.48648648648649,1.12989279367391,0.337877741991703,0.0364825105195718,42.8571428571429,21,1.81864959497312,37,"bootstrap",0.0322884708388543
"245",2011,"Charter","CSEO","pelagic_less_blk",59,35,1.68571428571429,1.31637030777966,1.0059986019644,0.12554216899506,92.7333333333333,47.6,1.84126155247548,35,"bootstrap",0.0953699489065609
"246",2011,"Private","CSEO","pelagic_less_blk",11,5,2.2,1.07744521481818,0.464850074782605,0.133204878894324,21.6428571428571,12.7142857142857,1.63914561628847,5,"bootstrap",0.123630303483043
"247",2011,"Charter","NSEI","pelagic_less_blk",31,18,1.72222222222222,1.18280525487097,0.564172903170167,0.0964009520549932,274,62.6,4.02240094844948,18,"bootstrap",0.0815019646370354
"248",2011,"Private","NSEI","pelagic_less_blk",65,24,2.70833333333333,1.02257065243077,0.467947550608594,0.0577858604539183,232.533333333333,96.8666666666667,2.42527739995474,24,"bootstrap",0.0565103842131148
"249",2011,"Charter","NSEO","pelagic_less_blk",26,19,1.36842105263158,0.961989139807692,0.654407984522587,0.126373178380896,58.5714285714286,29.1428571428571,2.12200803051883,19,"bootstrap",0.131366533312589
"250",2011,"Charter","SSEI","pelagic_less_blk",82,23,3.56521739130435,1.20263282779268,0.580919593751651,0.0630991344182717,235.4,75.6666666666667,2.94853585603028,23,"bootstrap",0.0524674971113869
"251",2011,"Private","SSEI","pelagic_less_blk",66,33,2,0.986129119227273,0.364701681770351,0.0457155604895388,119.466666666667,50.6,2.34803341297204,33,"bootstrap",0.0463585950340472
"252",2011,"Charter","SSEO","pelagic_less_blk",18,8,2.25,1.14200759027778,0.275785056525196,0.0646303967011205,36.3333333333333,18.3333333333333,2.11712233157419,8,"bootstrap",0.0565936664969101
"253",2011,"Private","SSEO","pelagic_less_blk",14,7,2,1.69681646414286,0.789363959267869,0.200807680285134,8.61538461538461,5.30769230769231,1.66373626373626,7,"bootstrap",0.118343783507883
"254",2011,"Charter","CSEO","slope",106,52,2.03846153846154,3.12585438910377,2.93099544185242,0.285121824469813,231.133333333333,114.2,2.03106810312452,52,"bootstrap",0.0912140454986331
"255",2011,"Private","CSEO","slope",33,20,1.65,2.51414090948485,2.7987832384369,0.46419212397807,29.4666666666667,19.4666666666667,1.4739572262278,20,"bootstrap",0.184632500997402
"256",2011,"Charter","NSEI","slope",51,9,5.66666666666667,1.65103948296078,0.619476622720874,0.0886237358297442,74.2666666666667,40.2,2.06879845470816,9,"bootstrap",0.0536775387532323
"257",2011,"Private","NSEI","slope",28,14,2,1.27624629175,1.01192922432679,0.188719687866479,107.933333333333,62.7333333333333,1.69758117461376,14,"bootstrap",0.147870900065618
"258",2011,"Charter","NSEO","slope",36,11,3.27272727272727,5.64833881086111,2.78810203893719,0.455449601025465,82.9285714285714,32.7857142857143,2.50542137383102,11,"bootstrap",0.0806342565976543
"259",2011,"Charter","SSEI","slope",59,33,1.78787878787879,1.44455404111864,0.842127422320949,0.110474946116747,123.2,61.9333333333333,1.95660312910477,33,"bootstrap",0.0764768523517451
"260",2011,"Private","SSEI","slope",185,85,2.17647058823529,1.48049040534054,0.911824154229994,0.0683571102979173,139.8,73.8666666666667,1.82537497036798,85,"bootstrap",0.0461719373873239
"261",2011,"Charter","SSEO","slope",29,23,1.26086956521739,1.61821327627586,0.965502218674544,0.180615521938089,67.6,45.1333333333333,1.45205046763777,23,"bootstrap",0.111614163958508
"262",2011,"Private","SSEO","slope",13,12,1.08333333333333,1.46097394592308,0.745906674370059,0.201761122395343,14.2666666666667,9.93333333333333,1.40035264930002,12,"bootstrap",0.138100424691603
"263",2011,"Charter","CSEO","yelloweye",436,195,2.23589743589744,3.1916855739289,1.31670316627647,0.0619528997522822,408.5,194.083333333333,1.93135998351913,195,"bootstrap",0.0194107152215559
"264",2011,"Private","CSEO","yelloweye",111,56,1.98214285714286,3.15999066781982,2.03806494922337,0.192180081779373,77.4545454545455,42.4545454545455,1.76132411697525,56,"bootstrap",0.0608166611808268
"265",2011,"Charter","EWYKT","yelloweye",30,19,1.57894736842105,3.72194855803333,2.01765884080594,0.362222768437883,46.6,27.7,1.67233721671604,19,"bootstrap",0.0973207347683711
"266",2011,"Charter","NSEI","yelloweye",75,41,1.82926829268293,2.30732066549333,1.62492575262362,0.190184278021618,69.3636363636364,37.2727272727273,1.77849606656826,41,"bootstrap",0.0824264615083115
"267",2011,"Private","NSEI","yelloweye",51,32,1.59375,3.47068400729412,1.24089812684997,0.171895330282252,51.1333333333333,36.2666666666667,1.31619841270077,32,"bootstrap",0.0495277962271964
"268",2011,"Charter","NSEO","yelloweye",246,105,2.34285714285714,2.64560678793089,1.56919580399865,0.100457687453983,236.5,108.5,2.18443244432585,105,"bootstrap",0.0379715110772566
"269",2011,"Private","NSEO","yelloweye",27,13,2.07692307692308,2.79142863977778,1.9395382636518,0.378627907328705,32.8181818181818,14.8181818181818,2.10132835001256,13,"bootstrap",0.135639472180398
"270",2011,"Charter","SSEI","yelloweye",161,69,2.33333333333333,3.94209271862733,2.1081136921553,0.169438436575422,198.769230769231,90.3846153846154,1.94624385624861,69,"bootstrap",0.0429818496593916
"271",2011,"Private","SSEI","yelloweye",275,153,1.79738562091503,2.78456089735636,1.52256013406391,0.0895356670732273,193.066666666667,112,1.68733486463908,153,"bootstrap",0.032154321766937
"272",2011,"Charter","SSEO","yelloweye",119,51,2.33333333333333,4.26617541436134,1.68752794766548,0.153003141918396,215.909090909091,90.4545454545455,2.28082085070144,51,"bootstrap",0.0358642406974962
"273",2011,"Private","SSEO","yelloweye",58,26,2.23076923076923,3.35656587974138,1.8964796329506,0.249434912106244,59.9090909090909,30.1818181818182,1.91294947525243,26,"bootstrap",0.0743125328216299
"274",2012,"Charter","CSEO","black",751,146,5.14383561643836,1.36225512978828,0.447346547569117,0.016222378952025,706.933333333333,132.666666666667,5.0407650060787,146,"bootstrap",0.011908473381595
"275",2012,"Private","CSEO","black",124,55,2.25454545454545,1.31636767231452,0.518609930150155,0.0469476973703489,121.6,45.5333333333333,2.70992033450121,55,"bootstrap",0.0356645778818031
"276",2012,"Charter","EWYKT","black",138,27,5.11111111111111,1.89265108362319,0.606833149174326,0.0506669294309821,313.133333333333,52.7333333333333,5.62761321744838,27,"bootstrap",0.0267703486762008
"277",2012,"Charter","NSEI","black",135,36,3.75,1.01526529424444,0.538659172443729,0.0474950971545069,102.538461538462,28.7692307692308,3.82202686075684,36,"bootstrap",0.0467809718541128
"278",2012,"Private","NSEI","black",36,10,3.6,1.06367612530556,0.451793234999832,0.0720593259211202,71.6428571428571,23.4285714285714,3.06100050634987,10,"bootstrap",0.067745551683244
"279",2012,"Charter","NSEO","black",199,53,3.75471698113208,1.12793735375377,0.609815509461746,0.0442691818090686,223.333333333333,56.6666666666667,3.79560891322496,53,"bootstrap",0.0392479082829742
"280",2012,"Private","NSEO","black",37,7,5.28571428571429,1.44642348202703,0.408619425619433,0.0644037343231014,44.4666666666667,13.9333333333333,3.08990583064752,7,"bootstrap",0.0445261952141745
"281",2012,"Charter","SSEI","black",160,37,4.32432432432432,1.77386645851875,0.456756010887302,0.0364102840940445,465.4,76,6.05731184009574,37,"bootstrap",0.0205259442835672
"282",2012,"Private","SSEI","black",21,14,1.5,1.29684007419048,0.651855020293399,0.13883051371138,116.066666666667,37.5333333333333,2.99402189506678,14,"bootstrap",0.10705291768381
"283",2012,"Charter","SSEO","black",228,44,5.18181818181818,1.67246925389035,0.668698152240474,0.0429287375562701,233.533333333333,65.0666666666667,3.69743634029823,44,"bootstrap",0.0256678784715552
"284",2012,"Private","SSEO","black",103,26,3.96153846153846,1.48098561968932,0.410309138089306,0.0401770674301979,71.8666666666667,23.0666666666667,3.01039291726778,26,"bootstrap",0.0271286006400428
"285",2012,"Charter","CSEO","dsr_less_ye",1150,390,2.94871794871795,1.13704747052,0.511057676420601,0.0152149012745375,504.833333333333,203.75,2.1368594499078,390,"bootstrap",0.0133810607463726
"286",2012,"Private","CSEO","dsr_less_ye",118,61,1.9344262295082,0.997730764483051,0.427299084176622,0.0397509386344332,89.5714285714286,43,1.8457825576957,61,"bootstrap",0.0398413480364406
"287",2012,"Charter","EWYKT","dsr_less_ye",196,96,2.04166666666667,1.39148287605612,0.408600734541262,0.0288637669073488,116.846153846154,59.6923076923077,1.78738671882022,96,"bootstrap",0.0207431707597849
"288",2012,"Private","EWYKT","dsr_less_ye",20,14,1.42857142857143,1.55824512115,0.822660271516554,0.182353105396639,15.6666666666667,8.2,1.60746812355171,14,"bootstrap",0.117024659934158
"289",2012,"Charter","NSEI","dsr_less_ye",157,67,2.34328358208955,1.00712416221656,0.430481229903693,0.032830464214353,119.357142857143,53,2.05748266588884,67,"bootstrap",0.0325982291419729
"290",2012,"Private","NSEI","dsr_less_ye",147,74,1.98648648648649,1.13456909768707,0.443564695647394,0.0366339029518921,148.266666666667,87.6666666666667,1.63882055567949,74,"bootstrap",0.0322888249173838
"291",2012,"Charter","NSEO","dsr_less_ye",344,115,2.99130434782609,1.07045771293605,0.454672331712993,0.0251923146251883,284.3,114.5,2.37538934192259,115,"bootstrap",0.0235341520928379
"292",2012,"Private","NSEO","dsr_less_ye",33,8,4.125,1.2429352819697,0.30040662314782,0.0510148661995123,29.4545454545455,13.8181818181818,2.09102558088626,8,"bootstrap",0.0410438636182797
"293",2012,"Charter","SSEI","dsr_less_ye",439,132,3.32575757575758,1.07530082906378,0.416422157643887,0.0195952990322663,418.357142857143,150.214285714286,2.49380438643985,132,"bootstrap",0.0182230855799926
"294",2012,"Private","SSEI","dsr_less_ye",379,156,2.42948717948718,0.940584496094987,0.410911767161591,0.0204590381983636,400.733333333333,172.6,2.12773973186714,156,"bootstrap",0.0217514091326225
"295",2012,"Charter","SSEO","dsr_less_ye",173,67,2.58208955223881,1.24183986415607,0.554544247193646,0.0410531856624643,195.5,86.3571428571429,1.9981238043644,67,"bootstrap",0.0330583570775957
"296",2012,"Private","SSEO","dsr_less_ye",84,35,2.4,1.05363656109524,0.326549463121929,0.0340431066927091,42.8571428571429,21,1.81864959497312,35,"bootstrap",0.0323101038344017
"297",2012,"Charter","CSEO","pelagic_less_blk",140,76,1.84210526315789,1.19027769712857,0.527134469212248,0.0437253873979377,92.7333333333333,47.6,1.84126155247548,76,"bootstrap",0.0367354504780027
"298",2012,"Private","CSEO","pelagic_less_blk",18,11,1.63636363636364,1.05677252483333,0.557041932929627,0.128662267595548,21.6428571428571,12.7142857142857,1.63914561628847,11,"bootstrap",0.121750201270458
"299",2012,"Charter","EWYKT","pelagic_less_blk",11,7,1.57142857142857,1.151997293,0.499612065694783,0.139227305810873,27.9333333333333,12.3333333333333,2.18863487779277,7,"bootstrap",0.120857320287881
"300",2012,"Charter","NSEI","pelagic_less_blk",49,22,2.22727272727273,1.12806157593878,0.418254949769117,0.0562337997561022,274,62.6,4.02240094844948,22,"bootstrap",0.049849938120004
"301",2012,"Private","NSEI","pelagic_less_blk",74,41,1.80487804878049,1.40340832910811,0.617112262525492,0.0728140005936557,232.533333333333,96.8666666666667,2.42527739995474,41,"bootstrap",0.0518836885056328
"302",2012,"Charter","NSEO","pelagic_less_blk",46,24,1.91666666666667,1.187606627,0.570656311344972,0.0816369119640508,58.5714285714286,29.1428571428571,2.12200803051883,24,"bootstrap",0.0687407009257543
"303",2012,"Charter","SSEI","pelagic_less_blk",56,30,1.86666666666667,1.09233993601786,0.388053689188825,0.0531094481287046,235.4,75.6666666666667,2.94853585603028,30,"bootstrap",0.0486198905464502
"304",2012,"Private","SSEI","pelagic_less_blk",105,30,3.5,0.815925891161905,0.29847783183373,0.0298367514633199,119.466666666667,50.6,2.34803341297204,30,"bootstrap",0.0365679674913017
"305",2012,"Charter","SSEO","pelagic_less_blk",18,7,2.57142857142857,1.49600809583333,0.503181691046666,0.112023321327199,36.3333333333333,18.3333333333333,2.11712233157419,7,"bootstrap",0.0748814940502031
"306",2012,"Charter","CSEO","slope",249,132,1.88636363636364,1.96633581785944,1.66719212674936,0.10340717357109,231.133333333333,114.2,2.03106810312452,132,"bootstrap",0.0525887656787231
"307",2012,"Private","CSEO","slope",34,26,1.30769230769231,1.34581536341176,0.686678835813678,0.112314839960481,29.4666666666667,19.4666666666667,1.4739572262278,26,"bootstrap",0.0834548653655969
"308",2012,"Charter","NSEI","slope",44,20,2.2,2.66434200575,2.79640765262865,0.41067632414628,74.2666666666667,40.2,2.06879845470816,20,"bootstrap",0.154137991016163
"309",2012,"Private","NSEI","slope",62,39,1.58974358974359,1.5141527696129,1.28694305674359,0.153668617877209,107.933333333333,62.7333333333333,1.69758117461376,39,"bootstrap",0.101488185975115
"310",2012,"Charter","NSEO","slope",67,26,2.57692307692308,5.51102015931343,3.31603109280084,0.395107735095189,82.9285714285714,32.7857142857143,2.50542137383102,26,"bootstrap",0.0716941189967288
"311",2012,"Charter","SSEI","slope",57,38,1.5,1.41132906501754,1.0658116414573,0.146340131392355,123.2,61.9333333333333,1.95660312910477,38,"bootstrap",0.103689589493812
"312",2012,"Private","SSEI","slope",132,61,2.16393442622951,1.42874460466667,0.798607121118431,0.0676261249200501,139.8,73.8666666666667,1.82537497036798,61,"bootstrap",0.0473325496377483
"313",2012,"Charter","SSEO","slope",30,18,1.66666666666667,2.40338949323333,1.7076405545766,0.297332968144607,67.6,45.1333333333333,1.45205046763777,18,"bootstrap",0.123714016800747
"314",2012,"Private","SSEO","slope",16,9,1.77777777777778,1.4022764436875,0.594687465372775,0.138149125723271,14.2666666666667,9.93333333333333,1.40035264930002,9,"bootstrap",0.0985177540029033
"315",2012,"Charter","CSEO","yelloweye",773,366,2.1120218579235,3.09770681053428,1.29887239231564,0.0445038205124263,408.5,194.083333333333,1.93135998351913,366,"bootstrap",0.0143666987337483
"316",2012,"Private","CSEO","yelloweye",86,49,1.75510204081633,3.13452640210465,1.55582380586019,0.169165887389709,77.4545454545455,42.4545454545455,1.76132411697525,49,"bootstrap",0.0539685635686857
"317",2012,"Charter","EWYKT","yelloweye",50,36,1.38888888888889,3.1322892596,1.72776075959074,0.247871124950785,46.6,27.7,1.67233721671604,36,"bootstrap",0.079134174531007
"318",2012,"Charter","NSEI","yelloweye",95,40,2.375,2.11630029672632,1.48204241894571,0.152813172934969,69.3636363636364,37.2727272727273,1.77849606656826,40,"bootstrap",0.0722076981094574
"319",2012,"Private","NSEI","yelloweye",34,24,1.41666666666667,3.27518101294118,1.31313456146779,0.227770659863298,51.1333333333333,36.2666666666667,1.31619841270077,24,"bootstrap",0.0695444492879357
"320",2012,"Charter","NSEO","yelloweye",220,96,2.29166666666667,2.73816657916818,1.64052734296436,0.111679718778957,236.5,108.5,2.18443244432585,96,"bootstrap",0.0407863128666495
"321",2012,"Private","NSEO","yelloweye",32,14,2.28571428571429,3.5443868945,1.92969202910338,0.340550013141145,32.8181818181818,14.8181818181818,2.10132835001256,14,"bootstrap",0.0960815010544119
"322",2012,"Charter","SSEI","yelloweye",125,70,1.78571428571429,3.302800411464,1.50994997818003,0.137813270696587,198.769230769231,90.3846153846154,1.94624385624861,70,"bootstrap",0.041726187939858
"323",2012,"Private","SSEI","yelloweye",256,139,1.84172661870504,3.00701596644141,1.55109556773828,0.0955987885255924,193.066666666667,112,1.68733486463908,139,"bootstrap",0.0317919125114347
"324",2012,"Charter","SSEO","yelloweye",185,75,2.46666666666667,4.16700660931892,1.75524426298018,0.128252629526428,215.909090909091,90.4545454545455,2.28082085070144,75,"bootstrap",0.0307781200153628
"325",2012,"Private","SSEO","yelloweye",72,34,2.11764705882353,3.84887718822222,1.66179748187094,0.190512610556586,59.9090909090909,30.1818181818182,1.91294947525243,34,"bootstrap",0.04949823058516
"326",2013,"Charter","CSEO","black",1426,220,6.48181818181818,1.32702098845091,0.403455096688006,0.0107286118074834,706.933333333333,132.666666666667,5.0407650060787,220,"bootstrap",0.00808473407794954
"327",2013,"Private","CSEO","black",296,100,2.96,1.29083174923649,0.40845095989638,0.0236183306793421,121.6,45.5333333333333,2.70992033450121,100,"bootstrap",0.0182969861822132
"328",2013,"Charter","EWYKT","black",160,34,4.70588235294118,1.8479142482875,0.515306377109251,0.0407354701801746,313.133333333333,52.7333333333333,5.62761321744838,34,"bootstrap",0.0220440262408956
"329",2013,"Charter","NSEI","black",97,33,2.93939393939394,0.932876011216495,0.510870234380886,0.0515669744115918,102.538461538462,28.7692307692308,3.82202686075684,33,"bootstrap",0.0552774149957475
"330",2013,"Private","NSEI","black",31,13,2.38461538461538,1.11928280454839,0.627539082516226,0.114503665393696,71.6428571428571,23.4285714285714,3.06100050634987,13,"bootstrap",0.102300924242195
"331",2013,"Charter","NSEO","black",331,75,4.41333333333333,1.00661564090634,0.549086860381744,0.0300834985192203,223.333333333333,56.6666666666667,3.79560891322496,75,"bootstrap",0.02988578489813
"332",2013,"Private","NSEO","black",36,11,3.27272727272727,1.49919891922222,0.521112635343023,0.0892884838753774,44.4666666666667,13.9333333333333,3.08990583064752,11,"bootstrap",0.0595574628093381
"333",2013,"Charter","SSEI","black",301,34,8.85294117647059,1.65689867207309,0.499240354285,0.0281078609125689,465.4,76,6.05731184009574,34,"bootstrap",0.0169641399237774
"334",2013,"Private","SSEI","black",49,18,2.72222222222222,1.36583284493878,0.536861000475647,0.0740568202221966,116.066666666667,37.5333333333333,2.99402189506678,18,"bootstrap",0.0542209981965372
"335",2013,"Charter","SSEO","black",289,55,5.25454545454545,1.450728445391,0.399693644364608,0.023936748399892,233.533333333333,65.0666666666667,3.69743634029823,55,"bootstrap",0.0164998132324072
"336",2013,"Private","SSEO","black",71,19,3.73684210526316,1.41046536309859,0.348905812609286,0.039150629922697,71.8666666666667,23.0666666666667,3.01039291726778,19,"bootstrap",0.0277572430681238
"337",2013,"Charter","CSEO","dsr_less_ye",1091,437,2.49656750572082,1.05481348301742,0.551163996902391,0.0167006750226341,504.833333333333,203.75,2.1368594499078,437,"bootstrap",0.0158328228559043
"338",2013,"Private","CSEO","dsr_less_ye",155,70,2.21428571428571,0.923800664974194,0.443797277299407,0.0350581036469196,89.5714285714286,43,1.8457825576957,70,"bootstrap",0.0379498575570942
"339",2013,"Charter","EWYKT","dsr_less_ye",81,46,1.76086956521739,1.27832431676543,0.380631804622817,0.0423297727237357,116.846153846154,59.6923076923077,1.78738671882022,46,"bootstrap",0.0331134847147737
"340",2013,"Charter","NSEI","dsr_less_ye",117,44,2.65909090909091,1.03820297802564,0.431585301080356,0.0396793303107961,119.357142857143,53,2.05748266588884,44,"bootstrap",0.0382192414688066
"341",2013,"Private","NSEI","dsr_less_ye",158,86,1.83720930232558,1.20920993927215,0.707678959180618,0.0559888734552941,148.266666666667,87.6666666666667,1.63882055567949,86,"bootstrap",0.0463020288180851
"342",2013,"Charter","NSEO","dsr_less_ye",359,139,2.58273381294964,1.03869262929248,0.404870626009345,0.0213931030105504,284.3,114.5,2.37538934192259,139,"bootstrap",0.0205961825541427
"343",2013,"Private","NSEO","dsr_less_ye",23,12,1.91666666666667,1.17069022743478,0.221812126264254,0.0451758595696776,29.4545454545455,13.8181818181818,2.09102558088626,12,"bootstrap",0.038589080621837
"344",2013,"Charter","SSEI","dsr_less_ye",379,110,3.44545454545455,0.960728568522427,0.338222602754723,0.0172826914027217,418.357142857143,150.214285714286,2.49380438643985,110,"bootstrap",0.0179891511181998
"345",2013,"Private","SSEI","dsr_less_ye",599,222,2.6981981981982,0.893119859612688,0.385880215462547,0.014946189792848,400.733333333333,172.6,2.12773973186714,222,"bootstrap",0.016734808471653
"346",2013,"Charter","SSEO","dsr_less_ye",296,122,2.42622950819672,1.11768796836149,0.462278918521196,0.0271091727417564,195.5,86.3571428571429,1.9981238043644,122,"bootstrap",0.024254687810139
"347",2013,"Private","SSEO","dsr_less_ye",34,20,1.7,1.50597390238235,0.938269577304748,0.158411732476338,42.8571428571429,21,1.81864959497312,20,"bootstrap",0.105188896185878
"348",2013,"Charter","CSEO","pelagic_less_blk",210,96,2.1875,0.987416029361905,0.469355033569179,0.0315064329377943,92.7333333333333,47.6,1.84126155247548,96,"bootstrap",0.0319079617921076
"349",2013,"Private","CSEO","pelagic_less_blk",55,28,1.96428571428571,0.857700549927273,0.566444288870011,0.0736864679115417,21.6428571428571,12.7142857142857,1.63914561628847,28,"bootstrap",0.0859116482061132
"350",2013,"Charter","NSEI","pelagic_less_blk",102,23,4.43478260869565,0.979789627686275,0.373793910803535,0.0361252814714576,274,62.6,4.02240094844948,23,"bootstrap",0.0368704469313128
"351",2013,"Private","NSEI","pelagic_less_blk",155,61,2.54098360655738,0.942004970045161,0.330503245812433,0.0261517969697311,232.533333333333,96.8666666666667,2.42527739995474,61,"bootstrap",0.0277618460638029
"352",2013,"Charter","NSEO","pelagic_less_blk",60,28,2.14285714285714,0.9934613773,0.768156566020964,0.0951581154807003,58.5714285714286,29.1428571428571,2.12200803051883,28,"bootstrap",0.0957844136219147
"353",2013,"Charter","SSEI","pelagic_less_blk",101,31,3.25806451612903,1.05230355882178,0.455069918649547,0.0461275907740306,235.4,75.6666666666667,2.94853585603028,31,"bootstrap",0.043834871019231
"354",2013,"Private","SSEI","pelagic_less_blk",62,33,1.87878787878788,0.98366255966129,0.454138277661914,0.0556856159806339,119.466666666667,50.6,2.34803341297204,33,"bootstrap",0.0566104864251502
"355",2013,"Charter","SSEO","pelagic_less_blk",44,11,4,1.08926410561364,0.466886985243608,0.0673782381511315,36.3333333333333,18.3333333333333,2.11712233157419,11,"bootstrap",0.0618566588248807
"356",2013,"Charter","CSEO","slope",369,201,1.83582089552239,1.97914958888076,1.58145836926096,0.0818766996345948,231.133333333333,114.2,2.03106810312452,201,"bootstrap",0.0413696367847048
"357",2013,"Private","CSEO","slope",36,25,1.44,1.46629226541667,1.34172910042445,0.21366084670965,29.4666666666667,19.4666666666667,1.4739572262278,25,"bootstrap",0.145715047231007
"358",2013,"Charter","NSEI","slope",74,30,2.46666666666667,4.39874950647297,3.06239753458222,0.362685574913866,74.2666666666667,40.2,2.06879845470816,30,"bootstrap",0.0824519728573216
"359",2013,"Private","NSEI","slope",108,52,2.07692307692308,1.67981563925,0.829688920555978,0.0779541844570848,107.933333333333,62.7333333333333,1.69758117461376,52,"bootstrap",0.0464063928419487
"360",2013,"Charter","NSEO","slope",99,28,3.53571428571429,5.65406277974748,2.98200947176153,0.292439029193832,82.9285714285714,32.7857142857143,2.50542137383102,28,"bootstrap",0.0517219282108666
"361",2013,"Charter","SSEI","slope",97,32,3.03125,1.1233638691134,0.54891760775777,0.0558973467149627,123.2,61.9333333333333,1.95660312910477,32,"bootstrap",0.0497588966957598
"362",2013,"Private","SSEI","slope",197,88,2.23863636363636,1.34370961507107,0.749177126575161,0.0538037278435847,139.8,73.8666666666667,1.82537497036798,88,"bootstrap",0.0400411869053562
"363",2013,"Charter","SSEO","slope",39,30,1.3,1.56038936166667,0.663997397176351,0.101951104744283,67.6,45.1333333333333,1.45205046763777,30,"bootstrap",0.0653369647658889
"364",2013,"Charter","CSEO","yelloweye",794,390,2.03589743589744,3.06354614315239,1.38518307340449,0.0479205144999841,408.5,194.083333333333,1.93135998351913,390,"bootstrap",0.0156421716079242
"365",2013,"Private","CSEO","yelloweye",100,56,1.78571428571429,3.00293186245,1.3144906215844,0.129121706039648,77.4545454545455,42.4545454545455,1.76132411697525,56,"bootstrap",0.0429985467383536
"366",2013,"Charter","EWYKT","yelloweye",15,9,1.66666666666667,2.29057971593333,1.36345657753337,0.33690690978254,46.6,27.7,1.67233721671604,9,"bootstrap",0.147083686910788
"367",2013,"Charter","NSEI","yelloweye",97,53,1.83018867924528,2.61469488507216,1.67619770739099,0.166005405965714,69.3636363636364,37.2727272727273,1.77849606656826,53,"bootstrap",0.0634893986726608
"368",2013,"Private","NSEI","yelloweye",59,37,1.59459459459459,3.10211435267797,1.76140521784364,0.223424916570342,51.1333333333333,36.2666666666667,1.31619841270077,37,"bootstrap",0.0720234302057454
"369",2013,"Charter","NSEO","yelloweye",250,113,2.21238938053097,2.349815357192,1.5707731384707,0.0966512542650902,236.5,108.5,2.18443244432585,113,"bootstrap",0.0411314250582596
"370",2013,"Private","NSEO","yelloweye",34,16,2.125,3.23117646229412,1.45895092771768,0.242143591454064,32.8181818181818,14.8181818181818,2.10132835001256,16,"bootstrap",0.0749397608826797
"371",2013,"Charter","SSEI","yelloweye",151,56,2.69642857142857,2.95468789292715,1.65540372754217,0.139356273929256,198.769230769231,90.3846153846154,1.94624385624861,56,"bootstrap",0.0471644650735678
"372",2013,"Private","SSEI","yelloweye",274,147,1.86394557823129,2.8775708735219,1.57870282573442,0.0898381173398848,193.066666666667,112,1.68733486463908,147,"bootstrap",0.0312201232527527
"373",2013,"Charter","SSEO","yelloweye",157,69,2.27536231884058,4.21709958603822,1.63234864647061,0.128041011613749,215.909090909091,90.4545454545455,2.28082085070144,69,"bootstrap",0.0303623400399795
"374",2013,"Private","SSEO","yelloweye",60,25,2.4,3.7624995603,1.31058562826329,0.16563874713362,59.9090909090909,30.1818181818182,1.91294947525243,25,"bootstrap",0.0440235924228023
"375",2014,"Charter","CSEO","black",423,100,4.23,1.26052478717021,0.454087061271084,0.022077779986868,706.933333333333,132.666666666667,5.0407650060787,100,"bootstrap",0.0175147527534393
"376",2014,"Private","CSEO","black",181,61,2.9672131147541,1.27423470352486,0.472737528766612,0.0364546595644133,121.6,45.5333333333333,2.70992033450121,61,"bootstrap",0.0286090619440597
"377",2014,"Charter","EWYKT","black",217,62,3.5,1.88256265315207,0.573854155570681,0.039589762832992,313.133333333333,52.7333333333333,5.62761321744838,62,"bootstrap",0.0210297185948658
"378",2014,"Charter","NSEI","black",116,36,3.22222222222222,1.0234933664569,0.570499579238793,0.0537893983036604,102.538461538462,28.7692307692308,3.82202686075684,36,"bootstrap",0.0525547112140718
"379",2014,"Private","NSEI","black",56,19,2.94736842105263,1.47862881185714,0.395861539383112,0.0521649770021195,71.6428571428571,23.4285714285714,3.06100050634987,19,"bootstrap",0.0352792915867782
"380",2014,"Charter","NSEO","black",313,86,3.63953488372093,1.03282324278275,0.578559831560872,0.0330818936694863,223.333333333333,56.6666666666667,3.79560891322496,86,"bootstrap",0.0320305472409329
"381",2014,"Private","NSEO","black",45,13,3.46153846153846,1.53776473822222,0.610249908134795,0.0913272598704854,44.4666666666667,13.9333333333333,3.08990583064752,13,"bootstrap",0.0593896176706893
"382",2014,"Charter","SSEI","black",259,52,4.98076923076923,1.87758563181467,0.5273676569401,0.0329748317757626,465.4,76,6.05731184009574,52,"bootstrap",0.0175623583910219
"383",2014,"Private","SSEI","black",80,43,1.86046511627907,1.1844307161125,0.578000361584831,0.0637640983229603,116.066666666667,37.5333333333333,2.99402189506678,43,"bootstrap",0.0538352285663823
"384",2014,"Charter","SSEO","black",334,84,3.97619047619048,1.35204390268563,0.421836488482743,0.0221271774265522,233.533333333333,65.0666666666667,3.69743634029823,84,"bootstrap",0.016365724058664
"385",2014,"Private","SSEO","black",111,31,3.58064516129032,1.36037710065766,0.400966366027864,0.0373186303680223,71.8666666666667,23.0666666666667,3.01039291726778,31,"bootstrap",0.0274325628900847
"386",2014,"Charter","CSEO","dsr_less_ye",709,264,2.68560606060606,1.02104840294358,0.484119729301745,0.01833049059675,504.833333333333,203.75,2.1368594499078,264,"bootstrap",0.0179526166868338
"387",2014,"Private","CSEO","dsr_less_ye",148,62,2.38709677419355,0.877051247824324,0.358032963348346,0.029222219846838,89.5714285714286,43,1.8457825576957,62,"bootstrap",0.0333187141792783
"388",2014,"Charter","EWYKT","dsr_less_ye",173,89,1.9438202247191,1.39310880324856,0.455237603983015,0.0337703770606751,116.846153846154,59.6923076923077,1.78738671882022,89,"bootstrap",0.0242410190660822
"389",2014,"Charter","NSEI","dsr_less_ye",176,59,2.98305084745763,1.01042855196023,0.422320132257539,0.0312971444760366,119.357142857143,53,2.05748266588884,59,"bootstrap",0.0309741291606619
"390",2014,"Private","NSEI","dsr_less_ye",246,129,1.90697674418605,1.0223409122561,0.400921768362328,0.0252005338862593,148.266666666667,87.6666666666667,1.63882055567949,129,"bootstrap",0.0246498341053836
"391",2014,"Charter","NSEO","dsr_less_ye",387,138,2.80434782608696,1.02803960658398,0.477063211140129,0.0245411858455666,284.3,114.5,2.37538934192259,138,"bootstrap",0.0238718291478217
"392",2014,"Private","NSEO","dsr_less_ye",39,17,2.29411764705882,1.26817374825641,0.340196788662696,0.0544668013422242,29.4545454545455,13.8181818181818,2.09102558088626,17,"bootstrap",0.042949005542111
"393",2014,"Charter","SSEI","dsr_less_ye",731,249,2.93574297188755,1.13915109194938,0.539142508914873,0.0202577496455295,418.357142857143,150.214285714286,2.49380438643985,249,"bootstrap",0.0177831981979345
"394",2014,"Private","SSEI","dsr_less_ye",849,291,2.91752577319588,0.934965184289753,0.396026148443207,0.0134085992608768,400.733333333333,172.6,2.12773973186714,291,"bootstrap",0.0143412818853386
"395",2014,"Charter","SSEO","dsr_less_ye",389,140,2.77857142857143,1.16128664884319,0.700264859276888,0.0346306193777029,195.5,86.3571428571429,1.9981238043644,140,"bootstrap",0.0298209054691192
"396",2014,"Private","SSEO","dsr_less_ye",80,34,2.35294117647059,1.0497693203125,0.298653909704264,0.0333771933961137,42.8571428571429,21,1.81864959497312,34,"bootstrap",0.0317947883885365
"397",2014,"Charter","CSEO","pelagic_less_blk",164,73,2.24657534246575,1.05625702518293,0.490978061646339,0.039070774008147,92.7333333333333,47.6,1.84126155247548,73,"bootstrap",0.0369898358795583
"398",2014,"Private","CSEO","pelagic_less_blk",38,15,2.53333333333333,0.898996667026316,0.291905298739435,0.0456728704487574,21.6428571428571,12.7142857142857,1.63914561628847,15,"bootstrap",0.0508042711658022
"399",2014,"Charter","NSEI","pelagic_less_blk",109,37,2.94594594594595,1.09417222865138,0.587526279031658,0.0540259621476812,274,62.6,4.02240094844948,37,"bootstrap",0.0493761043581512
"400",2014,"Private","NSEI","pelagic_less_blk",170,78,2.17948717948718,1.10726979469412,0.539772380792795,0.0412480631457589,232.533333333333,96.8666666666667,2.42527739995474,78,"bootstrap",0.0372520440306544
"401",2014,"Charter","NSEO","pelagic_less_blk",49,30,1.63333333333333,0.878726810387755,0.502816811099025,0.0718284657109333,58.5714285714286,29.1428571428571,2.12200803051883,30,"bootstrap",0.081741520643074
"402",2014,"Private","NSEO","pelagic_less_blk",11,6,1.83333333333333,0.818386803272727,0.142196854729916,0.0412811365847382,14,6.91666666666667,1.88877314814815,6,"bootstrap",0.0504420848670274
"403",2014,"Charter","SSEI","pelagic_less_blk",125,61,2.04918032786885,1.143230444616,0.448083717648018,0.040398735139066,235.4,75.6666666666667,2.94853585603028,61,"bootstrap",0.0353373506884131
"404",2014,"Private","SSEI","pelagic_less_blk",175,65,2.69230769230769,0.93556603936,0.403925969943701,0.0303497760380866,119.466666666667,50.6,2.34803341297204,65,"bootstrap",0.032440014666253
"405",2014,"Charter","SSEO","pelagic_less_blk",19,6,3.16666666666667,1.27053555352632,0.317211957046633,0.0683204650690393,36.3333333333333,18.3333333333333,2.11712233157419,6,"bootstrap",0.0537729659586612
"406",2014,"Private","SSEO","pelagic_less_blk",13,7,1.85714285714286,0.968362862615385,0.679666349288139,0.18673446777729,8.61538461538461,5.30769230769231,1.66373626373626,7,"bootstrap",0.192835222194448
"407",2014,"Charter","CSEO","slope",223,121,1.84297520661157,1.68576283197758,1.41751857974202,0.0922052112211355,231.133333333333,114.2,2.03106810312452,121,"bootstrap",0.0546964314742715
"408",2014,"Private","CSEO","slope",45,25,1.8,1.08012455713333,0.592688743669923,0.0855972720292958,29.4666666666667,19.4666666666667,1.4739572262278,25,"bootstrap",0.0792475936816697
"409",2014,"Charter","NSEI","slope",57,25,2.28,3.32812734014035,2.8886077196805,0.388810849221213,74.2666666666667,40.2,2.06879845470816,25,"bootstrap",0.116825712926242
"410",2014,"Private","NSEI","slope",146,76,1.92105263157895,1.38027087416438,1.18500063880747,0.0983369197601994,107.933333333333,62.7333333333333,1.69758117461376,76,"bootstrap",0.0712446532060112
"411",2014,"Charter","NSEO","slope",85,26,3.26923076923077,6.05941103827059,3.06478474766382,0.332438706809518,82.9285714285714,32.7857142857143,2.50542137383102,26,"bootstrap",0.0548632044781037
"412",2014,"Charter","SSEI","slope",227,103,2.20388349514563,1.34072901291189,0.829592982299568,0.0554455857700711,123.2,61.9333333333333,1.95660312910477,103,"bootstrap",0.041354804167063
"413",2014,"Private","SSEI","slope",327,153,2.13725490196078,1.31867976064832,1.19763370559381,0.0667182347042008,139.8,73.8666666666667,1.82537497036798,153,"bootstrap",0.0505947210954382
"414",2014,"Charter","SSEO","slope",30,23,1.30434782608696,2.82755556306667,1.9346781184426,0.338784928908921,67.6,45.1333333333333,1.45205046763777,23,"bootstrap",0.119815480669631
"415",2014,"Private","SSEO","slope",10,8,1.25,1.731349331,1.01946374268734,0.306548473352762,14.2666666666667,9.93333333333333,1.40035264930002,8,"bootstrap",0.177057551508513
"416",2014,"Charter","CSEO","yelloweye",361,181,1.99447513812155,3.12820188447922,1.49298211880205,0.0764965636803473,408.5,194.083333333333,1.93135998351913,181,"bootstrap",0.0244538448940556
"417",2014,"Private","CSEO","yelloweye",77,48,1.60416666666667,2.36592700445455,1.15956574956607,0.131516823693878,77.4545454545455,42.4545454545455,1.76132411697525,48,"bootstrap",0.0555878619442862
"418",2014,"Charter","EWYKT","yelloweye",36,26,1.38461538461538,2.9556927025,1.31062393384814,0.215309611281748,46.6,27.7,1.67233721671604,26,"bootstrap",0.0728457363309907
"419",2014,"Charter","NSEI","yelloweye",48,30,1.6,2.70655366966667,2.5264344813381,0.356263718491106,69.3636363636364,37.2727272727273,1.77849606656826,30,"bootstrap",0.131630021781531
"420",2014,"Private","NSEI","yelloweye",63,47,1.34042553191489,2.74941684888889,1.71240965805748,0.214402201925768,51.1333333333333,36.2666666666667,1.31619841270077,47,"bootstrap",0.0779809733152737
"421",2014,"Charter","NSEO","yelloweye",255,124,2.05645161290323,2.17763245418431,1.60860198904963,0.0984920918855539,236.5,108.5,2.18443244432585,124,"bootstrap",0.0452289786994595
"422",2014,"Private","NSEO","yelloweye",33,13,2.53846153846154,3.21935340724242,1.17321699403378,0.206745338099738,32.8181818181818,14.8181818181818,2.10132835001256,13,"bootstrap",0.0642195223533498
"423",2014,"Charter","SSEI","yelloweye",268,129,2.07751937984496,3.30280721889925,2.12889896874004,0.127710214770605,198.769230769231,90.3846153846154,1.94624385624861,129,"bootstrap",0.0386671719862497
"424",2014,"Private","SSEI","yelloweye",289,162,1.78395061728395,3.10807737354671,2.57767192093105,0.152677933035286,193.066666666667,112,1.68733486463908,162,"bootstrap",0.0491229511641988
"425",2014,"Charter","SSEO","yelloweye",176,75,2.34666666666667,3.99394327151136,1.75626553198351,0.133067342591862,215.909090909091,90.4545454545455,2.28082085070144,75,"bootstrap",0.0333172840838842
"426",2014,"Private","SSEO","yelloweye",48,25,1.92,3.03412656210417,1.58865016731624,0.227834526645741,59.9090909090909,30.1818181818182,1.91294947525243,25,"bootstrap",0.0750906470057525
"427",2015,"Charter","CSEO","black",373,90,4.14444444444444,1.4552554822252,0.473522289359256,0.0236716191199508,706.933333333333,132.666666666667,5.0407650060787,90,"bootstrap",0.0162662978487839
"428",2015,"Private","CSEO","black",81,47,1.72340425531915,1.33187386658025,0.462229075231105,0.0526794113002851,121.6,45.5333333333333,2.70992033450121,47,"bootstrap",0.0395528530307049
"429",2015,"Charter","EWYKT","black",176,51,3.45098039215686,1.81380528152273,0.56198627809487,0.0423698836409004,313.133333333333,52.7333333333333,5.62761321744838,51,"bootstrap",0.0233596649389674
"430",2015,"Private","EWYKT","black",27,9,3,1.45350319288889,0.572841141242929,0.107026331971573,100.8,23.7333333333333,3.44014884883052,9,"bootstrap",0.0736333655785473
"431",2015,"Charter","NSEI","black",157,38,4.13157894736842,0.944090243121019,0.583625292754512,0.0448585954712671,102.538461538462,28.7692307692308,3.82202686075684,38,"bootstrap",0.0475151563085446
"432",2015,"Private","NSEI","black",49,15,3.26666666666667,0.828665304489796,0.581305120044316,0.0835116157756647,71.6428571428571,23.4285714285714,3.06100050634987,15,"bootstrap",0.10077846305763
"433",2015,"Charter","NSEO","black",373,94,3.96808510638298,0.91606745124933,0.612242785991498,0.0331858398166683,223.333333333333,56.6666666666667,3.79560891322496,94,"bootstrap",0.0362264151743516
"434",2015,"Private","NSEO","black",33,12,2.75,1.50815550366667,0.466454174830144,0.0794543676308038,44.4666666666667,13.9333333333333,3.08990583064752,12,"bootstrap",0.0526831400592527
"435",2015,"Charter","SSEI","black",568,93,6.10752688172043,1.6999147399243,0.525649072754101,0.0222201092193104,465.4,76,6.05731184009574,93,"bootstrap",0.013071308047073
"436",2015,"Private","SSEI","black",68,29,2.3448275862069,1.5055386195,0.942311199439038,0.111248450808122,116.066666666667,37.5333333333333,2.99402189506678,29,"bootstrap",0.0738927911693611
"437",2015,"Charter","SSEO","black",292,76,3.84210526315789,1.37555818691096,0.408090523017306,0.0231766344172865,233.533333333333,65.0666666666667,3.69743634029823,76,"bootstrap",0.0168488942436767
"438",2015,"Private","SSEO","black",91,33,2.75757575757576,1.3227480829011,0.389163643958099,0.0409595340463298,71.8666666666667,23.0666666666667,3.01039291726778,33,"bootstrap",0.0309654835836132
"439",2015,"Charter","CSEO","dsr_less_ye",794,278,2.85611510791367,0.987298309152393,0.477347328617174,0.0161750349261385,504.833333333333,203.75,2.1368594499078,278,"bootstrap",0.016383128357654
"440",2015,"Private","CSEO","dsr_less_ye",164,65,2.52307692307692,1.08229429116463,0.51144841923377,0.0393314063004984,89.5714285714286,43,1.8457825576957,65,"bootstrap",0.0363407685151649
"441",2015,"Charter","EWYKT","dsr_less_ye",130,70,1.85714285714286,1.42825526600769,0.447859758117987,0.0402315509939963,116.846153846154,59.6923076923077,1.78738671882022,70,"bootstrap",0.0281683197335256
"442",2015,"Charter","NSEI","dsr_less_ye",293,92,3.18478260869565,0.821932899784983,0.477337006107329,0.0277129974234195,119.357142857143,53,2.05748266588884,92,"bootstrap",0.0337168611095494
"443",2015,"Private","NSEI","dsr_less_ye",240,125,1.92,1.11554414474167,0.456942874173509,0.029872627390617,148.266666666667,87.6666666666667,1.63882055567949,125,"bootstrap",0.0267785255576191
"444",2015,"Charter","NSEO","dsr_less_ye",457,152,3.00657894736842,0.917877103949672,0.488917301010093,0.0241910498606191,284.3,114.5,2.37538934192259,152,"bootstrap",0.0263554344655987
"445",2015,"Private","NSEO","dsr_less_ye",42,15,2.8,0.906569540619048,0.361976286839872,0.0554903275595143,29.4545454545455,13.8181818181818,2.09102558088626,15,"bootstrap",0.0612091241468613
"446",2015,"Charter","SSEI","dsr_less_ye",1209,348,3.47413793103448,0.997372549823821,0.326232904683332,0.00917530643341047,418.357142857143,150.214285714286,2.49380438643985,348,"bootstrap",0.0091994776024578
"447",2015,"Private","SSEI","dsr_less_ye",786,260,3.02307692307692,0.873918221998728,0.361021863946998,0.0127008855380345,400.733333333333,172.6,2.12773973186714,260,"bootstrap",0.0145332654913482
"448",2015,"Charter","SSEO","dsr_less_ye",372,135,2.75555555555556,1.09272989284946,0.488871724194955,0.0245072925131942,195.5,86.3571428571429,1.9981238043644,135,"bootstrap",0.0224275849627282
"449",2015,"Private","SSEO","dsr_less_ye",99,33,3,0.969126799373737,0.259316664845331,0.0257254222137267,42.8571428571429,21,1.81864959497312,33,"bootstrap",0.0265449497737043
"450",2015,"Charter","CSEO","pelagic_less_blk",119,64,1.859375,1.13799792709244,0.493896916642995,0.0470288752497073,92.7333333333333,47.6,1.84126155247548,64,"bootstrap",0.0413259761991528
"451",2015,"Private","CSEO","pelagic_less_blk",53,25,2.12,0.927219488075472,0.415475658036555,0.0569857688537388,21.6428571428571,12.7142857142857,1.63914561628847,25,"bootstrap",0.0614587695649257
"452",2015,"Charter","NSEI","pelagic_less_blk",123,31,3.96774193548387,0.624970576292683,0.443787286056266,0.039393112378142,274,62.6,4.02240094844948,31,"bootstrap",0.0630319472187337
"453",2015,"Private","NSEI","pelagic_less_blk",191,92,2.07608695652174,1.0167570948377,0.419875392860377,0.0303180896552798,232.533333333333,96.8666666666667,2.42527739995474,92,"bootstrap",0.0298184195706246
"454",2015,"Charter","NSEO","pelagic_less_blk",80,40,2,0.8424409324625,0.464608012674881,0.0529468973087231,58.5714285714286,29.1428571428571,2.12200803051883,40,"bootstrap",0.0628493883291692
"455",2015,"Charter","SSEI","pelagic_less_blk",124,62,2,1.00349604464516,0.364680566281014,0.0313848047307107,235.4,75.6666666666667,2.94853585603028,62,"bootstrap",0.0312754643111807
"456",2015,"Private","SSEI","pelagic_less_blk",84,43,1.95348837209302,0.921052187321429,0.682498644219236,0.077044269011074,119.466666666667,50.6,2.34803341297204,43,"bootstrap",0.0836481038442907
"457",2015,"Charter","SSEO","pelagic_less_blk",15,10,1.5,1.21249383433333,0.498589901037521,0.119933494682611,36.3333333333333,18.3333333333333,2.11712233157419,10,"bootstrap",0.0989147254085245
"458",2015,"Charter","CSEO","slope",209,116,1.80172413793103,1.54332223249761,1.22133824123594,0.0856304381248041,231.133333333333,114.2,2.03106810312452,116,"bootstrap",0.0554844842649779
"459",2015,"Private","CSEO","slope",45,29,1.55172413793103,1.30309385853333,0.924159298143282,0.144237054376804,29.4666666666667,19.4666666666667,1.4739572262278,29,"bootstrap",0.110688154527216
"460",2015,"Charter","NSEI","slope",45,28,1.60714285714286,1.94892636817778,1.92467530210305,0.291336711160873,74.2666666666667,40.2,2.06879845470816,28,"bootstrap",0.149485745545774
"461",2015,"Private","NSEI","slope",168,92,1.82608695652174,1.45959698029762,0.658648895690403,0.0509266268827653,107.933333333333,62.7333333333333,1.69758117461376,92,"bootstrap",0.0348908825999223
"462",2015,"Charter","NSEO","slope",62,29,2.13793103448276,5.02204199266129,3.23459962605204,0.426017260400864,82.9285714285714,32.7857142857143,2.50542137383102,29,"bootstrap",0.0848294898814871
"463",2015,"Charter","SSEI","slope",252,88,2.86363636363636,1.09081791611905,0.632404785751076,0.0392973426366271,123.2,61.9333333333333,1.95660312910477,88,"bootstrap",0.0360255749891244
"464",2015,"Private","SSEI","slope",190,96,1.97916666666667,1.22997213705789,0.706101227748878,0.0491800231803365,139.8,73.8666666666667,1.82537497036798,96,"bootstrap",0.0399846644477456
"465",2015,"Charter","SSEO","slope",26,20,1.3,1.72883858657692,1.10905837085954,0.221313297600673,67.6,45.1333333333333,1.45205046763777,20,"bootstrap",0.128012701312313
"466",2015,"Private","SSEO","slope",18,10,1.8,1.30802610327778,0.415414590615142,0.0931779772246852,14.2666666666667,9.93333333333333,1.40035264930002,10,"bootstrap",0.0712355640236773
"467",2015,"Charter","CSEO","yelloweye",426,225,1.89333333333333,3.05538831480986,1.5106205576793,0.0722937532897642,408.5,194.083333333333,1.93135998351913,225,"bootstrap",0.0236610688531298
"468",2015,"Private","CSEO","yelloweye",86,43,2,3.08014745218605,1.61328057098972,0.178016979660431,77.4545454545455,42.4545454545455,1.76132411697525,43,"bootstrap",0.0577949537883611
"469",2015,"Charter","EWYKT","yelloweye",38,29,1.31034482758621,2.36893974423684,1.08224904816034,0.178737376760993,46.6,27.7,1.67233721671604,29,"bootstrap",0.075450368543913
"470",2015,"Charter","NSEI","yelloweye",64,37,1.72972972972973,1.9775181364375,1.58561904636055,0.19761827546908,69.3636363636364,37.2727272727273,1.77849606656826,37,"bootstrap",0.0999324718331479
"471",2015,"Private","NSEI","yelloweye",71,52,1.36538461538462,3.1278420646338,1.76909330881097,0.209064578695022,51.1333333333333,36.2666666666667,1.31619841270077,52,"bootstrap",0.0668398769422836
"472",2015,"Charter","NSEO","yelloweye",306,138,2.21739130434783,2.2952065532549,1.57145660769956,0.0929369881767871,236.5,108.5,2.18443244432585,138,"bootstrap",0.0404917753676637
"473",2015,"Private","NSEO","yelloweye",40,18,2.22222222222222,3.3997919168,1.75291533811832,0.27647856582096,32.8181818181818,14.8181818181818,2.10132835001256,18,"bootstrap",0.0813222022367744
"474",2015,"Charter","SSEI","yelloweye",401,177,2.26553672316384,2.84566416964589,1.57487213964972,0.0794326713148709,198.769230769231,90.3846153846154,1.94624385624861,177,"bootstrap",0.0279135788973846
"475",2015,"Private","SSEI","yelloweye",267,162,1.64814814814815,2.73465718529963,1.49605958974567,0.0919820712185948,193.066666666667,112,1.68733486463908,162,"bootstrap",0.0336356862984699
"476",2015,"Charter","SSEO","yelloweye",196,68,2.88235294117647,3.68028851502551,1.55532002439112,0.114916752927787,215.909090909091,90.4545454545455,2.28082085070144,68,"bootstrap",0.0312249304527666
"477",2015,"Private","SSEO","yelloweye",57,30,1.9,3.47669859629825,1.60827881834387,0.213789906179444,59.9090909090909,30.1818181818182,1.91294947525243,30,"bootstrap",0.0614922174752429
"478",2016,"Charter","CSEO","black",930,191,4.86910994764398,1.39796073857957,0.387036810526893,0.0125911432093544,706.933333333333,132.666666666667,5.0407650060787,191,"bootstrap",0.00900679315368181
"479",2016,"Private","CSEO","black",210,82,2.5609756097561,1.41751848846667,0.399080527687204,0.0271896241142579,121.6,45.5333333333333,2.70992033450121,82,"bootstrap",0.0191811424933646
"480",2016,"Charter","EWYKT","black",152,50,3.04,1.84966721178289,0.477158482239892,0.0367987921074273,313.133333333333,52.7333333333333,5.62761321744838,50,"bootstrap",0.0198948177666819
"481",2016,"Private","EWYKT","black",49,17,2.88235294117647,1.66925808453061,0.580297332350879,0.0795882693262823,100.8,23.7333333333333,3.44014884883052,17,"bootstrap",0.0476788281355919
"482",2016,"Charter","NSEI","black",141,45,3.13333333333333,0.974264281198582,0.589180876951398,0.0504980008613818,102.538461538462,28.7692307692308,3.82202686075684,45,"bootstrap",0.0518319329117321
"483",2016,"Private","NSEI","black",46,29,1.58620689655172,1.38572368493478,0.600055363981856,0.0897493967006872,71.6428571428571,23.4285714285714,3.06100050634987,29,"bootstrap",0.0647671665545005
"484",2016,"Charter","NSEO","black",190,62,3.06451612903226,1.24194562648947,0.733189782921563,0.0519776155449482,223.333333333333,56.6666666666667,3.79560891322496,62,"bootstrap",0.0418517642288977
"485",2016,"Private","NSEO","black",60,23,2.60869565217391,1.46676466983333,0.540457126197514,0.0668610306033578,44.4666666666667,13.9333333333333,3.08990583064752,23,"bootstrap",0.0455840203806894
"486",2016,"Charter","SSEI","black",601,88,6.82954545454545,1.88413789316805,0.627497983226508,0.0258695311491,465.4,76,6.05731184009574,88,"bootstrap",0.0137301687115915
"487",2016,"Private","SSEI","black",67,33,2.03030303030303,1.35784927932836,0.547388764824698,0.0655941217821857,116.066666666667,37.5333333333333,2.99402189506678,33,"bootstrap",0.0483073657590561
"488",2016,"Charter","SSEO","black",174,61,2.85245901639344,1.5870292408908,0.492359315100518,0.0369032297315694,233.533333333333,65.0666666666667,3.69743634029823,61,"bootstrap",0.0232530244438694
"489",2016,"Private","SSEO","black",28,17,1.64705882352941,1.66293382860714,0.54176921871717,0.104967012836087,71.8666666666667,23.0666666666667,3.01039291726778,17,"bootstrap",0.0631215812862535
"490",2016,"Charter","CSEO","dsr_less_ye",696,332,2.09638554216867,1.07853920204598,0.533476519762351,0.0201048430484844,504.833333333333,203.75,2.1368594499078,332,"bootstrap",0.0186408087998524
"491",2016,"Private","CSEO","dsr_less_ye",229,111,2.06306306306306,0.908907554048035,0.328868904120721,0.0216682324372269,89.5714285714286,43,1.8457825576957,111,"bootstrap",0.0238398639561551
"492",2016,"Charter","EWYKT","dsr_less_ye",187,94,1.98936170212766,1.41314142974332,0.403598291930939,0.0308198824070931,116.846153846154,59.6923076923077,1.78738671882022,94,"bootstrap",0.0218094818808697
"493",2016,"Charter","NSEI","dsr_less_ye",198,91,2.17582417582418,0.999771903671717,0.406355345024932,0.0286430673163385,119.357142857143,53,2.05748266588884,91,"bootstrap",0.0286496021854037
"494",2016,"Private","NSEI","dsr_less_ye",281,151,1.86092715231788,1.05431875858363,0.343317045176112,0.0199088365261311,148.266666666667,87.6666666666667,1.63882055567949,151,"bootstrap",0.0188831284315538
"495",2016,"Charter","NSEO","dsr_less_ye",376,163,2.30674846625767,1.08496157312234,0.551218912427106,0.0280217696988588,284.3,114.5,2.37538934192259,163,"bootstrap",0.0258274305680862
"496",2016,"Private","NSEO","dsr_less_ye",56,28,2,1.11364188192857,0.41392439500713,0.0541510199192279,29.4545454545455,13.8181818181818,2.09102558088626,28,"bootstrap",0.0486251646942828
"497",2016,"Charter","SSEI","dsr_less_ye",1222,377,3.24137931034483,1.06548320154092,0.401235859564414,0.0118433116871005,418.357142857143,150.214285714286,2.49380438643985,377,"bootstrap",0.0111154372682484
"498",2016,"Private","SSEI","dsr_less_ye",858,313,2.74121405750799,0.978350899905594,0.332693040286708,0.0114887129217178,400.733333333333,172.6,2.12773973186714,313,"bootstrap",0.0117429369389106
"499",2016,"Charter","SSEO","dsr_less_ye",289,129,2.24031007751938,1.17287239504152,0.46463000965644,0.0275839981367868,195.5,86.3571428571429,1.9981238043644,129,"bootstrap",0.0235183283820149
"500",2016,"Private","SSEO","dsr_less_ye",38,20,1.9,1.1264034015,0.3647175484545,0.0583537502724349,42.8571428571429,21,1.81864959497312,20,"bootstrap",0.0518053746950043
"501",2016,"Charter","CSEO","pelagic_less_blk",158,83,1.90361445783133,1.13908931531646,0.410207455859653,0.0314437630408464,92.7333333333333,47.6,1.84126155247548,83,"bootstrap",0.0276042998718769
"502",2016,"Private","CSEO","pelagic_less_blk",34,26,1.30769230769231,0.932052720558823,0.417881599315067,0.0740109934989048,21.6428571428571,12.7142857142857,1.63914561628847,26,"bootstrap",0.0794064454364026
"503",2016,"Charter","NSEI","pelagic_less_blk",196,66,2.96969696969697,0.969358054336735,0.336796672521122,0.0235153930287983,274,62.6,4.02240094844948,66,"bootstrap",0.0242587276430981
"504",2016,"Private","NSEI","pelagic_less_blk",280,132,2.12121212121212,0.919750590278571,0.390816458527766,0.0235616232074038,232.533333333333,96.8666666666667,2.42527739995474,132,"bootstrap",0.0256174048230484
"505",2016,"Charter","NSEO","pelagic_less_blk",108,46,2.34782608695652,0.936065456444444,0.377414077846407,0.0366443623515753,58.5714285714286,29.1428571428571,2.12200803051883,46,"bootstrap",0.0391472221299197
"506",2016,"Private","NSEO","pelagic_less_blk",22,9,2.44444444444444,1.02441200668182,0.222602621877128,0.045207549408608,14,6.91666666666667,1.88877314814815,9,"bootstrap",0.0441302416544688
"507",2016,"Charter","SSEI","pelagic_less_blk",140,70,2,0.976490536992857,0.370372109390246,0.0305897974226672,235.4,75.6666666666667,2.94853585603028,70,"bootstrap",0.0313262609967218
"508",2016,"Private","SSEI","pelagic_less_blk",117,47,2.48936170212766,0.857251281726496,0.360832985026761,0.0324152953351325,119.466666666667,50.6,2.34803341297204,47,"bootstrap",0.0378130613813122
"509",2016,"Charter","SSEO","pelagic_less_blk",16,9,1.77777777777778,1.6324292903125,0.738681612856319,0.179587213266411,36.3333333333333,18.3333333333333,2.11712233157419,9,"bootstrap",0.110012246369355
"510",2016,"Charter","CSEO","slope",206,133,1.54887218045113,1.86121216776699,1.69024696832918,0.120290663212978,231.133333333333,114.2,2.03106810312452,133,"bootstrap",0.0646302798231208
"511",2016,"Private","CSEO","slope",61,36,1.69444444444444,1.10008772127869,0.561598201438893,0.0733301263677908,29.4666666666667,19.4666666666667,1.4739572262278,36,"bootstrap",0.0666584354587246
"512",2016,"Charter","NSEI","slope",115,54,2.12962962962963,1.80342010195652,1.69413309400308,0.155069755282877,74.2666666666667,40.2,2.06879845470816,54,"bootstrap",0.0859864848543288
"513",2016,"Private","NSEI","slope",279,134,2.08208955223881,1.18102195836918,0.526262646701631,0.0316193720819718,107.933333333333,62.7333333333333,1.69758117461376,134,"bootstrap",0.0267728909339109
"514",2016,"Charter","NSEO","slope",47,23,2.04347826086957,5.06807532312766,3.12227034388157,0.447248352585513,82.9285714285714,32.7857142857143,2.50542137383102,23,"bootstrap",0.0882481660334721
"515",2016,"Charter","SSEI","slope",286,128,2.234375,1.26341762355594,0.629636724404235,0.035423603815761,123.2,61.9333333333333,1.95660312910477,128,"bootstrap",0.0280379212346744
"516",2016,"Private","SSEI","slope",263,111,2.36936936936937,1.40664262525475,0.900980943404495,0.0544893322708616,139.8,73.8666666666667,1.82537497036798,111,"bootstrap",0.0387371541943663
"517",2016,"Charter","SSEO","slope",34,23,1.47826086956522,2.35466392564706,1.32045409559538,0.222979942499386,67.6,45.1333333333333,1.45205046763777,23,"bootstrap",0.0946971413078032
"518",2016,"Charter","CSEO","yelloweye",548,261,2.09961685823755,3.0851462610146,1.26897730499362,0.0534650624801136,408.5,194.083333333333,1.93135998351913,261,"bootstrap",0.0173298307298179
"519",2016,"Private","CSEO","yelloweye",105,64,1.640625,3.1005326894381,1.81726426951723,0.172325684216158,77.4545454545455,42.4545454545455,1.76132411697525,64,"bootstrap",0.0555793798927463
"520",2016,"Charter","EWYKT","yelloweye",58,37,1.56756756756757,2.9975913822069,0.987406862058332,0.131120600761474,46.6,27.7,1.67233721671604,37,"bootstrap",0.0437419861625503
"521",2016,"Charter","NSEI","yelloweye",101,49,2.06122448979592,2.55682948649505,1.68497559256846,0.16383357614483,69.3636363636364,37.2727272727273,1.77849606656826,49,"bootstrap",0.0640768486949109
"522",2016,"Private","NSEI","yelloweye",74,61,1.21311475409836,2.66545230008108,1.4289945933198,0.16445628118948,51.1333333333333,36.2666666666667,1.31619841270077,61,"bootstrap",0.061699202489753
"523",2016,"Charter","NSEO","yelloweye",279,127,2.19685039370079,3.02671760943369,1.73873760880874,0.104982311472956,236.5,108.5,2.18443244432585,127,"bootstrap",0.0346852019315401
"524",2016,"Private","NSEO","yelloweye",44,20,2.2,3.09767603059091,1.30024536120981,0.193525648081625,32.8181818181818,14.8181818181818,2.10132835001256,20,"bootstrap",0.0624744634914932
"525",2016,"Charter","SSEI","yelloweye",554,204,2.7156862745098,3.45277725656859,1.8998101021603,0.0801581410412693,198.769230769231,90.3846153846154,1.94624385624861,204,"bootstrap",0.0232155552139298
"526",2016,"Private","SSEI","yelloweye",352,174,2.02298850574713,3.11026318387216,1.67391126228506,0.0908434248009341,193.066666666667,112,1.68733486463908,174,"bootstrap",0.0292076327405315
"527",2016,"Charter","SSEO","yelloweye",197,79,2.49367088607595,3.74859878448223,1.53861916464143,0.106731111201495,215.909090909091,90.4545454545455,2.28082085070144,79,"bootstrap",0.0284722685295959
"528",2016,"Private","SSEO","yelloweye",35,19,1.84210526315789,4.03871190511429,1.54644435129137,0.266255215208367,59.9090909090909,30.1818181818182,1.91294947525243,19,"bootstrap",0.065925775708637
"529",2017,"Charter","CSEO","black",607,155,3.91612903225806,1.51212843407578,0.444207614948051,0.0181290020705287,706.933333333333,132.666666666667,5.0407650060787,155,"bootstrap",0.0119890623454939
"530",2017,"Private","CSEO","black",97,32,3.03125,1.34148961287629,0.362887100659605,0.0372765357048761,121.6,45.5333333333333,2.70992033450121,32,"bootstrap",0.0277874203028315
"531",2017,"Charter","EWYKT","black",128,25,5.12,1.8517635371875,0.477259286747638,0.0407392771272212,313.133333333333,52.7333333333333,5.62761321744838,25,"bootstrap",0.022000258839256
"532",2017,"Charter","NSEI","black",55,19,2.89473684210526,1.24489957083636,0.561760599635256,0.075343671046081,102.538461538462,28.7692307692308,3.82202686075684,19,"bootstrap",0.0605218869145105
"533",2017,"Private","NSEI","black",59,29,2.03448275862069,1.32604724971186,0.592834012817799,0.0767501606804738,71.6428571428571,23.4285714285714,3.06100050634987,29,"bootstrap",0.0578789034079674
"534",2017,"Charter","NSEO","black",137,50,2.74,1.44158143845255,0.459086605922642,0.039103404743121,223.333333333333,56.6666666666667,3.79560891322496,50,"bootstrap",0.0271253525469196
"535",2017,"Private","NSEO","black",48,15,3.2,1.68749318464583,0.460561735242113,0.0644227223094252,44.4666666666667,13.9333333333333,3.08990583064752,15,"bootstrap",0.0381765822200616
"536",2017,"Charter","SSEI","black",478,86,5.55813953488372,1.64167117027197,0.54248875634927,0.0244501846220153,465.4,76,6.05731184009574,86,"bootstrap",0.0148934726178841
"537",2017,"Private","SSEI","black",90,46,1.95652173913043,1.333647978,0.645863916044452,0.0694954234797742,116.066666666667,37.5333333333333,2.99402189506678,46,"bootstrap",0.0521092706817528
"538",2017,"Charter","SSEO","black",201,103,1.95145631067961,1.42826079058209,0.407169568284381,0.0285474861033689,233.533333333333,65.0666666666667,3.69743634029823,103,"bootstrap",0.0199875865049368
"539",2017,"Private","SSEO","black",67,27,2.48148148148148,1.42495746220896,0.381423811222546,0.0467279543398188,71.8666666666667,23.0666666666667,3.01039291726778,27,"bootstrap",0.032792525797494
"540",2017,"Charter","CSEO","dsr_less_ye",272,146,1.86301369863014,1.19404145075735,0.552236004583436,0.0326448076893062,504.833333333333,203.75,2.1368594499078,146,"bootstrap",0.0273397608337636
"541",2017,"Private","CSEO","dsr_less_ye",81,43,1.88372093023256,1.10472531018519,0.559949582036723,0.0650309157769582,89.5714285714286,43,1.8457825576957,43,"bootstrap",0.0588661409106822
"542",2017,"Charter","EWYKT","dsr_less_ye",181,87,2.08045977011494,1.40443130308287,0.393769175213975,0.0299760530316911,116.846153846154,59.6923076923077,1.78738671882022,87,"bootstrap",0.0213439083605518
"543",2017,"Private","EWYKT","dsr_less_ye",27,13,2.07692307692308,1.54016108755556,0.479813445081032,0.0904034674400116,15.6666666666667,8.2,1.60746812355171,13,"bootstrap",0.0586974104010731
"544",2017,"Charter","NSEI","dsr_less_ye",100,56,1.78571428571429,1.08548877172,0.357696566650944,0.0349213631851656,119.357142857143,53,2.05748266588884,56,"bootstrap",0.0321710957266111
"545",2017,"Private","NSEI","dsr_less_ye",168,109,1.54128440366972,1.13631730502381,0.404809329354413,0.0322005900550595,148.266666666667,87.6666666666667,1.63882055567949,109,"bootstrap",0.0283376746201931
"546",2017,"Charter","NSEO","dsr_less_ye",266,127,2.09448818897638,1.26589931124812,0.465715819228876,0.0283459281108263,284.3,114.5,2.37538934192259,127,"bootstrap",0.0223919294836163
"547",2017,"Private","NSEO","dsr_less_ye",34,19,1.78947368421053,1.19350781502941,0.362340267084371,0.0608925269590199,29.4545454545455,13.8181818181818,2.09102558088626,19,"bootstrap",0.0510197974342709
"548",2017,"Charter","SSEI","dsr_less_ye",515,253,2.03557312252964,1.03765174486408,0.290291763089656,0.0130997068334272,418.357142857143,150.214285714286,2.49380438643985,253,"bootstrap",0.0126243770111359
"549",2017,"Private","SSEI","dsr_less_ye",439,257,1.70817120622568,0.936422167487472,0.328518325496671,0.0152320312484473,400.733333333333,172.6,2.12773973186714,257,"bootstrap",0.0162662010547193
"550",2017,"Charter","SSEO","dsr_less_ye",430,223,1.92825112107623,1.11152165656744,0.42413084213361,0.0204258658299337,195.5,86.3571428571429,1.9981238043644,223,"bootstrap",0.018376489301173
"551",2017,"Private","SSEO","dsr_less_ye",54,35,1.54285714285714,1.0939231392037,0.328632158738305,0.0433295652678694,42.8571428571429,21,1.81864959497312,35,"bootstrap",0.0396093324247718
"552",2017,"Charter","CSEO","pelagic_less_blk",91,45,2.02222222222222,0.972607511197802,0.421246029083063,0.0436107148057327,92.7333333333333,47.6,1.84126155247548,45,"bootstrap",0.0448389656707715
"553",2017,"Private","CSEO","pelagic_less_blk",13,10,1.3,0.918829130692308,0.414158664646454,0.110488407953782,21.6428571428571,12.7142857142857,1.63914561628847,10,"bootstrap",0.120249134755373
"554",2017,"Charter","EWYKT","pelagic_less_blk",59,25,2.36,1.09599593313559,0.235452565911463,0.0296551041388115,27.9333333333333,12.3333333333333,2.18863487779277,25,"bootstrap",0.027057677170361
"555",2017,"Charter","NSEI","pelagic_less_blk",287,81,3.54320987654321,0.850750974418119,0.327891315145918,0.0187196476418136,274,62.6,4.02240094844948,81,"bootstrap",0.0220036746412393
"556",2017,"Private","NSEI","pelagic_less_blk",340,155,2.19354838709677,0.941788508402941,0.392602490725173,0.020907538261382,232.533333333333,96.8666666666667,2.42527739995474,155,"bootstrap",0.022199823075816
"557",2017,"Charter","NSEO","pelagic_less_blk",79,42,1.88095238095238,1.0106910124557,0.357980724119986,0.0404826198149304,58.5714285714286,29.1428571428571,2.12200803051883,42,"bootstrap",0.0400543977496831
"558",2017,"Charter","SSEI","pelagic_less_blk",227,101,2.24752475247525,1.00548641845374,0.401210309015624,0.0246760846611057,235.4,75.6666666666667,2.94853585603028,101,"bootstrap",0.0245414400515256
"559",2017,"Private","SSEI","pelagic_less_blk",105,62,1.69354838709677,0.750643433333333,0.247532540864673,0.0226755360397616,119.466666666667,50.6,2.34803341297204,62,"bootstrap",0.0302081321607889
"560",2017,"Charter","SSEO","pelagic_less_blk",22,15,1.46666666666667,1.17705075745455,0.48687678500304,0.0999042458457616,36.3333333333333,18.3333333333333,2.11712233157419,15,"bootstrap",0.0848767525215408
"561",2017,"Charter","CSEO","slope",98,61,1.60655737704918,2.29316185894898,2.19895280485153,0.216484006072996,231.133333333333,114.2,2.03106810312452,61,"bootstrap",0.0944041543461817
"562",2017,"Private","CSEO","slope",25,21,1.19047619047619,1.16422003344,0.476040924413866,0.0967770144677916,29.4666666666667,19.4666666666667,1.4739572262278,21,"bootstrap",0.0831260515092134
"563",2017,"Charter","NSEI","slope",69,38,1.81578947368421,2.04626050113043,1.69500779756971,0.203619581977491,74.2666666666667,40.2,2.06879845470816,38,"bootstrap",0.0995081427144803
"564",2017,"Private","NSEI","slope",57,42,1.35714285714286,1.57868971831579,1.53281801280489,0.205655109193395,107.933333333333,62.7333333333333,1.69758117461376,42,"bootstrap",0.130269492989919
"565",2017,"Charter","NSEO","slope",45,23,1.95652173913043,4.59855523131111,3.62510543741924,0.519752611555161,82.9285714285714,32.7857142857143,2.50542137383102,23,"bootstrap",0.113025197135008
"566",2017,"Charter","SSEI","slope",123,79,1.55696202531646,1.39193900681301,0.712819723575211,0.0653365195837419,123.2,61.9333333333333,1.95660312910477,79,"bootstrap",0.0469392116062159
"567",2017,"Private","SSEI","slope",178,119,1.49579831932773,1.30092921823596,0.681266088072102,0.0517662282407395,139.8,73.8666666666667,1.82537497036798,119,"bootstrap",0.0397917331051522
"568",2017,"Charter","SSEO","slope",110,85,1.29411764705882,1.77381619348182,0.753594518338496,0.0693832742573923,67.6,45.1333333333333,1.45205046763777,85,"bootstrap",0.039115255860417
"569",2017,"Private","SSEO","slope",20,12,1.66666666666667,1.66720114035,0.520051175417665,0.116122650021924,14.2666666666667,9.93333333333333,1.40035264930002,12,"bootstrap",0.0696512539558041
"570",2017,"Charter","CSEO","yelloweye",299,145,2.06206896551724,3.05253387452174,1.54704111208297,0.089136316014093,408.5,194.083333333333,1.93135998351913,145,"bootstrap",0.0292007622775549
"571",2017,"Private","CSEO","yelloweye",73,37,1.97297297297297,2.81947413746575,1.60162995814774,0.188882470266664,77.4545454545455,42.4545454545455,1.76132411697525,37,"bootstrap",0.0669920918077433
"572",2017,"Charter","EWYKT","yelloweye",57,25,2.28,3.43277683933333,1.48220312812744,0.193912038944124,46.6,27.7,1.67233721671604,25,"bootstrap",0.0564883906003582
"573",2017,"Charter","NSEI","yelloweye",58,34,1.70588235294118,2.82116818417241,1.78214718639336,0.228635819844217,69.3636363636364,37.2727272727273,1.77849606656826,34,"bootstrap",0.0810429598373227
"574",2017,"Private","NSEI","yelloweye",77,61,1.26229508196721,2.97369782614286,1.60092227034357,0.181610950281571,51.1333333333333,36.2666666666667,1.31619841270077,61,"bootstrap",0.0610724293117355
"575",2017,"Charter","NSEO","yelloweye",203,103,1.97087378640777,3.18286567432512,1.71817354009453,0.12344800512324,236.5,108.5,2.18443244432585,103,"bootstrap",0.0387851759246532
"576",2017,"Private","NSEO","yelloweye",49,20,2.45,3.22286253910204,1.46591679132888,0.20598897927723,32.8181818181818,14.8181818181818,2.10132835001256,20,"bootstrap",0.0639149131488007
"577",2017,"Charter","SSEI","yelloweye",253,134,1.88805970149254,3.26359429788933,1.66199274600359,0.108134928937041,198.769230769231,90.3846153846154,1.94624385624861,134,"bootstrap",0.0331336922015629
"578",2017,"Private","SSEI","yelloweye",269,180,1.49444444444444,2.74931290699628,1.3756978240571,0.0824065676288488,193.066666666667,112,1.68733486463908,180,"bootstrap",0.0299735135346528
"579",2017,"Charter","SSEO","yelloweye",329,148,2.22297297297297,3.7535676026535,1.48016684619435,0.0825875815819843,215.909090909091,90.4545454545455,2.28082085070144,148,"bootstrap",0.0220024228479596
"580",2017,"Private","SSEO","yelloweye",53,33,1.60606060606061,3.31948818269811,1.82332079194255,0.251165367032051,59.9090909090909,30.1818181818182,1.91294947525243,33,"bootstrap",0.075663883468897
"581",2018,"Charter","CSEO","black",690,173,3.98843930635838,1.52116221345217,0.453021307656067,0.0169749701603199,706.933333333333,132.666666666667,5.0407650060787,173,"bootstrap",0.0111592110362749
"582",2018,"Private","CSEO","black",73,26,2.80769230769231,1.34962047486301,0.409201497084328,0.0472239400659193,121.6,45.5333333333333,2.70992033450121,26,"bootstrap",0.0349905332243218
"583",2018,"Charter","EWYKT","black",216,46,4.69565217391304,1.77506029608796,0.522710448087103,0.0346958848809642,313.133333333333,52.7333333333333,5.62761321744838,46,"bootstrap",0.0195463134167499
"584",2018,"Private","EWYKT","black",21,8,2.625,1.840255697,0.469060091318239,0.0973590008935574,100.8,23.7333333333333,3.44014884883052,8,"bootstrap",0.0529051484814164
"585",2018,"Charter","NSEI","black",144,46,3.1304347826087,0.980988566777778,0.533037015742876,0.0428445439550598,102.538461538462,28.7692307692308,3.82202686075684,46,"bootstrap",0.0436748657487314
"586",2018,"Private","NSEI","black",55,18,3.05555555555556,1.5394486524,0.425687194878659,0.0570356207280836,71.6428571428571,23.4285714285714,3.06100050634987,18,"bootstrap",0.0370493816985484
"587",2018,"Charter","NSEO","black",258,59,4.3728813559322,1.27046260862791,0.626939568738129,0.0402949656536829,223.333333333333,56.6666666666667,3.79560891322496,59,"bootstrap",0.0317167663023166
"588",2018,"Private","NSEO","black",64,17,3.76470588235294,1.66841883789063,0.451165738997509,0.0546963887553192,44.4666666666667,13.9333333333333,3.08990583064752,17,"bootstrap",0.0327833680087619
"589",2018,"Charter","SSEI","black",427,68,6.27941176470588,1.62242091749649,0.580908590191049,0.027499474264376,465.4,76,6.05731184009574,68,"bootstrap",0.0169496546597844
"590",2018,"Private","SSEI","black",114,51,2.23529411764706,1.34184461414035,0.678909011435233,0.0631811819293184,116.066666666667,37.5333333333333,2.99402189506678,51,"bootstrap",0.047085319167
"591",2018,"Charter","SSEO","black",219,93,2.35483870967742,1.38002309096347,0.434833829861096,0.0302162250527352,233.533333333333,65.0666666666667,3.69743634029823,93,"bootstrap",0.0218954488882063
"592",2018,"Private","SSEO","black",55,29,1.89655172413793,1.45508955041818,0.484157600677919,0.0635120012929781,71.8666666666667,23.0666666666667,3.01039291726778,29,"bootstrap",0.0436481735950376
"593",2018,"Charter","CSEO","dsr_less_ye",478,234,2.04273504273504,1.24244322790586,0.53812064367836,0.0243675263556206,504.833333333333,203.75,2.1368594499078,234,"bootstrap",0.0196125873668225
"594",2018,"Private","CSEO","dsr_less_ye",97,55,1.76363636363636,1.03513842108247,0.482403181392471,0.0493212801005334,89.5714285714286,43,1.8457825576957,55,"bootstrap",0.0476470384018369
"595",2018,"Charter","EWYKT","dsr_less_ye",172,99,1.73737373737374,1.33754954142442,0.331789647018248,0.0259317860544202,116.846153846154,59.6923076923077,1.78738671882022,99,"bootstrap",0.0193875331352619
"596",2018,"Private","EWYKT","dsr_less_ye",33,17,1.94117647058824,1.35846838636364,0.429137219479518,0.0742129239607062,15.6666666666667,8.2,1.60746812355171,17,"bootstrap",0.0546298498409375
"597",2018,"Charter","NSEI","dsr_less_ye",248,133,1.86466165413534,1.07008015915726,0.446008523685289,0.0289340461372736,119.357142857143,53,2.05748266588884,133,"bootstrap",0.0270391389744677
"598",2018,"Private","NSEI","dsr_less_ye",256,165,1.55151515151515,1.04199731969922,0.336624988891361,0.0212954139266837,148.266666666667,87.6666666666667,1.63882055567949,165,"bootstrap",0.0204371100808885
"599",2018,"Charter","NSEO","dsr_less_ye",196,98,2,1.22340109181122,0.346403195823615,0.0249037010899082,284.3,114.5,2.37538934192259,98,"bootstrap",0.0203561213543129
"600",2018,"Private","NSEO","dsr_less_ye",38,18,2.11111111111111,1.32097836881579,0.373247162608375,0.0606051456500797,29.4545454545455,13.8181818181818,2.09102558088626,18,"bootstrap",0.0458789841535483
"601",2018,"Charter","SSEI","dsr_less_ye",461,218,2.11467889908257,1.07205577203688,0.321491346197506,0.0151746022384648,418.357142857143,150.214285714286,2.49380438643985,218,"bootstrap",0.0141546761225244
"602",2018,"Private","SSEI","dsr_less_ye",628,332,1.89156626506024,0.958486495974522,0.350777730746871,0.0140864497148657,400.733333333333,172.6,2.12773973186714,332,"bootstrap",0.0146965552191151
"603",2018,"Charter","SSEO","dsr_less_ye",326,180,1.81111111111111,1.14745616191411,0.480043144584355,0.0263732663566061,195.5,86.3571428571429,1.9981238043644,180,"bootstrap",0.0229841167200775
"604",2018,"Private","SSEO","dsr_less_ye",38,28,1.35714285714286,1.25032563981579,0.524285059928602,0.0858147203892178,42.8571428571429,21,1.81864959497312,28,"bootstrap",0.0686338963678782
"605",2018,"Charter","CSEO","pelagic_less_blk",179,94,1.90425531914894,1.15884716253073,0.497368696706852,0.0359541540619503,92.7333333333333,47.6,1.84126155247548,94,"bootstrap",0.0310257946211238
"606",2018,"Private","CSEO","pelagic_less_blk",20,16,1.25,1.09215364275,0.478598783281668,0.105154312995987,21.6428571428571,12.7142857142857,1.63914561628847,16,"bootstrap",0.096281611743942
"607",2018,"Charter","EWYKT","pelagic_less_blk",28,16,1.75,1.04866064710714,0.410783555881759,0.0761369356886923,27.9333333333333,12.3333333333333,2.18863487779277,16,"bootstrap",0.0726039790839155
"608",2018,"Charter","NSEI","pelagic_less_blk",681,145,4.69655172413793,0.860653270395007,0.290693960141756,0.0109565960082162,274,62.6,4.02240094844948,145,"bootstrap",0.0127305575719099
"609",2018,"Private","NSEI","pelagic_less_blk",280,117,2.39316239316239,0.894246106442857,0.330700469164979,0.0192213303665279,232.533333333333,96.8666666666667,2.42527739995474,117,"bootstrap",0.0214944523974353
"610",2018,"Charter","NSEO","pelagic_less_blk",69,37,1.86486486486486,0.93954340915942,0.381214144168004,0.0462013708284688,58.5714285714286,29.1428571428571,2.12200803051883,37,"bootstrap",0.0491742801642382
"611",2018,"Private","NSEO","pelagic_less_blk",11,6,1.83333333333333,0.824795776,0.220749285859221,0.0633894603163776,14,6.91666666666667,1.88877314814815,6,"bootstrap",0.0768547344214062
"612",2018,"Charter","SSEI","pelagic_less_blk",128,55,2.32727272727273,0.976217004859375,0.317916739858179,0.0278223993510952,235.4,75.6666666666667,2.94853585603028,55,"bootstrap",0.0285002199435186
"613",2018,"Private","SSEI","pelagic_less_blk",147,67,2.19402985074627,0.884541215564626,0.391818615444453,0.0322899109885878,119.466666666667,50.6,2.34803341297204,67,"bootstrap",0.0365046991823624
"614",2018,"Charter","SSEO","pelagic_less_blk",33,25,1.32,1.16957298527273,0.415462806680496,0.0706483558179961,36.3333333333333,18.3333333333333,2.11712233157419,25,"bootstrap",0.0604052561982884
"615",2018,"Private","SSEO","pelagic_less_blk",13,10,1.3,1.09966833946154,0.389737017498691,0.10598747216063,8.61538461538461,5.30769230769231,1.66373626373626,10,"bootstrap",0.096381307306281
"616",2018,"Charter","CSEO","slope",303,152,1.99342105263158,3.75454169360726,3.07511755762391,0.178844587844373,231.133333333333,114.2,2.03106810312452,152,"bootstrap",0.0476341994414089
"617",2018,"Private","CSEO","slope",36,23,1.56521739130435,1.64854396036111,0.674226052896645,0.111615566702317,29.4666666666667,19.4666666666667,1.4739572262278,23,"bootstrap",0.0677055446418717
"618",2018,"Charter","NSEI","slope",76,55,1.38181818181818,1.33213220578947,0.886336773788629,0.104436693039164,74.2666666666667,40.2,2.06879845470816,55,"bootstrap",0.0783981444073494
"619",2018,"Private","NSEI","slope",111,80,1.3875,1.45415543520721,0.816873759753045,0.0770554475387567,107.933333333333,62.7333333333333,1.69758117461376,80,"bootstrap",0.0529898287852405
"620",2018,"Charter","NSEO","slope",51,34,1.5,3.73048033258824,2.96320148570591,0.41870773669567,82.9285714285714,32.7857142857143,2.50542137383102,34,"bootstrap",0.112239631191184
"621",2018,"Charter","SSEI","slope",97,60,1.61666666666667,1.30714180250515,0.697416284842864,0.0673661300344035,123.2,61.9333333333333,1.95660312910477,60,"bootstrap",0.051536971662367
"622",2018,"Private","SSEI","slope",155,96,1.61458333333333,1.27574165723871,1.44315095406457,0.117167431357959,139.8,73.8666666666667,1.82537497036798,96,"bootstrap",0.091842600492927
"623",2018,"Charter","SSEO","slope",108,81,1.33333333333333,1.54799360912963,0.452133166086696,0.042429812069329,67.6,45.1333333333333,1.45205046763777,81,"bootstrap",0.027409552480766
"624",2018,"Private","SSEO","slope",26,19,1.36842105263158,1.67664287919231,0.578105416200362,0.11041887162148,14.2666666666667,9.93333333333333,1.40035264930002,19,"bootstrap",0.0658571201964442
"625",2018,"Charter","CSEO","yelloweye",423,207,2.04347826086957,3.17236466210638,1.21203219493771,0.0611390158378739,408.5,194.083333333333,1.93135998351913,207,"bootstrap",0.0192723795496067
"626",2018,"Private","CSEO","yelloweye",58,32,1.8125,3.07225979132759,1.3604524015259,0.184825737918062,77.4545454545455,42.4545454545455,1.76132411697525,32,"bootstrap",0.0601595406872134
"627",2018,"Charter","EWYKT","yelloweye",40,25,1.6,2.874711676225,1.16829894580795,0.188202502840191,46.6,27.7,1.67233721671604,25,"bootstrap",0.0654683057075603
"628",2018,"Charter","NSEI","yelloweye",105,60,1.75,2.66078898109524,1.3842790068031,0.129987652302363,69.3636363636364,37.2727272727273,1.77849606656826,60,"bootstrap",0.048853048184549
"629",2018,"Private","NSEI","yelloweye",87,59,1.47457627118644,3.23082886262069,1.46373816294577,0.15695905136598,51.1333333333333,36.2666666666667,1.31619841270077,59,"bootstrap",0.0485816668230031
"630",2018,"Charter","NSEO","yelloweye",234,110,2.12727272727273,3.01883911970513,1.52633783822039,0.0979332337453031,236.5,108.5,2.18443244432585,110,"bootstrap",0.0324406932141746
"631",2018,"Private","NSEO","yelloweye",46,19,2.42105263157895,2.92084960943478,1.99856273398956,0.283445163852873,32.8181818181818,14.8181818181818,2.10132835001256,19,"bootstrap",0.0970420260383495
"632",2018,"Charter","SSEI","yelloweye",163,88,1.85227272727273,3.35418175744172,1.43053245598873,0.109809692274051,198.769230769231,90.3846153846154,1.94624385624861,88,"bootstrap",0.0327381460561649
"633",2018,"Private","SSEI","yelloweye",315,202,1.55940594059406,3.10433813418095,1.49614693322311,0.084529517280746,193.066666666667,112,1.68733486463908,202,"bootstrap",0.0272294813345287
"634",2018,"Charter","SSEO","yelloweye",307,137,2.24087591240876,3.57676330819544,1.47013851318289,0.0841098249192944,215.909090909091,90.4545454545455,2.28082085070144,137,"bootstrap",0.0235156250698987
"635",2018,"Private","SSEO","yelloweye",103,58,1.77586206896552,3.67649682291262,1.53182440311234,0.153467960603494,59.9090909090909,30.1818181818182,1.91294947525243,58,"bootstrap",0.0417429874131952
"636",2019,"Charter","CSEO","black",620,103,6.01941747572816,1.43920251094677,0.490979950343894,0.0193353470834659,706.933333333333,132.666666666667,5.0407650060787,103,"bootstrap",0.0134347646953077
"637",2019,"Private","CSEO","black",133,44,3.02272727272727,1.35051661606015,0.461446878827258,0.0390736616028757,121.6,45.5333333333333,2.70992033450121,44,"bootstrap",0.0289323812370891
"638",2019,"Charter","EWYKT","black",308,61,5.04918032786885,1.70464029538961,0.607627164449298,0.0325638552702437,313.133333333333,52.7333333333333,5.62761321744838,61,"bootstrap",0.0191030655313712
"639",2019,"Private","EWYKT","black",106,33,3.21212121212121,1.70661356817925,0.532849557085081,0.0537010837045169,100.8,23.7333333333333,3.44014884883052,33,"bootstrap",0.0314664577299767
"640",2019,"Charter","NSEI","black",100,32,3.125,1.56839017808,0.479234815773793,0.0479183590331556,102.538461538462,28.7692307692308,3.82202686075684,32,"bootstrap",0.0305525753112128
"641",2019,"Private","NSEI","black",87,25,3.48,1.41621160575862,0.599433936894738,0.0632177309940387,71.6428571428571,23.4285714285714,3.06100050634987,25,"bootstrap",0.0446386194951248
"642",2019,"Charter","NSEO","black",247,69,3.57971014492754,1.75532568741296,0.374511737113716,0.024678225034459,223.333333333333,56.6666666666667,3.79560891322496,69,"bootstrap",0.0140590576503386
"643",2019,"Private","NSEO","black",67,26,2.57692307692308,1.73109972437313,0.338864136791282,0.0416530655080113,44.4666666666667,13.9333333333333,3.08990583064752,26,"bootstrap",0.0240616210155626
"644",2019,"Charter","SSEI","black",926,112,8.26785714285714,1.43413851501728,0.585374478202924,0.0194785477625725,465.4,76,6.05731184009574,112,"bootstrap",0.0135820547029502
"645",2019,"Private","SSEI","black",128,43,2.97674418604651,1.35217191070312,0.601333542843394,0.0539573230548461,116.066666666667,37.5333333333333,2.99402189506678,43,"bootstrap",0.0399041886817398
"646",2019,"Charter","SSEO","black",217,62,3.5,1.34014373074654,0.562888463802068,0.0382836763860802,233.533333333333,65.0666666666667,3.69743634029823,62,"bootstrap",0.0285668436211344
"647",2019,"Private","SSEO","black",76,27,2.81481481481481,1.32518957593421,0.453516070622585,0.0522173054325552,71.8666666666667,23.0666666666667,3.01039291726778,27,"bootstrap",0.0394036493954036
"648",2019,"Charter","CSEO","dsr_less_ye",205,94,2.18085106382979,1.17613151209268,0.437214912475885,0.0297424198502017,504.833333333333,203.75,2.1368594499078,94,"bootstrap",0.0252883453460755
"649",2019,"Private","CSEO","dsr_less_ye",62,30,2.06666666666667,1.10375879830645,0.463671524801876,0.0579942079661639,89.5714285714286,43,1.8457825576957,30,"bootstrap",0.0525424649435612
"650",2019,"Charter","EWYKT","dsr_less_ye",205,93,2.20430107526882,1.55305296034634,0.406628301208693,0.0273208144011935,116.846153846154,59.6923076923077,1.78738671882022,93,"bootstrap",0.0175916823822291
"651",2019,"Private","EWYKT","dsr_less_ye",52,20,2.6,1.32994016326923,0.40465042126823,0.0559187282795789,15.6666666666667,8.2,1.60746812355171,20,"bootstrap",0.0420460482538708
"652",2019,"Charter","NSEI","dsr_less_ye",202,112,1.80357142857143,0.952339078549505,0.34874905268427,0.0243660751714779,119.357142857143,53,2.05748266588884,112,"bootstrap",0.0255855038612818
"653",2019,"Private","NSEI","dsr_less_ye",263,163,1.61349693251534,1.01046151336882,0.291000753826687,0.0180867227918423,148.266666666667,87.6666666666667,1.63882055567949,163,"bootstrap",0.0178994672756434
"654",2019,"Charter","NSEO","dsr_less_ye",161,87,1.85057471264368,1.31564751200621,0.394270959391383,0.0317687587182427,284.3,114.5,2.37538934192259,87,"bootstrap",0.0241468618519249
"655",2019,"Private","NSEO","dsr_less_ye",31,19,1.63157894736842,1.29181531870968,0.41452017203618,0.0730372475973693,29.4545454545455,13.8181818181818,2.09102558088626,19,"bootstrap",0.0565384591276732
"656",2019,"Charter","SSEI","dsr_less_ye",356,173,2.05780346820809,1.00027410701685,0.401243995446818,0.0215830834889351,418.357142857143,150.214285714286,2.49380438643985,173,"bootstrap",0.0215771690354986
"657",2019,"Private","SSEI","dsr_less_ye",332,180,1.84444444444444,0.931234524740964,0.37717500542472,0.0206750080391184,400.733333333333,172.6,2.12773973186714,180,"bootstrap",0.0222017198566273
"658",2019,"Charter","SSEO","dsr_less_ye",186,100,1.86,1.21132364919355,0.566653280335366,0.0399626082134193,195.5,86.3571428571429,1.9981238043644,100,"bootstrap",0.0329908594123667
"659",2019,"Private","SSEO","dsr_less_ye",42,25,1.68,1.15001278180952,0.327732603047425,0.052103975817146,42.8571428571429,21,1.81864959497312,25,"bootstrap",0.0453073014850856
"660",2019,"Charter","CSEO","pelagic_less_blk",95,41,2.31707317073171,1.26877309985263,0.456391403061381,0.0474396796846583,92.7333333333333,47.6,1.84126155247548,41,"bootstrap",0.0373901997844756
"661",2019,"Private","CSEO","pelagic_less_blk",18,11,1.63636363636364,1.13762199244444,0.61944727219042,0.141195171982547,21.6428571428571,12.7142857142857,1.63914561628847,11,"bootstrap",0.124114312944281
"662",2019,"Charter","EWYKT","pelagic_less_blk",98,36,2.72222222222222,1.17772589857143,0.369864079805716,0.0378519093169205,27.9333333333333,12.3333333333333,2.18863487779277,36,"bootstrap",0.0321398292784718
"663",2019,"Charter","NSEI","pelagic_less_blk",721,139,5.18705035971223,0.848452112022191,0.275003290135953,0.0101384559970869,274,62.6,4.02240094844948,139,"bootstrap",0.0119493556011346
"664",2019,"Private","NSEI","pelagic_less_blk",365,164,2.22560975609756,0.946944882673973,0.298863883465214,0.0154524509843504,232.533333333333,96.8666666666667,2.42527739995474,164,"bootstrap",0.0163182158403095
"665",2019,"Charter","NSEO","pelagic_less_blk",105,53,1.9811320754717,1.07400484915238,0.342238236131956,0.0331420999132964,58.5714285714286,29.1428571428571,2.12200803051883,53,"bootstrap",0.0308584267002636
"666",2019,"Private","NSEO","pelagic_less_blk",35,15,2.33333333333333,1.02462996497143,0.325034284697709,0.0538251801759743,14,6.91666666666667,1.88877314814815,15,"bootstrap",0.0525313352293725
"667",2019,"Charter","SSEI","pelagic_less_blk",207,86,2.40697674418605,1.03356614010628,0.418042388947337,0.0285150846360062,235.4,75.6666666666667,2.94853585603028,86,"bootstrap",0.0275890274744043
"668",2019,"Private","SSEI","pelagic_less_blk",95,44,2.15909090909091,0.825057782052632,0.290300692816468,0.0285880323981748,119.466666666667,50.6,2.34803341297204,44,"bootstrap",0.0346497336550801
"669",2019,"Charter","SSEO","pelagic_less_blk",49,28,1.75,1.3441257565102,0.469823558448911,0.0667226772611982,36.3333333333333,18.3333333333333,2.11712233157419,28,"bootstrap",0.0496402043767336
"670",2019,"Charter","CSEO","slope",119,60,1.98333333333333,3.44743636417647,2.44905367131085,0.215952034002626,231.133333333333,114.2,2.03106810312452,60,"bootstrap",0.0626413401699479
"671",2019,"Private","CSEO","slope",20,17,1.17647058823529,1.54788873915,0.830954785328037,0.17851462910289,29.4666666666667,19.4666666666667,1.4739572262278,17,"bootstrap",0.115327816908158
"672",2019,"Charter","NSEI","slope",166,96,1.72916666666667,1.0866516538253,0.561687258082993,0.0458959494009652,74.2666666666667,40.2,2.06879845470816,96,"bootstrap",0.0422361197715931
"673",2019,"Private","NSEI","slope",151,95,1.58947368421053,1.33854411878808,0.850757802318392,0.0732745306883704,107.933333333333,62.7333333333333,1.69758117461376,95,"bootstrap",0.0547419615535074
"674",2019,"Charter","NSEO","slope",60,34,1.76470588235294,3.78889972866667,3.14510263574871,0.413063330735104,82.9285714285714,32.7857142857143,2.50542137383102,34,"bootstrap",0.109019335510487
"675",2019,"Charter","SSEI","slope",83,49,1.69387755102041,1.29245030761446,0.658952464577804,0.0717492524436492,123.2,61.9333333333333,1.95660312910477,49,"bootstrap",0.0555141284898454
"676",2019,"Private","SSEI","slope",85,53,1.60377358490566,1.19850235030588,0.696827905948936,0.076242059306184,139.8,73.8666666666667,1.82537497036798,53,"bootstrap",0.0636144428809217
"677",2019,"Charter","SSEO","slope",36,30,1.2,1.74198804119444,0.826901959179231,0.135026965318404,67.6,45.1333333333333,1.45205046763777,30,"bootstrap",0.0775131413794428
"678",2019,"Private","SSEO","slope",21,15,1.4,1.50920924466667,0.46499390596298,0.100480559715292,14.2666666666667,9.93333333333333,1.40035264930002,15,"bootstrap",0.0665782826804009
"679",2019,"Charter","CSEO","yelloweye",336,144,2.33333333333333,3.04298744230952,1.29428699220498,0.0713592177110439,408.5,194.083333333333,1.93135998351913,144,"bootstrap",0.0234503819236548
"680",2019,"Private","CSEO","yelloweye",88,41,2.14634146341463,3.11897560655682,1.28194587625747,0.13229561324659,77.4545454545455,42.4545454545455,1.76132411697525,41,"bootstrap",0.0424163667610844
"681",2019,"Charter","EWYKT","yelloweye",54,30,1.8,2.94143474651852,1.86373089422875,0.25132595649755,46.6,27.7,1.67233721671604,30,"bootstrap",0.0854433221049759
"682",2019,"Charter","NSEI","yelloweye",55,34,1.61764705882353,2.55217289518182,1.79543138537326,0.238314575887173,69.3636363636364,37.2727272727273,1.77849606656826,34,"bootstrap",0.0933771283039173
"683",2019,"Private","NSEI","yelloweye",108,75,1.44,2.92749125561111,1.53441083967723,0.148009838481303,51.1333333333333,36.2666666666667,1.31619841270077,75,"bootstrap",0.0505585928557816
"684",2019,"Charter","NSEO","yelloweye",186,91,2.04395604395604,3.48984812358602,1.49007314046093,0.113690682266745,236.5,108.5,2.18443244432585,91,"bootstrap",0.0325775444204493
"685",2019,"Private","NSEO","yelloweye",28,15,1.86666666666667,3.73374102042857,1.55059960933984,0.296021218187327,32.8181818181818,14.8181818181818,2.10132835001256,15,"bootstrap",0.0792827399028731
"686",2019,"Charter","SSEI","yelloweye",155,74,2.09459459459459,3.419298363,1.69323538815915,0.134089328774569,198.769230769231,90.3846153846154,1.94624385624861,74,"bootstrap",0.039215451399486
"687",2019,"Private","SSEI","yelloweye",171,105,1.62857142857143,3.07814398947368,1.73473463004545,0.132333891722912,193.066666666667,112,1.68733486463908,105,"bootstrap",0.0429914559473026
"688",2019,"Charter","SSEO","yelloweye",247,104,2.375,3.81038233881781,1.26105919358478,0.0813429318152305,215.909090909091,90.4545454545455,2.28082085070144,104,"bootstrap",0.0213477085977854
"689",2019,"Private","SSEO","yelloweye",90,40,2.25,3.4276656848,1.42851707673123,0.15128199562447,59.9090909090909,30.1818181818182,1.91294947525243,40,"bootstrap",0.0441355749177437
"690",2020,"Charter","CSEO","black",246,53,4.64150943396226,1.22740909405285,0.474693963309686,0.0307528529669443,706.933333333333,132.666666666667,5.0407650060787,53,"bootstrap",0.0250550962315261
"691",2020,"Private","CSEO","black",52,22,2.36363636363636,1.40547324080769,0.611122539861144,0.0828601729587277,121.6,45.5333333333333,2.70992033450121,22,"bootstrap",0.0589553543624281
"692",2020,"Charter","EWYKT","black",198,27,7.33333333333333,1.47660423491919,0.539374285689277,0.0386839973065188,313.133333333333,52.7333333333333,5.62761321744838,27,"bootstrap",0.0261979455237278
"693",2020,"Private","EWYKT","black",16,4,4,1.3820865049375,0.629312673840875,0.15393074473103,100.8,23.7333333333333,3.44014884883052,4,"bootstrap",0.111375622423859
"694",2020,"Charter","SSEI","black",546,91,6,1.3769610341337,0.460934510943285,0.0193428125570143,465.4,76,6.05731184009574,91,"bootstrap",0.014047465452923
"695",2020,"Private","SSEI","black",197,43,4.58139534883721,1.40234152854822,0.528126278882841,0.036554807021968,116.066666666667,37.5333333333333,2.99402189506678,43,"bootstrap",0.0260669788905213
"696",2020,"Charter","SSEO","black",98,29,3.37931034482759,1.48375447885714,0.613279791111346,0.0635648769186875,233.533333333333,65.0666666666667,3.69743634029823,29,"bootstrap",0.0428405627915261
"697",2020,"Private","SSEO","black",36,12,3,1.12888696175,0.492839306953491,0.0785677956506725,71.8666666666667,23.0666666666667,3.01039291726778,12,"bootstrap",0.0695975755879728
"698",2020,"Private","NSEI","dsr_less_ye",18,15,1.2,0.975554883277778,0.372889009498346,0.0858834478440159,148.266666666667,87.6666666666667,1.63882055567949,15,"bootstrap",0.0880354855643336
"699",2020,"Private","SSEI","dsr_less_ye",18,11,1.63636363636364,0.687418793444444,0.281059053639098,0.0627557215547139,400.733333333333,172.6,2.12773973186714,11,"bootstrap",0.0912918328000086
"700",2020,"Charter","CSEO","pelagic_less_blk",21,13,1.61538461538462,1.03564442347619,0.366414952768664,0.0800592472611476,92.7333333333333,47.6,1.84126155247548,13,"bootstrap",0.0773037979506759
"701",2020,"Charter","EWYKT","pelagic_less_blk",15,5,3,0.937522458466667,0.304880344624312,0.0759511102567701,27.9333333333333,12.3333333333333,2.18863487779277,5,"bootstrap",0.0810125768944131
"702",2020,"Charter","NSEI","pelagic_less_blk",67,15,4.46666666666667,0.952060077850746,0.381630847870172,0.046739507946137,274,62.6,4.02240094844948,15,"bootstrap",0.0490930236793988
"703",2020,"Private","NSEI","pelagic_less_blk",150,59,2.54237288135593,1.06139356740667,0.326830518792802,0.026891741219332,232.533333333333,96.8666666666667,2.42527739995474,59,"bootstrap",0.0253362579585227
"704",2020,"Charter","SSEI","pelagic_less_blk",270,79,3.41772151898734,0.994774044637037,0.359951628884711,0.0227689250945745,235.4,75.6666666666667,2.94853585603028,79,"bootstrap",0.0228885395807469
"705",2020,"Private","SSEI","pelagic_less_blk",162,61,2.65573770491803,0.834260298135802,0.328172108058113,0.02510776252684,119.466666666667,50.6,2.34803341297204,61,"bootstrap",0.0300958376935168
"706",2020,"Charter","SSEO","pelagic_less_blk",16,9,1.77777777777778,1.2483677035,0.623119326253747,0.154433151357242,36.3333333333333,18.3333333333333,2.11712233157419,9,"bootstrap",0.123708063677283
"707",2020,"Charter","CSEO","slope",101,57,1.7719298245614,2.73498968622772,2.44824374242223,0.239880551616543,231.133333333333,114.2,2.03106810312452,57,"bootstrap",0.0877080278673379
"708",2020,"Private","CSEO","slope",11,9,1.22222222222222,1.41334396972727,1.34005377982719,0.378084596642917,29.4666666666667,19.4666666666667,1.4739572262278,9,"bootstrap",0.267510673085388
"709",2020,"Private","NSEI","slope",64,43,1.48837209302326,1.49535261326562,0.562094776397105,0.0690520040172168,107.933333333333,62.7333333333333,1.69758117461376,43,"bootstrap",0.0461777398886659
"710",2020,"Charter","SSEI","slope",66,35,1.88571428571429,1.55316606562121,0.609181404310238,0.0759236610208134,123.2,61.9333333333333,1.95660312910477,35,"bootstrap",0.0488831572497991
"711",2020,"Private","SSEI","slope",37,25,1.48,1.71850330464865,0.829938966695056,0.135728165847027,139.8,73.8666666666667,1.82537497036798,25,"bootstrap",0.0789804508841351
"712",2020,"Charter","SSEO","slope",29,21,1.38095238095238,1.62435297444828,0.742415334736503,0.138027316662126,67.6,45.1333333333333,1.45205046763777,21,"bootstrap",0.0849737211267201
"713",2021,"Charter","CSEO","black",295,72,4.09722222222222,1.31423790101356,0.487808178300554,0.0279010305836073,706.933333333333,132.666666666667,5.0407650060787,72,"bootstrap",0.0212298173428796
"714",2021,"Private","CSEO","black",21,8,2.625,1.38863418366667,0.58764355040345,0.120966676917396,121.6,45.5333333333333,2.70992033450121,8,"bootstrap",0.087111982651893
"715",2021,"Charter","EWYKT","black",316,36,8.77777777777778,1.53068220857278,0.508245470986669,0.0280874814242028,313.133333333333,52.7333333333333,5.62761321744838,36,"bootstrap",0.0183496491086753
"716",2021,"Private","EWYKT","black",80,10,8,1.3891843767125,0.489091761236549,0.0540211695929999,100.8,23.7333333333333,3.44014884883052,10,"bootstrap",0.0388869688563881
"717",2021,"Charter","SSEI","black",475,79,6.0126582278481,1.34230001416211,0.496761729486198,0.0223014724719472,465.4,76,6.05731184009574,79,"bootstrap",0.0166143725222772
"718",2021,"Private","SSEI","black",195,39,5,1.42679211637949,0.514805538262847,0.0372307371454101,116.066666666667,37.5333333333333,2.99402189506678,39,"bootstrap",0.0260940165830772
"719",2021,"Charter","SSEO","black",244,71,3.43661971830986,1.2035968664877,0.453111990570963,0.0303949456546801,233.533333333333,65.0666666666667,3.69743634029823,71,"bootstrap",0.0252534270410471
"720",2021,"Private","SSEO","black",30,13,2.30769230769231,1.1926762939,0.589098735277131,0.105062786463798,71.8666666666667,23.0666666666667,3.01039291726778,13,"bootstrap",0.0880899427624634
"721",2021,"Private","NSEI","dsr_less_ye",10,7,1.42857142857143,1.1156014049,0.311946038558181,0.0961976786740446,148.266666666667,87.6666666666667,1.63882055567949,7,"bootstrap",0.0862294348604442
"722",2021,"Private","SSEI","dsr_less_ye",34,20,1.7,0.865797996647059,0.318490403028579,0.0537832965140616,400.733333333333,172.6,2.12773973186714,20,"bootstrap",0.0621199133312227
"723",2021,"Charter","CSEO","pelagic_less_blk",14,8,1.75,0.857536184071429,0.419088883712324,0.107121490146634,92.7333333333333,47.6,1.84126155247548,8,"bootstrap",0.124917749403926
"724",2021,"Charter","EWYKT","pelagic_less_blk",15,6,2.5,0.787088348066667,0.182157738934561,0.046284456510366,27.9333333333333,12.3333333333333,2.18863487779277,6,"bootstrap",0.0588046521385496
"725",2021,"Charter","NSEI","pelagic_less_blk",304,53,5.73584905660377,0.855369160325658,0.30056712417848,0.0169775568180385,274,62.6,4.02240094844948,53,"bootstrap",0.0198482218035249
"726",2021,"Private","NSEI","pelagic_less_blk",212,72,2.94444444444444,1.0177565989434,0.268297021831773,0.0180564817706285,232.533333333333,96.8666666666667,2.42527739995474,72,"bootstrap",0.0177414538892444
"727",2021,"Charter","SSEI","pelagic_less_blk",563,114,4.93859649122807,0.806303603863233,0.347252798626173,0.0155453559917847,235.4,75.6666666666667,2.94853585603028,114,"bootstrap",0.0192797798711334
"728",2021,"Private","SSEI","pelagic_less_blk",159,65,2.44615384615385,0.843995656314465,0.370349043823493,0.029135016458054,119.466666666667,50.6,2.34803341297204,65,"bootstrap",0.0345203393407021
"729",2021,"Charter","SSEO","pelagic_less_blk",47,20,2.35,0.919397228340425,0.437448964437725,0.0641683382409409,36.3333333333333,18.3333333333333,2.11712233157419,20,"bootstrap",0.0697939217815232
"730",2021,"Charter","CSEO","slope",131,45,2.91111111111111,4.11837441096183,3.04438979678694,0.255719230497845,231.133333333333,114.2,2.03106810312452,45,"bootstrap",0.0620922735478347
"731",2021,"Charter","NSEI","slope",99,50,1.98,1.26393288565657,0.691632834480827,0.0700825788944856,74.2666666666667,40.2,2.06879845470816,50,"bootstrap",0.0554480223513453
"732",2021,"Private","NSEI","slope",62,37,1.67567567567568,1.5525786073871,0.895249304776315,0.109797530820883,107.933333333333,62.7333333333333,1.69758117461376,37,"bootstrap",0.0707194665046084
"733",2021,"Charter","SSEI","slope",87,49,1.77551020408163,1.5533833972069,1.81388770273249,0.194075196255484,123.2,61.9333333333333,1.95660312910477,49,"bootstrap",0.124937086751697
"734",2021,"Private","SSEI","slope",58,38,1.52631578947368,1.71974945412069,0.836798314703545,0.105441860290129,139.8,73.8666666666667,1.82537497036798,38,"bootstrap",0.0613123382813003
"735",2021,"Charter","SSEO","slope",67,44,1.52272727272727,1.56384707201493,0.675177329635558,0.0790464255655974,67.6,45.1333333333333,1.45205046763777,44,"bootstrap",0.0505461352200831
"736",2022,"Charter","CSEO","black",249,61,4.08196721311475,1.19869782714859,0.43959877483661,0.0277589887992575,706.933333333333,132.666666666667,5.0407650060787,61,"bootstrap",0.0231576200194584
"737",2022,"Private","CSEO","black",107,42,2.54761904761905,1.46392800670093,0.688301119009743,0.0641368122609913,121.6,45.5333333333333,2.70992033450121,42,"bootstrap",0.0438114524535452
"738",2022,"Charter","EWYKT","black",700,101,6.93069306930693,1.67879071884,0.562496008332652,0.0214891284536733,313.133333333333,52.7333333333333,5.62761321744838,101,"bootstrap",0.012800361720204
"739",2022,"Private","EWYKT","black",175,37,4.72972972972973,1.38489395418857,0.511829183271013,0.0385277179034219,100.8,23.7333333333333,3.44014884883052,37,"bootstrap",0.027819976964226
"740",2022,"Charter","NSEI","black",109,15,7.26666666666667,1.21919934137615,0.399820160405284,0.0382198895303256,102.538461538462,28.7692307692308,3.82202686075684,15,"bootstrap",0.03134835152321
"741",2022,"Private","NSEI","black",115,26,4.42307692307692,1.25872837589565,0.432441780720155,0.0391449552990836,71.6428571428571,23.4285714285714,3.06100050634987,26,"bootstrap",0.0310988105525387
"742",2022,"Charter","NSEO","black",169,52,3.25,1.47800713499408,0.527632471171885,0.0395505409362467,223.333333333333,56.6666666666667,3.79560891322496,52,"bootstrap",0.0267593707769246
"743",2022,"Private","NSEO","black",40,15,2.66666666666667,1.5326015225,0.42876637840754,0.066003354780118,44.4666666666667,13.9333333333333,3.08990583064752,15,"bootstrap",0.0430662202869618
"744",2022,"Charter","SSEI","black",594,112,5.30357142857143,1.496094168133,0.404669221609782,0.016367119598593,465.4,76,6.05731184009574,112,"bootstrap",0.0109398993373645
"745",2022,"Private","SSEI","black",135,33,4.09090909090909,1.3059653608,0.441914071451434,0.037563505478522,116.066666666667,37.5333333333333,2.99402189506678,33,"bootstrap",0.0287630182285321
"746",2022,"Charter","SSEO","black",113,37,3.05405405405405,1.10499381553097,0.332261258633591,0.031970266627674,233.533333333333,65.0666666666667,3.69743634029823,37,"bootstrap",0.0289325299185603
"747",2022,"Private","SSEO","black",34,12,2.83333333333333,0.949280366676471,0.373095673615842,0.0633990689090002,71.8666666666667,23.0666666666667,3.01039291726778,12,"bootstrap",0.0667864533330305
"748",2022,"Private","CSEO","dsr_less_ye",15,11,1.36363636363636,1.0241996952,0.396748259591856,0.104189681797492,89.5714285714286,43,1.8457825576957,11,"bootstrap",0.101727897680292
"749",2022,"Private","NSEI","dsr_less_ye",66,46,1.43478260869565,1.11017800127273,0.325826872874346,0.0395758829962544,148.266666666667,87.6666666666667,1.63882055567949,46,"bootstrap",0.0356482320410636
"750",2022,"Private","SSEI","dsr_less_ye",101,63,1.6031746031746,0.992272789722772,0.418848149697409,0.0419736222971679,400.733333333333,172.6,2.12773973186714,63,"bootstrap",0.0423004870554747
"751",2022,"Charter","CSEO","pelagic_less_blk",65,38,1.71052631578947,0.937077790261538,0.419069760824784,0.0522291083361053,92.7333333333333,47.6,1.84126155247548,38,"bootstrap",0.0557361500602081
"752",2022,"Charter","EWYKT","pelagic_less_blk",23,13,1.76923076923077,1.06234413695652,0.301549651015307,0.0607735598820317,27.9333333333333,12.3333333333333,2.18863487779277,13,"bootstrap",0.0572070365598666
"753",2022,"Charter","NSEI","pelagic_less_blk",454,91,4.98901098901099,0.942729495698238,0.279919968257268,0.0130220081254429,274,62.6,4.02240094844948,91,"bootstrap",0.0138130908016176
"754",2022,"Private","NSEI","pelagic_less_blk",279,95,2.93684210526316,0.973541629426523,0.308985720290774,0.0190743960621133,232.533333333333,96.8666666666667,2.42527739995474,95,"bootstrap",0.0195927893431217
"755",2022,"Charter","NSEO","pelagic_less_blk",73,34,2.14705882352941,0.881361678767123,0.330756549268417,0.0395409246371551,58.5714285714286,29.1428571428571,2.12200803051883,34,"bootstrap",0.044863448899283
"756",2022,"Charter","SSEI","pelagic_less_blk",222,86,2.58139534883721,0.906268750891892,0.371770650591178,0.0248254393559454,235.4,75.6666666666667,2.94853585603028,86,"bootstrap",0.0273930214757088
"757",2022,"Private","SSEI","pelagic_less_blk",68,38,1.78947368421053,0.824961442970588,0.342953997372907,0.0393036625117377,119.466666666667,50.6,2.34803341297204,38,"bootstrap",0.0476430296793143
"758",2022,"Charter","SSEO","pelagic_less_blk",16,8,2,0.8374647695625,0.338988323895799,0.0806200650279014,36.3333333333333,18.3333333333333,2.11712233157419,8,"bootstrap",0.0962668137908872
"759",2022,"Charter","CSEO","slope",236,121,1.9504132231405,3.37929455518644,3.27475970800245,0.21645480751668,231.133333333333,114.2,2.03106810312452,121,"bootstrap",0.0640532525300204
"760",2022,"Private","CSEO","slope",18,12,1.5,2.36385951594444,2.64172295259419,0.601558898481922,29.4666666666667,19.4666666666667,1.4739572262278,12,"bootstrap",0.254481662054937
"761",2022,"Charter","NSEI","slope",81,51,1.58823529411765,1.35052334569136,0.729216430448267,0.0812416560325639,74.2666666666667,40.2,2.06879845470816,51,"bootstrap",0.0601556843069416
"762",2022,"Private","NSEI","slope",89,56,1.58928571428571,1.80845576049438,1.29956487277703,0.133966828642215,107.933333333333,62.7333333333333,1.69758117461376,56,"bootstrap",0.0740780236756206
"763",2022,"Charter","NSEO","slope",168,65,2.58461538461538,5.55739627909524,2.98158937615372,0.240966974933755,82.9285714285714,32.7857142857143,2.50542137383102,65,"bootstrap",0.0433596891119999
"764",2022,"Charter","SSEI","slope",91,59,1.54237288135593,1.90206287706593,1.55580504843766,0.165685537410373,123.2,61.9333333333333,1.95660312910477,59,"bootstrap",0.0871083387453284
"765",2022,"Private","SSEI","slope",69,43,1.6046511627907,1.58218089863768,0.865810434084754,0.0993951240576464,139.8,73.8666666666667,1.82537497036798,43,"bootstrap",0.0628215927415313
"766",2022,"Charter","SSEO","slope",99,55,1.8,1.44997269787879,0.456915430062769,0.0455824332838143,67.6,45.1333333333333,1.45205046763777,55,"bootstrap",0.0314367528095517
"767",2022,"Private","SSEO","slope",14,8,1.75,1.310652674,0.476261270281516,0.123529744967281,14.2666666666667,9.93333333333333,1.40035264930002,8,"bootstrap",0.0942505573122424
"768",2022,"Private","SSEI","yelloweye",12,6,2,2.32366724591667,1.61669331886835,0.468521961350374,193.066666666667,112,1.68733486463908,6,"bootstrap",0.201630402190201
"769",2023,"Charter","CSEO","black",606,81,7.48148148148148,1.25626527828878,0.36557143714978,0.0150431640356727,706.933333333333,132.666666666667,5.0407650060787,81,"bootstrap",0.0119745123069578
"770",2023,"Private","CSEO","black",58,20,2.9,1.198637873,0.402818163354445,0.0506885073936657,121.6,45.5333333333333,2.70992033450121,20,"bootstrap",0.0422884246655751
"771",2023,"Charter","EWYKT","black",847,118,7.17796610169492,1.6746502533353,0.51474691526906,0.0177746561589941,313.133333333333,52.7333333333333,5.62761321744838,118,"bootstrap",0.0106139512555493
"772",2023,"Private","EWYKT","black",318,78,4.07692307692308,1.54363723799057,0.466011125318019,0.0260493799759938,100.8,23.7333333333333,3.44014884883052,78,"bootstrap",0.0168753249370322
"773",2023,"Charter","NSEI","black",58,15,3.86666666666667,1.444817404,0.430666599075852,0.0567617834062419,102.538461538462,28.7692307692308,3.82202686075684,15,"bootstrap",0.0392864754045016
"774",2023,"Private","NSEI","black",88,25,3.52,1.219861785,0.354167629292736,0.0361038645347846,71.6428571428571,23.4285714285714,3.06100050634987,25,"bootstrap",0.0295966846234015
"775",2023,"Charter","NSEO","black",187,41,4.5609756097561,1.5383688198877,0.430769792998137,0.0304590720563417,223.333333333333,56.6666666666667,3.79560891322496,41,"bootstrap",0.0197995900999639
"776",2023,"Private","NSEO","black",54,15,3.6,1.31485612512963,0.317110580385373,0.0443574132483667,44.4666666666667,13.9333333333333,3.08990583064752,15,"bootstrap",0.0337355642192362
"777",2023,"Charter","SSEI","black",463,67,6.91044776119403,1.44636752507775,0.367050798118643,0.0171127189117966,465.4,76,6.05731184009574,67,"bootstrap",0.0118315148916778
"778",2023,"Private","SSEI","black",109,39,2.79487179487179,1.44652714763303,0.436474158156204,0.0421871406354016,116.066666666667,37.5333333333333,2.99402189506678,39,"bootstrap",0.0291644306188328
"779",2023,"Charter","SSEO","black",192,63,3.04761904761905,1.21508314514062,0.354217340513718,0.0252926448935669,233.533333333333,65.0666666666667,3.69743634029823,63,"bootstrap",0.0208155672265866
"780",2023,"Private","SSEO","black",23,12,1.91666666666667,1.49191386421739,0.468780268212259,0.0948766506117011,71.8666666666667,23.0666666666667,3.01039291726778,12,"bootstrap",0.063593919788037
"781",2023,"Private","EWYKT","dsr_less_ye",13,8,1.625,1.29117925515385,0.361819658953425,0.0980443014133232,15.6666666666667,8.2,1.60746812355171,8,"bootstrap",0.0759339193392176
"782",2023,"Private","NSEI","dsr_less_ye",74,51,1.45098039215686,0.998156553324324,0.297348828650444,0.0343498289240882,148.266666666667,87.6666666666667,1.63882055567949,51,"bootstrap",0.0344132679484869
"783",2023,"Charter","SSEI","dsr_less_ye",10,6,1.66666666666667,1.1898511247,0.398000198818646,0.116837952570538,418.357142857143,150.214285714286,2.49380438643985,6,"bootstrap",0.0981954381897963
"784",2023,"Private","SSEI","dsr_less_ye",95,59,1.61016949152542,1.1605423966,0.404310077014182,0.0410530659555819,400.733333333333,172.6,2.12773973186714,59,"bootstrap",0.0353740337930381
"785",2023,"Charter","CSEO","pelagic_less_blk",45,23,1.95652173913043,0.997884187688889,0.473306580099333,0.0702905556279599,92.7333333333333,47.6,1.84126155247548,23,"bootstrap",0.0704395925851412
"786",2023,"Charter","EWYKT","pelagic_less_blk",55,19,2.89473684210526,1.17446535574545,0.322102246932106,0.0429001433255706,27.9333333333333,12.3333333333333,2.18863487779277,19,"bootstrap",0.0365273808339294
"787",2023,"Charter","NSEI","pelagic_less_blk",379,77,4.92207792207792,0.943827542585752,0.299954008100145,0.0155791484780595,274,62.6,4.02240094844948,77,"bootstrap",0.0165063507633801
"788",2023,"Private","NSEI","pelagic_less_blk",321,109,2.94495412844037,0.969535520520249,0.328248245504167,0.0185091873687134,232.533333333333,96.8666666666667,2.42527739995474,109,"bootstrap",0.0190907779828236
"789",2023,"Charter","NSEO","pelagic_less_blk",17,8,2.125,0.897632433647059,0.403903593855897,0.0954743376842691,58.5714285714286,29.1428571428571,2.12200803051883,8,"bootstrap",0.106362397464137
"790",2023,"Private","NSEO","pelagic_less_blk",20,5,4,0.98871522525,0.33638153126134,0.0769898265817902,14,6.91666666666667,1.88877314814815,5,"bootstrap",0.0778685556928923
"791",2023,"Charter","SSEI","pelagic_less_blk",328,85,3.85882352941176,0.883435748408537,0.328680832440009,0.0184963359154275,235.4,75.6666666666667,2.94853585603028,85,"bootstrap",0.0209368207577605
"792",2023,"Private","SSEI","pelagic_less_blk",94,38,2.47368421052632,0.934548529361702,0.336975665078193,0.034550847800635,119.466666666667,50.6,2.34803341297204,38,"bootstrap",0.0369706298978752
"793",2023,"Charter","SSEO","pelagic_less_blk",37,21,1.76190476190476,0.903628574648649,0.307203388678068,0.0533483838174758,36.3333333333333,18.3333333333333,2.11712233157419,21,"bootstrap",0.0590379557643126
"794",2023,"Charter","CSEO","slope",275,121,2.27272727272727,3.47700718180727,3.00403061296786,0.175097415076037,231.133333333333,114.2,2.03106810312452,121,"bootstrap",0.0503586578688126
"795",2023,"Private","CSEO","slope",19,9,2.11111111111111,3.27955578736842,2.90592344215923,0.650699029476191,29.4666666666667,19.4666666666667,1.4739572262278,9,"bootstrap",0.198410721349041
"796",2023,"Charter","NSEI","slope",62,39,1.58974358974359,1.18415800925806,1.45988844607604,0.184833553822999,74.2666666666667,40.2,2.06879845470816,39,"bootstrap",0.156088589848585
"797",2023,"Private","NSEI","slope",98,59,1.66101694915254,1.48060985588776,1.22437380702187,0.12600751392942,107.933333333333,62.7333333333333,1.69758117461376,59,"bootstrap",0.0851051432815618
"798",2023,"Charter","NSEO","slope",154,48,3.20833333333333,5.0525564073961,2.69499622066412,0.212036120063356,82.9285714285714,32.7857142857143,2.50542137383102,48,"bootstrap",0.0419661064551343
"799",2023,"Charter","SSEI","slope",48,25,1.92,1.475935273125,1.00878804102978,0.145360422939324,123.2,61.9333333333333,1.95660312910477,25,"bootstrap",0.0984869903078825
"800",2023,"Private","SSEI","slope",59,29,2.03448275862069,1.93720861374576,1.36327898128909,0.178119222475835,139.8,73.8666666666667,1.82537497036798,29,"bootstrap",0.0919463299987219
"801",2023,"Charter","SSEO","slope",73,49,1.48979591836735,1.93636815708219,0.881999717142609,0.101861619436685,67.6,45.1333333333333,1.45205046763777,49,"bootstrap",0.0526044693846724
"802",2024,"Charter","CSEO","black",1992,279,7.13978494623656,1.27793136736094,0.350673703608981,0.0080956932671845,706.933333333333,132.666666666667,5.0407650060787,279,"bootstrap",0.00633499847797219
"803",2024,"Private","CSEO","black",90,23,3.91304347826087,1.22281297877778,0.313289210968302,0.0331416511513401,121.6,45.5333333333333,2.70992033450121,23,"bootstrap",0.0271027963609494
"804",2024,"Charter","EWYKT","black",584,74,7.89189189189189,1.70992924298801,0.471605704541731,0.0191149650979381,313.133333333333,52.7333333333333,5.62761321744838,74,"bootstrap",0.0111788047232502
"805",2024,"Private","EWYKT","black",352,67,5.25373134328358,1.56316712915909,0.435281006241346,0.0235952132474533,100.8,23.7333333333333,3.44014884883052,67,"bootstrap",0.0150944916940176
"806",2024,"Charter","NSEI","black",48,10,4.8,1.55709289739583,0.513912345792486,0.0742337317034618,102.538461538462,28.7692307692308,3.82202686075684,10,"bootstrap",0.0476745683109944
"807",2024,"Private","NSEI","black",114,29,3.93103448275862,1.37201725638596,0.442114188674537,0.0414355892272509,71.6428571428571,23.4285714285714,3.06100050634987,29,"bootstrap",0.0302004869358542
"808",2024,"Charter","NSEO","black",150,28,5.35714285714286,1.71277461495333,0.467764612691849,0.039175572962517,223.333333333333,56.6666666666667,3.79560891322496,28,"bootstrap",0.0228725791592751
"809",2024,"Private","NSEO","black",26,9,2.88888888888889,1.5121703725,0.349378557413187,0.065937321374033,44.4666666666667,13.9333333333333,3.08990583064752,9,"bootstrap",0.0436044261765438
"810",2024,"Charter","SSEI","black",400,67,5.97014925373134,1.4190403573025,0.45902085012676,0.022856706774478,465.4,76,6.05731184009574,67,"bootstrap",0.0161071576695162
"811",2024,"Private","SSEI","black",201,50,4.02,1.25522232072139,0.542855472613609,0.039537049217307,116.066666666667,37.5333333333333,2.99402189506678,50,"bootstrap",0.031498045059129
"812",2024,"Charter","SSEO","black",321,57,5.63157894736842,1.28108994870717,0.486838308731424,0.0283513925829932,233.533333333333,65.0666666666667,3.69743634029823,57,"bootstrap",0.0221306806845253
"813",2024,"Private","SSEO","black",146,27,5.40740740740741,1.0465959479863,0.363964532707102,0.0298038835318209,71.8666666666667,23.0666666666667,3.01039291726778,27,"bootstrap",0.0284769720245573
"814",2024,"Charter","EWYKT","dsr_less_ye",11,8,1.375,1.51942920572727,0.32802690853277,0.0945670236721907,116.846153846154,59.6923076923077,1.78738671882022,8,"bootstrap",0.0622385191200312
"815",2024,"Private","EWYKT","dsr_less_ye",16,9,1.77777777777778,1.329833188875,0.445704963641848,0.11196904763132,15.6666666666667,8.2,1.60746812355171,9,"bootstrap",0.08419781410783
"816",2024,"Private","NSEI","dsr_less_ye",93,66,1.40909090909091,0.951092715763441,0.258201462622086,0.0268672999046405,148.266666666667,87.6666666666667,1.63882055567949,66,"bootstrap",0.0282488756977538
"817",2024,"Private","SSEI","dsr_less_ye",164,91,1.8021978021978,1.02698419706098,0.427438984246431,0.0318954562543093,400.733333333333,172.6,2.12773973186714,91,"bootstrap",0.0310573973246987
"818",2024,"Private","SSEO","dsr_less_ye",13,8,1.625,0.985936054923077,0.322393302797833,0.0820629807698693,42.8571428571429,21,1.81864959497312,8,"bootstrap",0.0832335731715094
"819",2024,"Charter","CSEO","pelagic_less_blk",14,9,1.55555555555556,0.892911618428571,0.45814672489618,0.117417169610603,92.7333333333333,47.6,1.84126155247548,9,"bootstrap",0.131499206850108
"820",2024,"Charter","EWYKT","pelagic_less_blk",60,24,2.5,1.02952550648333,0.242871648465519,0.0309253782284344,27.9333333333333,12.3333333333333,2.18863487779277,24,"bootstrap",0.0300384769815658
"821",2024,"Charter","NSEI","pelagic_less_blk",364,76,4.78947368421053,1.04680597950549,0.294488199748207,0.015205641224249,274,62.6,4.02240094844948,76,"bootstrap",0.0145257493002018
"822",2024,"Private","NSEI","pelagic_less_blk",322,130,2.47692307692308,0.995107495279503,0.314628007197197,0.0173011544798215,232.533333333333,96.8666666666667,2.42527739995474,130,"bootstrap",0.0173862166267394
"823",2024,"Charter","NSEO","pelagic_less_blk",12,6,2,1.0146504345,0.313222058120607,0.0835729471869024,58.5714285714286,29.1428571428571,2.12200803051883,6,"bootstrap",0.0823662458963865
"824",2024,"Charter","SSEI","pelagic_less_blk",373,92,4.05434782608696,0.928682550018767,0.412848501739592,0.0214681937034015,235.4,75.6666666666667,2.94853585603028,92,"bootstrap",0.0231168268456941
"825",2024,"Private","SSEI","pelagic_less_blk",195,69,2.82608695652174,0.83377862085641,0.317554378681322,0.0221725919701242,119.466666666667,50.6,2.34803341297204,69,"bootstrap",0.0265929005799522
"826",2024,"Charter","SSEO","pelagic_less_blk",94,41,2.29268292682927,0.852710804648936,0.374510842730474,0.0398267668219078,36.3333333333333,18.3333333333333,2.11712233157419,41,"bootstrap",0.0467060656494257
"827",2024,"Private","SSEO","pelagic_less_blk",13,6,2.16666666666667,0.752371329538462,0.145412001633865,0.0389815761833173,8.61538461538461,5.30769230769231,1.66373626373626,6,"bootstrap",0.0518116183497188
"828",2024,"Charter","CSEO","slope",234,90,2.6,2.97171323244444,2.66916575912097,0.169536016960109,231.133333333333,114.2,2.03106810312452,90,"bootstrap",0.0570499249756522
"829",2024,"Charter","NSEI","slope",77,44,1.75,1.20130484172727,0.87885047802722,0.0997357417929206,74.2666666666667,40.2,2.06879845470816,44,"bootstrap",0.0830228417705513
"830",2024,"Private","NSEI","slope",108,60,1.8,1.57793604880556,0.748064012052653,0.0697104495111067,107.933333333333,62.7333333333333,1.69758117461376,60,"bootstrap",0.0441782476316928
"831",2024,"Charter","NSEO","slope",121,43,2.81395348837209,5.00734822498347,2.48642082387149,0.229839102088926,82.9285714285714,32.7857142857143,2.50542137383102,43,"bootstrap",0.0459003631786931
"832",2024,"Charter","SSEI","slope",123,59,2.08474576271186,1.31470506213821,0.920478027513643,0.0823540712337714,123.2,61.9333333333333,1.95660312910477,59,"bootstrap",0.0626407196606
"833",2024,"Private","SSEI","slope",73,46,1.58695652173913,1.63788535009589,1.69797755423216,0.190674213977168,139.8,73.8666666666667,1.82537497036798,46,"bootstrap",0.116414872363322
"834",2024,"Charter","SSEO","slope",115,69,1.66666666666667,1.83132198697391,0.814368534380645,0.074832560374093,67.6,45.1333333333333,1.45205046763777,69,"bootstrap",0.0408625904709126
"835",2024,"Private","SSEO","slope",20,12,1.66666666666667,1.66393397005,0.44651641940372,0.0939340950060218,14.2666666666667,9.93333333333333,1.40035264930002,12,"bootstrap",0.0564530183870212
"836",2025,"Private","CSEO","black",187,NA,NA,1.287365666,0.130755694,NA,NA,NA,NA,NA,"4-stage",0.101568418
"837",2025,"Private","CSEO","dsr_less_ye",45,NA,NA,0.942810089,0.138738332,NA,NA,NA,NA,NA,"4-stage",0.14715406
"838",2025,"Private","CSEO","pelagic_less_blk",16,NA,NA,0.827441635,0.163778068,NA,NA,NA,NA,NA,"4-stage",0.197933076
"839",2025,"Private","CSEO","slope",53,NA,NA,1.602700825,0.294795368,NA,NA,NA,NA,NA,"4-stage",0.183936617
"840",2025,"Private","CSEO","yelloweye",69,NA,NA,3.49106248,0.596409521,NA,NA,NA,NA,NA,"4-stage",0.170838971
"841",2025,"Private","EWYKT","black",423,NA,NA,1.766827184,0.200846865,NA,NA,NA,NA,NA,"4-stage",0.113676576
"842",2025,"Private","EWYKT","dsr_less_ye",28,NA,NA,1.527209239,0.299900726,NA,NA,NA,NA,NA,"4-stage",0.196371734
"843",2025,"Private","EWYKT","pelagic_less_blk",4,NA,NA,1.059429213,0.200182852,NA,NA,NA,NA,NA,"4-stage",0.188953495
"844",2025,"Private","EWYKT","yelloweye",6,NA,NA,4.044359402,2.149880448,NA,NA,NA,NA,NA,"4-stage",0.531575024
"845",2025,"Private","NSEI","black",288,NA,NA,1.458328563,0.157942298,NA,NA,NA,NA,NA,"4-stage",0.108303644
"846",2025,"Private","NSEI","dsr_less_ye",124,NA,NA,1.158905027,0.113552541,NA,NA,NA,NA,NA,"4-stage",0.097982611
"847",2025,"Private","NSEI","pelagic_less_blk",338,NA,NA,1.03505784,0.098655921,NA,NA,NA,NA,NA,"4-stage",0.095314404
"848",2025,"Private","NSEI","slope",88,NA,NA,1.781257278,0.242759725,NA,NA,NA,NA,NA,"4-stage",0.136285605
"849",2025,"Private","NSEI","yelloweye",130,NA,NA,3.461915375,0.543884084,NA,NA,NA,NA,NA,"4-stage",0.157104962
"850",2025,"Private","NSEO","black",142,NA,NA,1.785529311,0.466054219,NA,NA,NA,NA,NA,"4-stage",0.2610174
"851",2025,"Private","NSEO","dsr_less_ye",5,NA,NA,1.374169783,0.61775793,NA,NA,NA,NA,NA,"4-stage",0.44954993
"852",2025,"Private","NSEO","pelagic_less_blk",36,NA,NA,1.086047358,0.344374626,NA,NA,NA,NA,NA,"4-stage",0.31708988
"853",2025,"Private","NSEO","slope",18,NA,NA,6.426648192,1.039102103,NA,NA,NA,NA,NA,"4-stage",0.161686477
"854",2025,"Private","NSEO","yelloweye",28,NA,NA,3.781420575,0.932867528,NA,NA,NA,NA,NA,"4-stage",0.246697639
"855",2025,"Private","SSEI","black",270,NA,NA,1.379317509,0.229224273,NA,NA,NA,NA,NA,"4-stage",0.166186735
"856",2025,"Private","SSEI","dsr_less_ye",289,NA,NA,0.984383085,0.08563367,NA,NA,NA,NA,NA,"4-stage",0.08699222
"857",2025,"Private","SSEI","pelagic_less_blk",165,NA,NA,0.861850272,0.174439274,NA,NA,NA,NA,NA,"4-stage",0.202400904
"858",2025,"Private","SSEI","slope",93,NA,NA,1.573353395,0.286876694,NA,NA,NA,NA,NA,"4-stage",0.182334557
"859",2025,"Private","SSEI","yelloweye",409,NA,NA,3.057119641,0.206073975,NA,NA,NA,NA,NA,"4-stage",0.067407887
"860",2025,"Private","SSEO","black",129,NA,NA,1.094220783,0.153352052,NA,NA,NA,NA,NA,"4-stage",0.140147267
"861",2025,"Private","SSEO","dsr_less_ye",10,NA,NA,1.210098565,0.170756786,NA,NA,NA,NA,NA,"4-stage",0.141109816
"862",2025,"Private","SSEO","pelagic_less_blk",11,NA,NA,0.937207135,0.266132166,NA,NA,NA,NA,NA,"4-stage",0.283963017
"863",2025,"Private","SSEO","slope",31,NA,NA,2.450020024,0.679105664,NA,NA,NA,NA,NA,"4-stage",0.27718372
"864",2025,"Private","SSEO","yelloweye",82,NA,NA,3.642122193,0.641075502,NA,NA,NA,NA,NA,"4-stage",0.176017022
"865",2025,"Charter","CSEO","black",1336,NA,NA,1.254830681,0.089091678,NA,NA,NA,NA,NA,"4-stage",0.070998964
"866",2025,"Charter","CSEO","dsr_less_ye",65,NA,NA,1.194027237,0.201810687,NA,NA,NA,NA,NA,"4-stage",0.16901682
"867",2025,"Charter","CSEO","pelagic_less_blk",17,NA,NA,0.957906996,0.146378786,NA,NA,NA,NA,NA,"4-stage",0.152811063
"868",2025,"Charter","CSEO","slope",625,NA,NA,3.148595347,0.344815629,NA,NA,NA,NA,NA,"4-stage",0.109514114
"869",2025,"Charter","CSEO","yelloweye",515,NA,NA,3.343403099,0.313613542,NA,NA,NA,NA,NA,"4-stage",0.093800697
"870",2025,"Charter","EWYKT","black",705,NA,NA,1.852867773,0.134525646,NA,NA,NA,NA,NA,"4-stage",0.072604018
"871",2025,"Charter","EWYKT","dsr_less_ye",45,NA,NA,1.477691947,0.346436746,NA,NA,NA,NA,NA,"4-stage",0.234444498
"872",2025,"Charter","EWYKT","pelagic_less_blk",42,NA,NA,1.389353255,0.350535203,NA,NA,NA,NA,NA,"4-stage",0.252300991
"873",2025,"Charter","EWYKT","slope",5,NA,NA,2.108803741,0.856097338,NA,NA,NA,NA,NA,"4-stage",0.405963495
"874",2025,"Charter","EWYKT","yelloweye",93,NA,NA,3.787614436,0.58697286,NA,NA,NA,NA,NA,"4-stage",0.15497165
"875",2025,"Charter","NSEI","black",117,NA,NA,1.689728842,0.422187767,NA,NA,NA,NA,NA,"4-stage",0.249855336
"876",2025,"Charter","NSEI","dsr_less_ye",38,NA,NA,1.051224069,0.147432713,NA,NA,NA,NA,NA,"4-stage",0.140248609
"877",2025,"Charter","NSEI","pelagic_less_blk",323,NA,NA,1.077563411,0.158198497,NA,NA,NA,NA,NA,"4-stage",0.146811311
"878",2025,"Charter","NSEI","slope",90,NA,NA,1.306926873,0.172249773,NA,NA,NA,NA,NA,"4-stage",0.13179756
"879",2025,"Charter","NSEI","yelloweye",65,NA,NA,3.805909737,1.180186764,NA,NA,NA,NA,NA,"4-stage",0.310093209
"880",2025,"Charter","NSEO","black",497,NA,NA,1.673387445,0.16819513,NA,NA,NA,NA,NA,"4-stage",0.100511768
"881",2025,"Charter","NSEO","dsr_less_ye",26,NA,NA,1.601212902,0.219156736,NA,NA,NA,NA,NA,"4-stage",0.136869204
"882",2025,"Charter","NSEO","pelagic_less_blk",103,NA,NA,0.92042014,0.119882358,NA,NA,NA,NA,NA,"4-stage",0.13024743
"883",2025,"Charter","NSEO","slope",174,NA,NA,5.657029345,0.776295042,NA,NA,NA,NA,NA,"4-stage",0.137226625
"884",2025,"Charter","NSEO","yelloweye",195,NA,NA,3.676732977,0.52156558,NA,NA,NA,NA,NA,"4-stage",0.141855714
"885",2025,"Charter","SSEI","black",708,NA,NA,1.385380559,0.230856572,NA,NA,NA,NA,NA,"4-stage",0.166637658
"886",2025,"Charter","SSEI","dsr_less_ye",236,NA,NA,0.954500137,0.110200731,NA,NA,NA,NA,NA,"4-stage",0.115453866
"887",2025,"Charter","SSEI","pelagic_less_blk",700,NA,NA,0.818423303,0.084553719,NA,NA,NA,NA,NA,"4-stage",0.103312942
"888",2025,"Charter","SSEI","slope",159,NA,NA,1.08636467,0.135316751,NA,NA,NA,NA,NA,"4-stage",0.124559234
"889",2025,"Charter","SSEI","yelloweye",348,NA,NA,3.03996196,0.375788415,NA,NA,NA,NA,NA,"4-stage",0.123616157
"890",2025,"Charter","SSEO","black",452,NA,NA,1.333072367,0.09997658,NA,NA,NA,NA,NA,"4-stage",0.074997114
"891",2025,"Charter","SSEO","dsr_less_ye",46,NA,NA,1.184592425,0.24514389,NA,NA,NA,NA,NA,"4-stage",0.206943658
"892",2025,"Charter","SSEO","pelagic_less_blk",115,NA,NA,1.001452555,0.164819686,NA,NA,NA,NA,NA,"4-stage",0.164580624
"893",2025,"Charter","SSEO","slope",198,NA,NA,2.08134848,0.245268601,NA,NA,NA,NA,NA,"4-stage",0.117841199
"894",2025,"Charter","SSEO","yelloweye",472,NA,NA,3.85305384,0.427238862,NA,NA,NA,NA,NA,"4-stage",0.11088318
"895",2007,"Charter","NG","black",515,39,13.2051282051282,2.38660776801232,0.556667386187088,0.0247597448248725,598.466666666667,31.1333333333333,18.9690112441394,27.1495437148372,"bootstrap",0.01037445078187
"896",2007,"Charter","PWSI","black",198,17,11.6470588235294,2.4241027202822,0.56027308024735,0.0401137616637473,274.333333333333,13.9333333333333,20.0994261294261,9.85102752312527,"bootstrap",0.0165478803056157
"897",2007,"Charter","PWSO","black",431,25,17.24,2.493264790765,0.646657525697292,0.0315575388227011,560.533333333333,25.1333333333333,22.8432426087252,18.8677241398021,"bootstrap",0.0126571148558266
"898",2008,"Charter","NG","black",546,38,14.3684210526316,2.49551404595841,0.577837015016305,0.0248119821204234,598.466666666667,31.1333333333333,18.9690112441394,28.7837880937886,"bootstrap",0.00994263372735066
"899",2008,"Charter","NORTHEAST","black",105,11,9.54545454545454,2.48267370153482,0.474443400523938,0.048493312186159,172.857142857143,7.57142857142857,22.9164192949907,4.58186764033209,"bootstrap",0.0195326966069604
"900",2008,"Charter","PWSI","black",108,14,7.71428571428571,2.49420363796837,0.623810273890826,0.0596240082219576,274.333333333333,13.9333333333333,20.0994261294261,5.37328773988651,"bootstrap",0.0239050281678379
"901",2008,"Charter","PWSO","black",342,25,13.68,2.55056969713831,0.653527268621423,0.0354246072891762,560.533333333333,25.1333333333333,22.8432426087252,14.9716047698662,"bootstrap",0.0138888999304437
"902",2009,"Charter","CI","black",23,5,4.6,2.16162565383065,0.568932018832654,0.119500815279857,79.1428571428571,10.4285714285714,7.40763502370645,3.10490459186957,"bootstrap",0.0552828446813109
"903",2009,"Charter","NG","black",628,40,15.7,2.28930342972336,0.625922870830302,0.0252807082850984,598.466666666667,31.1333333333333,18.9690112441394,33.106628063918,"bootstrap",0.0110429696460785
"904",2009,"Charter","PWSI","black",180,21,8.57142857142857,2.38619062038096,0.589672966063686,0.0447035865681516,274.333333333333,13.9333333333333,20.0994261294261,8.95547956647752,"bootstrap",0.0187342897865446
"905",2009,"Charter","PWSO","black",635,34,18.6764705882353,2.40414502607347,0.672754871029324,0.0270997742015656,560.533333333333,25.1333333333333,22.8432426087252,27.7981550551609,"bootstrap",0.0112721045975441
"906",2010,"Charter","CI","black",84,12,7,2.49047951836291,0.514463206366492,0.0560012418808672,79.1428571428571,10.4285714285714,7.40763502370645,11.3396515529149,"bootstrap",0.0224861282608255
"907",2010,"Charter","NG","black",693,39,17.7692307692308,2.44654674958011,0.534947005262716,0.0199252447559255,598.466666666667,31.1333333333333,18.9690112441394,36.5332695036547,"bootstrap",0.00814423217514449
"908",2010,"Charter","PWSI","black",187,21,8.90476190476191,2.51183905717783,0.598600676783747,0.0428501184758816,274.333333333333,13.9333333333333,20.0994261294261,9.30374821628498,"bootstrap",0.0170592611630244
"909",2010,"Charter","PWSO","black",418,28,14.9285714285714,2.50369509230344,0.777963457180488,0.0381817495032029,560.533333333333,25.1333333333333,22.8432426087252,18.2986280520587,"bootstrap",0.0152501595024796
"910",2011,"Charter","CI","black",30,6,5,2.60969269683789,0.511487982642996,0.0898019565874028,79.1428571428571,10.4285714285714,7.40763502370645,6,"bootstrap",0.0344109314848503
"911",2011,"Charter","NG","black",556,33,16.8484848484848,2.32318258425256,0.563884151478894,0.0231680581210127,598.466666666667,31.1333333333333,18.9690112441394,33,"bootstrap",0.00997255156699902
"912",2011,"Charter","NORTHEAST","black",119,9,13.2222222222222,2.35239879236676,0.46829824395231,0.0418415374298806,172.857142857143,7.57142857142857,22.9164192949907,9,"bootstrap",0.0177867534899487
"913",2011,"Charter","PWSI","black",205,15,13.6666666666667,2.44101645572118,0.638404017900954,0.0433840196227373,274.333333333333,13.9333333333333,20.0994261294261,15,"bootstrap",0.0177729320591245
"914",2011,"Charter","PWSO","black",504,26,19.3846153846154,2.48505363306442,0.576645900533849,0.0261079758925332,560.533333333333,25.1333333333333,22.8432426087252,26,"bootstrap",0.010506000975254
"915",2012,"Charter","CI","black",40,9,4.44444444444444,2.50865003813665,0.429774550470536,0.0685561040314532,79.1428571428571,10.4285714285714,7.40763502370645,9,"bootstrap",0.027327886707695
"916",2012,"Charter","NG","black",574,31,18.5161290322581,2.3061897314186,0.578393513978616,0.0237384649519415,598.466666666667,31.1333333333333,18.9690112441394,31,"bootstrap",0.0102933703279215
"917",2012,"Charter","NORTHEAST","black",108,7,15.4285714285714,2.20277777777778,0.471517402050165,0.0460678451650947,172.857142857143,7.57142857142857,22.9164192949907,7,"bootstrap",0.0209135236562851
"918",2012,"Charter","PWSI","black",278,20,13.9,2.51210869424899,0.577667678115708,0.0340264173670137,274.333333333333,13.9333333333333,20.0994261294261,20,"bootstrap",0.0135449622243301
"919",2012,"Charter","PWSO","black",486,33,14.7272727272727,2.42084913439584,0.632875901172628,0.0287106999821151,560.533333333333,25.1333333333333,22.8432426087252,33,"bootstrap",0.0118597642348664
"920",2013,"Charter","CI","black",26,7,3.71428571428571,2.39346558875622,0.499901923005447,0.0980021631476072,79.1428571428571,10.4285714285714,7.40763502370645,7,"bootstrap",0.0409457163737769
"921",2013,"Charter","NG","black",772,35,22.0571428571429,2.1778021586562,0.608652691180385,0.021314008387656,598.466666666667,31.1333333333333,18.9690112441394,35,"bootstrap",0.00978693510011381
"922",2013,"Charter","NORTHEAST","black",244,7,34.8571428571429,2.24344262295082,0.584714443325476,0.0372020495950552,172.857142857143,7.57142857142857,22.9164192949907,7,"bootstrap",0.0165825723441605
"923",2013,"Charter","PWSI","black",311,16,19.4375,2.54687046154488,0.478987003007358,0.0292458644433661,274.333333333333,13.9333333333333,20.0994261294261,16,"bootstrap",0.0114830592623176
"924",2013,"Charter","PWSO","black",482,29,16.6206896551724,2.5984189241853,0.685818526730097,0.0306755577450513,560.533333333333,25.1333333333333,22.8432426087252,29,"bootstrap",0.0118054704187737
"925",2014,"Charter","CI","black",90,10,9,2.43407329422629,0.50528507651981,0.0527910617316866,79.1428571428571,10.4285714285714,7.40763502370645,10,"bootstrap",0.0216883615858688
"926",2014,"Charter","NG","black",612,32,19.125,2.18362434071288,0.700339342519987,0.0291021299278901,598.466666666667,31.1333333333333,18.9690112441394,32,"bootstrap",0.0133274434550355
"927",2014,"Charter","NORTHEAST","black",250,9,27.7777777777778,2.29982527606162,0.546079718944872,0.0351293115991662,172.857142857143,7.57142857142857,22.9164192949907,9,"bootstrap",0.0152747741164599
"928",2014,"Charter","PWSI","black",407,17,23.9411764705882,2.49342411562251,0.624766707031581,0.0304242062107153,274.333333333333,13.9333333333333,20.0994261294261,17,"bootstrap",0.0122017774754375
"929",2014,"Charter","PWSO","black",776,32,24.25,2.54410993388932,0.647111444429409,0.0236654660753602,560.533333333333,25.1333333333333,22.8432426087252,32,"bootstrap",0.00930206110990711
"930",2015,"Charter","CI","black",37,7,5.28571428571429,1.90263253069037,0.595564824675729,0.0936010353761622,79.1428571428571,10.4285714285714,7.40763502370645,7,"bootstrap",0.0491955403191803
"931",2015,"Charter","NG","black",455,19,23.9473684210526,2.12467498098994,0.684315542196104,0.0327254424507431,598.466666666667,31.1333333333333,18.9690112441394,19,"bootstrap",0.0154025640361687
"932",2015,"Charter","NORTHEAST","black",72,4,18,2.41962534286272,0.447536510133784,0.0505863915700848,172.857142857143,7.57142857142857,22.9164192949907,4,"bootstrap",0.0209067043041609
"933",2015,"Charter","PWSI","black",303,12,25.25,1.94185459058275,0.600258524538506,0.0348460182034501,274.333333333333,13.9333333333333,20.0994261294261,12,"bootstrap",0.0179447103673158
"934",2015,"Charter","PWSO","black",808,26,31.0769230769231,2.36118652073853,0.665713426018737,0.0228145300915678,560.533333333333,25.1333333333333,22.8432426087252,26,"bootstrap",0.00966231591243876
"935",2016,"Charter","CI","black",35,9,3.88888888888889,1.86362987345421,0.591103854885699,0.0964686022247598,79.1428571428571,10.4285714285714,7.40763502370645,9,"bootstrap",0.0517638204875718
"936",2016,"Charter","NG","black",1001,47,21.2978723404255,1.88058894303718,0.560444266233671,0.0177308651437059,598.466666666667,31.1333333333333,18.9690112441394,47,"bootstrap",0.00942835764793463
"937",2016,"Charter","NORTHEAST","black",174,6,29,2.18364210451847,0.547797224810816,0.0400832281093931,172.857142857143,7.57142857142857,22.9164192949907,6,"bootstrap",0.01835613447206
"938",2016,"Charter","PWSI","black",388,17,22.8235294117647,2.20928065086577,0.605534730805337,0.0308920018131641,274.333333333333,13.9333333333333,20.0994261294261,17,"bootstrap",0.0139828327383658
"939",2016,"Charter","PWSO","black",738,27,27.3333333333333,2.36143078761441,0.630794423265558,0.0227314440704095,560.533333333333,25.1333333333333,22.8432426087252,27,"bootstrap",0.00962613183059814
"940",2017,"Charter","CI","black",45,11,4.09090909090909,2.38096019688648,0.939548408167252,0.136824220846654,79.1428571428571,10.4285714285714,7.40763502370645,11,"bootstrap",0.0574659841124499
"941",2017,"Charter","EASTSIDE","black",108,4,27,2.28148148148148,0.480682565344139,0.0452000391301216,108,4,27,4,"bootstrap",0.019811705462878
"942",2017,"Charter","NG","black",394,29,13.5862068965517,1.84884576897751,0.552143875119207,0.0280788607552101,598.466666666667,31.1333333333333,18.9690112441394,29,"bootstrap",0.0151872380197181
"943",2017,"Charter","NORTHEAST","black",149,11,13.5454545454545,1.91651768065734,0.524761784231406,0.0441139713124848,172.857142857143,7.57142857142857,22.9164192949907,11,"bootstrap",0.0230177742463374
"944",2017,"Charter","PWSI","black",258,13,19.8461538461538,1.99510139103334,0.578762806604794,0.0364435232683044,274.333333333333,13.9333333333333,20.0994261294261,13,"bootstrap",0.0182665018590503
"945",2017,"Charter","PWSO","black",572,24,23.8333333333333,2.32472428161805,0.568807419765717,0.0241527108421048,560.533333333333,25.1333333333333,22.8432426087252,24,"bootstrap",0.0103894948029252
"946",2018,"Charter","CI","black",137,21,6.52380952380952,1.23174747737366,0.717141779750048,0.0615634894893715,79.1428571428571,10.4285714285714,7.40763502370645,21,"bootstrap",0.0499806093539867
"947",2018,"Charter","NG","black",698,38,18.3684210526316,1.76699207595151,0.760416262641409,0.0280755843227571,598.466666666667,31.1333333333333,18.9690112441394,38,"bootstrap",0.0158889135411876
"948",2018,"Charter","NORTHEAST","black",250,11,22.7272727272727,2.08409023450552,0.575806133722983,0.0353796480079089,172.857142857143,7.57142857142857,22.9164192949907,11,"bootstrap",0.016976063426689
"949",2018,"Charter","PWSI","black",267,7,38.1428571428571,1.97449659215549,0.648520971560998,0.0384746862524165,274.333333333333,13.9333333333333,20.0994261294261,7,"bootstrap",0.0194858205404219
"950",2018,"Charter","PWSO","black",564,24,23.5,2.30543550366798,0.688350944112178,0.0288861068347293,560.533333333333,25.1333333333333,22.8432426087252,24,"bootstrap",0.0125295662310965
"951",2019,"Charter","CI","black",215,22,9.77272727272727,0.993545987535378,0.340208306982,0.0228306873038765,79.1428571428571,10.4285714285714,7.40763502370645,22,"bootstrap",0.0229789940176911
"952",2019,"Charter","NG","black",680,37,18.3783783783784,1.907264376561,0.799684236374502,0.0306873137519705,598.466666666667,31.1333333333333,18.9690112441394,37,"bootstrap",0.0160897011075638
"953",2019,"Charter","NORTHEAST","black",172,7,24.5714285714286,2.24747881632945,0.631006349948611,0.0484718735251989,172.857142857143,7.57142857142857,22.9164192949907,7,"bootstrap",0.0215672215342
"954",2019,"Charter","PWSI","black",156,13,12,2.10241869221291,0.753747113129954,0.0576349962286561,274.333333333333,13.9333333333333,20.0994261294261,13,"bootstrap",0.027413662389004
"955",2019,"Charter","PWSO","black",798,34,23.4705882352941,2.35727329113346,0.675410014807126,0.024747962449305,560.533333333333,25.1333333333333,22.8432426087252,34,"bootstrap",0.0104985546403936
"956",2020,"Charter","NG","black",153,12,12.75,1.92091503267974,0.597544712571814,0.0467455399223309,598.466666666667,31.1333333333333,18.9690112441394,12,"bootstrap",0.0243350377955652
"957",2020,"Charter","PWSI","black",78,5,15.6,2.00512820512821,0.726653499286495,0.0854141918476175,274.333333333333,13.9333333333333,20.0994261294261,5,"bootstrap",0.0425978706145406
"958",2020,"Charter","PWSO","black",289,24,12.0416666666667,2.29204152249135,0.77152377974651,0.0456814280239674,560.533333333333,25.1333333333333,22.8432426087252,24,"bootstrap",0.0199304539536935
"959",2021,"Charter","CI","black",80,6,13.3333333333333,1.50882437581861,0.31081361297907,0.0348791081280534,79.1428571428571,10.4285714285714,7.40763502370645,6,"bootstrap",0.0231167448558284
"960",2021,"Charter","NG","black",600,30,20,1.51791802308743,0.560343758083362,0.0234111187960423,598.466666666667,31.1333333333333,18.9690112441394,30,"bootstrap",0.0154231772994067
"961",2021,"Charter","NORTHEAST","black",299,9,33.2222222222222,1.77439198706826,0.520035136614121,0.0305657222629026,172.857142857143,7.57142857142857,22.9164192949907,9,"bootstrap",0.0172260258644454
"962",2021,"Charter","PWSI","black",225,16,14.0625,1.90726390430935,0.636811139973889,0.0423303477471903,274.333333333333,13.9333333333333,20.0994261294261,16,"bootstrap",0.0221942792770038
"963",2021,"Charter","PWSO","black",678,17,39.8823529411765,1.78761242181221,0.670547959921777,0.0244048957365924,560.533333333333,25.1333333333333,22.8432426087252,17,"bootstrap",0.0136522298898839
"964",2022,"Charter","CI","black",128,12,10.6666666666667,1.84445564194634,0.388761620950269,0.0339790491501992,79.1428571428571,10.4285714285714,7.40763502370645,12,"bootstrap",0.0184222642049246
"965",2022,"Charter","NG","black",655,28,23.3928571428571,1.5978372058433,0.553991796862433,0.0212256782556781,598.466666666667,31.1333333333333,18.9690112441394,28,"bootstrap",0.0132840055157407
"966",2022,"Charter","NORTHEAST","black",115,6,19.1666666666667,1.72173913043478,0.512609869899649,0.047535778915678,172.857142857143,7.57142857142857,22.9164192949907,6,"bootstrap",0.0276091645217322
"967",2022,"Charter","PWSI","black",615,17,36.1764705882353,1.86312348783979,0.563718714824322,0.022197054564719,274.333333333333,13.9333333333333,20.0994261294261,17,"bootstrap",0.0119138933675596
"968",2022,"Charter","PWSO","black",518,19,27.2631578947368,2.1765795433474,0.673990157228284,0.0294116647936193,560.533333333333,25.1333333333333,22.8432426087252,19,"bootstrap",0.0135127911513799
"969",2023,"Charter","CI","black",78,9,8.66666666666667,1.97539739857782,0.397544469166786,0.0434786853101719,79.1428571428571,10.4285714285714,7.40763502370645,9,"bootstrap",0.0220100954579945
"970",2023,"Charter","NG","black",447,26,17.1923076923077,1.74696389748165,0.556788146864352,0.0258894934212545,598.466666666667,31.1333333333333,18.9690112441394,26,"bootstrap",0.0148197071837464
"971",2023,"Charter","NORTHEAST","black",198,6,33,1.9459595959596,0.532553315539601,0.0371696412566024,172.857142857143,7.57142857142857,22.9164192949907,6,"bootstrap",0.0191009316605431
"972",2023,"Charter","PWSI","black",158,14,11.2857142857143,1.93801102959253,0.628377769445444,0.0503252686774349,274.333333333333,13.9333333333333,20.0994261294261,14,"bootstrap",0.0259674831097405
"973",2023,"Charter","PWSO","black",438,17,25.7647058823529,2.16065544732848,0.662953375816056,0.0312129890475967,560.533333333333,25.1333333333333,22.8432426087252,17,"bootstrap",0.0144460742624141
"974",2024,"Charter","CI","black",112,9,12.4444444444444,2.19962883128829,0.600980677376234,0.0563002403464875,79.1428571428571,10.4285714285714,7.40763502370645,9,"bootstrap",0.0255953366066371
"975",2024,"Charter","NG","black",549,30,18.3,1.80729224214841,0.530071798170546,0.0217091123699136,598.466666666667,31.1333333333333,18.9690112441394,30,"bootstrap",0.0120119546045896
"976",2024,"Charter","NORTHEAST","black",71,5,14.2,1.94458126775061,0.387334060738228,0.0463833851492074,172.857142857143,7.57142857142857,22.9164192949907,5,"bootstrap",0.0238526339415278
"977",2024,"Charter","PWSI","black",273,17,16.0588235294118,1.85793902114827,0.505278137062886,0.0308907738371019,274.333333333333,13.9333333333333,20.0994261294261,17,"bootstrap",0.0166263658201281
"978",2024,"Charter","PWSO","black",435,25,17.4,1.9255503377372,0.501892248297605,0.0228453601724745,560.533333333333,25.1333333333333,22.8432426087252,25,"bootstrap",0.0118643276806365
"979",2025,"Charter","AFOGNAK","black",66,6,11,2.1313335125566,0.426107813313116,0.0528092317914106,66,6,11,6,"bootstrap",0.0247775542777743
"980",2025,"Charter","CI","black",55,8,6.875,2.20569705102128,0.546279864181902,0.0744457944348143,79.1428571428571,10.4285714285714,7.40763502370645,8,"bootstrap",0.0337515953971759
"981",2025,"Charter","NG","black",831,40,20.775,1.98762761181307,0.496231281479963,0.0168198190942277,598.466666666667,31.1333333333333,18.9690112441394,40,"bootstrap",0.00846225872203749
"982",2025,"Charter","NORTHEAST","black",199,9,22.1111111111111,1.99447236180905,1.06368883484015,0.0751837681233915,172.857142857143,7.57142857142857,22.9164192949907,9,"bootstrap",0.0376960691775129
"983",2025,"Charter","PWSI","black",193,10,19.3,1.85773778363876,0.473467584386485,0.0344394629543707,274.333333333333,13.9333333333333,20.0994261294261,10,"bootstrap",0.0185383875257755
"984",2025,"Charter","PWSO","black",322,20,16.1,2.04298598352623,0.494845916707786,0.0276117450383052,560.533333333333,25.1333333333333,22.8432426087252,20,"bootstrap",0.0135153864299386
"985",2007,"Charter","NG","yelloweye",55,24,2.29166666666667,5.21678975343294,2.29167792081294,0.305283875046012,75,19.4666666666667,3.86235552226731,14.2400148517953,"bootstrap",0.0585194898539122
"986",2007,"Charter","PWSI","yelloweye",76,17,4.47058823529412,3.44707939849579,1.28812780316825,0.143645237651752,64.1333333333333,11.7333333333333,5.9424406960852,12.7893577549824,"bootstrap",0.0416715778912533
"987",2007,"Charter","PWSO","yelloweye",167,22,7.59090909090909,4.35993622673254,1.29422730146492,0.0977556584764528,137.2,18.4,7.15231956703353,23.3490685692704,"bootstrap",0.0224213505411096
"988",2008,"Charter","NG","yelloweye",102,22,4.63636363636364,4.72789413933466,1.80980463812704,0.174892116967395,75,19.4666666666667,3.86235552226731,26.4087548160567,"bootstrap",0.0369915467252841
"989",2008,"Charter","PWSI","yelloweye",97,17,5.70588235294118,3.45821982026182,1.46516594553162,0.147735602039699,64.1333333333333,11.7333333333333,5.9424406960852,16.3232592399117,"bootstrap",0.0427201305059069
"990",2008,"Charter","PWSO","yelloweye",181,23,7.8695652173913,4.55330365637522,1.60162871690707,0.111711411769845,137.2,18.4,7.15231956703353,25.3064755151972,"bootstrap",0.0245341449199055
"991",2009,"Charter","NG","yelloweye",101,28,3.60714285714286,4.29643648979633,2.14614481102326,0.208015950326019,75,19.4666666666667,3.86235552226731,26.149845455115,"bootstrap",0.0484159258073613
"992",2009,"Charter","NORTHEAST","yelloweye",16,4,4,3.55625,2.51792738841559,0.609144272109854,17.3333333333333,5,3.46666666666667,4.61538461538461,"bootstrap",0.171288371770785
"993",2009,"Charter","PWSI","yelloweye",72,19,3.78947368421053,3.38309436305209,1.34118878725521,0.159558663652138,64.1333333333333,11.7333333333333,5.9424406960852,12.1162336626149,"bootstrap",0.0471635273892244
"994",2009,"Charter","PWSO","yelloweye",265,30,8.83333333333333,4.54336962326472,1.50106082338718,0.0947803697415238,137.2,18.4,7.15231956703353,37.0509171907584,"bootstrap",0.0208612500414214
"995",2010,"Charter","NG","yelloweye",205,36,5.69444444444444,4.6495258478035,1.90745122513415,0.132553707190881,75,19.4666666666667,3.86235552226731,53.0764189930551,"bootstrap",0.0285090806094779
"996",2010,"Charter","PWSI","yelloweye",99,22,4.5,3.36102150773931,1.73644623368202,0.175075685821292,64.1333333333333,11.7333333333333,5.9424406960852,16.6598212860954,"bootstrap",0.0520900224583958
"997",2010,"Charter","PWSO","yelloweye",258,26,9.92307692307692,4.39568067193338,1.65882789264538,0.104411153263753,137.2,18.4,7.15231956703353,36.072213717795,"bootstrap",0.0237531251827329
"998",2011,"Charter","NG","yelloweye",98,19,5.15789473684211,4.93682382374004,1.73461621633944,0.177528802588559,75,19.4666666666667,3.86235552226731,19,"bootstrap",0.0359601251587841
"999",2011,"Charter","PWSI","yelloweye",77,16,4.8125,3.13997306838572,1.50711392938275,0.169035981838596,64.1333333333333,11.7333333333333,5.9424406960852,16,"bootstrap",0.0538335769629701
"1000",2011,"Charter","PWSO","yelloweye",156,19,8.21052631578947,4.06490232769547,1.19591216786519,0.0967744458470949,137.2,18.4,7.15231956703353,19,"bootstrap",0.023807323779403
"1001",2012,"Charter","NG","yelloweye",104,25,4.16,3.52895667134475,1.75175643490202,0.16311214613716,75,19.4666666666667,3.86235552226731,25,"bootstrap",0.0462210679608611
"1002",2012,"Charter","PWSI","yelloweye",91,23,3.95652173913043,3.32517089416834,1.52998725391845,0.161123280712768,64.1333333333333,11.7333333333333,5.9424406960852,23,"bootstrap",0.0484556390756772
"1003",2012,"Charter","PWSO","yelloweye",241,28,8.60714285714286,4.47893728289805,1.66669169083322,0.11197864183647,137.2,18.4,7.15231956703353,28,"bootstrap",0.0250011631696739
"1004",2013,"Charter","NG","yelloweye",128,27,4.74074074074074,4.38575571207958,1.66123719658931,0.14799423104516,75,19.4666666666667,3.86235552226731,27,"bootstrap",0.033744294201691
"1005",2013,"Charter","NORTHEAST","yelloweye",19,5,3.8,4.04736842105263,1.67011923095749,0.361177879976792,17.3333333333333,5,3.46666666666667,5,"bootstrap",0.0892377076665676
"1006",2013,"Charter","PWSI","yelloweye",75,16,4.6875,3.36771627993849,1.70697115417071,0.199271538460634,64.1333333333333,11.7333333333333,5.9424406960852,16,"bootstrap",0.0591711183176849
"1007",2013,"Charter","PWSO","yelloweye",221,23,9.60869565217391,4.19899980806836,1.42183483341125,0.0918671488831266,137.2,18.4,7.15231956703353,23,"bootstrap",0.0218783408150208
"1008",2014,"Charter","NG","yelloweye",74,21,3.52380952380952,3.87462305584292,2.12597513235389,0.250131678567736,75,19.4666666666667,3.86235552226731,21,"bootstrap",0.0645563903798431
"1009",2014,"Charter","NORTHEAST","yelloweye",12,5,2.4,4.08333333333333,1.62471442712157,0.449120389962687,17.3333333333333,5,3.46666666666667,5,"bootstrap",0.109988666929638
"1010",2014,"Charter","PWSI","yelloweye",66,16,4.125,3.72469941050485,1.73634564082198,0.21137526192098,64.1333333333333,11.7333333333333,5.9424406960852,16,"bootstrap",0.0567496161770353
"1011",2014,"Charter","PWSO","yelloweye",164,26,6.30769230769231,3.80919080006376,1.63232018869356,0.129007919632815,137.2,18.4,7.15231956703353,26,"bootstrap",0.0338675394340067
"1012",2015,"Charter","NG","yelloweye",47,11,4.27272727272727,4.64469524286684,2.20256348095455,0.309954909275789,75,19.4666666666667,3.86235552226731,11,"bootstrap",0.0667330993894178
"1013",2015,"Charter","PWSI","yelloweye",75,9,8.33333333333333,3.530929700272,1.34250668006033,0.15000511276286,64.1333333333333,11.7333333333333,5.9424406960852,9,"bootstrap",0.042483177377138
"1014",2015,"Charter","PWSO","yelloweye",209,23,9.08695652173913,3.92601440215263,1.56936285805438,0.105756280890123,137.2,18.4,7.15231956703353,23,"bootstrap",0.0269373135340861
"1015",2016,"Charter","NG","yelloweye",74,22,3.36363636363636,3.69507382536005,2.16349119448643,0.247457520183432,75,19.4666666666667,3.86235552226731,22,"bootstrap",0.0669695740542666
"1016",2016,"Charter","PWSI","yelloweye",80,17,4.70588235294118,3.44312450764514,1.64189400691705,0.18221315405682,64.1333333333333,11.7333333333333,5.9424406960852,17,"bootstrap",0.0529208727863987
"1017",2016,"Charter","PWSO","yelloweye",208,26,8,4.03755425399465,1.53935813178203,0.104110873602531,137.2,18.4,7.15231956703353,26,"bootstrap",0.0257856283911297
"1018",2017,"Charter","NG","yelloweye",47,17,2.76470588235294,3.76478542625719,1.64711003065449,0.234748650603071,75,19.4666666666667,3.86235552226731,17,"bootstrap",0.0623537928525317
"1019",2017,"Charter","PWSI","yelloweye",114,8,14.25,3.45376453758913,1.30843517808409,0.125357400805089,64.1333333333333,11.7333333333333,5.9424406960852,8,"bootstrap",0.0362958735144677
"1020",2017,"Charter","PWSO","yelloweye",105,18,5.83333333333333,3.95878847192945,1.83610947923624,0.176080007472556,137.2,18.4,7.15231956703353,18,"bootstrap",0.0444782560930156
"1021",2018,"Charter","NG","yelloweye",91,23,3.95652173913043,3.80051964062392,1.70865544326519,0.178014067589166,75,19.4666666666667,3.86235552226731,23,"bootstrap",0.0468394020876424
"1022",2018,"Charter","PWSI","yelloweye",66,11,6,2.91141797809292,1.41819343128182,0.174486132418143,64.1333333333333,11.7333333333333,5.9424406960852,11,"bootstrap",0.059931666882279
"1023",2018,"Charter","PWSO","yelloweye",130,23,5.65217391304348,4.04694483807345,1.49777785524401,0.129887110003535,137.2,18.4,7.15231956703353,23,"bootstrap",0.0320951026516506
"1024",2019,"Charter","NG","yelloweye",91,25,3.64,4.05683353983173,1.98868927200253,0.201313830513738,75,19.4666666666667,3.86235552226731,25,"bootstrap",0.0496233894087969
"1025",2019,"Charter","PWSI","yelloweye",115,14,8.21428571428571,3.83020789167215,1.39145596289305,0.131549534436425,64.1333333333333,11.7333333333333,5.9424406960852,14,"bootstrap",0.0343452726736967
"1026",2019,"Charter","PWSO","yelloweye",214,26,8.23076923076923,3.8597552521037,1.49427712259712,0.100992618546165,137.2,18.4,7.15231956703353,26,"bootstrap",0.026165549872915
"1027",2020,"Charter","NG","yelloweye",46,8,5.75,3.84782608695652,1.59690521953973,0.233633336117891,75,19.4666666666667,3.86235552226731,8,"bootstrap",0.0607182681436327
"1028",2020,"Charter","PWSI","yelloweye",45,4,11.25,3.70444444444444,1.50059920691635,0.218492381034105,64.1333333333333,11.7333333333333,5.9424406960852,4,"bootstrap",0.0589811466498784
"1029",2020,"Charter","PWSO","yelloweye",49,10,4.9,4.15510204081633,1.64063773480642,0.238171448514581,137.2,18.4,7.15231956703353,10,"bootstrap",0.0573202405560632
"1030",2021,"Charter","NG","yelloweye",47,18,2.61111111111111,3.25159649870921,1.98654051256189,0.284502545249299,75,19.4666666666667,3.86235552226731,18,"bootstrap",0.087496263869837
"1031",2021,"Charter","PWSI","yelloweye",35,9,3.88888888888889,2.28285802330236,1.52911518050558,0.256052925817218,64.1333333333333,11.7333333333333,5.9424406960852,9,"bootstrap",0.11216331598529
"1032",2021,"Charter","PWSO","yelloweye",84,13,6.46153846153846,3.52028124124144,1.57258798879565,0.177637261415005,137.2,18.4,7.15231956703353,13,"bootstrap",0.0504610993388587
"1033",2022,"Charter","NG","yelloweye",49,19,2.57894736842105,3.65045394044673,1.97377213339141,0.286464143116023,75,19.4666666666667,3.86235552226731,19,"bootstrap",0.0784735673396735
"1034",2022,"Charter","PWSI","yelloweye",45,10,4.5,2.66339308679159,1.2934591219201,0.186695194468601,64.1333333333333,11.7333333333333,5.9424406960852,10,"bootstrap",0.0700967481647631
"1035",2022,"Charter","PWSO","yelloweye",134,19,7.05263157894737,3.99248873227846,1.64005378985607,0.138430284148191,137.2,18.4,7.15231956703353,19,"bootstrap",0.0346726799825408
"1036",2023,"Charter","NG","yelloweye",48,14,3.42857142857143,3.81283656887643,2.2158526052682,0.32822484448725,75,19.4666666666667,3.86235552226731,14,"bootstrap",0.086084162947475
"1037",2023,"Charter","PWSI","yelloweye",24,7,3.42857142857143,2.93638319137245,1.49834748246417,0.292901544292406,64.1333333333333,11.7333333333333,5.9424406960852,7,"bootstrap",0.09974908763713
"1038",2023,"Charter","PWSO","yelloweye",63,9,7,4.47681040305757,1.72816802199542,0.213270597742753,137.2,18.4,7.15231956703353,9,"bootstrap",0.0476389613455807
"1039",2024,"Charter","NG","yelloweye",48,18,2.66666666666667,4.0983446420061,1.63239895450621,0.238383647047566,75,19.4666666666667,3.86235552226731,18,"bootstrap",0.0581658371539197
"1040",2024,"Charter","PWSI","yelloweye",23,9,2.55555555555556,2.60280136579672,1.48442699712739,0.303375961036493,64.1333333333333,11.7333333333333,5.9424406960852,9,"bootstrap",0.116557477271659
"1041",2024,"Charter","PWSO","yelloweye",42,7,6,4.40394250446416,1.43779394238608,0.224587051809783,137.2,18.4,7.15231956703353,7,"bootstrap",0.0509968174157871
"1042",2025,"Charter","NG","yelloweye",133,25,5.32,4.16331208100239,1.75646826636278,0.144795016736336,75,19.4666666666667,3.86235552226731,25,"bootstrap",0.0347788044516408
"1043",2025,"Charter","NORTHEAST","yelloweye",21,5,4.2,2.21904761904762,1.6283792702006,0.348797154240513,17.3333333333333,5,3.46666666666667,5,"bootstrap",0.15718326693242
"1044",2025,"Charter","PWSI","yelloweye",31,7,4.42857142857143,2.626976495965,1.55089437290024,0.281197213623915,64.1333333333333,11.7333333333333,5.9424406960852,7,"bootstrap",0.107042150569611
"1045",2025,"Charter","PWSO","yelloweye",38,6,6.33333333333333,4.24151737232594,0.992250201850275,0.159838849597399,137.2,18.4,7.15231956703353,6,"bootstrap",0.0376843557544472
"1046",2007,"Private","NG","black",175,18,9.72222222222222,2.30285601763309,0.82080862129641,0.0614767763095063,255.8,39.1333333333333,6.34670754772108,27.5733518023589,"bootstrap",0.0266958836500308
"1047",2007,"Private","NORTHEAST","black",76,15,5.06666666666667,2.05525481610344,0.675305470113271,0.07517504062507,169.285714285714,37.2142857142857,4.56206251150584,16.6591316555445,"bootstrap",0.0365769928069525
"1048",2007,"Private","PWSI","black",77,11,7,2.40270599792604,0.554674991862751,0.0595546089590319,71.5714285714286,13.7142857142857,5.32342221270793,14.4643796646803,"bootstrap",0.0247864736719507
"1049",2008,"Private","NG","black",151,15,10.0666666666667,2.08836675778284,0.592414946263503,0.045599979801736,255.8,39.1333333333333,6.34670754772108,23.7918635551783,"bootstrap",0.0218352354210753
"1050",2008,"Private","NORTHEAST","black",52,15,3.46666666666667,2.35161629470796,0.413656097059092,0.0556367773891336,169.285714285714,37.2142857142857,4.56206251150584,11.3983532380042,"bootstrap",0.0236589521489274
"1051",2008,"Private","PWSI","black",86,20,4.3,2.16907690391037,0.816775785468322,0.0845798013891327,71.5714285714286,13.7142857142857,5.32342221270793,16.1550214436689,"bootstrap",0.0389934544213964
"1052",2009,"Private","CI","black",14,5,2.8,1.84940219346794,0.541651842216206,0.137562700420704,50.5,12.3571428571429,3.98456186670472,3.51356070462476,"bootstrap",0.0743822522253804
"1053",2009,"Private","NG","black",391,63,6.20634920634921,2.0504068085705,0.604629210423527,0.0291905103872972,255.8,39.1333333333333,6.34670754772108,61.6067460269848,"bootstrap",0.0142364482332402
"1054",2009,"Private","NORTHEAST","black",38,18,2.11111111111111,2.23735618264616,0.447386074977511,0.0704891163330645,169.285714285714,37.2142857142857,4.56206251150584,8.32956582777227,"bootstrap",0.0315055407269556
"1055",2009,"Private","PWSI","black",81,16,5.0625,2.21506006459548,0.472422415525384,0.0518991227003223,71.5714285714286,13.7142857142857,5.32342221270793,15.2157760108975,"bootstrap",0.0234301198102275
"1056",2009,"Private","PWSO","black",58,17,3.41176470588235,2.36846815802092,0.658156573228336,0.0878920750816447,118.466666666667,13.5333333333333,8.81520757020757,6.57953877297461,"bootstrap",0.0371092491929834
"1057",2010,"Private","CI","black",37,12,3.08333333333333,2.23521425969775,0.518895361435277,0.0850299661515268,50.5,12.3571428571429,3.98456186670472,9.28583900507972,"bootstrap",0.0380410807521534
"1058",2010,"Private","NG","black",362,58,6.24137931034483,2.1974995710086,0.621774991784436,0.0330024767480882,255.8,39.1333333333333,6.34670754772108,57.0374477283082,"bootstrap",0.0150181948535903
"1059",2010,"Private","NORTHEAST","black",31,12,2.58333333333333,2.30656119159,0.394312621886934,0.0711120244280817,169.285714285714,37.2142857142857,4.56206251150584,6.79517212265633,"bootstrap",0.0308303220774566
"1060",2010,"Private","PWSI","black",126,19,6.63157894736842,2.68234145279992,0.561421547049456,0.0509667519830207,71.5714285714286,13.7142857142857,5.32342221270793,23.6689849058405,"bootstrap",0.0190008441803037
"1061",2010,"Private","PWSO","black",77,9,8.55555555555556,2.38883429124024,0.76009531083697,0.0872103606648403,118.466666666667,13.5333333333333,8.81520757020757,8.73490492274215,"bootstrap",0.0365074969765116
"1062",2011,"Private","CI","black",52,8,6.5,2.4159185244219,0.478974351008329,0.066376151932197,50.5,12.3571428571429,3.98456186670472,8,"bootstrap",0.027474499351372
"1063",2011,"Private","NG","black",232,42,5.52380952380952,2.11542762106781,0.578613242795077,0.0376364842684526,255.8,39.1333333333333,6.34670754772108,42,"bootstrap",0.0177914308642026
"1064",2011,"Private","NORTHEAST","black",51,15,3.4,2.06810238650068,0.40065361311305,0.0567656652403354,169.285714285714,37.2142857142857,4.56206251150584,15,"bootstrap",0.0274481890310979
"1065",2011,"Private","PWSI","black",118,26,4.53846153846154,2.27606438507565,0.642489698362738,0.0603746951382768,71.5714285714286,13.7142857142857,5.32342221270793,26,"bootstrap",0.0265259170760541
"1066",2011,"Private","PWSO","black",110,13,8.46153846153846,2.4560839731764,0.574688667906244,0.0534333227715337,118.466666666667,13.5333333333333,8.81520757020757,13,"bootstrap",0.0217554950706468
"1067",2012,"Private","CI","black",32,9,3.55555555555556,2.49822810330596,0.406527814699797,0.0695306333515905,50.5,12.3571428571429,3.98456186670472,9,"bootstrap",0.0278319794976204
"1068",2012,"Private","NG","black",380,46,8.26086956521739,2.03226706176357,0.558839608303709,0.028444206440741,255.8,39.1333333333333,6.34670754772108,46,"bootstrap",0.0139962935855771
"1069",2012,"Private","NORTHEAST","black",112,23,4.8695652173913,2.21901351191595,0.411268100293228,0.0403157649349264,169.285714285714,37.2142857142857,4.56206251150584,23,"bootstrap",0.0181683278260513
"1070",2012,"Private","PWSI","black",47,12,3.91666666666667,2.37806626326109,0.860474241315092,0.127500424900258,71.5714285714286,13.7142857142857,5.32342221270793,12,"bootstrap",0.0536151691271269
"1071",2012,"Private","PWSO","black",199,21,9.47619047619048,2.40160092442558,0.568057860064566,0.0400387950530586,118.466666666667,13.5333333333333,8.81520757020757,21,"bootstrap",0.0166717103769583
"1072",2013,"Private","CI","black",32,12,2.66666666666667,1.75287079922744,0.644272953997404,0.11052943158986,50.5,12.3571428571429,3.98456186670472,12,"bootstrap",0.0630562341722931
"1073",2013,"Private","NG","black",490,62,7.90322580645161,2.06938812477355,0.694586124530228,0.0314729978490168,255.8,39.1333333333333,6.34670754772108,62,"bootstrap",0.0152088423975376
"1074",2013,"Private","NORTHEAST","black",107,23,4.65217391304348,1.73860477782378,0.726842195650255,0.0670815086333126,169.285714285714,37.2142857142857,4.56206251150584,23,"bootstrap",0.0385835294420845
"1075",2013,"Private","PWSI","black",131,26,5.03846153846154,2.40528382289486,0.638974302129038,0.0565509771516466,71.5714285714286,13.7142857142857,5.32342221270793,26,"bootstrap",0.0235111451768653
"1076",2013,"Private","PWSO","black",209,22,9.5,2.42804438088189,0.637118934455136,0.0438277957243657,118.466666666667,13.5333333333333,8.81520757020757,22,"bootstrap",0.0180506567628912
"1077",2014,"Private","CI","black",35,13,2.69230769230769,2.09723371003153,0.637403498621165,0.105220591905276,50.5,12.3571428571429,3.98456186670472,13,"bootstrap",0.0501711332418427
"1078",2014,"Private","NG","black",351,46,7.6304347826087,2.08229459583866,0.685879963729516,0.0350313619499621,255.8,39.1333333333333,6.34670754772108,46,"bootstrap",0.0168234418030812
"1079",2014,"Private","NORTHEAST","black",96,18,5.33333333333333,2.23811910901069,0.434139396134157,0.0460214710401041,169.285714285714,37.2142857142857,4.56206251150584,18,"bootstrap",0.0205625656180769
"1080",2014,"Private","PWSI","black",38,14,2.71428571428571,2.0909177248492,0.770964177791548,0.122315560922251,71.5714285714286,13.7142857142857,5.32342221270793,14,"bootstrap",0.0584985049715778
"1081",2014,"Private","PWSO","black",196,20,9.8,2.23853011286559,0.743159502081459,0.0551081618689351,118.466666666667,13.5333333333333,8.81520757020757,20,"bootstrap",0.0246180123073663
"1082",2015,"Private","CI","black",46,21,2.19047619047619,1.95474387946171,0.703318444942976,0.106281447363615,50.5,12.3571428571429,3.98456186670472,21,"bootstrap",0.0543710347326333
"1083",2015,"Private","NG","black",358,51,7.01960784313725,1.68465900388034,0.645698232641982,0.033281616690197,255.8,39.1333333333333,6.34670754772108,51,"bootstrap",0.0197556992919862
"1084",2015,"Private","NORTHEAST","black",278,57,4.87719298245614,2.18342037192064,0.463452255971639,0.0280310032270673,169.285714285714,37.2142857142857,4.56206251150584,57,"bootstrap",0.0128381156407412
"1085",2015,"Private","PWSI","black",76,13,5.84615384615385,2.2602060353998,0.452885249361408,0.0493255557539732,71.5714285714286,13.7142857142857,5.32342221270793,13,"bootstrap",0.0218234775863025
"1086",2015,"Private","PWSO","black",143,15,9.53333333333333,2.36890794363788,0.703202478857213,0.0585803673565281,118.466666666667,13.5333333333333,8.81520757020757,15,"bootstrap",0.0247288492209484
"1087",2016,"Private","CI","black",39,11,3.54545454545455,2.12738978474366,0.518146944563172,0.0785767285387517,50.5,12.3571428571429,3.98456186670472,11,"bootstrap",0.0369357459090271
"1088",2016,"Private","NG","black",303,48,6.3125,1.83161960010787,0.535369846340111,0.0308106480973054,255.8,39.1333333333333,6.34670754772108,48,"bootstrap",0.0168215322087025
"1089",2016,"Private","NORTHEAST","black",266,50,5.32,2.28469221448118,0.487805388986442,0.0290730617991402,169.285714285714,37.2142857142857,4.56206251150584,50,"bootstrap",0.0127251546684779
"1090",2016,"Private","PWSI","black",19,7,2.71428571428571,2.12809312063726,0.47398880996457,0.105255976797587,71.5714285714286,13.7142857142857,5.32342221270793,7,"bootstrap",0.0494602307468895
"1091",2016,"Private","PWSO","black",144,16,9,2.4134060867754,0.635132272079148,0.0513753901110617,118.466666666667,13.5333333333333,8.81520757020757,16,"bootstrap",0.0212875033309066
"1092",2017,"Private","CI","black",31,9,3.44444444444444,1.26120247191666,0.810350263025161,0.146184098190324,50.5,12.3571428571429,3.98456186670472,9,"bootstrap",0.115908509097803
"1093",2017,"Private","NG","black",144,24,6,2.0296228232022,0.595735913086832,0.0496073857623165,255.8,39.1333333333333,6.34670754772108,24,"bootstrap",0.0244416771408046
"1094",2017,"Private","NORTHEAST","black",233,55,4.23636363636364,2.00194833444222,0.564879997897409,0.0367230716309548,169.285714285714,37.2142857142857,4.56206251150584,55,"bootstrap",0.0183436660173283
"1095",2017,"Private","PWSO","black",99,13,7.61538461538461,1.9650136569405,0.583508333446899,0.0590404879570186,118.466666666667,13.5333333333333,8.81520757020757,13,"bootstrap",0.0300458410293921
"1096",2018,"Private","CI","black",93,20,4.65,0.95273086421021,0.484604889467807,0.0510473334509096,50.5,12.3571428571429,3.98456186670472,20,"bootstrap",0.0535800144285517
"1097",2018,"Private","NG","black",196,48,4.08333333333333,2.07770643211334,0.90883724393164,0.0657036610136991,255.8,39.1333333333333,6.34670754772108,48,"bootstrap",0.0316231687009163
"1098",2018,"Private","NORTHEAST","black",226,55,4.10909090909091,1.84549042792546,0.679215979377861,0.0451220910113849,169.285714285714,37.2142857142857,4.56206251150584,55,"bootstrap",0.0244499187471307
"1099",2018,"Private","PWSI","black",71,14,5.07142857142857,2.31920868327598,0.558705380583129,0.0701374674415699,71.5714285714286,13.7142857142857,5.32342221270793,14,"bootstrap",0.0302419820809302
"1100",2018,"Private","PWSO","black",86,12,7.16666666666667,2.25469147449562,0.574582960551022,0.0579260887584013,118.466666666667,13.5333333333333,8.81520757020757,12,"bootstrap",0.0256913592895718
"1101",2019,"Private","CI","black",164,21,7.80952380952381,1.04804621651879,0.429298867609413,0.0341760851381376,50.5,12.3571428571429,3.98456186670472,21,"bootstrap",0.03260933019887
"1102",2019,"Private","NG","black",188,32,5.875,1.76257173316872,0.753251747544921,0.0574991962352552,255.8,39.1333333333333,6.34670754772108,32,"bootstrap",0.032622329720382
"1103",2019,"Private","NORTHEAST","black",183,47,3.8936170212766,2.08915853298143,0.594277892831562,0.0436550524847319,169.285714285714,37.2142857142857,4.56206251150584,47,"bootstrap",0.0208959979798335
"1104",2019,"Private","PWSI","black",101,15,6.73333333333333,1.83861112202759,0.875573650171825,0.0877624417587781,71.5714285714286,13.7142857142857,5.32342221270793,15,"bootstrap",0.0477330092847449
"1105",2019,"Private","PWSO","black",138,20,6.9,2.13244754483806,0.737363869855725,0.063480488594375,118.466666666667,13.5333333333333,8.81520757020757,20,"bootstrap",0.0297688394483794
"1106",2020,"Private","NG","black",72,20,3.6,1.75833333333333,0.737095556325589,0.086088007805903,255.8,39.1333333333333,6.34670754772108,20,"bootstrap",0.0489600044393762
"1107",2020,"Private","PWSI","black",25,7,3.57142857142857,2.736,0.482078831727758,0.0932213155328204,71.5714285714286,13.7142857142857,5.32342221270793,7,"bootstrap",0.0340721182502998
"1108",2020,"Private","PWSO","black",53,8,6.625,2.3377358490566,0.775397271650112,0.105110298970189,118.466666666667,13.5333333333333,8.81520757020757,8,"bootstrap",0.0449624362019373
"1109",2021,"Private","CI","black",48,11,4.36363636363636,1.40219966286128,0.362108396799501,0.0520149346549644,50.5,12.3571428571429,3.98456186670472,11,"bootstrap",0.0370952411647458
"1110",2021,"Private","NG","black",120,23,5.21739130434783,1.65277340270207,0.71697805307568,0.0665336176089897,255.8,39.1333333333333,6.34670754772108,23,"bootstrap",0.0402557407447481
"1111",2021,"Private","NORTHEAST","black",183,39,4.69230769230769,1.79084958600576,0.532277559237674,0.0387736260260557,169.285714285714,37.2142857142857,4.56206251150584,39,"bootstrap",0.0216509674118053
"1112",2021,"Private","PWSI","black",90,7,12.8571428571429,1.5154512404694,0.580371296788068,0.0598746974081247,71.5714285714286,13.7142857142857,5.32342221270793,7,"bootstrap",0.0395094845740988
"1113",2021,"Private","PWSO","black",51,5,10.2,1.90434673604586,0.740209898172314,0.10148434018383,118.466666666667,13.5333333333333,8.81520757020757,5,"bootstrap",0.0532908940703465
"1114",2022,"Private","CI","black",46,14,3.28571428571429,1.91992595385501,0.428782870139462,0.0619579174175752,50.5,12.3571428571429,3.98456186670472,14,"bootstrap",0.0322709932084465
"1115",2022,"Private","NG","black",231,30,7.7,1.46223136286104,0.529094434765478,0.0348847070440375,255.8,39.1333333333333,6.34670754772108,30,"bootstrap",0.0238571733106457
"1116",2022,"Private","NORTHEAST","black",106,21,5.04761904761905,1.92583567898342,0.517123192549713,0.050109470210895,169.285714285714,37.2142857142857,4.56206251150584,21,"bootstrap",0.0260195980154164
"1117",2022,"Private","PWSI","black",31,9,3.44444444444444,1.91607314974493,0.440531201847323,0.0795911247820577,71.5714285714286,13.7142857142857,5.32342221270793,9,"bootstrap",0.041538667139432
"1118",2022,"Private","PWSO","black",70,6,11.6666666666667,1.80406463727808,0.707651912867791,0.084625293799549,118.466666666667,13.5333333333333,8.81520757020757,6,"bootstrap",0.0469081273757625
"1119",2023,"Private","CI","black",24,7,3.42857142857143,2.03804677551221,0.312727944465654,0.0622831262782277,50.5,12.3571428571429,3.98456186670472,7,"bootstrap",0.0305602045186497
"1120",2023,"Private","NG","black",264,41,6.4390243902439,1.62267400531703,0.558667094204384,0.0330873702488175,255.8,39.1333333333333,6.34670754772108,41,"bootstrap",0.0203906454040675
"1121",2023,"Private","NORTHEAST","black",149,34,4.38235294117647,1.92058564459757,0.472184114162824,0.0384609098237883,169.285714285714,37.2142857142857,4.56206251150584,34,"bootstrap",0.0200256155886489
"1122",2023,"Private","PWSI","black",136,22,6.18181818181818,1.99219804825086,0.439383002482692,0.0374756559213695,71.5714285714286,13.7142857142857,5.32342221270793,22,"bootstrap",0.0188112100372114
"1123",2023,"Private","PWSO","black",97,12,8.08333333333333,2.20373235707129,0.62462892806051,0.0633111626164976,118.466666666667,13.5333333333333,8.81520757020757,12,"bootstrap",0.028729061591053
"1124",2024,"Private","CI","black",23,6,3.83333333333333,1.69074410808919,0.363909085077659,0.0769927934154227,50.5,12.3571428571429,3.98456186670472,6,"bootstrap",0.0455378155967297
"1125",2024,"Private","NG","black",207,32,6.46875,1.75320143151262,0.527933343372033,0.0352982304567884,255.8,39.1333333333333,6.34670754772108,32,"bootstrap",0.0201335852357444
"1126",2024,"Private","NORTHEAST","black",150,33,4.54545454545455,1.99524596449704,0.460226282319759,0.0383722734669709,169.285714285714,37.2142857142857,4.56206251150584,33,"bootstrap",0.0192318511851464
"1127",2024,"Private","PWSI","black",59,10,5.9,1.88495039853094,0.552995734795858,0.0670373102971613,71.5714285714286,13.7142857142857,5.32342221270793,10,"bootstrap",0.0355644956755402
"1128",2024,"Private","PWSO","black",79,10,7.9,1.8467423794144,0.531327273338651,0.0571943846059611,118.466666666667,13.5333333333333,8.81520757020757,10,"bootstrap",0.0309704186374373
"1129",2025,"Private","AFOGNAK","black",26,5,5.2,2.42394258030676,0.375414295767693,0.0706043924954059,26,5,5.2,5,"bootstrap",0.0291279146086334
"1130",2025,"Private","CI","black",42,11,3.81818181818182,2.15020230886539,0.745646299021189,0.114035819904785,50.5,12.3571428571429,3.98456186670472,11,"bootstrap",0.0530349257995909
"1131",2025,"Private","NG","black",301,42,7.16666666666667,2.02912701190434,2.07171976792764,0.125505174108215,255.8,39.1333333333333,6.34670754772108,42,"bootstrap",0.0618518078818674
"1132",2025,"Private","NORTHEAST","black",230,51,4.50980392156863,2.24862041254902,0.632862215254868,0.0427123488312748,169.285714285714,37.2142857142857,4.56206251150584,51,"bootstrap",0.0189949128776503
"1133",2025,"Private","PWSI","black",60,10,6,2.13385260748912,0.485132339970964,0.0629674757770907,71.5714285714286,13.7142857142857,5.32342221270793,10,"bootstrap",0.029508821535328
"1134",2025,"Private","PWSO","black",103,10,10.3,1.99890373885028,0.38937599462877,0.0388909159167476,118.466666666667,13.5333333333333,8.81520757020757,10,"bootstrap",0.019456122453959
"1135",1999,"Private","PWSI","yelloweye",121,4,30.25,2.69867700362123,0.99966519821816,0.0898510742227434,90.6666666666667,40.2666666666667,2.21931797780643,54.5212543718482,"bootstrap",0.0332944898934465
"1136",2007,"Private","NG","yelloweye",30,11,2.72727272727273,4.09904258570186,1.92530035859341,0.350587163498648,52.4,23,2.36183510970516,12.701987482837,"bootstrap",0.085529036639325
"1137",2007,"Private","PWSI","yelloweye",125,31,4.03225806451613,2.75824822173323,1.2971734493671,0.115869974644238,90.6666666666667,40.2666666666667,2.21931797780643,56.3236098882729,"bootstrap",0.0420085377854164
"1138",2008,"Private","NG","yelloweye",28,14,2,3.31916778203122,1.45722442562481,0.271659774830889,52.4,23,2.36183510970516,11.8551883173146,"bootstrap",0.08184574949828
"1139",2008,"Private","PWSI","yelloweye",155,44,3.52272727272727,2.96237152914623,1.37259116971792,0.110711672269638,90.6666666666667,40.2666666666667,2.21931797780643,69.8412762614584,"bootstrap",0.037372649304912
"1140",2009,"Private","NG","yelloweye",41,23,1.78260869565217,3.69943581703886,2.17595242672951,0.330287425987127,52.4,23,2.36183510970516,17.3593828932106,"bootstrap",0.0892804855448199
"1141",2009,"Private","PWSI","yelloweye",147,67,2.19402985074627,2.65516122961437,1.37615483329367,0.111049828222689,90.6666666666667,40.2666666666667,2.21931797780643,66.236565228609,"bootstrap",0.0418241374512755
"1142",2009,"Private","PWSO","yelloweye",24,10,2.4,4.92527889606388,1.59475021203462,0.299207302391747,30.2307692307692,10.9230769230769,2.92314335990807,8.21033970798983,"bootstrap",0.0607493116036259
"1143",2010,"Private","NG","yelloweye",68,36,1.88888888888889,3.49780034481694,1.52119566292547,0.184424731511381,52.4,23,2.36183510970516,28.791171627764,"bootstrap",0.0527259172424357
"1144",2010,"Private","PWSI","yelloweye",122,61,2,3.00369498453399,1.54090626349001,0.145031748929983,90.6666666666667,40.2666666666667,2.21931797780643,54.9718432509544,"bootstrap",0.0482844462159942
"1145",2010,"Private","PWSO","yelloweye",15,5,3,3.74969447416911,1.31467861961174,0.321656775232118,30.2307692307692,10.9230769230769,2.92314335990807,5.13146231749364,"bootstrap",0.085782129036898
"1146",2011,"Private","NG","yelloweye",59,26,2.26923076923077,3.39955704476061,1.59853917330988,0.215003549572708,52.4,23,2.36183510970516,26,"bootstrap",0.0632445776734563
"1147",2011,"Private","PWSI","yelloweye",134,64,2.09375,2.32062612202869,1.04730098346353,0.0922256030854722,90.6666666666667,40.2666666666667,2.21931797780643,64,"bootstrap",0.0397416896285079
"1148",2011,"Private","PWSO","yelloweye",17,9,1.88888888888889,3.01297954604365,1.52474200263346,0.359644240135308,30.2307692307692,10.9230769230769,2.92314335990807,9,"bootstrap",0.119364978964944
"1149",2012,"Private","NG","yelloweye",70,29,2.41379310344828,3.75056418214174,1.73013666188155,0.208510095921095,52.4,23,2.36183510970516,29,"bootstrap",0.0555943281583909
"1150",2012,"Private","PWSI","yelloweye",158,62,2.54838709677419,2.86121696603824,1.17845455446719,0.0912613794541085,90.6666666666667,40.2666666666667,2.21931797780643,62,"bootstrap",0.0318960010853259
"1151",2012,"Private","PWSO","yelloweye",48,16,3,3.68143497535231,1.38028133709855,0.200528449689506,30.2307692307692,10.9230769230769,2.92314335990807,16,"bootstrap",0.0544701864984905
"1152",2013,"Private","NG","yelloweye",66,30,2.2,3.7836867223286,1.7560979355998,0.210917203739068,52.4,23,2.36183510970516,30,"bootstrap",0.0557438337836973
"1153",2013,"Private","PWSI","yelloweye",147,69,2.1304347826087,2.51230220530155,1.1798433337884,0.0978593575398093,90.6666666666667,40.2666666666667,2.21931797780643,69,"bootstrap",0.0389520644981734
"1154",2013,"Private","PWSO","yelloweye",43,17,2.52941176470588,3.783028284877,1.60309836912803,0.23483212279198,30.2307692307692,10.9230769230769,2.92314335990807,17,"bootstrap",0.0620751697074914
"1155",2014,"Private","NG","yelloweye",75,35,2.14285714285714,3.54889768829766,1.47527457471695,0.166369439578841,52.4,23,2.36183510970516,35,"bootstrap",0.0468791873396174
"1156",2014,"Private","PWSI","yelloweye",182,71,2.56338028169014,2.75389954862942,1.32759391897491,0.0966968105513737,90.6666666666667,40.2666666666667,2.21931797780643,71,"bootstrap",0.0351126861542566
"1157",2014,"Private","PWSO","yelloweye",47,17,2.76470588235294,3.52497191762564,1.57631803577021,0.228485295609394,30.2307692307692,10.9230769230769,2.92314335990807,17,"bootstrap",0.0648190399665078
"1158",2015,"Private","NG","yelloweye",55,27,2.03703703703704,3.44860618892056,1.93270676380262,0.263146703719645,52.4,23,2.36183510970516,27,"bootstrap",0.0763052344350202
"1159",2015,"Private","NORTHEAST","yelloweye",11,7,1.57142857142857,3.66155311333506,1.40252395749169,0.393843481630608,9.375,6.625,1.40458603896104,7,"bootstrap",0.107561864990095
"1160",2015,"Private","PWSI","yelloweye",148,56,2.64285714285714,2.51122528774694,1.32162870637552,0.109577211270546,90.6666666666667,40.2666666666667,2.21931797780643,56,"bootstrap",0.0436349585221237
"1161",2015,"Private","PWSO","yelloweye",35,10,3.5,4.31996031073565,1.80638055072259,0.297821665080915,30.2307692307692,10.9230769230769,2.92314335990807,10,"bootstrap",0.0689408336323809
"1162",2016,"Private","NG","yelloweye",52,27,1.92592592592593,2.87203760558903,1.5371243530928,0.219103759437421,52.4,23,2.36183510970516,27,"bootstrap",0.0762886109189663
"1163",2016,"Private","PWSI","yelloweye",37,16,2.3125,2.84170351103727,1.42039506659228,0.237504697696355,90.6666666666667,40.2666666666667,2.21931797780643,16,"bootstrap",0.0835782821022246
"1164",2016,"Private","PWSO","yelloweye",48,12,4,3.45530676173481,1.20354247710951,0.170872782492383,30.2307692307692,10.9230769230769,2.92314335990807,12,"bootstrap",0.0494522756661387
"1165",2017,"Private","NG","yelloweye",20,6,3.33333333333333,4.24661494455388,1.60548138349612,0.353473278040721,52.4,23,2.36183510970516,6,"bootstrap",0.0832364795621597
"1166",2017,"Private","PWSI","yelloweye",51,22,2.31818181818182,2.86874984995079,1.19380196355083,0.163672895558261,90.6666666666667,40.2666666666667,2.21931797780643,22,"bootstrap",0.057053735640655
"1167",2017,"Private","PWSO","yelloweye",18,4,4.5,4.1187218627408,2.06159527333798,0.464364288195123,30.2307692307692,10.9230769230769,2.92314335990807,4,"bootstrap",0.112744755210567
"1168",2018,"Private","NG","yelloweye",67,30,2.23333333333333,3.28302520832053,1.54966239998197,0.184842449957983,52.4,23,2.36183510970516,30,"bootstrap",0.0563024765967427
"1169",2018,"Private","PWSI","yelloweye",70,35,2,3.14690250799024,1.62248261661411,0.196534044197978,90.6666666666667,40.2666666666667,2.21931797780643,35,"bootstrap",0.0624531721904197
"1170",2018,"Private","PWSO","yelloweye",17,10,1.7,3.94164620220984,1.34729348500108,0.322333981596896,30.2307692307692,10.9230769230769,2.92314335990807,10,"bootstrap",0.0817764875539015
"1171",2019,"Private","NG","yelloweye",67,31,2.16129032258065,3.04331209905286,1.859897180774,0.223135998654386,52.4,23,2.36183510970516,31,"bootstrap",0.0733201168305513
"1172",2019,"Private","PWSI","yelloweye",99,52,1.90384615384615,2.81188267452684,1.25639184132177,0.119950662162329,90.6666666666667,40.2666666666667,2.21931797780643,52,"bootstrap",0.0426584875851953
"1173",2019,"Private","PWSO","yelloweye",38,20,1.9,3.5822853070797,1.80105599833207,0.284725067354447,30.2307692307692,10.9230769230769,2.92314335990807,20,"bootstrap",0.0794814044519968
"1174",2020,"Private","NG","yelloweye",34,16,2.125,4.11176470588235,1.64828004127762,0.274725516413901,52.4,23,2.36183510970516,16,"bootstrap",0.0668145032766283
"1175",2020,"Private","PWSI","yelloweye",34,24,1.41666666666667,3.10882352941176,1.00735707221657,0.171140422839833,90.6666666666667,40.2666666666667,2.21931797780643,24,"bootstrap",0.0550498994943645
"1176",2020,"Private","PWSO","yelloweye",16,5,3.2,3.63125,1.60029945114448,0.390605354561048,30.2307692307692,10.9230769230769,2.92314335990807,5,"bootstrap",0.107567739638154
"1177",2021,"Private","NG","yelloweye",23,11,2.09090909090909,3.62331226190746,1.79429544146519,0.361296928788432,52.4,23,2.36183510970516,11,"bootstrap",0.0997145436750821
"1178",2021,"Private","PWSI","yelloweye",57,33,1.72727272727273,2.61314831955688,1.53836588992453,0.20717198308,90.6666666666667,40.2666666666667,2.21931797780643,33,"bootstrap",0.0792806062822836
"1179",2021,"Private","PWSO","yelloweye",23,8,2.875,4.05270122921225,1.35034077397785,0.272110330123736,30.2307692307692,10.9230769230769,2.92314335990807,8,"bootstrap",0.0671429534855269
"1180",2022,"Private","NG","yelloweye",39,13,3,3.17330222657148,1.63837544919541,0.259216133698057,52.4,23,2.36183510970516,13,"bootstrap",0.0816865571540978
"1181",2022,"Private","PWSI","yelloweye",126,51,2.47058823529412,3.25832727448988,1.42123579234645,0.123724019362268,90.6666666666667,40.2666666666667,2.21931797780643,51,"bootstrap",0.0379716366526251
"1182",2022,"Private","PWSO","yelloweye",23,7,3.28571428571429,3.99691328714968,1.76977667197753,0.36078544545994,30.2307692307692,10.9230769230769,2.92314335990807,7,"bootstrap",0.0902660176841682
"1183",2023,"Private","NG","yelloweye",29,12,2.41666666666667,3.94591575560202,1.67354904936403,0.302659171231425,52.4,23,2.36183510970516,12,"bootstrap",0.0767018836633143
"1184",2023,"Private","PWSI","yelloweye",34,14,2.42857142857143,2.83571068594218,1.31883249674099,0.228063230229317,90.6666666666667,40.2666666666667,2.21931797780643,14,"bootstrap",0.0804254225792226
"1185",2023,"Private","PWSO","yelloweye",20,7,2.85714285714286,4.26275544211567,1.27311981905573,0.282566712236233,30.2307692307692,10.9230769230769,2.92314335990807,7,"bootstrap",0.0662873383362548
"1186",2024,"Private","NG","yelloweye",79,33,2.39393939393939,3.63564120563378,2.48984657076881,0.276993444094204,52.4,23,2.36183510970516,33,"bootstrap",0.0761883333440538
"1187",2024,"Private","NORTHEAST","yelloweye",13,8,1.625,4.07880571628308,1.93091513502748,0.520356382260051,9.375,6.625,1.40458603896104,8,"bootstrap",0.127575672502058
"1188",2024,"Private","PWSI","yelloweye",48,20,2.4,2.61471989067199,0.966407012312257,0.140235345425285,90.6666666666667,40.2666666666667,2.21931797780643,20,"bootstrap",0.0536330281211286
"1189",2025,"Private","NG","yelloweye",51,19,2.68421052631579,4.54360714940713,2.16756698844781,0.304441992880971,52.4,23,2.36183510970516,19,"bootstrap",0.0670044708686348
"1190",2025,"Private","NORTHEAST","yelloweye",16,11,1.45454545454545,4.37268226736579,2.45640708591237,0.596552353640964,9.375,6.625,1.40458603896104,11,"bootstrap",0.136427098326616
"1191",2025,"Private","PWSI","yelloweye",35,15,2.33333333333333,3.03216213833687,1.47556059695198,0.242006843410688,90.6666666666667,40.2666666666667,2.21931797780643,15,"bootstrap",0.0798132924195894
