"","variable","area_n","year","user","mean","median","lower","upper","Rhat","sd","skew","area"
"1","p_pelagic","1",1,"1",0.917,0.917,0.917,0.917,NA,0,NA,"CI"
"2","p_pelagic","1",1,"2",0.961,0.961,0.961,0.961,NA,0,NA,"CI"
"3","p_yellow","1",1,"1",0.383,0.383,0.383,0.383,NA,0,NA,"CI"
"4","p_yellow","1",1,"2",0.515,0.515,0.515,0.515,NA,0,NA,"CI"
"5","p_black","1",1,"1",0.475,0.475,0.475,0.475,NA,0,NA,"CI"
"6","p_black","1",1,"2",0.42,0.42,0.42,0.42,NA,0,NA,"CI"
"7","p_pelagic","1",10,"1",0.916,0.916,0.916,0.916,NA,0,NA,"CI"
"8","p_pelagic","1",10,"2",0.961,0.961,0.961,0.961,NA,0,NA,"CI"
"9","p_yellow","1",10,"1",0.38,0.38,0.38,0.38,NA,0,NA,"CI"
"10","p_yellow","1",10,"2",0.516,0.516,0.516,0.516,NA,0,NA,"CI"
"11","p_black","1",10,"1",0.472,0.472,0.472,0.472,NA,0,NA,"CI"
"12","p_black","1",10,"2",0.426,0.426,0.426,0.426,NA,0,NA,"CI"
"13","p_pelagic","1",11,"1",0.916,0.916,0.916,0.916,NA,0,NA,"CI"
"14","p_pelagic","1",11,"2",0.961,0.961,0.961,0.961,NA,0,NA,"CI"
"15","p_yellow","1",11,"1",0.375,0.375,0.375,0.375,NA,0,NA,"CI"
"16","p_yellow","1",11,"2",0.507,0.507,0.507,0.507,NA,0,NA,"CI"
"17","p_black","1",11,"1",0.48,0.48,0.48,0.48,NA,0,NA,"CI"
"18","p_black","1",11,"2",0.416,0.416,0.416,0.416,NA,0,NA,"CI"
"19","p_pelagic","1",12,"1",0.917,0.917,0.917,0.917,NA,0,NA,"CI"
"20","p_pelagic","1",12,"2",0.961,0.961,0.961,0.961,NA,0,NA,"CI"
"21","p_yellow","1",12,"1",0.377,0.377,0.377,0.377,NA,0,NA,"CI"
"22","p_yellow","1",12,"2",0.51,0.51,0.51,0.51,NA,0,NA,"CI"
"23","p_black","1",12,"1",0.476,0.476,0.476,0.476,NA,0,NA,"CI"
"24","p_black","1",12,"2",0.42,0.42,0.42,0.42,NA,0,NA,"CI"
"25","p_pelagic","1",13,"1",0.916,0.916,0.916,0.916,NA,0,NA,"CI"
"26","p_pelagic","1",13,"2",0.961,0.961,0.961,0.961,NA,0,NA,"CI"
"27","p_yellow","1",13,"1",0.378,0.378,0.378,0.378,NA,0,NA,"CI"
"28","p_yellow","1",13,"2",0.51,0.51,0.51,0.51,NA,0,NA,"CI"
"29","p_black","1",13,"1",0.479,0.479,0.479,0.479,NA,0,NA,"CI"
"30","p_black","1",13,"2",0.424,0.424,0.424,0.424,NA,0,NA,"CI"
"31","p_pelagic","1",14,"1",0.916,0.916,0.916,0.916,NA,0,NA,"CI"
"32","p_pelagic","1",14,"2",0.961,0.961,0.961,0.961,NA,0,NA,"CI"
"33","p_yellow","1",14,"1",0.375,0.375,0.375,0.375,NA,0,NA,"CI"
"34","p_yellow","1",14,"2",0.51,0.51,0.51,0.51,NA,0,NA,"CI"
"35","p_black","1",14,"1",0.481,0.481,0.481,0.481,NA,0,NA,"CI"
"36","p_black","1",14,"2",0.42,0.42,0.42,0.42,NA,0,NA,"CI"
"37","p_pelagic","1",15,"1",0.914,0.914,0.914,0.914,NA,0,NA,"CI"
"38","p_pelagic","1",15,"2",0.961,0.961,0.961,0.961,NA,0,NA,"CI"
"39","p_yellow","1",15,"1",0.377,0.377,0.377,0.377,NA,0,NA,"CI"
"40","p_yellow","1",15,"2",0.511,0.511,0.511,0.511,NA,0,NA,"CI"
"41","p_black","1",15,"1",0.486,0.486,0.486,0.486,NA,0,NA,"CI"
"42","p_black","1",15,"2",0.422,0.422,0.422,0.422,NA,0,NA,"CI"
"43","p_pelagic","1",16,"1",0.917,0.917,0.917,0.917,NA,0,NA,"CI"
"44","p_pelagic","1",16,"2",0.96,0.96,0.96,0.96,NA,0,NA,"CI"
"45","p_yellow","1",16,"1",0.379,0.379,0.379,0.379,NA,0,NA,"CI"
"46","p_yellow","1",16,"2",0.508,0.508,0.508,0.508,NA,0,NA,"CI"
"47","p_black","1",16,"1",0.475,0.475,0.475,0.475,NA,0,NA,"CI"
"48","p_black","1",16,"2",0.426,0.426,0.426,0.426,NA,0,NA,"CI"
"49","p_pelagic","1",17,"1",0.915,0.915,0.915,0.915,NA,0,NA,"CI"
"50","p_pelagic","1",17,"2",0.96,0.96,0.96,0.96,NA,0,NA,"CI"
"51","p_yellow","1",17,"1",0.381,0.381,0.381,0.381,NA,0,NA,"CI"
"52","p_yellow","1",17,"2",0.518,0.518,0.518,0.518,NA,0,NA,"CI"
"53","p_black","1",17,"1",0.48,0.48,0.48,0.48,NA,0,NA,"CI"
"54","p_black","1",17,"2",0.413,0.413,0.413,0.413,NA,0,NA,"CI"
"55","p_pelagic","1",18,"1",0.917,0.917,0.917,0.917,NA,0,NA,"CI"
"56","p_pelagic","1",18,"2",0.961,0.961,0.961,0.961,NA,0,NA,"CI"
"57","p_yellow","1",18,"1",0.379,0.379,0.379,0.379,NA,0,NA,"CI"
"58","p_yellow","1",18,"2",0.513,0.513,0.513,0.513,NA,0,NA,"CI"
"59","p_black","1",18,"1",0.485,0.485,0.485,0.485,NA,0,NA,"CI"
"60","p_black","1",18,"2",0.428,0.428,0.428,0.428,NA,0,NA,"CI"
"61","p_pelagic","1",19,"1",0.916,0.916,0.916,0.916,NA,0,NA,"CI"
"62","p_pelagic","1",19,"2",0.961,0.961,0.961,0.961,NA,0,NA,"CI"
"63","p_yellow","1",19,"1",0.381,0.381,0.381,0.381,NA,0,NA,"CI"
"64","p_yellow","1",19,"2",0.509,0.509,0.509,0.509,NA,0,NA,"CI"
"65","p_black","1",19,"1",0.483,0.483,0.483,0.483,NA,0,NA,"CI"
"66","p_black","1",19,"2",0.42,0.42,0.42,0.42,NA,0,NA,"CI"
"67","p_pelagic","1",2,"1",0.915,0.915,0.915,0.915,NA,0,NA,"CI"
"68","p_pelagic","1",2,"2",0.961,0.961,0.961,0.961,NA,0,NA,"CI"
"69","p_yellow","1",2,"1",0.38,0.38,0.38,0.38,NA,0,NA,"CI"
"70","p_yellow","1",2,"2",0.515,0.515,0.515,0.515,NA,0,NA,"CI"
"71","p_black","1",2,"1",0.485,0.485,0.485,0.485,NA,0,NA,"CI"
"72","p_black","1",2,"2",0.417,0.417,0.417,0.417,NA,0,NA,"CI"
"73","p_pelagic","1",20,"1",0.889,0.889,0.889,0.889,NA,0,NA,"CI"
"74","p_pelagic","1",20,"2",0.966,0.966,0.966,0.966,NA,0,NA,"CI"
"75","p_yellow","1",20,"1",0.372,0.372,0.372,0.372,NA,0,NA,"CI"
"76","p_yellow","1",20,"2",0.514,0.514,0.514,0.514,NA,0,NA,"CI"
"77","p_black","1",20,"1",0.518,0.518,0.518,0.518,NA,0,NA,"CI"
"78","p_black","1",20,"2",0.247,0.247,0.247,0.247,NA,0,NA,"CI"
"79","p_pelagic","1",21,"1",0.799,0.799,0.799,0.799,NA,0,NA,"CI"
"80","p_pelagic","1",21,"2",0.956,0.956,0.956,0.956,NA,0,NA,"CI"
"81","p_yellow","1",21,"1",0.531,0.531,0.531,0.531,NA,0,NA,"CI"
"82","p_yellow","1",21,"2",0.586,0.586,0.586,0.586,NA,0,NA,"CI"
"83","p_black","1",21,"1",0.706,0.706,0.706,0.706,NA,0,NA,"CI"
"84","p_black","1",21,"2",0.54,0.54,0.54,0.54,NA,0,NA,"CI"
"85","p_pelagic","1",22,"1",0.747,0.747,0.747,0.747,NA,0,NA,"CI"
"86","p_pelagic","1",22,"2",0.969,0.969,0.969,0.969,NA,0,NA,"CI"
"87","p_yellow","1",22,"1",0.289,0.289,0.289,0.289,NA,0,NA,"CI"
"88","p_yellow","1",22,"2",0.512,0.512,0.512,0.512,NA,0,NA,"CI"
"89","p_black","1",22,"1",0.6,0.6,0.6,0.6,NA,0,NA,"CI"
"90","p_black","1",22,"2",0.562,0.562,0.562,0.562,NA,0,NA,"CI"
"91","p_pelagic","1",23,"1",0.881,0.881,0.881,0.881,NA,0,NA,"CI"
"92","p_pelagic","1",23,"2",0.966,0.966,0.966,0.966,NA,0,NA,"CI"
"93","p_yellow","1",23,"1",0.461,0.461,0.461,0.461,NA,0,NA,"CI"
"94","p_yellow","1",23,"2",0.469,0.469,0.469,0.469,NA,0,NA,"CI"
"95","p_black","1",23,"1",0.812,0.812,0.812,0.812,NA,0,NA,"CI"
"96","p_black","1",23,"2",0.633,0.633,0.633,0.633,NA,0,NA,"CI"
"97","p_pelagic","1",24,"1",0.856,0.856,0.856,0.856,NA,0,NA,"CI"
"98","p_pelagic","1",24,"2",0.968,0.968,0.968,0.968,NA,0,NA,"CI"
"99","p_yellow","1",24,"1",0.291,0.291,0.291,0.291,NA,0,NA,"CI"
"100","p_yellow","1",24,"2",0.514,0.514,0.514,0.514,NA,0,NA,"CI"
"101","p_black","1",24,"1",0.434,0.434,0.434,0.434,NA,0,NA,"CI"
"102","p_black","1",24,"2",0.615,0.615,0.615,0.615,NA,0,NA,"CI"
"103","p_pelagic","1",25,"1",0.903,0.903,0.903,0.903,NA,0,NA,"CI"
"104","p_pelagic","1",25,"2",0.966,0.966,0.966,0.966,NA,0,NA,"CI"
"105","p_yellow","1",25,"1",0.355,0.355,0.355,0.355,NA,0,NA,"CI"
"106","p_yellow","1",25,"2",0.465,0.465,0.465,0.465,NA,0,NA,"CI"
"107","p_black","1",25,"1",0.812,0.812,0.812,0.812,NA,0,NA,"CI"
"108","p_black","1",25,"2",0.524,0.524,0.524,0.524,NA,0,NA,"CI"
"109","p_pelagic","1",26,"1",0.889,0.889,0.889,0.889,NA,0,NA,"CI"
"110","p_pelagic","1",26,"2",0.967,0.967,0.967,0.967,NA,0,NA,"CI"
"111","p_yellow","1",26,"1",0.472,0.472,0.472,0.472,NA,0,NA,"CI"
"112","p_yellow","1",26,"2",0.516,0.516,0.516,0.516,NA,0,NA,"CI"
"113","p_black","1",26,"1",0.398,0.398,0.398,0.398,NA,0,NA,"CI"
"114","p_black","1",26,"2",0.318,0.318,0.318,0.318,NA,0,NA,"CI"
"115","p_pelagic","1",27,"1",0.895,0.895,0.895,0.895,NA,0,NA,"CI"
"116","p_pelagic","1",27,"2",0.962,0.962,0.962,0.962,NA,0,NA,"CI"
"117","p_yellow","1",27,"1",0.403,0.403,0.403,0.403,NA,0,NA,"CI"
"118","p_yellow","1",27,"2",0.467,0.467,0.467,0.467,NA,0,NA,"CI"
"119","p_black","1",27,"1",0.595,0.595,0.595,0.595,NA,0,NA,"CI"
"120","p_black","1",27,"2",0.61,0.61,0.61,0.61,NA,0,NA,"CI"
"121","p_pelagic","1",28,"1",0.939,0.939,0.939,0.939,NA,0,NA,"CI"
"122","p_pelagic","1",28,"2",0.941,0.941,0.941,0.941,NA,0,NA,"CI"
"123","p_yellow","1",28,"1",0.385,0.385,0.385,0.385,NA,0,NA,"CI"
"124","p_yellow","1",28,"2",0.474,0.474,0.474,0.474,NA,0,NA,"CI"
"125","p_black","1",28,"1",0.529,0.529,0.529,0.529,NA,0,NA,"CI"
"126","p_black","1",28,"2",0.223,0.223,0.223,0.223,NA,0,NA,"CI"
"127","p_pelagic","1",29,"1",0.942,0.942,0.942,0.942,NA,0,NA,"CI"
"128","p_pelagic","1",29,"2",0.957,0.957,0.957,0.957,NA,0,NA,"CI"
"129","p_yellow","1",29,"1",0.332,0.332,0.332,0.332,NA,0,NA,"CI"
"130","p_yellow","1",29,"2",0.555,0.555,0.555,0.555,NA,0,NA,"CI"
"131","p_black","1",29,"1",0.48,0.48,0.48,0.48,NA,0,NA,"CI"
"132","p_black","1",29,"2",0.532,0.532,0.532,0.532,NA,0,NA,"CI"
"133","p_pelagic","1",3,"1",0.915,0.915,0.915,0.915,NA,0,NA,"CI"
"134","p_pelagic","1",3,"2",0.961,0.961,0.961,0.961,NA,0,NA,"CI"
"135","p_yellow","1",3,"1",0.373,0.373,0.373,0.373,NA,0,NA,"CI"
"136","p_yellow","1",3,"2",0.513,0.513,0.513,0.513,NA,0,NA,"CI"
"137","p_black","1",3,"1",0.48,0.48,0.48,0.48,NA,0,NA,"CI"
"138","p_black","1",3,"2",0.419,0.419,0.419,0.419,NA,0,NA,"CI"
"139","p_pelagic","1",30,"1",0.911,0.911,0.911,0.911,NA,0,NA,"CI"
"140","p_pelagic","1",30,"2",0.938,0.938,0.938,0.938,NA,0,NA,"CI"
"141","p_yellow","1",30,"1",0.453,0.453,0.453,0.453,NA,0,NA,"CI"
"142","p_yellow","1",30,"2",0.517,0.517,0.517,0.517,NA,0,NA,"CI"
"143","p_black","1",30,"1",0.521,0.521,0.521,0.521,NA,0,NA,"CI"
"144","p_black","1",30,"2",0.266,0.266,0.266,0.266,NA,0,NA,"CI"
"145","p_pelagic","1",31,"1",0.924,0.924,0.924,0.924,NA,0,NA,"CI"
"146","p_pelagic","1",31,"2",0.964,0.964,0.964,0.964,NA,0,NA,"CI"
"147","p_yellow","1",31,"1",0.466,0.466,0.466,0.466,NA,0,NA,"CI"
"148","p_yellow","1",31,"2",0.514,0.514,0.514,0.514,NA,0,NA,"CI"
"149","p_black","1",31,"1",0.379,0.379,0.379,0.379,NA,0,NA,"CI"
"150","p_black","1",31,"2",0.358,0.358,0.358,0.358,NA,0,NA,"CI"
"151","p_pelagic","1",32,"1",0.926,0.926,0.926,0.926,NA,0,NA,"CI"
"152","p_pelagic","1",32,"2",0.964,0.964,0.964,0.964,NA,0,NA,"CI"
"153","p_yellow","1",32,"1",0.6,0.6,0.6,0.6,NA,0,NA,"CI"
"154","p_yellow","1",32,"2",0.514,0.514,0.514,0.514,NA,0,NA,"CI"
"155","p_black","1",32,"1",0.556,0.556,0.556,0.556,NA,0,NA,"CI"
"156","p_black","1",32,"2",0.502,0.502,0.502,0.502,NA,0,NA,"CI"
"157","p_pelagic","1",33,"1",0.909,0.909,0.909,0.909,NA,0,NA,"CI"
"158","p_pelagic","1",33,"2",0.976,0.976,0.976,0.976,NA,0,NA,"CI"
"159","p_yellow","1",33,"1",0.565,0.565,0.565,0.565,NA,0,NA,"CI"
"160","p_yellow","1",33,"2",0.52,0.52,0.52,0.52,NA,0,NA,"CI"
"161","p_black","1",33,"1",0.441,0.441,0.441,0.441,NA,0,NA,"CI"
"162","p_black","1",33,"2",0.154,0.154,0.154,0.154,NA,0,NA,"CI"
"163","p_pelagic","1",34,"1",0.754,0.754,0.754,0.754,NA,0,NA,"CI"
"164","p_pelagic","1",34,"2",0.978,0.978,0.978,0.978,NA,0,NA,"CI"
"165","p_yellow","1",34,"1",0.162,0.162,0.162,0.162,NA,0,NA,"CI"
"166","p_yellow","1",34,"2",0.474,0.474,0.474,0.474,NA,0,NA,"CI"
"167","p_black","1",34,"1",0.268,0.268,0.268,0.268,NA,0,NA,"CI"
"168","p_black","1",34,"2",0.231,0.231,0.231,0.231,NA,0,NA,"CI"
"169","p_pelagic","1",35,"1",0.844,0.844,0.844,0.844,NA,0,NA,"CI"
"170","p_pelagic","1",35,"2",0.946,0.946,0.946,0.946,NA,0,NA,"CI"
"171","p_yellow","1",35,"1",0.37,0.37,0.37,0.37,NA,0,NA,"CI"
"172","p_yellow","1",35,"2",0.436,0.436,0.436,0.436,NA,0,NA,"CI"
"173","p_black","1",35,"1",0.383,0.383,0.383,0.383,NA,0,NA,"CI"
"174","p_black","1",35,"2",0.367,0.367,0.367,0.367,NA,0,NA,"CI"
"175","p_pelagic","1",36,"1",0.881,0.881,0.881,0.881,NA,0,NA,"CI"
"176","p_pelagic","1",36,"2",0.967,0.967,0.967,0.967,NA,0,NA,"CI"
"177","p_yellow","1",36,"1",0.356,0.356,0.356,0.356,NA,0,NA,"CI"
"178","p_yellow","1",36,"2",0.554,0.554,0.554,0.554,NA,0,NA,"CI"
"179","p_black","1",36,"1",0.199,0.199,0.199,0.199,NA,0,NA,"CI"
"180","p_black","1",36,"2",0.501,0.501,0.501,0.501,NA,0,NA,"CI"
"181","p_pelagic","1",37,"1",0.91,0.91,0.91,0.91,NA,0,NA,"CI"
"182","p_pelagic","1",37,"2",0.932,0.932,0.932,0.932,NA,0,NA,"CI"
"183","p_yellow","1",37,"1",0.382,0.382,0.382,0.382,NA,0,NA,"CI"
"184","p_yellow","1",37,"2",0.54,0.54,0.54,0.54,NA,0,NA,"CI"
"185","p_black","1",37,"1",0.42,0.42,0.42,0.42,NA,0,NA,"CI"
"186","p_black","1",37,"2",0.43,0.43,0.43,0.43,NA,0,NA,"CI"
"187","p_pelagic","1",38,"1",0.933,0.933,0.933,0.933,NA,0,NA,"CI"
"188","p_pelagic","1",38,"2",0.962,0.962,0.962,0.962,NA,0,NA,"CI"
"189","p_yellow","1",38,"1",0.301,0.301,0.301,0.301,NA,0,NA,"CI"
"190","p_yellow","1",38,"2",0.638,0.638,0.638,0.638,NA,0,NA,"CI"
"191","p_black","1",38,"1",0.409,0.409,0.409,0.409,NA,0,NA,"CI"
"192","p_black","1",38,"2",0.318,0.318,0.318,0.318,NA,0,NA,"CI"
"193","p_pelagic","1",39,"1",0.928,0.928,0.928,0.928,NA,0,NA,"CI"
"194","p_pelagic","1",39,"2",0.959,0.959,0.959,0.959,NA,0,NA,"CI"
"195","p_yellow","1",39,"1",0.297,0.297,0.297,0.297,NA,0,NA,"CI"
"196","p_yellow","1",39,"2",0.565,0.565,0.565,0.565,NA,0,NA,"CI"
"197","p_black","1",39,"1",0.442,0.442,0.442,0.442,NA,0,NA,"CI"
"198","p_black","1",39,"2",0.329,0.329,0.329,0.329,NA,0,NA,"CI"
"199","p_pelagic","1",4,"1",0.917,0.917,0.917,0.917,NA,0,NA,"CI"
"200","p_pelagic","1",4,"2",0.961,0.961,0.961,0.961,NA,0,NA,"CI"
"201","p_yellow","1",4,"1",0.377,0.377,0.377,0.377,NA,0,NA,"CI"
"202","p_yellow","1",4,"2",0.513,0.513,0.513,0.513,NA,0,NA,"CI"
"203","p_black","1",4,"1",0.475,0.475,0.475,0.475,NA,0,NA,"CI"
"204","p_black","1",4,"2",0.424,0.424,0.424,0.424,NA,0,NA,"CI"
"205","p_pelagic","1",40,"1",0.923,0.923,0.923,0.923,NA,0,NA,"CI"
"206","p_pelagic","1",40,"2",0.969,0.969,0.969,0.969,NA,0,NA,"CI"
"207","p_yellow","1",40,"1",0.24,0.24,0.24,0.24,NA,0,NA,"CI"
"208","p_yellow","1",40,"2",0.443,0.443,0.443,0.443,NA,0,NA,"CI"
"209","p_black","1",40,"1",0.402,0.402,0.402,0.402,NA,0,NA,"CI"
"210","p_black","1",40,"2",0.369,0.369,0.369,0.369,NA,0,NA,"CI"
"211","p_pelagic","1",41,"1",0.891,0.891,0.891,0.891,NA,0,NA,"CI"
"212","p_pelagic","1",41,"2",0.941,0.941,0.941,0.941,NA,0,NA,"CI"
"213","p_yellow","1",41,"1",0.424,0.424,0.424,0.424,NA,0,NA,"CI"
"214","p_yellow","1",41,"2",0.507,0.507,0.507,0.507,NA,0,NA,"CI"
"215","p_black","1",41,"1",0.606,0.606,0.606,0.606,NA,0,NA,"CI"
"216","p_black","1",41,"2",0.446,0.446,0.446,0.446,NA,0,NA,"CI"
"217","p_pelagic","1",42,"1",0.921,0.921,0.921,0.921,NA,0,NA,"CI"
"218","p_pelagic","1",42,"2",0.958,0.958,0.958,0.958,NA,0,NA,"CI"
"219","p_yellow","1",42,"1",0.37,0.37,0.37,0.37,NA,0,NA,"CI"
"220","p_yellow","1",42,"2",0.48,0.48,0.48,0.48,NA,0,NA,"CI"
"221","p_black","1",42,"1",0.49,0.49,0.49,0.49,NA,0,NA,"CI"
"222","p_black","1",42,"2",0.588,0.588,0.588,0.588,NA,0,NA,"CI"
"223","p_pelagic","1",43,"1",0.939,0.939,0.939,0.939,NA,0,NA,"CI"
"224","p_pelagic","1",43,"2",0.968,0.968,0.968,0.968,NA,0,NA,"CI"
"225","p_yellow","1",43,"1",0.451,0.451,0.451,0.451,NA,0,NA,"CI"
"226","p_yellow","1",43,"2",0.447,0.447,0.447,0.447,NA,0,NA,"CI"
"227","p_black","1",43,"1",0.794,0.794,0.794,0.794,NA,0,NA,"CI"
"228","p_black","1",43,"2",0.746,0.746,0.746,0.746,NA,0,NA,"CI"
"229","p_pelagic","1",44,"1",0.934,0.934,0.929,0.939,1,0.002,0,"CI"
"230","p_pelagic","1",44,"2",0.943,0.945,0.892,0.978,1,0.022,-0.09,"CI"
"231","p_yellow","1",44,"1",0.383,0.383,0.347,0.422,1,0.019,0,"CI"
"232","p_yellow","1",44,"2",0.795,0.83,0.416,0.98,1,0.151,-0.233,"CI"
"233","p_black","1",44,"1",0.813,0.814,0.748,0.868,1,0.031,-0.033,"CI"
"234","p_black","1",44,"2",0.873,0.877,0.792,0.933,1.001,0.036,-0.11,"CI"
"235","p_pelagic","1",45,"1",0.923,0.923,0.919,0.928,1.001,0.002,0,"CI"
"236","p_pelagic","1",45,"2",0.928,0.931,0.872,0.97,1.001,0.025,-0.119,"CI"
"237","p_yellow","1",45,"1",0.361,0.36,0.333,0.389,1,0.015,0.069,"CI"
"238","p_yellow","1",45,"2",0.363,0.351,0.086,0.697,1,0.163,0.074,"CI"
"239","p_black","1",45,"1",0.831,0.834,0.757,0.895,1,0.036,-0.083,"CI"
"240","p_black","1",45,"2",0.634,0.635,0.528,0.736,1.001,0.053,-0.019,"CI"
"241","p_pelagic","1",46,"1",0.918,0.918,0.914,0.923,1,0.002,0,"CI"
"242","p_pelagic","1",46,"2",0.941,0.943,0.898,0.972,1.001,0.019,-0.104,"CI"
"243","p_yellow","1",46,"1",0.279,0.279,0.254,0.305,1,0.013,0,"CI"
"244","p_yellow","1",46,"2",0.227,0.206,0.034,0.527,1,0.132,0.16,"CI"
"245","p_black","1",46,"1",0.766,0.767,0.703,0.826,1,0.032,-0.032,"CI"
"246","p_black","1",46,"2",0.402,0.401,0.318,0.489,1.001,0.043,0.023,"CI"
"247","p_pelagic","1",47,"1",0.878,0.878,0.872,0.884,1,0.003,0,"CI"
"248","p_pelagic","1",47,"2",0.818,0.824,0.7,0.908,1,0.053,-0.113,"CI"
"249","p_yellow","1",47,"1",0.317,0.317,0.293,0.341,1,0.012,0,"CI"
"250","p_yellow","1",47,"2",0.658,0.671,0.365,0.89,1,0.136,-0.096,"CI"
"251","p_black","1",47,"1",0.584,0.584,0.503,0.661,1,0.041,0,"CI"
"252","p_black","1",47,"2",0.714,0.717,0.566,0.84,1,0.07,-0.043,"CI"
"253","p_pelagic","1",48,"1",0.867,0.867,0.862,0.873,1.001,0.003,0,"CI"
"254","p_pelagic","1",48,"2",0.949,0.953,0.893,0.983,1,0.024,-0.169,"CI"
"255","p_yellow","1",48,"1",0.377,0.377,0.353,0.401,1,0.012,0,"CI"
"256","p_yellow","1",48,"2",0.473,0.466,0.08,0.895,1.001,0.233,0.03,"CI"
"257","p_black","1",48,"1",0.79,0.791,0.719,0.853,1.001,0.034,-0.03,"CI"
"258","p_black","1",48,"2",0.531,0.532,0.391,0.666,1.002,0.071,-0.014,"CI"
"259","p_pelagic","1",49,"1",0.856,0.856,0.849,0.863,1,0.003,0,"CI"
"260","p_pelagic","1",49,"2",0.949,0.953,0.894,0.983,1,0.024,-0.169,"CI"
"261","p_yellow","1",49,"1",0.345,0.345,0.322,0.369,1,0.012,0,"CI"
"262","p_yellow","1",49,"2",0.254,0.202,0.016,0.713,1,0.194,0.269,"CI"
"263","p_black","1",49,"1",0.822,0.826,0.719,0.902,1,0.048,-0.084,"CI"
"264","p_black","1",49,"2",0.678,0.68,0.559,0.791,1.001,0.06,-0.034,"CI"
"265","p_pelagic","1",5,"1",0.915,0.915,0.915,0.915,NA,0,NA,"CI"
"266","p_pelagic","1",5,"2",0.961,0.961,0.961,0.961,NA,0,NA,"CI"
"267","p_yellow","1",5,"1",0.379,0.379,0.379,0.379,NA,0,NA,"CI"
"268","p_yellow","1",5,"2",0.515,0.515,0.515,0.515,NA,0,NA,"CI"
"269","p_black","1",5,"1",0.481,0.481,0.481,0.481,NA,0,NA,"CI"
"270","p_black","1",5,"2",0.423,0.423,0.423,0.423,NA,0,NA,"CI"
"271","p_pelagic","1",6,"1",0.916,0.916,0.916,0.916,NA,0,NA,"CI"
"272","p_pelagic","1",6,"2",0.961,0.961,0.961,0.961,NA,0,NA,"CI"
"273","p_yellow","1",6,"1",0.377,0.377,0.377,0.377,NA,0,NA,"CI"
"274","p_yellow","1",6,"2",0.51,0.51,0.51,0.51,NA,0,NA,"CI"
"275","p_black","1",6,"1",0.476,0.476,0.476,0.476,NA,0,NA,"CI"
"276","p_black","1",6,"2",0.427,0.427,0.427,0.427,NA,0,NA,"CI"
"277","p_pelagic","1",7,"1",0.915,0.915,0.915,0.915,NA,0,NA,"CI"
"278","p_pelagic","1",7,"2",0.961,0.961,0.961,0.961,NA,0,NA,"CI"
"279","p_yellow","1",7,"1",0.379,0.379,0.379,0.379,NA,0,NA,"CI"
"280","p_yellow","1",7,"2",0.516,0.516,0.516,0.516,NA,0,NA,"CI"
"281","p_black","1",7,"1",0.477,0.477,0.477,0.477,NA,0,NA,"CI"
"282","p_black","1",7,"2",0.428,0.428,0.428,0.428,NA,0,NA,"CI"
"283","p_pelagic","1",8,"1",0.916,0.916,0.916,0.916,NA,0,NA,"CI"
"284","p_pelagic","1",8,"2",0.961,0.961,0.961,0.961,NA,0,NA,"CI"
"285","p_yellow","1",8,"1",0.373,0.373,0.373,0.373,NA,0,NA,"CI"
"286","p_yellow","1",8,"2",0.519,0.519,0.519,0.519,NA,0,NA,"CI"
"287","p_black","1",8,"1",0.482,0.482,0.482,0.482,NA,0,NA,"CI"
"288","p_black","1",8,"2",0.415,0.415,0.415,0.415,NA,0,NA,"CI"
"289","p_pelagic","1",9,"1",0.916,0.916,0.916,0.916,NA,0,NA,"CI"
"290","p_pelagic","1",9,"2",0.961,0.961,0.961,0.961,NA,0,NA,"CI"
"291","p_yellow","1",9,"1",0.38,0.38,0.38,0.38,NA,0,NA,"CI"
"292","p_yellow","1",9,"2",0.519,0.519,0.519,0.519,NA,0,NA,"CI"
"293","p_black","1",9,"1",0.487,0.487,0.487,0.487,NA,0,NA,"CI"
"294","p_black","1",9,"2",0.417,0.417,0.417,0.417,NA,0,NA,"CI"
"295","p_pelagic","10",1,"1",0.936,0.936,0.936,0.936,NA,0,NA,"northeast"
"296","p_pelagic","10",1,"2",0.964,0.964,0.964,0.964,NA,0,NA,"northeast"
"297","p_yellow","10",1,"1",0.475,0.475,0.475,0.475,NA,0,NA,"northeast"
"298","p_yellow","10",1,"2",0.704,0.704,0.704,0.704,NA,0,NA,"northeast"
"299","p_black","10",1,"1",0.766,0.766,0.766,0.766,NA,0,NA,"northeast"
"300","p_black","10",1,"2",0.78,0.78,0.78,0.78,NA,0,NA,"northeast"
"301","p_pelagic","10",10,"1",0.936,0.936,0.936,0.936,NA,0,NA,"northeast"
"302","p_pelagic","10",10,"2",0.964,0.964,0.964,0.964,NA,0,NA,"northeast"
"303","p_yellow","10",10,"1",0.472,0.472,0.472,0.472,NA,0,NA,"northeast"
"304","p_yellow","10",10,"2",0.701,0.701,0.701,0.701,NA,0,NA,"northeast"
"305","p_black","10",10,"1",0.761,0.761,0.761,0.761,NA,0,NA,"northeast"
"306","p_black","10",10,"2",0.777,0.777,0.777,0.777,NA,0,NA,"northeast"
"307","p_pelagic","10",11,"1",0.937,0.937,0.937,0.937,NA,0,NA,"northeast"
"308","p_pelagic","10",11,"2",0.964,0.964,0.964,0.964,NA,0,NA,"northeast"
"309","p_yellow","10",11,"1",0.469,0.469,0.469,0.469,NA,0,NA,"northeast"
"310","p_yellow","10",11,"2",0.699,0.699,0.699,0.699,NA,0,NA,"northeast"
"311","p_black","10",11,"1",0.765,0.765,0.765,0.765,NA,0,NA,"northeast"
"312","p_black","10",11,"2",0.779,0.779,0.779,0.779,NA,0,NA,"northeast"
"313","p_pelagic","10",12,"1",0.936,0.936,0.936,0.936,NA,0,NA,"northeast"
"314","p_pelagic","10",12,"2",0.964,0.964,0.964,0.964,NA,0,NA,"northeast"
"315","p_yellow","10",12,"1",0.472,0.472,0.472,0.472,NA,0,NA,"northeast"
"316","p_yellow","10",12,"2",0.704,0.704,0.704,0.704,NA,0,NA,"northeast"
"317","p_black","10",12,"1",0.76,0.76,0.76,0.76,NA,0,NA,"northeast"
"318","p_black","10",12,"2",0.781,0.781,0.781,0.781,NA,0,NA,"northeast"
"319","p_pelagic","10",13,"1",0.937,0.937,0.937,0.937,NA,0,NA,"northeast"
"320","p_pelagic","10",13,"2",0.964,0.964,0.964,0.964,NA,0,NA,"northeast"
"321","p_yellow","10",13,"1",0.472,0.472,0.472,0.472,NA,0,NA,"northeast"
"322","p_yellow","10",13,"2",0.708,0.708,0.708,0.708,NA,0,NA,"northeast"
"323","p_black","10",13,"1",0.765,0.765,0.765,0.765,NA,0,NA,"northeast"
"324","p_black","10",13,"2",0.778,0.778,0.778,0.778,NA,0,NA,"northeast"
"325","p_pelagic","10",14,"1",0.936,0.936,0.936,0.936,NA,0,NA,"northeast"
"326","p_pelagic","10",14,"2",0.964,0.964,0.964,0.964,NA,0,NA,"northeast"
"327","p_yellow","10",14,"1",0.478,0.478,0.478,0.478,NA,0,NA,"northeast"
"328","p_yellow","10",14,"2",0.707,0.707,0.707,0.707,NA,0,NA,"northeast"
"329","p_black","10",14,"1",0.757,0.757,0.757,0.757,NA,0,NA,"northeast"
"330","p_black","10",14,"2",0.78,0.78,0.78,0.78,NA,0,NA,"northeast"
"331","p_pelagic","10",15,"1",0.936,0.936,0.936,0.936,NA,0,NA,"northeast"
"332","p_pelagic","10",15,"2",0.965,0.965,0.965,0.965,NA,0,NA,"northeast"
"333","p_yellow","10",15,"1",0.476,0.476,0.476,0.476,NA,0,NA,"northeast"
"334","p_yellow","10",15,"2",0.703,0.703,0.703,0.703,NA,0,NA,"northeast"
"335","p_black","10",15,"1",0.762,0.762,0.762,0.762,NA,0,NA,"northeast"
"336","p_black","10",15,"2",0.776,0.776,0.776,0.776,NA,0,NA,"northeast"
"337","p_pelagic","10",16,"1",0.936,0.936,0.936,0.936,NA,0,NA,"northeast"
"338","p_pelagic","10",16,"2",0.964,0.964,0.964,0.964,NA,0,NA,"northeast"
"339","p_yellow","10",16,"1",0.474,0.474,0.474,0.474,NA,0,NA,"northeast"
"340","p_yellow","10",16,"2",0.703,0.703,0.703,0.703,NA,0,NA,"northeast"
"341","p_black","10",16,"1",0.758,0.758,0.758,0.758,NA,0,NA,"northeast"
"342","p_black","10",16,"2",0.775,0.775,0.775,0.775,NA,0,NA,"northeast"
"343","p_pelagic","10",17,"1",0.936,0.936,0.936,0.936,NA,0,NA,"northeast"
"344","p_pelagic","10",17,"2",0.964,0.964,0.964,0.964,NA,0,NA,"northeast"
"345","p_yellow","10",17,"1",0.474,0.474,0.474,0.474,NA,0,NA,"northeast"
"346","p_yellow","10",17,"2",0.704,0.704,0.704,0.704,NA,0,NA,"northeast"
"347","p_black","10",17,"1",0.765,0.765,0.765,0.765,NA,0,NA,"northeast"
"348","p_black","10",17,"2",0.777,0.777,0.777,0.777,NA,0,NA,"northeast"
"349","p_pelagic","10",18,"1",0.936,0.936,0.936,0.936,NA,0,NA,"northeast"
"350","p_pelagic","10",18,"2",0.963,0.963,0.963,0.963,NA,0,NA,"northeast"
"351","p_yellow","10",18,"1",0.472,0.472,0.472,0.472,NA,0,NA,"northeast"
"352","p_yellow","10",18,"2",0.706,0.706,0.706,0.706,NA,0,NA,"northeast"
"353","p_black","10",18,"1",0.758,0.758,0.758,0.758,NA,0,NA,"northeast"
"354","p_black","10",18,"2",0.775,0.775,0.775,0.775,NA,0,NA,"northeast"
"355","p_pelagic","10",19,"1",0.936,0.936,0.936,0.936,NA,0,NA,"northeast"
"356","p_pelagic","10",19,"2",0.963,0.963,0.963,0.963,NA,0,NA,"northeast"
"357","p_yellow","10",19,"1",0.477,0.477,0.477,0.477,NA,0,NA,"northeast"
"358","p_yellow","10",19,"2",0.705,0.705,0.705,0.705,NA,0,NA,"northeast"
"359","p_black","10",19,"1",0.767,0.767,0.767,0.767,NA,0,NA,"northeast"
"360","p_black","10",19,"2",0.782,0.782,0.782,0.782,NA,0,NA,"northeast"
"361","p_pelagic","10",2,"1",0.934,0.934,0.934,0.934,NA,0,NA,"northeast"
"362","p_pelagic","10",2,"2",0.964,0.964,0.964,0.964,NA,0,NA,"northeast"
"363","p_yellow","10",2,"1",0.473,0.473,0.473,0.473,NA,0,NA,"northeast"
"364","p_yellow","10",2,"2",0.705,0.705,0.705,0.705,NA,0,NA,"northeast"
"365","p_black","10",2,"1",0.766,0.766,0.766,0.766,NA,0,NA,"northeast"
"366","p_black","10",2,"2",0.782,0.782,0.782,0.782,NA,0,NA,"northeast"
"367","p_pelagic","10",20,"1",0.95,0.95,0.95,0.95,NA,0,NA,"northeast"
"368","p_pelagic","10",20,"2",0.973,0.973,0.973,0.973,NA,0,NA,"northeast"
"369","p_yellow","10",20,"1",0.516,0.516,0.516,0.516,NA,0,NA,"northeast"
"370","p_yellow","10",20,"2",0.652,0.652,0.652,0.652,NA,0,NA,"northeast"
"371","p_black","10",20,"1",0.923,0.923,0.923,0.923,NA,0,NA,"northeast"
"372","p_black","10",20,"2",0.876,0.876,0.876,0.876,NA,0,NA,"northeast"
"373","p_pelagic","10",21,"1",0.908,0.908,0.908,0.908,NA,0,NA,"northeast"
"374","p_pelagic","10",21,"2",0.957,0.957,0.957,0.957,NA,0,NA,"northeast"
"375","p_yellow","10",21,"1",0.629,0.629,0.629,0.629,NA,0,NA,"northeast"
"376","p_yellow","10",21,"2",0.739,0.739,0.739,0.739,NA,0,NA,"northeast"
"377","p_black","10",21,"1",0.876,0.876,0.876,0.876,NA,0,NA,"northeast"
"378","p_black","10",21,"2",0.907,0.907,0.907,0.907,NA,0,NA,"northeast"
"379","p_pelagic","10",22,"1",0.728,0.728,0.728,0.728,NA,0,NA,"northeast"
"380","p_pelagic","10",22,"2",0.963,0.964,0.958,0.968,1.001,0.003,-0.376,"northeast"
"381","p_yellow","10",22,"1",0.802,0.802,0.802,0.802,NA,0,NA,"northeast"
"382","p_yellow","10",22,"2",0.745,0.746,0.678,0.805,1.001,0.033,-0.03,"northeast"
"383","p_black","10",22,"1",0.8,0.8,0.789,0.812,1.002,0.006,0,"northeast"
"384","p_black","10",22,"2",0.866,0.866,0.858,0.875,1.002,0.004,0,"northeast"
"385","p_pelagic","10",23,"1",0.938,0.938,0.938,0.938,NA,0,NA,"northeast"
"386","p_pelagic","10",23,"2",0.967,0.967,0.962,0.971,1.001,0.002,0,"northeast"
"387","p_yellow","10",23,"1",0.606,0.606,0.606,0.606,NA,0,NA,"northeast"
"388","p_yellow","10",23,"2",0.777,0.778,0.716,0.832,1.001,0.03,-0.033,"northeast"
"389","p_black","10",23,"1",0.865,0.865,0.856,0.873,1.002,0.004,0,"northeast"
"390","p_black","10",23,"2",0.761,0.761,0.748,0.774,1.002,0.007,0,"northeast"
"391","p_pelagic","10",24,"1",0.899,0.899,0.899,0.899,NA,0,NA,"northeast"
"392","p_pelagic","10",24,"2",0.979,0.979,0.976,0.982,1.001,0.002,0,"northeast"
"393","p_yellow","10",24,"1",0.7,0.7,0.7,0.7,NA,0,NA,"northeast"
"394","p_yellow","10",24,"2",0.705,0.706,0.633,0.772,1.001,0.036,-0.028,"northeast"
"395","p_black","10",24,"1",0.895,0.895,0.888,0.901,1.002,0.003,0,"northeast"
"396","p_black","10",24,"2",0.776,0.777,0.764,0.789,1.002,0.006,-0.157,"northeast"
"397","p_pelagic","10",25,"1",0.914,0.914,0.914,0.914,NA,0,NA,"northeast"
"398","p_pelagic","10",25,"2",0.975,0.975,0.971,0.978,1.001,0.002,0,"northeast"
"399","p_yellow","10",25,"1",0.632,0.632,0.632,0.632,NA,0,NA,"northeast"
"400","p_yellow","10",25,"2",0.683,0.684,0.609,0.753,1.001,0.038,-0.027,"northeast"
"401","p_black","10",25,"1",0.904,0.904,0.898,0.911,1.002,0.003,0,"northeast"
"402","p_black","10",25,"2",0.851,0.851,0.841,0.86,1.002,0.005,0,"northeast"
"403","p_pelagic","10",26,"1",0.914,0.914,0.914,0.914,NA,0,NA,"northeast"
"404","p_pelagic","10",26,"2",0.934,0.935,0.925,0.943,1.001,0.005,-0.216,"northeast"
"405","p_yellow","10",26,"1",0.54,0.54,0.54,0.54,NA,0,NA,"northeast"
"406","p_yellow","10",26,"2",0.783,0.784,0.723,0.836,1.001,0.03,-0.034,"northeast"
"407","p_black","10",26,"1",0.843,0.843,0.834,0.853,1.002,0.005,0,"northeast"
"408","p_black","10",26,"2",0.695,0.695,0.68,0.71,1.002,0.008,0,"northeast"
"409","p_pelagic","10",27,"1",0.926,0.926,0.926,0.926,NA,0,NA,"northeast"
"410","p_pelagic","10",27,"2",0.979,0.979,0.975,0.982,1.001,0.002,0,"northeast"
"411","p_yellow","10",27,"1",0.67,0.67,0.67,0.67,NA,0,NA,"northeast"
"412","p_yellow","10",27,"2",0.708,0.708,0.636,0.774,1.001,0.036,0,"northeast"
"413","p_black","10",27,"1",0.838,0.838,0.828,0.847,1.002,0.005,0,"northeast"
"414","p_black","10",27,"2",0.767,0.767,0.754,0.78,1.002,0.007,0,"northeast"
"415","p_pelagic","10",28,"1",0.906,0.906,0.906,0.906,NA,0,NA,"northeast"
"416","p_pelagic","10",28,"2",0.956,0.956,0.95,0.962,1.001,0.003,0,"northeast"
"417","p_yellow","10",28,"1",0.741,0.741,0.741,0.741,NA,0,NA,"northeast"
"418","p_yellow","10",28,"2",0.764,0.765,0.701,0.821,1.001,0.031,-0.032,"northeast"
"419","p_black","10",28,"1",0.768,0.768,0.755,0.78,1.002,0.006,0,"northeast"
"420","p_black","10",28,"2",0.842,0.842,0.832,0.851,1.002,0.005,0,"northeast"
"421","p_pelagic","10",29,"1",0.88,0.88,0.88,0.88,NA,0,NA,"northeast"
"422","p_pelagic","10",29,"2",0.978,0.978,0.975,0.981,1.001,0.002,0,"northeast"
"423","p_yellow","10",29,"1",0.814,0.814,0.814,0.814,NA,0,NA,"northeast"
"424","p_yellow","10",29,"2",0.707,0.708,0.635,0.774,1.001,0.036,-0.028,"northeast"
"425","p_black","10",29,"1",0.908,0.908,0.903,0.914,1.002,0.003,0,"northeast"
"426","p_black","10",29,"2",0.848,0.848,0.839,0.858,1.002,0.005,0,"northeast"
"427","p_pelagic","10",3,"1",0.938,0.938,0.938,0.938,NA,0,NA,"northeast"
"428","p_pelagic","10",3,"2",0.964,0.964,0.964,0.964,NA,0,NA,"northeast"
"429","p_yellow","10",3,"1",0.479,0.479,0.479,0.479,NA,0,NA,"northeast"
"430","p_yellow","10",3,"2",0.703,0.703,0.703,0.703,NA,0,NA,"northeast"
"431","p_black","10",3,"1",0.764,0.764,0.764,0.764,NA,0,NA,"northeast"
"432","p_black","10",3,"2",0.778,0.778,0.778,0.778,NA,0,NA,"northeast"
"433","p_pelagic","10",30,"1",0.947,0.947,0.947,0.947,NA,0,NA,"northeast"
"434","p_pelagic","10",30,"2",0.947,0.947,0.939,0.954,1.001,0.004,0,"northeast"
"435","p_yellow","10",30,"1",0.618,0.618,0.618,0.618,NA,0,NA,"northeast"
"436","p_yellow","10",30,"2",0.677,0.678,0.603,0.748,1.001,0.038,-0.026,"northeast"
"437","p_black","10",30,"1",0.847,0.847,0.838,0.856,1.002,0.005,0,"northeast"
"438","p_black","10",30,"2",0.872,0.872,0.864,0.88,1.002,0.004,0,"northeast"
"439","p_pelagic","10",31,"1",0.916,0.916,0.916,0.916,NA,0,NA,"northeast"
"440","p_pelagic","10",31,"2",0.97,0.97,0.965,0.974,1.001,0.002,0,"northeast"
"441","p_yellow","10",31,"1",0.378,0.378,0.378,0.378,NA,0,NA,"northeast"
"442","p_yellow","10",31,"2",0.709,0.71,0.638,0.776,1.001,0.036,-0.028,"northeast"
"443","p_black","10",31,"1",0.68,0.68,0.665,0.696,1.002,0.008,0,"northeast"
"444","p_black","10",31,"2",0.91,0.91,0.904,0.916,1.001,0.003,0,"northeast"
"445","p_pelagic","10",32,"1",0.933,0.933,0.933,0.933,NA,0,NA,"northeast"
"446","p_pelagic","10",32,"2",0.963,0.963,0.958,0.968,1.001,0.003,0,"northeast"
"447","p_yellow","10",32,"1",0.671,0.671,0.671,0.671,NA,0,NA,"northeast"
"448","p_yellow","10",32,"2",0.666,0.667,0.59,0.739,1.001,0.039,-0.026,"northeast"
"449","p_black","10",32,"1",0.813,0.813,0.803,0.824,1.002,0.005,0,"northeast"
"450","p_black","10",32,"2",0.799,0.799,0.788,0.811,1.002,0.006,0,"northeast"
"451","p_pelagic","10",33,"1",0.953,0.953,0.953,0.953,NA,0,NA,"northeast"
"452","p_pelagic","10",33,"2",0.926,0.926,0.915,0.936,1.001,0.005,0,"northeast"
"453","p_yellow","10",33,"1",0.689,0.689,0.689,0.689,NA,0,NA,"northeast"
"454","p_yellow","10",33,"2",0.789,0.79,0.731,0.842,1.001,0.029,-0.035,"northeast"
"455","p_black","10",33,"1",0.725,0.726,0.712,0.74,1.002,0.007,-0.14,"northeast"
"456","p_black","10",33,"2",0.694,0.694,0.679,0.709,1.002,0.008,0,"northeast"
"457","p_pelagic","10",34,"1",0.824,0.824,0.824,0.824,NA,0,NA,"northeast"
"458","p_pelagic","10",34,"2",0.963,0.963,0.958,0.968,1.001,0.003,0,"northeast"
"459","p_yellow","10",34,"1",0.213,0.213,0.213,0.213,NA,0,NA,"northeast"
"460","p_yellow","10",34,"2",0.641,0.641,0.563,0.716,1.001,0.04,0,"northeast"
"461","p_black","10",34,"1",0.538,0.538,0.52,0.556,1.002,0.009,0,"northeast"
"462","p_black","10",34,"2",0.733,0.733,0.719,0.747,1.002,0.007,0,"northeast"
"463","p_pelagic","10",35,"1",0.957,0.957,0.957,0.957,NA,0,NA,"northeast"
"464","p_pelagic","10",35,"2",0.95,0.95,0.943,0.957,1.001,0.004,0,"northeast"
"465","p_yellow","10",35,"1",0.499,0.499,0.499,0.499,NA,0,NA,"northeast"
"466","p_yellow","10",35,"2",0.706,0.707,0.635,0.773,1.001,0.036,-0.028,"northeast"
"467","p_black","10",35,"1",0.829,0.829,0.819,0.839,1.002,0.005,0,"northeast"
"468","p_black","10",35,"2",0.832,0.832,0.822,0.842,1.002,0.005,0,"northeast"
"469","p_pelagic","10",36,"1",0.918,0.918,0.918,0.918,NA,0,NA,"northeast"
"470","p_pelagic","10",36,"2",0.973,0.973,0.969,0.977,1.001,0.002,0,"northeast"
"471","p_yellow","10",36,"1",0.38,0.38,0.38,0.38,NA,0,NA,"northeast"
"472","p_yellow","10",36,"2",0.73,0.731,0.662,0.793,1.001,0.034,-0.029,"northeast"
"473","p_black","10",36,"1",0.735,0.735,0.722,0.749,1.002,0.007,0,"northeast"
"474","p_black","10",36,"2",0.779,0.779,0.767,0.791,1.002,0.006,0,"northeast"
"475","p_pelagic","10",37,"1",0.937,0.937,0.937,0.937,NA,0,NA,"northeast"
"476","p_pelagic","10",37,"2",0.943,0.943,0.935,0.951,1.001,0.004,0,"northeast"
"477","p_yellow","10",37,"1",0.584,0.584,0.584,0.584,NA,0,NA,"northeast"
"478","p_yellow","10",37,"2",0.648,0.648,0.57,0.722,1.001,0.04,0,"northeast"
"479","p_black","10",37,"1",0.582,0.582,0.565,0.599,1.002,0.009,0,"northeast"
"480","p_black","10",37,"2",0.773,0.773,0.76,0.785,1.002,0.006,0,"northeast"
"481","p_pelagic","10",38,"1",0.874,0.874,0.874,0.874,NA,0,NA,"northeast"
"482","p_pelagic","10",38,"2",0.927,0.927,0.917,0.937,1.001,0.005,0,"northeast"
"483","p_yellow","10",38,"1",0.264,0.264,0.264,0.264,NA,0,NA,"northeast"
"484","p_yellow","10",38,"2",0.78,0.781,0.72,0.835,1.001,0.03,-0.034,"northeast"
"485","p_black","10",38,"1",0.803,0.803,0.792,0.814,1.002,0.006,0,"northeast"
"486","p_black","10",38,"2",0.85,0.85,0.841,0.859,1.002,0.005,0,"northeast"
"487","p_pelagic","10",39,"1",0.953,0.953,0.953,0.953,NA,0,NA,"northeast"
"488","p_pelagic","10",39,"2",0.958,0.958,0.952,0.964,1.001,0.003,0,"northeast"
"489","p_yellow","10",39,"1",0.688,0.688,0.688,0.688,NA,0,NA,"northeast"
"490","p_yellow","10",39,"2",0.707,0.708,0.636,0.774,1.001,0.036,-0.028,"northeast"
"491","p_black","10",39,"1",0.656,0.656,0.64,0.672,1.002,0.008,0,"northeast"
"492","p_black","10",39,"2",0.781,0.781,0.768,0.793,1.002,0.006,0,"northeast"
"493","p_pelagic","10",4,"1",0.937,0.937,0.937,0.937,NA,0,NA,"northeast"
"494","p_pelagic","10",4,"2",0.964,0.964,0.964,0.964,NA,0,NA,"northeast"
"495","p_yellow","10",4,"1",0.472,0.472,0.472,0.472,NA,0,NA,"northeast"
"496","p_yellow","10",4,"2",0.702,0.702,0.702,0.702,NA,0,NA,"northeast"
"497","p_black","10",4,"1",0.763,0.763,0.763,0.763,NA,0,NA,"northeast"
"498","p_black","10",4,"2",0.78,0.78,0.78,0.78,NA,0,NA,"northeast"
"499","p_pelagic","10",40,"1",0.948,0.948,0.948,0.948,NA,0,NA,"northeast"
"500","p_pelagic","10",40,"2",0.974,0.974,0.97,0.978,1.001,0.002,0,"northeast"
"501","p_yellow","10",40,"1",0.592,0.592,0.592,0.592,NA,0,NA,"northeast"
"502","p_yellow","10",40,"2",0.729,0.73,0.66,0.792,1.001,0.034,-0.029,"northeast"
"503","p_black","10",40,"1",0.572,0.572,0.555,0.59,1.002,0.009,0,"northeast"
"504","p_black","10",40,"2",0.851,0.851,0.842,0.86,1.002,0.005,0,"northeast"
"505","p_pelagic","10",41,"1",0.964,0.964,0.964,0.964,NA,0,NA,"northeast"
"506","p_pelagic","10",41,"2",0.966,0.966,0.961,0.971,1.001,0.002,0,"northeast"
"507","p_yellow","10",41,"1",0.74,0.74,0.74,0.74,NA,0,NA,"northeast"
"508","p_yellow","10",41,"2",0.649,0.649,0.571,0.723,1.001,0.039,0,"northeast"
"509","p_black","10",41,"1",0.686,0.686,0.671,0.701,1.002,0.008,0,"northeast"
"510","p_black","10",41,"2",0.797,0.797,0.785,0.808,1.002,0.006,0,"northeast"
"511","p_pelagic","10",42,"1",0.962,0.962,0.962,0.962,NA,0,NA,"northeast"
"512","p_pelagic","10",42,"2",0.955,0.955,0.948,0.961,1.001,0.003,0,"northeast"
"513","p_yellow","10",42,"1",0.665,0.665,0.665,0.665,NA,0,NA,"northeast"
"514","p_yellow","10",42,"2",0.563,0.563,0.481,0.645,1.001,0.043,0,"northeast"
"515","p_black","10",42,"1",0.755,0.755,0.742,0.768,1.002,0.007,0,"northeast"
"516","p_black","10",42,"2",0.828,0.828,0.817,0.838,1.002,0.005,0,"northeast"
"517","p_pelagic","10",43,"1",0.955,0.955,0.955,0.955,NA,0,NA,"northeast"
"518","p_pelagic","10",43,"2",0.954,0.954,0.947,0.96,1.001,0.003,0,"northeast"
"519","p_yellow","10",43,"1",0.651,0.651,0.651,0.651,NA,0,NA,"northeast"
"520","p_yellow","10",43,"2",0.741,0.742,0.674,0.802,1.001,0.033,-0.03,"northeast"
"521","p_black","10",43,"1",0.781,0.781,0.769,0.793,1.002,0.006,0,"northeast"
"522","p_black","10",43,"2",0.842,0.842,0.833,0.852,1.002,0.005,0,"northeast"
"523","p_pelagic","10",44,"1",0.934,0.934,0.926,0.941,1,0.004,0,"northeast"
"524","p_pelagic","10",44,"2",0.934,0.936,0.889,0.966,1.002,0.02,-0.1,"northeast"
"525","p_yellow","10",44,"1",0.763,0.763,0.714,0.808,1.001,0.024,0,"northeast"
"526","p_yellow","10",44,"2",0.834,0.851,0.625,0.96,1,0.089,-0.19,"northeast"
"527","p_black","10",44,"1",0.732,0.733,0.643,0.809,1.001,0.043,-0.023,"northeast"
"528","p_black","10",44,"2",0.685,0.686,0.602,0.764,1,0.042,-0.024,"northeast"
"529","p_pelagic","10",45,"1",0.928,0.928,0.923,0.933,1.001,0.003,0,"northeast"
"530","p_pelagic","10",45,"2",0.986,0.987,0.974,0.995,1.001,0.006,-0.18,"northeast"
"531","p_yellow","10",45,"1",0.602,0.602,0.566,0.637,1,0.018,0,"northeast"
"532","p_yellow","10",45,"2",0.764,0.797,0.403,0.966,1,0.153,-0.216,"northeast"
"533","p_black","10",45,"1",0.89,0.891,0.857,0.919,1,0.016,-0.063,"northeast"
"534","p_black","10",45,"2",0.84,0.842,0.792,0.884,1,0.024,-0.083,"northeast"
"535","p_pelagic","10",46,"1",0.942,0.942,0.938,0.946,1,0.002,0,"northeast"
"536","p_pelagic","10",46,"2",0.976,0.978,0.955,0.991,1.002,0.01,-0.21,"northeast"
"537","p_yellow","10",46,"1",0.567,0.567,0.527,0.606,1.001,0.02,0,"northeast"
"538","p_yellow","10",46,"2",0.799,0.83,0.478,0.969,1.001,0.133,-0.234,"northeast"
"539","p_black","10",46,"1",0.885,0.886,0.836,0.924,1.001,0.023,-0.044,"northeast"
"540","p_black","10",46,"2",0.849,0.851,0.787,0.902,1,0.029,-0.068,"northeast"
"541","p_pelagic","10",47,"1",0.957,0.957,0.953,0.961,1.001,0.002,0,"northeast"
"542","p_pelagic","10",47,"2",0.967,0.968,0.941,0.984,1,0.011,-0.091,"northeast"
"543","p_yellow","10",47,"1",0.577,0.577,0.53,0.623,1.001,0.023,0,"northeast"
"544","p_yellow","10",47,"2",0.488,0.487,0.211,0.774,1,0.147,0.007,"northeast"
"545","p_black","10",47,"1",0.777,0.777,0.728,0.825,1,0.025,0,"northeast"
"546","p_black","10",47,"2",0.83,0.831,0.776,0.88,1.001,0.027,-0.038,"northeast"
"547","p_pelagic","10",48,"1",0.896,0.896,0.89,0.902,1.003,0.003,0,"northeast"
"548","p_pelagic","10",48,"2",0.924,0.925,0.885,0.953,1,0.018,-0.056,"northeast"
"549","p_yellow","10",48,"1",0.523,0.522,0.492,0.553,1,0.016,0.063,"northeast"
"550","p_yellow","10",48,"2",0.792,0.802,0.604,0.927,1,0.085,-0.117,"northeast"
"551","p_black","10",48,"1",0.673,0.674,0.59,0.753,1.001,0.041,-0.024,"northeast"
"552","p_black","10",48,"2",0.836,0.837,0.784,0.884,1,0.026,-0.039,"northeast"
"553","p_pelagic","10",49,"1",0.88,0.88,0.874,0.887,1.002,0.003,0,"northeast"
"554","p_pelagic","10",49,"2",0.903,0.904,0.869,0.932,1,0.016,-0.062,"northeast"
"555","p_yellow","10",49,"1",0.488,0.488,0.459,0.517,1.001,0.015,0,"northeast"
"556","p_yellow","10",49,"2",0.526,0.527,0.368,0.681,1,0.081,-0.012,"northeast"
"557","p_black","10",49,"1",0.615,0.616,0.562,0.665,1,0.026,-0.038,"northeast"
"558","p_black","10",49,"2",0.783,0.783,0.735,0.827,1,0.023,0,"northeast"
"559","p_pelagic","10",5,"1",0.937,0.937,0.937,0.937,NA,0,NA,"northeast"
"560","p_pelagic","10",5,"2",0.964,0.964,0.964,0.964,NA,0,NA,"northeast"
"561","p_yellow","10",5,"1",0.475,0.475,0.475,0.475,NA,0,NA,"northeast"
"562","p_yellow","10",5,"2",0.701,0.701,0.701,0.701,NA,0,NA,"northeast"
"563","p_black","10",5,"1",0.763,0.763,0.763,0.763,NA,0,NA,"northeast"
"564","p_black","10",5,"2",0.775,0.775,0.775,0.775,NA,0,NA,"northeast"
"565","p_pelagic","10",6,"1",0.936,0.936,0.936,0.936,NA,0,NA,"northeast"
"566","p_pelagic","10",6,"2",0.964,0.964,0.964,0.964,NA,0,NA,"northeast"
"567","p_yellow","10",6,"1",0.474,0.474,0.474,0.474,NA,0,NA,"northeast"
"568","p_yellow","10",6,"2",0.699,0.699,0.699,0.699,NA,0,NA,"northeast"
"569","p_black","10",6,"1",0.77,0.77,0.77,0.77,NA,0,NA,"northeast"
"570","p_black","10",6,"2",0.776,0.776,0.776,0.776,NA,0,NA,"northeast"
"571","p_pelagic","10",7,"1",0.937,0.937,0.937,0.937,NA,0,NA,"northeast"
"572","p_pelagic","10",7,"2",0.964,0.964,0.964,0.964,NA,0,NA,"northeast"
"573","p_yellow","10",7,"1",0.468,0.468,0.468,0.468,NA,0,NA,"northeast"
"574","p_yellow","10",7,"2",0.703,0.703,0.703,0.703,NA,0,NA,"northeast"
"575","p_black","10",7,"1",0.766,0.766,0.766,0.766,NA,0,NA,"northeast"
"576","p_black","10",7,"2",0.781,0.781,0.781,0.781,NA,0,NA,"northeast"
"577","p_pelagic","10",8,"1",0.937,0.937,0.937,0.937,NA,0,NA,"northeast"
"578","p_pelagic","10",8,"2",0.963,0.963,0.963,0.963,NA,0,NA,"northeast"
"579","p_yellow","10",8,"1",0.474,0.474,0.474,0.474,NA,0,NA,"northeast"
"580","p_yellow","10",8,"2",0.708,0.708,0.708,0.708,NA,0,NA,"northeast"
"581","p_black","10",8,"1",0.759,0.759,0.759,0.759,NA,0,NA,"northeast"
"582","p_black","10",8,"2",0.771,0.771,0.771,0.771,NA,0,NA,"northeast"
"583","p_pelagic","10",9,"1",0.936,0.936,0.936,0.936,NA,0,NA,"northeast"
"584","p_pelagic","10",9,"2",0.964,0.964,0.964,0.964,NA,0,NA,"northeast"
"585","p_yellow","10",9,"1",0.477,0.477,0.477,0.477,NA,0,NA,"northeast"
"586","p_yellow","10",9,"2",0.706,0.706,0.706,0.706,NA,0,NA,"northeast"
"587","p_black","10",9,"1",0.765,0.765,0.765,0.765,NA,0,NA,"northeast"
"588","p_black","10",9,"2",0.774,0.774,0.774,0.774,NA,0,NA,"northeast"
"589","p_pelagic","11",1,"1",0.462,0.462,0.462,0.462,NA,0,NA,"CSEO"
"590","p_pelagic","11",1,"2",0.381,0.381,0.381,0.381,NA,0,NA,"CSEO"
"591","p_yellow","11",1,"1",0.517,0.517,0.517,0.517,NA,0,NA,"CSEO"
"592","p_yellow","11",1,"2",0.404,0.404,0.404,0.404,NA,0,NA,"CSEO"
"593","p_black","11",1,"1",0.967,0.967,0.967,0.967,NA,0,NA,"CSEO"
"594","p_black","11",1,"2",0.937,0.937,0.937,0.937,NA,0,NA,"CSEO"
"595","p_dsr","11",1,"1",0.41,0.41,0.41,0.41,NA,0,NA,"CSEO"
"596","p_dsr","11",1,"2",0.548,0.548,0.548,0.548,NA,0,NA,"CSEO"
"597","p_slope","11",1,"1",0.099,0.099,0.099,0.099,NA,0,NA,"CSEO"
"598","p_slope","11",1,"2",0.073,0.073,0.073,0.073,NA,0,NA,"CSEO"
"599","p_pelagic","11",10,"1",0.461,0.461,0.461,0.461,NA,0,NA,"CSEO"
"600","p_pelagic","11",10,"2",0.384,0.384,0.384,0.384,NA,0,NA,"CSEO"
"601","p_yellow","11",10,"1",0.513,0.513,0.513,0.513,NA,0,NA,"CSEO"
"602","p_yellow","11",10,"2",0.404,0.404,0.404,0.404,NA,0,NA,"CSEO"
"603","p_black","11",10,"1",0.968,0.968,0.968,0.968,NA,0,NA,"CSEO"
"604","p_black","11",10,"2",0.936,0.936,0.936,0.936,NA,0,NA,"CSEO"
"605","p_dsr","11",10,"1",0.41,0.41,0.41,0.41,NA,0,NA,"CSEO"
"606","p_dsr","11",10,"2",0.554,0.554,0.554,0.554,NA,0,NA,"CSEO"
"607","p_slope","11",10,"1",0.1,0.1,0.1,0.1,NA,0,NA,"CSEO"
"608","p_slope","11",10,"2",0.073,0.073,0.073,0.073,NA,0,NA,"CSEO"
"609","p_pelagic","11",11,"1",0.46,0.46,0.46,0.46,NA,0,NA,"CSEO"
"610","p_pelagic","11",11,"2",0.384,0.384,0.384,0.384,NA,0,NA,"CSEO"
"611","p_yellow","11",11,"1",0.527,0.527,0.527,0.527,NA,0,NA,"CSEO"
"612","p_yellow","11",11,"2",0.403,0.403,0.403,0.403,NA,0,NA,"CSEO"
"613","p_black","11",11,"1",0.968,0.968,0.968,0.968,NA,0,NA,"CSEO"
"614","p_black","11",11,"2",0.934,0.934,0.934,0.934,NA,0,NA,"CSEO"
"615","p_dsr","11",11,"1",0.42,0.42,0.42,0.42,NA,0,NA,"CSEO"
"616","p_dsr","11",11,"2",0.544,0.544,0.544,0.544,NA,0,NA,"CSEO"
"617","p_slope","11",11,"1",0.1,0.1,0.1,0.1,NA,0,NA,"CSEO"
"618","p_slope","11",11,"2",0.072,0.072,0.072,0.072,NA,0,NA,"CSEO"
"619","p_pelagic","11",12,"1",0.461,0.461,0.461,0.461,NA,0,NA,"CSEO"
"620","p_pelagic","11",12,"2",0.382,0.382,0.382,0.382,NA,0,NA,"CSEO"
"621","p_yellow","11",12,"1",0.521,0.521,0.521,0.521,NA,0,NA,"CSEO"
"622","p_yellow","11",12,"2",0.408,0.408,0.408,0.408,NA,0,NA,"CSEO"
"623","p_black","11",12,"1",0.967,0.967,0.967,0.967,NA,0,NA,"CSEO"
"624","p_black","11",12,"2",0.937,0.937,0.937,0.937,NA,0,NA,"CSEO"
"625","p_dsr","11",12,"1",0.412,0.412,0.412,0.412,NA,0,NA,"CSEO"
"626","p_dsr","11",12,"2",0.557,0.557,0.557,0.557,NA,0,NA,"CSEO"
"627","p_slope","11",12,"1",0.098,0.098,0.098,0.098,NA,0,NA,"CSEO"
"628","p_slope","11",12,"2",0.069,0.069,0.069,0.069,NA,0,NA,"CSEO"
"629","p_pelagic","11",13,"1",0.46,0.46,0.46,0.46,NA,0,NA,"CSEO"
"630","p_pelagic","11",13,"2",0.384,0.384,0.384,0.384,NA,0,NA,"CSEO"
"631","p_yellow","11",13,"1",0.525,0.525,0.525,0.525,NA,0,NA,"CSEO"
"632","p_yellow","11",13,"2",0.405,0.405,0.405,0.405,NA,0,NA,"CSEO"
"633","p_black","11",13,"1",0.967,0.967,0.967,0.967,NA,0,NA,"CSEO"
"634","p_black","11",13,"2",0.935,0.935,0.935,0.935,NA,0,NA,"CSEO"
"635","p_dsr","11",13,"1",0.415,0.415,0.415,0.415,NA,0,NA,"CSEO"
"636","p_dsr","11",13,"2",0.55,0.55,0.55,0.55,NA,0,NA,"CSEO"
"637","p_slope","11",13,"1",0.1,0.1,0.1,0.1,NA,0,NA,"CSEO"
"638","p_slope","11",13,"2",0.073,0.073,0.073,0.073,NA,0,NA,"CSEO"
"639","p_pelagic","11",14,"1",0.473,0.473,0.473,0.473,NA,0,NA,"CSEO"
"640","p_pelagic","11",14,"2",0.391,0.391,0.391,0.391,NA,0,NA,"CSEO"
"641","p_yellow","11",14,"1",0.522,0.522,0.522,0.522,NA,0,NA,"CSEO"
"642","p_yellow","11",14,"2",0.408,0.408,0.408,0.408,NA,0,NA,"CSEO"
"643","p_black","11",14,"1",0.968,0.968,0.968,0.968,NA,0,NA,"CSEO"
"644","p_black","11",14,"2",0.934,0.934,0.934,0.934,NA,0,NA,"CSEO"
"645","p_dsr","11",14,"1",0.42,0.42,0.42,0.42,NA,0,NA,"CSEO"
"646","p_dsr","11",14,"2",0.555,0.555,0.555,0.555,NA,0,NA,"CSEO"
"647","p_slope","11",14,"1",0.1,0.1,0.1,0.1,NA,0,NA,"CSEO"
"648","p_slope","11",14,"2",0.072,0.072,0.072,0.072,NA,0,NA,"CSEO"
"649","p_pelagic","11",15,"1",0.435,0.435,0.435,0.435,NA,0,NA,"CSEO"
"650","p_pelagic","11",15,"2",0.376,0.376,0.376,0.376,NA,0,NA,"CSEO"
"651","p_yellow","11",15,"1",0.509,0.509,0.509,0.509,NA,0,NA,"CSEO"
"652","p_yellow","11",15,"2",0.404,0.404,0.404,0.404,NA,0,NA,"CSEO"
"653","p_black","11",15,"1",0.967,0.967,0.967,0.967,NA,0,NA,"CSEO"
"654","p_black","11",15,"2",0.935,0.935,0.935,0.935,NA,0,NA,"CSEO"
"655","p_dsr","11",15,"1",0.408,0.408,0.408,0.408,NA,0,NA,"CSEO"
"656","p_dsr","11",15,"2",0.545,0.545,0.545,0.545,NA,0,NA,"CSEO"
"657","p_slope","11",15,"1",0.093,0.093,0.093,0.093,NA,0,NA,"CSEO"
"658","p_slope","11",15,"2",0.072,0.072,0.072,0.072,NA,0,NA,"CSEO"
"659","p_pelagic","11",16,"1",0.483,0.483,0.483,0.483,NA,0,NA,"CSEO"
"660","p_pelagic","11",16,"2",0.393,0.393,0.393,0.393,NA,0,NA,"CSEO"
"661","p_yellow","11",16,"1",0.521,0.521,0.521,0.521,NA,0,NA,"CSEO"
"662","p_yellow","11",16,"2",0.41,0.41,0.41,0.41,NA,0,NA,"CSEO"
"663","p_black","11",16,"1",0.967,0.967,0.967,0.967,NA,0,NA,"CSEO"
"664","p_black","11",16,"2",0.937,0.937,0.937,0.937,NA,0,NA,"CSEO"
"665","p_dsr","11",16,"1",0.418,0.418,0.418,0.418,NA,0,NA,"CSEO"
"666","p_dsr","11",16,"2",0.543,0.543,0.543,0.543,NA,0,NA,"CSEO"
"667","p_slope","11",16,"1",0.104,0.104,0.104,0.104,NA,0,NA,"CSEO"
"668","p_slope","11",16,"2",0.074,0.074,0.074,0.074,NA,0,NA,"CSEO"
"669","p_pelagic","11",17,"1",0.471,0.471,0.471,0.471,NA,0,NA,"CSEO"
"670","p_pelagic","11",17,"2",0.383,0.383,0.383,0.383,NA,0,NA,"CSEO"
"671","p_yellow","11",17,"1",0.529,0.529,0.529,0.529,NA,0,NA,"CSEO"
"672","p_yellow","11",17,"2",0.407,0.407,0.407,0.407,NA,0,NA,"CSEO"
"673","p_black","11",17,"1",0.967,0.967,0.967,0.967,NA,0,NA,"CSEO"
"674","p_black","11",17,"2",0.936,0.936,0.936,0.936,NA,0,NA,"CSEO"
"675","p_dsr","11",17,"1",0.419,0.419,0.419,0.419,NA,0,NA,"CSEO"
"676","p_dsr","11",17,"2",0.558,0.558,0.558,0.558,NA,0,NA,"CSEO"
"677","p_slope","11",17,"1",0.105,0.105,0.105,0.105,NA,0,NA,"CSEO"
"678","p_slope","11",17,"2",0.073,0.073,0.073,0.073,NA,0,NA,"CSEO"
"679","p_pelagic","11",18,"1",0.47,0.47,0.47,0.47,NA,0,NA,"CSEO"
"680","p_pelagic","11",18,"2",0.389,0.389,0.389,0.389,NA,0,NA,"CSEO"
"681","p_yellow","11",18,"1",0.527,0.527,0.527,0.527,NA,0,NA,"CSEO"
"682","p_yellow","11",18,"2",0.411,0.411,0.411,0.411,NA,0,NA,"CSEO"
"683","p_black","11",18,"1",0.967,0.967,0.967,0.967,NA,0,NA,"CSEO"
"684","p_black","11",18,"2",0.936,0.936,0.936,0.936,NA,0,NA,"CSEO"
"685","p_dsr","11",18,"1",0.411,0.411,0.411,0.411,NA,0,NA,"CSEO"
"686","p_dsr","11",18,"2",0.559,0.559,0.559,0.559,NA,0,NA,"CSEO"
"687","p_slope","11",18,"1",0.104,0.104,0.104,0.104,NA,0,NA,"CSEO"
"688","p_slope","11",18,"2",0.076,0.076,0.076,0.076,NA,0,NA,"CSEO"
"689","p_pelagic","11",19,"1",0.485,0.485,0.485,0.485,NA,0,NA,"CSEO"
"690","p_pelagic","11",19,"2",0.393,0.393,0.393,0.393,NA,0,NA,"CSEO"
"691","p_yellow","11",19,"1",0.523,0.523,0.523,0.523,NA,0,NA,"CSEO"
"692","p_yellow","11",19,"2",0.407,0.407,0.407,0.407,NA,0,NA,"CSEO"
"693","p_black","11",19,"1",0.968,0.968,0.968,0.968,NA,0,NA,"CSEO"
"694","p_black","11",19,"2",0.936,0.936,0.936,0.936,NA,0,NA,"CSEO"
"695","p_dsr","11",19,"1",0.423,0.423,0.423,0.423,NA,0,NA,"CSEO"
"696","p_dsr","11",19,"2",0.56,0.56,0.56,0.56,NA,0,NA,"CSEO"
"697","p_slope","11",19,"1",0.105,0.105,0.105,0.105,NA,0,NA,"CSEO"
"698","p_slope","11",19,"2",0.074,0.074,0.074,0.074,NA,0,NA,"CSEO"
"699","p_pelagic","11",2,"1",0.467,0.467,0.467,0.467,NA,0,NA,"CSEO"
"700","p_pelagic","11",2,"2",0.388,0.388,0.388,0.388,NA,0,NA,"CSEO"
"701","p_yellow","11",2,"1",0.522,0.522,0.522,0.522,NA,0,NA,"CSEO"
"702","p_yellow","11",2,"2",0.409,0.409,0.409,0.409,NA,0,NA,"CSEO"
"703","p_black","11",2,"1",0.968,0.968,0.968,0.968,NA,0,NA,"CSEO"
"704","p_black","11",2,"2",0.936,0.936,0.936,0.936,NA,0,NA,"CSEO"
"705","p_dsr","11",2,"1",0.411,0.411,0.411,0.411,NA,0,NA,"CSEO"
"706","p_dsr","11",2,"2",0.544,0.544,0.544,0.544,NA,0,NA,"CSEO"
"707","p_slope","11",2,"1",0.098,0.098,0.098,0.098,NA,0,NA,"CSEO"
"708","p_slope","11",2,"2",0.071,0.071,0.071,0.071,NA,0,NA,"CSEO"
"709","p_pelagic","11",20,"1",0.481,0.481,0.481,0.481,NA,0,NA,"CSEO"
"710","p_pelagic","11",20,"2",0.384,0.384,0.384,0.384,NA,0,NA,"CSEO"
"711","p_yellow","11",20,"1",0.519,0.519,0.519,0.519,NA,0,NA,"CSEO"
"712","p_yellow","11",20,"2",0.401,0.401,0.401,0.401,NA,0,NA,"CSEO"
"713","p_black","11",20,"1",0.966,0.966,0.966,0.966,NA,0,NA,"CSEO"
"714","p_black","11",20,"2",0.936,0.936,0.936,0.936,NA,0,NA,"CSEO"
"715","p_dsr","11",20,"1",0.439,0.439,0.439,0.439,NA,0,NA,"CSEO"
"716","p_dsr","11",20,"2",0.562,0.562,0.562,0.562,NA,0,NA,"CSEO"
"717","p_slope","11",20,"1",0.105,0.105,0.105,0.105,NA,0,NA,"CSEO"
"718","p_slope","11",20,"2",0.073,0.073,0.073,0.073,NA,0,NA,"CSEO"
"719","p_pelagic","11",21,"1",0.478,0.478,0.478,0.478,NA,0,NA,"CSEO"
"720","p_pelagic","11",21,"2",0.395,0.395,0.395,0.395,NA,0,NA,"CSEO"
"721","p_yellow","11",21,"1",0.528,0.528,0.528,0.528,NA,0,NA,"CSEO"
"722","p_yellow","11",21,"2",0.403,0.403,0.403,0.403,NA,0,NA,"CSEO"
"723","p_black","11",21,"1",0.967,0.967,0.967,0.967,NA,0,NA,"CSEO"
"724","p_black","11",21,"2",0.937,0.937,0.937,0.937,NA,0,NA,"CSEO"
"725","p_dsr","11",21,"1",0.423,0.423,0.423,0.423,NA,0,NA,"CSEO"
"726","p_dsr","11",21,"2",0.563,0.563,0.563,0.563,NA,0,NA,"CSEO"
"727","p_slope","11",21,"1",0.105,0.105,0.105,0.105,NA,0,NA,"CSEO"
"728","p_slope","11",21,"2",0.073,0.073,0.073,0.073,NA,0,NA,"CSEO"
"729","p_pelagic","11",22,"1",0.476,0.476,0.476,0.476,NA,0,NA,"CSEO"
"730","p_pelagic","11",22,"2",0.392,0.392,0.392,0.392,NA,0,NA,"CSEO"
"731","p_yellow","11",22,"1",0.527,0.527,0.527,0.527,NA,0,NA,"CSEO"
"732","p_yellow","11",22,"2",0.405,0.405,0.405,0.405,NA,0,NA,"CSEO"
"733","p_black","11",22,"1",0.967,0.967,0.967,0.967,NA,0,NA,"CSEO"
"734","p_black","11",22,"2",0.937,0.937,0.937,0.937,NA,0,NA,"CSEO"
"735","p_dsr","11",22,"1",0.417,0.417,0.417,0.417,NA,0,NA,"CSEO"
"736","p_dsr","11",22,"2",0.556,0.556,0.556,0.556,NA,0,NA,"CSEO"
"737","p_slope","11",22,"1",0.105,0.105,0.105,0.105,NA,0,NA,"CSEO"
"738","p_slope","11",22,"2",0.076,0.076,0.076,0.076,NA,0,NA,"CSEO"
"739","p_pelagic","11",23,"1",0.397,0.397,0.397,0.397,NA,0,NA,"CSEO"
"740","p_pelagic","11",23,"2",0.461,0.461,0.461,0.461,NA,0,NA,"CSEO"
"741","p_yellow","11",23,"1",0.547,0.547,0.547,0.547,NA,0,NA,"CSEO"
"742","p_yellow","11",23,"2",0.402,0.402,0.402,0.402,NA,0,NA,"CSEO"
"743","p_black","11",23,"1",0.968,0.968,0.968,0.968,NA,0,NA,"CSEO"
"744","p_black","11",23,"2",0.935,0.935,0.935,0.935,NA,0,NA,"CSEO"
"745","p_dsr","11",23,"1",0.433,0.433,0.433,0.433,NA,0,NA,"CSEO"
"746","p_dsr","11",23,"2",0.552,0.552,0.552,0.552,NA,0,NA,"CSEO"
"747","p_slope","11",23,"1",0.121,0.121,0.121,0.121,NA,0,NA,"CSEO"
"748","p_slope","11",23,"2",0.073,0.073,0.073,0.073,NA,0,NA,"CSEO"
"749","p_pelagic","11",24,"1",0.343,0.343,0.343,0.343,NA,0,NA,"CSEO"
"750","p_pelagic","11",24,"2",0.458,0.458,0.458,0.458,NA,0,NA,"CSEO"
"751","p_yellow","11",24,"1",0.502,0.502,0.502,0.502,NA,0,NA,"CSEO"
"752","p_yellow","11",24,"2",0.403,0.403,0.403,0.403,NA,0,NA,"CSEO"
"753","p_black","11",24,"1",0.967,0.967,0.967,0.967,NA,0,NA,"CSEO"
"754","p_black","11",24,"2",0.937,0.937,0.937,0.937,NA,0,NA,"CSEO"
"755","p_dsr","11",24,"1",0.407,0.407,0.407,0.407,NA,0,NA,"CSEO"
"756","p_dsr","11",24,"2",0.558,0.558,0.558,0.558,NA,0,NA,"CSEO"
"757","p_slope","11",24,"1",0.087,0.087,0.087,0.087,NA,0,NA,"CSEO"
"758","p_slope","11",24,"2",0.074,0.074,0.074,0.074,NA,0,NA,"CSEO"
"759","p_pelagic","11",25,"1",0.268,0.268,0.268,0.268,NA,0,NA,"CSEO"
"760","p_pelagic","11",25,"2",0.463,0.463,0.463,0.463,NA,0,NA,"CSEO"
"761","p_yellow","11",25,"1",0.507,0.507,0.507,0.507,NA,0,NA,"CSEO"
"762","p_yellow","11",25,"2",0.407,0.407,0.407,0.407,NA,0,NA,"CSEO"
"763","p_black","11",25,"1",0.968,0.968,0.968,0.968,NA,0,NA,"CSEO"
"764","p_black","11",25,"2",0.936,0.936,0.936,0.936,NA,0,NA,"CSEO"
"765","p_dsr","11",25,"1",0.402,0.402,0.402,0.402,NA,0,NA,"CSEO"
"766","p_dsr","11",25,"2",0.549,0.549,0.549,0.549,NA,0,NA,"CSEO"
"767","p_slope","11",25,"1",0.087,0.087,0.087,0.087,NA,0,NA,"CSEO"
"768","p_slope","11",25,"2",0.076,0.076,0.076,0.076,NA,0,NA,"CSEO"
"769","p_pelagic","11",26,"1",0.372,0.372,0.372,0.372,NA,0,NA,"CSEO"
"770","p_pelagic","11",26,"2",0.464,0.464,0.464,0.464,NA,0,NA,"CSEO"
"771","p_yellow","11",26,"1",0.522,0.522,0.522,0.522,NA,0,NA,"CSEO"
"772","p_yellow","11",26,"2",0.407,0.407,0.407,0.407,NA,0,NA,"CSEO"
"773","p_black","11",26,"1",0.968,0.968,0.968,0.968,NA,0,NA,"CSEO"
"774","p_black","11",26,"2",0.937,0.937,0.937,0.937,NA,0,NA,"CSEO"
"775","p_dsr","11",26,"1",0.427,0.427,0.427,0.427,NA,0,NA,"CSEO"
"776","p_dsr","11",26,"2",0.544,0.544,0.544,0.544,NA,0,NA,"CSEO"
"777","p_slope","11",26,"1",0.103,0.103,0.103,0.103,NA,0,NA,"CSEO"
"778","p_slope","11",26,"2",0.071,0.071,0.071,0.071,NA,0,NA,"CSEO"
"779","p_pelagic","11",27,"1",0.439,0.439,0.439,0.439,NA,0,NA,"CSEO"
"780","p_pelagic","11",27,"2",0.478,0.478,0.478,0.478,NA,0,NA,"CSEO"
"781","p_yellow","11",27,"1",0.535,0.535,0.535,0.535,NA,0,NA,"CSEO"
"782","p_yellow","11",27,"2",0.406,0.406,0.406,0.406,NA,0,NA,"CSEO"
"783","p_black","11",27,"1",0.966,0.966,0.966,0.966,NA,0,NA,"CSEO"
"784","p_black","11",27,"2",0.935,0.935,0.935,0.935,NA,0,NA,"CSEO"
"785","p_dsr","11",27,"1",0.425,0.425,0.425,0.425,NA,0,NA,"CSEO"
"786","p_dsr","11",27,"2",0.544,0.544,0.544,0.544,NA,0,NA,"CSEO"
"787","p_slope","11",27,"1",0.108,0.108,0.108,0.108,NA,0,NA,"CSEO"
"788","p_slope","11",27,"2",0.074,0.074,0.074,0.074,NA,0,NA,"CSEO"
"789","p_pelagic","11",28,"1",0.449,0.449,0.449,0.449,NA,0,NA,"CSEO"
"790","p_pelagic","11",28,"2",0.497,0.497,0.497,0.497,NA,0,NA,"CSEO"
"791","p_yellow","11",28,"1",0.505,0.505,0.505,0.505,NA,0,NA,"CSEO"
"792","p_yellow","11",28,"2",0.405,0.405,0.405,0.405,NA,0,NA,"CSEO"
"793","p_black","11",28,"1",0.967,0.967,0.967,0.967,NA,0,NA,"CSEO"
"794","p_black","11",28,"2",0.935,0.935,0.935,0.935,NA,0,NA,"CSEO"
"795","p_dsr","11",28,"1",0.403,0.403,0.403,0.403,NA,0,NA,"CSEO"
"796","p_dsr","11",28,"2",0.553,0.553,0.553,0.553,NA,0,NA,"CSEO"
"797","p_slope","11",28,"1",0.088,0.088,0.088,0.088,NA,0,NA,"CSEO"
"798","p_slope","11",28,"2",0.073,0.073,0.073,0.073,NA,0,NA,"CSEO"
"799","p_pelagic","11",29,"1",0.472,0.472,0.472,0.472,NA,0,NA,"CSEO"
"800","p_pelagic","11",29,"2",0.535,0.535,0.535,0.535,NA,0,NA,"CSEO"
"801","p_yellow","11",29,"1",0.508,0.508,0.508,0.508,NA,0,NA,"CSEO"
"802","p_yellow","11",29,"2",0.41,0.41,0.41,0.41,NA,0,NA,"CSEO"
"803","p_black","11",29,"1",0.968,0.968,0.968,0.968,NA,0,NA,"CSEO"
"804","p_black","11",29,"2",0.935,0.935,0.935,0.935,NA,0,NA,"CSEO"
"805","p_dsr","11",29,"1",0.407,0.407,0.407,0.407,NA,0,NA,"CSEO"
"806","p_dsr","11",29,"2",0.555,0.555,0.555,0.555,NA,0,NA,"CSEO"
"807","p_slope","11",29,"1",0.09,0.09,0.09,0.09,NA,0,NA,"CSEO"
"808","p_slope","11",29,"2",0.073,0.073,0.073,0.073,NA,0,NA,"CSEO"
"809","p_pelagic","11",3,"1",0.461,0.461,0.461,0.461,NA,0,NA,"CSEO"
"810","p_pelagic","11",3,"2",0.385,0.385,0.385,0.385,NA,0,NA,"CSEO"
"811","p_yellow","11",3,"1",0.515,0.515,0.515,0.515,NA,0,NA,"CSEO"
"812","p_yellow","11",3,"2",0.404,0.404,0.404,0.404,NA,0,NA,"CSEO"
"813","p_black","11",3,"1",0.967,0.967,0.967,0.967,NA,0,NA,"CSEO"
"814","p_black","11",3,"2",0.936,0.936,0.936,0.936,NA,0,NA,"CSEO"
"815","p_dsr","11",3,"1",0.409,0.409,0.409,0.409,NA,0,NA,"CSEO"
"816","p_dsr","11",3,"2",0.544,0.544,0.544,0.544,NA,0,NA,"CSEO"
"817","p_slope","11",3,"1",0.103,0.103,0.103,0.103,NA,0,NA,"CSEO"
"818","p_slope","11",3,"2",0.07,0.07,0.07,0.07,NA,0,NA,"CSEO"
"819","p_pelagic","11",30,"1",0.598,0.598,0.598,0.598,NA,0,NA,"CSEO"
"820","p_pelagic","11",30,"2",0.563,0.563,0.563,0.563,NA,0,NA,"CSEO"
"821","p_yellow","11",30,"1",0.738,0.738,0.738,0.738,NA,0,NA,"CSEO"
"822","p_yellow","11",30,"2",0.402,0.402,0.402,0.402,NA,0,NA,"CSEO"
"823","p_black","11",30,"1",0.99,0.99,0.99,0.99,NA,0,NA,"CSEO"
"824","p_black","11",30,"2",0.956,0.956,0.956,0.956,NA,0,NA,"CSEO"
"825","p_dsr","11",30,"1",0.231,0.231,0.231,0.231,NA,0,NA,"CSEO"
"826","p_dsr","11",30,"2",0.535,0.535,0.535,0.535,NA,0,NA,"CSEO"
"827","p_slope","11",30,"1",0.043,0.043,0.043,0.043,NA,0,NA,"CSEO"
"828","p_slope","11",30,"2",0.064,0.064,0.064,0.064,NA,0,NA,"CSEO"
"829","p_pelagic","11",31,"1",0.632,0.632,0.632,0.632,NA,0,NA,"CSEO"
"830","p_pelagic","11",31,"2",0.629,0.629,0.629,0.629,NA,0,NA,"CSEO"
"831","p_yellow","11",31,"1",0.698,0.698,0.698,0.698,NA,0,NA,"CSEO"
"832","p_yellow","11",31,"2",0.5,0.5,0.5,0.5,NA,0,NA,"CSEO"
"833","p_black","11",31,"1",0.987,0.987,0.987,0.987,NA,0,NA,"CSEO"
"834","p_black","11",31,"2",0.908,0.908,0.908,0.908,NA,0,NA,"CSEO"
"835","p_dsr","11",31,"1",0.267,0.267,0.267,0.267,NA,0,NA,"CSEO"
"836","p_dsr","11",31,"2",0.476,0.476,0.476,0.476,NA,0,NA,"CSEO"
"837","p_slope","11",31,"1",0.047,0.047,0.047,0.047,NA,0,NA,"CSEO"
"838","p_slope","11",31,"2",0.028,0.028,0.028,0.028,NA,0,NA,"CSEO"
"839","p_pelagic","11",32,"1",0.716,0.716,0.716,0.716,NA,0,NA,"CSEO"
"840","p_pelagic","11",32,"2",0.622,0.622,0.622,0.622,NA,0,NA,"CSEO"
"841","p_yellow","11",32,"1",0.593,0.593,0.593,0.593,NA,0,NA,"CSEO"
"842","p_yellow","11",32,"2",0.291,0.291,0.291,0.291,NA,0,NA,"CSEO"
"843","p_black","11",32,"1",0.986,0.986,0.986,0.986,NA,0,NA,"CSEO"
"844","p_black","11",32,"2",0.935,0.935,0.935,0.935,NA,0,NA,"CSEO"
"845","p_dsr","11",32,"1",0.333,0.333,0.333,0.333,NA,0,NA,"CSEO"
"846","p_dsr","11",32,"2",0.683,0.683,0.683,0.683,NA,0,NA,"CSEO"
"847","p_slope","11",32,"1",0.089,0.089,0.089,0.089,NA,0,NA,"CSEO"
"848","p_slope","11",32,"2",0.033,0.033,0.033,0.033,NA,0,NA,"CSEO"
"849","p_pelagic","11",33,"1",0.697,0.697,0.697,0.697,NA,0,NA,"CSEO"
"850","p_pelagic","11",33,"2",0.61,0.61,0.61,0.61,NA,0,NA,"CSEO"
"851","p_yellow","11",33,"1",0.662,0.662,0.662,0.662,NA,0,NA,"CSEO"
"852","p_yellow","11",33,"2",0.264,0.264,0.264,0.264,NA,0,NA,"CSEO"
"853","p_black","11",33,"1",0.964,0.964,0.964,0.964,NA,0,NA,"CSEO"
"854","p_black","11",33,"2",0.965,0.965,0.965,0.965,NA,0,NA,"CSEO"
"855","p_dsr","11",33,"1",0.278,0.278,0.278,0.278,NA,0,NA,"CSEO"
"856","p_dsr","11",33,"2",0.729,0.729,0.729,0.729,NA,0,NA,"CSEO"
"857","p_slope","11",33,"1",0.039,0.039,0.039,0.039,NA,0,NA,"CSEO"
"858","p_slope","11",33,"2",0.021,0.021,0.021,0.021,NA,0,NA,"CSEO"
"859","p_pelagic","11",34,"1",0.7,0.7,0.7,0.7,NA,0,NA,"CSEO"
"860","p_pelagic","11",34,"2",0.656,0.656,0.656,0.656,NA,0,NA,"CSEO"
"861","p_yellow","11",34,"1",0.557,0.557,0.557,0.557,NA,0,NA,"CSEO"
"862","p_yellow","11",34,"2",0.293,0.293,0.293,0.293,NA,0,NA,"CSEO"
"863","p_black","11",34,"1",0.963,0.963,0.963,0.963,NA,0,NA,"CSEO"
"864","p_black","11",34,"2",0.9,0.9,0.9,0.9,NA,0,NA,"CSEO"
"865","p_dsr","11",34,"1",0.346,0.346,0.346,0.346,NA,0,NA,"CSEO"
"866","p_dsr","11",34,"2",0.643,0.643,0.643,0.643,NA,0,NA,"CSEO"
"867","p_slope","11",34,"1",0.092,0.092,0.092,0.092,NA,0,NA,"CSEO"
"868","p_slope","11",34,"2",0.066,0.066,0.066,0.066,NA,0,NA,"CSEO"
"869","p_pelagic","11",35,"1",0.79,0.79,0.79,0.79,NA,0,NA,"CSEO"
"870","p_pelagic","11",35,"2",0.574,0.574,0.574,0.574,NA,0,NA,"CSEO"
"871","p_yellow","11",35,"1",0.347,0.347,0.347,0.347,NA,0,NA,"CSEO"
"872","p_yellow","11",35,"2",0.405,0.405,0.405,0.405,NA,0,NA,"CSEO"
"873","p_black","11",35,"1",0.976,0.976,0.976,0.976,NA,0,NA,"CSEO"
"874","p_black","11",35,"2",0.945,0.945,0.945,0.945,NA,0,NA,"CSEO"
"875","p_dsr","11",35,"1",0.532,0.532,0.532,0.532,NA,0,NA,"CSEO"
"876","p_dsr","11",35,"2",0.487,0.487,0.487,0.487,NA,0,NA,"CSEO"
"877","p_slope","11",35,"1",0.12,0.12,0.12,0.12,NA,0,NA,"CSEO"
"878","p_slope","11",35,"2",0.104,0.104,0.104,0.104,NA,0,NA,"CSEO"
"879","p_pelagic","11",36,"1",0.75,0.75,0.75,0.75,NA,0,NA,"CSEO"
"880","p_pelagic","11",36,"2",0.614,0.614,0.614,0.614,NA,0,NA,"CSEO"
"881","p_yellow","11",36,"1",0.321,0.321,0.321,0.321,NA,0,NA,"CSEO"
"882","p_yellow","11",36,"2",0.372,0.372,0.372,0.372,NA,0,NA,"CSEO"
"883","p_black","11",36,"1",0.971,0.971,0.971,0.971,NA,0,NA,"CSEO"
"884","p_black","11",36,"2",0.961,0.961,0.961,0.961,NA,0,NA,"CSEO"
"885","p_dsr","11",36,"1",0.571,0.571,0.571,0.571,NA,0,NA,"CSEO"
"886","p_dsr","11",36,"2",0.529,0.529,0.529,0.529,NA,0,NA,"CSEO"
"887","p_slope","11",36,"1",0.1,0.1,0.1,0.1,NA,0,NA,"CSEO"
"888","p_slope","11",36,"2",0.097,0.097,0.097,0.097,NA,0,NA,"CSEO"
"889","p_pelagic","11",37,"1",0.799,0.799,0.799,0.799,NA,0,NA,"CSEO"
"890","p_pelagic","11",37,"2",0.643,0.643,0.643,0.643,NA,0,NA,"CSEO"
"891","p_yellow","11",37,"1",0.338,0.338,0.338,0.338,NA,0,NA,"CSEO"
"892","p_yellow","11",37,"2",0.28,0.28,0.28,0.28,NA,0,NA,"CSEO"
"893","p_black","11",37,"1",0.983,0.983,0.983,0.983,NA,0,NA,"CSEO"
"894","p_black","11",37,"2",0.94,0.94,0.94,0.94,NA,0,NA,"CSEO"
"895","p_dsr","11",37,"1",0.53,0.53,0.53,0.53,NA,0,NA,"CSEO"
"896","p_dsr","11",37,"2",0.608,0.608,0.608,0.608,NA,0,NA,"CSEO"
"897","p_slope","11",37,"1",0.15,0.15,0.15,0.15,NA,0,NA,"CSEO"
"898","p_slope","11",37,"2",0.112,0.112,0.112,0.112,NA,0,NA,"CSEO"
"899","p_pelagic","11",38,"1",0.819,0.819,0.819,0.819,NA,0,NA,"CSEO"
"900","p_pelagic","11",38,"2",0.663,0.663,0.663,0.663,NA,0,NA,"CSEO"
"901","p_yellow","11",38,"1",0.322,0.322,0.322,0.322,NA,0,NA,"CSEO"
"902","p_yellow","11",38,"2",0.282,0.282,0.282,0.282,NA,0,NA,"CSEO"
"903","p_black","11",38,"1",0.935,0.935,0.935,0.935,NA,0,NA,"CSEO"
"904","p_black","11",38,"2",0.868,0.868,0.868,0.868,NA,0,NA,"CSEO"
"905","p_dsr","11",38,"1",0.549,0.549,0.549,0.549,NA,0,NA,"CSEO"
"906","p_dsr","11",38,"2",0.607,0.607,0.607,0.607,NA,0,NA,"CSEO"
"907","p_slope","11",38,"1",0.14,0.14,0.14,0.14,NA,0,NA,"CSEO"
"908","p_slope","11",38,"2",0.112,0.112,0.112,0.112,NA,0,NA,"CSEO"
"909","p_pelagic","11",39,"1",0.788,0.788,0.788,0.788,NA,0,NA,"CSEO"
"910","p_pelagic","11",39,"2",0.613,0.613,0.613,0.613,NA,0,NA,"CSEO"
"911","p_yellow","11",39,"1",0.323,0.323,0.323,0.323,NA,0,NA,"CSEO"
"912","p_yellow","11",39,"2",0.315,0.315,0.315,0.315,NA,0,NA,"CSEO"
"913","p_black","11",39,"1",0.961,0.961,0.961,0.961,NA,0,NA,"CSEO"
"914","p_black","11",39,"2",0.95,0.95,0.95,0.95,NA,0,NA,"CSEO"
"915","p_dsr","11",39,"1",0.562,0.562,0.562,0.562,NA,0,NA,"CSEO"
"916","p_dsr","11",39,"2",0.581,0.581,0.581,0.581,NA,0,NA,"CSEO"
"917","p_slope","11",39,"1",0.11,0.11,0.11,0.11,NA,0,NA,"CSEO"
"918","p_slope","11",39,"2",0.104,0.104,0.104,0.104,NA,0,NA,"CSEO"
"919","p_pelagic","11",4,"1",0.465,0.465,0.465,0.465,NA,0,NA,"CSEO"
"920","p_pelagic","11",4,"2",0.387,0.387,0.387,0.387,NA,0,NA,"CSEO"
"921","p_yellow","11",4,"1",0.516,0.516,0.516,0.516,NA,0,NA,"CSEO"
"922","p_yellow","11",4,"2",0.404,0.404,0.404,0.404,NA,0,NA,"CSEO"
"923","p_black","11",4,"1",0.966,0.966,0.966,0.966,NA,0,NA,"CSEO"
"924","p_black","11",4,"2",0.935,0.935,0.935,0.935,NA,0,NA,"CSEO"
"925","p_dsr","11",4,"1",0.405,0.405,0.405,0.405,NA,0,NA,"CSEO"
"926","p_dsr","11",4,"2",0.552,0.552,0.552,0.552,NA,0,NA,"CSEO"
"927","p_slope","11",4,"1",0.1,0.1,0.1,0.1,NA,0,NA,"CSEO"
"928","p_slope","11",4,"2",0.073,0.073,0.073,0.073,NA,0,NA,"CSEO"
"929","p_pelagic","11",40,"1",0.77,0.77,0.77,0.77,NA,0,NA,"CSEO"
"930","p_pelagic","11",40,"2",0.55,0.55,0.55,0.55,NA,0,NA,"CSEO"
"931","p_yellow","11",40,"1",0.417,0.417,0.417,0.417,NA,0,NA,"CSEO"
"932","p_yellow","11",40,"2",0.276,0.276,0.276,0.276,NA,0,NA,"CSEO"
"933","p_black","11",40,"1",0.944,0.944,0.944,0.944,NA,0,NA,"CSEO"
"934","p_black","11",40,"2",0.936,0.936,0.936,0.936,NA,0,NA,"CSEO"
"935","p_dsr","11",40,"1",0.467,0.467,0.467,0.467,NA,0,NA,"CSEO"
"936","p_dsr","11",40,"2",0.571,0.571,0.571,0.571,NA,0,NA,"CSEO"
"937","p_slope","11",40,"1",0.11,0.11,0.11,0.11,NA,0,NA,"CSEO"
"938","p_slope","11",40,"2",0.154,0.154,0.154,0.154,NA,0,NA,"CSEO"
"939","p_pelagic","11",41,"1",0.802,0.802,0.802,0.802,NA,0,NA,"CSEO"
"940","p_pelagic","11",41,"2",0.547,0.547,0.547,0.547,NA,0,NA,"CSEO"
"941","p_yellow","11",41,"1",0.427,0.427,0.427,0.427,NA,0,NA,"CSEO"
"942","p_yellow","11",41,"2",0.453,0.453,0.453,0.453,NA,0,NA,"CSEO"
"943","p_black","11",41,"1",0.929,0.929,0.929,0.929,NA,0,NA,"CSEO"
"944","p_black","11",41,"2",0.93,0.93,0.93,0.93,NA,0,NA,"CSEO"
"945","p_dsr","11",41,"1",0.389,0.389,0.389,0.389,NA,0,NA,"CSEO"
"946","p_dsr","11",41,"2",0.429,0.429,0.429,0.429,NA,0,NA,"CSEO"
"947","p_slope","11",41,"1",0.182,0.182,0.182,0.182,NA,0,NA,"CSEO"
"948","p_slope","11",41,"2",0.115,0.115,0.115,0.115,NA,0,NA,"CSEO"
"949","p_pelagic","11",42,"1",0.815,0.815,0.815,0.815,NA,0,NA,"CSEO"
"950","p_pelagic","11",42,"2",0.637,0.637,0.637,0.637,NA,0,NA,"CSEO"
"951","p_yellow","11",42,"1",0.42,0.42,0.42,0.42,NA,0,NA,"CSEO"
"952","p_yellow","11",42,"2",0.468,0.468,0.468,0.468,NA,0,NA,"CSEO"
"953","p_black","11",42,"1",0.924,0.924,0.924,0.924,NA,0,NA,"CSEO"
"954","p_black","11",42,"2",0.947,0.947,0.947,0.947,NA,0,NA,"CSEO"
"955","p_dsr","11",42,"1",0.38,0.38,0.38,0.38,NA,0,NA,"CSEO"
"956","p_dsr","11",42,"2",0.426,0.426,0.426,0.426,NA,0,NA,"CSEO"
"957","p_slope","11",42,"1",0.213,0.213,0.213,0.213,NA,0,NA,"CSEO"
"958","p_slope","11",42,"2",0.101,0.101,0.101,0.101,NA,0,NA,"CSEO"
"959","p_pelagic","11",43,"1",0.86,0.86,0.86,0.86,NA,0,NA,"CSEO"
"960","p_pelagic","11",43,"2",0.652,0.652,0.652,0.652,NA,0,NA,"CSEO"
"961","p_yellow","11",43,"1",0.477,0.477,0.477,0.477,NA,0,NA,"CSEO"
"962","p_yellow","11",43,"2",0.535,0.535,0.535,0.535,NA,0,NA,"CSEO"
"963","p_black","11",43,"1",0.931,0.931,0.931,0.931,NA,0,NA,"CSEO"
"964","p_black","11",43,"2",0.896,0.896,0.896,0.896,NA,0,NA,"CSEO"
"965","p_dsr","11",43,"1",0.46,0.46,0.46,0.46,NA,0,NA,"CSEO"
"966","p_dsr","11",43,"2",0.4,0.4,0.4,0.4,NA,0,NA,"CSEO"
"967","p_slope","11",43,"1",0.11,0.11,0.11,0.11,NA,0,NA,"CSEO"
"968","p_slope","11",43,"2",0.061,0.061,0.061,0.061,NA,0,NA,"CSEO"
"969","p_pelagic","11",44,"1",0.966,0.966,0.963,0.968,1,0.001,0,"CSEO"
"970","p_pelagic","11",44,"2",0.939,0.94,0.912,0.96,1.001,0.012,-0.084,"CSEO"
"971","p_yellow","11",44,"1",0.011,0.01,0.005,0.017,1,0.003,0.329,"CSEO"
"972","p_yellow","11",44,"2",0.049,0.038,0.005,0.149,1.002,0.039,0.28,"CSEO"
"973","p_black","11",44,"1",0.942,0.942,0.933,0.95,1.001,0.004,0,"CSEO"
"974","p_black","11",44,"2",0.94,0.941,0.914,0.962,1,0.012,-0.081,"CSEO"
"975","p_dsr","11",44,"1",0.008,0.007,0.002,0.02,1,0.005,0.207,"CSEO"
"976","p_dsr","11",44,"2",0.134,0.127,0.037,0.272,1,0.062,0.114,"CSEO"
"977","p_slope","11",44,"1",0.987,0.989,0.961,0.998,1,0.01,-0.197,"CSEO"
"978","p_slope","11",44,"2",0.846,0.855,0.686,0.959,1,0.072,-0.125,"CSEO"
"979","p_pelagic","11",45,"1",0.947,0.947,0.945,0.949,1,0.001,0,"CSEO"
"980","p_pelagic","11",45,"2",0.957,0.958,0.938,0.973,1.001,0.009,-0.115,"CSEO"
"981","p_yellow","11",45,"1",0.006,0.006,0.004,0.009,1.001,0.001,0,"CSEO"
"982","p_yellow","11",45,"2",0.022,0.014,0.001,0.087,1.001,0.024,0.338,"CSEO"
"983","p_black","11",45,"1",0.972,0.972,0.968,0.975,1.001,0.002,0,"CSEO"
"984","p_black","11",45,"2",0.936,0.937,0.914,0.956,1.001,0.011,-0.093,"CSEO"
"985","p_dsr","11",45,"1",0.005,0.005,0.002,0.009,1,0.002,0,"CSEO"
"986","p_dsr","11",45,"2",0.22,0.212,0.084,0.41,1.002,0.084,0.095,"CSEO"
"987","p_slope","11",45,"1",0.979,0.98,0.966,0.99,1,0.006,-0.164,"CSEO"
"988","p_slope","11",45,"2",0.775,0.784,0.574,0.919,1.001,0.089,-0.101,"CSEO"
"989","p_pelagic","11",46,"1",0.949,0.949,0.947,0.951,1,0.001,0,"CSEO"
"990","p_pelagic","11",46,"2",0.926,0.927,0.905,0.946,1,0.011,-0.094,"CSEO"
"991","p_yellow","11",46,"1",0.013,0.013,0.01,0.017,1,0.002,0,"CSEO"
"992","p_yellow","11",46,"2",0.03,0.024,0.004,0.087,1,0.022,0.268,"CSEO"
"993","p_black","11",46,"1",0.975,0.975,0.972,0.978,1.001,0.002,0,"CSEO"
"994","p_black","11",46,"2",0.955,0.955,0.936,0.97,1.002,0.009,0,"CSEO"
"995","p_dsr","11",46,"1",0.036,0.035,0.024,0.05,1.001,0.007,0.146,"CSEO"
"996","p_dsr","11",46,"2",0.329,0.326,0.199,0.473,1,0.07,0.043,"CSEO"
"997","p_slope","11",46,"1",0.943,0.944,0.922,0.961,1,0.01,-0.1,"CSEO"
"998","p_slope","11",46,"2",0.644,0.647,0.495,0.778,1,0.072,-0.042,"CSEO"
"999","p_pelagic","11",47,"1",0.95,0.95,0.948,0.951,1,0.001,0,"CSEO"
"1000","p_pelagic","11",47,"2",0.927,0.927,0.908,0.943,1,0.009,0,"CSEO"
"1001","p_yellow","11",47,"1",0.004,0.004,0.002,0.006,1.001,0.001,0,"CSEO"
"1002","p_yellow","11",47,"2",0.037,0.032,0.006,0.092,1.002,0.022,0.224,"CSEO"
"1003","p_black","11",47,"1",0.985,0.985,0.982,0.987,1,0.001,0,"CSEO"
"1004","p_black","11",47,"2",0.961,0.962,0.947,0.973,1,0.007,-0.147,"CSEO"
"1005","p_dsr","11",47,"1",0.028,0.027,0.018,0.039,1.001,0.005,0.184,"CSEO"
"1006","p_dsr","11",47,"2",0.322,0.321,0.214,0.442,1,0.058,0.017,"CSEO"
"1007","p_slope","11",47,"1",0.971,0.972,0.957,0.983,1,0.007,-0.149,"CSEO"
"1008","p_slope","11",47,"2",0.638,0.64,0.509,0.758,1.001,0.063,-0.032,"CSEO"
"1009","p_pelagic","11",48,"1",0.925,0.925,0.923,0.927,1,0.001,0,"CSEO"
"1010","p_pelagic","11",48,"2",0.922,0.922,0.903,0.939,1.001,0.009,0,"CSEO"
"1011","p_yellow","11",48,"1",0.001,0.001,0.001,0.003,1,0.001,0,"CSEO"
"1012","p_yellow","11",48,"2",0.034,0.03,0.007,0.087,1,0.021,0.19,"CSEO"
"1013","p_black","11",48,"1",0.969,0.969,0.966,0.972,1,0.002,0,"CSEO"
"1014","p_black","11",48,"2",0.935,0.935,0.916,0.951,1.001,0.009,0,"CSEO"
"1015","p_dsr","11",48,"1",0.028,0.028,0.02,0.037,1,0.004,0,"CSEO"
"1016","p_dsr","11",48,"2",0.467,0.468,0.346,0.586,1.001,0.061,-0.016,"CSEO"
"1017","p_slope","11",48,"1",0.97,0.97,0.958,0.98,1.001,0.006,0,"CSEO"
"1018","p_slope","11",48,"2",0.496,0.497,0.379,0.614,1,0.06,-0.017,"CSEO"
"1019","p_pelagic","11",49,"1",0.836,0.837,0.832,0.84,1,0.002,-0.496,"CSEO"
"1020","p_pelagic","11",49,"2",0.74,0.74,0.71,0.77,1.001,0.015,0,"CSEO"
"1021","p_yellow","11",49,"1",0.32,0.32,0.309,0.332,1,0.006,0,"CSEO"
"1022","p_yellow","11",49,"2",0.401,0.401,0.335,0.469,1,0.034,0,"CSEO"
"1023","p_black","11",49,"1",0.979,0.979,0.976,0.982,1.001,0.001,0,"CSEO"
"1024","p_black","11",49,"2",0.949,0.95,0.931,0.965,1.001,0.009,-0.111,"CSEO"
"1025","p_dsr","11",49,"1",0.045,0.044,0.037,0.053,1,0.004,0.243,"CSEO"
"1026","p_dsr","11",49,"2",0.308,0.307,0.246,0.371,1.001,0.032,0.031,"CSEO"
"1027","p_slope","11",49,"1",0.615,0.615,0.598,0.632,1.001,0.009,0,"CSEO"
"1028","p_slope","11",49,"2",0.287,0.287,0.226,0.35,1.001,0.032,0,"CSEO"
"1029","p_pelagic","11",5,"1",0.467,0.467,0.467,0.467,NA,0,NA,"CSEO"
"1030","p_pelagic","11",5,"2",0.386,0.386,0.386,0.386,NA,0,NA,"CSEO"
"1031","p_yellow","11",5,"1",0.518,0.518,0.518,0.518,NA,0,NA,"CSEO"
"1032","p_yellow","11",5,"2",0.405,0.405,0.405,0.405,NA,0,NA,"CSEO"
"1033","p_black","11",5,"1",0.968,0.968,0.968,0.968,NA,0,NA,"CSEO"
"1034","p_black","11",5,"2",0.935,0.935,0.935,0.935,NA,0,NA,"CSEO"
"1035","p_dsr","11",5,"1",0.408,0.408,0.408,0.408,NA,0,NA,"CSEO"
"1036","p_dsr","11",5,"2",0.551,0.551,0.551,0.551,NA,0,NA,"CSEO"
"1037","p_slope","11",5,"1",0.1,0.1,0.1,0.1,NA,0,NA,"CSEO"
"1038","p_slope","11",5,"2",0.075,0.075,0.075,0.075,NA,0,NA,"CSEO"
"1039","p_pelagic","11",6,"1",0.462,0.462,0.462,0.462,NA,0,NA,"CSEO"
"1040","p_pelagic","11",6,"2",0.385,0.385,0.385,0.385,NA,0,NA,"CSEO"
"1041","p_yellow","11",6,"1",0.515,0.515,0.515,0.515,NA,0,NA,"CSEO"
"1042","p_yellow","11",6,"2",0.395,0.395,0.395,0.395,NA,0,NA,"CSEO"
"1043","p_black","11",6,"1",0.967,0.967,0.967,0.967,NA,0,NA,"CSEO"
"1044","p_black","11",6,"2",0.935,0.935,0.935,0.935,NA,0,NA,"CSEO"
"1045","p_dsr","11",6,"1",0.415,0.415,0.415,0.415,NA,0,NA,"CSEO"
"1046","p_dsr","11",6,"2",0.553,0.553,0.553,0.553,NA,0,NA,"CSEO"
"1047","p_slope","11",6,"1",0.101,0.101,0.101,0.101,NA,0,NA,"CSEO"
"1048","p_slope","11",6,"2",0.072,0.072,0.072,0.072,NA,0,NA,"CSEO"
"1049","p_pelagic","11",7,"1",0.462,0.462,0.462,0.462,NA,0,NA,"CSEO"
"1050","p_pelagic","11",7,"2",0.385,0.385,0.385,0.385,NA,0,NA,"CSEO"
"1051","p_yellow","11",7,"1",0.518,0.518,0.518,0.518,NA,0,NA,"CSEO"
"1052","p_yellow","11",7,"2",0.404,0.404,0.404,0.404,NA,0,NA,"CSEO"
"1053","p_black","11",7,"1",0.968,0.968,0.968,0.968,NA,0,NA,"CSEO"
"1054","p_black","11",7,"2",0.936,0.936,0.936,0.936,NA,0,NA,"CSEO"
"1055","p_dsr","11",7,"1",0.418,0.418,0.418,0.418,NA,0,NA,"CSEO"
"1056","p_dsr","11",7,"2",0.559,0.559,0.559,0.559,NA,0,NA,"CSEO"
"1057","p_slope","11",7,"1",0.097,0.097,0.097,0.097,NA,0,NA,"CSEO"
"1058","p_slope","11",7,"2",0.077,0.077,0.077,0.077,NA,0,NA,"CSEO"
"1059","p_pelagic","11",8,"1",0.465,0.465,0.465,0.465,NA,0,NA,"CSEO"
"1060","p_pelagic","11",8,"2",0.381,0.381,0.381,0.381,NA,0,NA,"CSEO"
"1061","p_yellow","11",8,"1",0.519,0.519,0.519,0.519,NA,0,NA,"CSEO"
"1062","p_yellow","11",8,"2",0.409,0.409,0.409,0.409,NA,0,NA,"CSEO"
"1063","p_black","11",8,"1",0.967,0.967,0.967,0.967,NA,0,NA,"CSEO"
"1064","p_black","11",8,"2",0.935,0.935,0.935,0.935,NA,0,NA,"CSEO"
"1065","p_dsr","11",8,"1",0.417,0.417,0.417,0.417,NA,0,NA,"CSEO"
"1066","p_dsr","11",8,"2",0.556,0.556,0.556,0.556,NA,0,NA,"CSEO"
"1067","p_slope","11",8,"1",0.101,0.101,0.101,0.101,NA,0,NA,"CSEO"
"1068","p_slope","11",8,"2",0.073,0.073,0.073,0.073,NA,0,NA,"CSEO"
"1069","p_pelagic","11",9,"1",0.465,0.465,0.465,0.465,NA,0,NA,"CSEO"
"1070","p_pelagic","11",9,"2",0.384,0.384,0.384,0.384,NA,0,NA,"CSEO"
"1071","p_yellow","11",9,"1",0.52,0.52,0.52,0.52,NA,0,NA,"CSEO"
"1072","p_yellow","11",9,"2",0.409,0.409,0.409,0.409,NA,0,NA,"CSEO"
"1073","p_black","11",9,"1",0.968,0.968,0.968,0.968,NA,0,NA,"CSEO"
"1074","p_black","11",9,"2",0.937,0.937,0.937,0.937,NA,0,NA,"CSEO"
"1075","p_dsr","11",9,"1",0.416,0.416,0.416,0.416,NA,0,NA,"CSEO"
"1076","p_dsr","11",9,"2",0.555,0.555,0.555,0.555,NA,0,NA,"CSEO"
"1077","p_slope","11",9,"1",0.102,0.102,0.102,0.102,NA,0,NA,"CSEO"
"1078","p_slope","11",9,"2",0.072,0.072,0.072,0.072,NA,0,NA,"CSEO"
"1079","p_pelagic","12",1,"1",0.866,0.866,0.866,0.866,NA,0,NA,"EWYKT"
"1080","p_pelagic","12",1,"2",0.862,0.862,0.862,0.862,NA,0,NA,"EWYKT"
"1081","p_yellow","12",1,"1",0.252,0.252,0.252,0.252,NA,0,NA,"EWYKT"
"1082","p_yellow","12",1,"2",0.094,0.094,0.094,0.094,NA,0,NA,"EWYKT"
"1083","p_black","12",1,"1",0.993,0.993,0.993,0.993,NA,0,NA,"EWYKT"
"1084","p_black","12",1,"2",0.997,0.997,0.997,0.997,NA,0,NA,"EWYKT"
"1085","p_dsr","12",1,"1",0.806,0.806,0.806,0.806,NA,0,NA,"EWYKT"
"1086","p_dsr","12",1,"2",0.9,0.9,0.9,0.9,NA,0,NA,"EWYKT"
"1087","p_slope","12",1,"1",0.005,0.005,0.005,0.005,NA,0,NA,"EWYKT"
"1088","p_slope","12",1,"2",0,0,0,0,NA,0,NA,"EWYKT"
"1089","p_pelagic","12",10,"1",0.866,0.866,0.866,0.866,NA,0,NA,"EWYKT"
"1090","p_pelagic","12",10,"2",0.861,0.861,0.861,0.861,NA,0,NA,"EWYKT"
"1091","p_yellow","12",10,"1",0.249,0.249,0.249,0.249,NA,0,NA,"EWYKT"
"1092","p_yellow","12",10,"2",0.094,0.094,0.094,0.094,NA,0,NA,"EWYKT"
"1093","p_black","12",10,"1",0.993,0.993,0.993,0.993,NA,0,NA,"EWYKT"
"1094","p_black","12",10,"2",0.997,0.997,0.997,0.997,NA,0,NA,"EWYKT"
"1095","p_dsr","12",10,"1",0.802,0.802,0.802,0.802,NA,0,NA,"EWYKT"
"1096","p_dsr","12",10,"2",0.902,0.902,0.902,0.902,NA,0,NA,"EWYKT"
"1097","p_slope","12",10,"1",0.006,0.006,0.006,0.006,NA,0,NA,"EWYKT"
"1098","p_slope","12",10,"2",0,0,0,0,NA,0,NA,"EWYKT"
"1099","p_pelagic","12",11,"1",0.867,0.867,0.867,0.867,NA,0,NA,"EWYKT"
"1100","p_pelagic","12",11,"2",0.86,0.86,0.86,0.86,NA,0,NA,"EWYKT"
"1101","p_yellow","12",11,"1",0.249,0.249,0.249,0.249,NA,0,NA,"EWYKT"
"1102","p_yellow","12",11,"2",0.094,0.094,0.094,0.094,NA,0,NA,"EWYKT"
"1103","p_black","12",11,"1",0.993,0.993,0.993,0.993,NA,0,NA,"EWYKT"
"1104","p_black","12",11,"2",0.997,0.997,0.997,0.997,NA,0,NA,"EWYKT"
"1105","p_dsr","12",11,"1",0.808,0.808,0.808,0.808,NA,0,NA,"EWYKT"
"1106","p_dsr","12",11,"2",0.902,0.902,0.902,0.902,NA,0,NA,"EWYKT"
"1107","p_slope","12",11,"1",0.006,0.006,0.006,0.006,NA,0,NA,"EWYKT"
"1108","p_slope","12",11,"2",0,0,0,0,NA,0,NA,"EWYKT"
"1109","p_pelagic","12",12,"1",0.868,0.868,0.868,0.868,NA,0,NA,"EWYKT"
"1110","p_pelagic","12",12,"2",0.859,0.859,0.859,0.859,NA,0,NA,"EWYKT"
"1111","p_yellow","12",12,"1",0.247,0.247,0.247,0.247,NA,0,NA,"EWYKT"
"1112","p_yellow","12",12,"2",0.093,0.093,0.093,0.093,NA,0,NA,"EWYKT"
"1113","p_black","12",12,"1",0.993,0.993,0.993,0.993,NA,0,NA,"EWYKT"
"1114","p_black","12",12,"2",0.997,0.997,0.997,0.997,NA,0,NA,"EWYKT"
"1115","p_dsr","12",12,"1",0.804,0.804,0.804,0.804,NA,0,NA,"EWYKT"
"1116","p_dsr","12",12,"2",0.898,0.898,0.898,0.898,NA,0,NA,"EWYKT"
"1117","p_slope","12",12,"1",0.005,0.005,0.005,0.005,NA,0,NA,"EWYKT"
"1118","p_slope","12",12,"2",0,0,0,0,NA,0,NA,"EWYKT"
"1119","p_pelagic","12",13,"1",0.867,0.867,0.867,0.867,NA,0,NA,"EWYKT"
"1120","p_pelagic","12",13,"2",0.861,0.861,0.861,0.861,NA,0,NA,"EWYKT"
"1121","p_yellow","12",13,"1",0.249,0.249,0.249,0.249,NA,0,NA,"EWYKT"
"1122","p_yellow","12",13,"2",0.097,0.097,0.097,0.097,NA,0,NA,"EWYKT"
"1123","p_black","12",13,"1",0.993,0.993,0.993,0.993,NA,0,NA,"EWYKT"
"1124","p_black","12",13,"2",0.997,0.997,0.997,0.997,NA,0,NA,"EWYKT"
"1125","p_dsr","12",13,"1",0.806,0.806,0.806,0.806,NA,0,NA,"EWYKT"
"1126","p_dsr","12",13,"2",0.9,0.9,0.9,0.9,NA,0,NA,"EWYKT"
"1127","p_slope","12",13,"1",0.005,0.005,0.005,0.005,NA,0,NA,"EWYKT"
"1128","p_slope","12",13,"2",0,0,0,0,NA,0,NA,"EWYKT"
"1129","p_pelagic","12",14,"1",0.864,0.864,0.864,0.864,NA,0,NA,"EWYKT"
"1130","p_pelagic","12",14,"2",0.859,0.859,0.859,0.859,NA,0,NA,"EWYKT"
"1131","p_yellow","12",14,"1",0.245,0.245,0.245,0.245,NA,0,NA,"EWYKT"
"1132","p_yellow","12",14,"2",0.093,0.093,0.093,0.093,NA,0,NA,"EWYKT"
"1133","p_black","12",14,"1",0.993,0.993,0.993,0.993,NA,0,NA,"EWYKT"
"1134","p_black","12",14,"2",0.997,0.997,0.997,0.997,NA,0,NA,"EWYKT"
"1135","p_dsr","12",14,"1",0.799,0.799,0.799,0.799,NA,0,NA,"EWYKT"
"1136","p_dsr","12",14,"2",0.9,0.9,0.9,0.9,NA,0,NA,"EWYKT"
"1137","p_slope","12",14,"1",0.006,0.006,0.006,0.006,NA,0,NA,"EWYKT"
"1138","p_slope","12",14,"2",0,0,0,0,NA,0,NA,"EWYKT"
"1139","p_pelagic","12",15,"1",0.864,0.864,0.864,0.864,NA,0,NA,"EWYKT"
"1140","p_pelagic","12",15,"2",0.86,0.86,0.86,0.86,NA,0,NA,"EWYKT"
"1141","p_yellow","12",15,"1",0.248,0.248,0.248,0.248,NA,0,NA,"EWYKT"
"1142","p_yellow","12",15,"2",0.093,0.093,0.093,0.093,NA,0,NA,"EWYKT"
"1143","p_black","12",15,"1",0.993,0.993,0.993,0.993,NA,0,NA,"EWYKT"
"1144","p_black","12",15,"2",0.997,0.997,0.997,0.997,NA,0,NA,"EWYKT"
"1145","p_dsr","12",15,"1",0.812,0.812,0.812,0.812,NA,0,NA,"EWYKT"
"1146","p_dsr","12",15,"2",0.901,0.901,0.901,0.901,NA,0,NA,"EWYKT"
"1147","p_slope","12",15,"1",0.006,0.006,0.006,0.006,NA,0,NA,"EWYKT"
"1148","p_slope","12",15,"2",0,0,0,0,NA,0,NA,"EWYKT"
"1149","p_pelagic","12",16,"1",0.864,0.864,0.864,0.864,NA,0,NA,"EWYKT"
"1150","p_pelagic","12",16,"2",0.863,0.863,0.863,0.863,NA,0,NA,"EWYKT"
"1151","p_yellow","12",16,"1",0.252,0.252,0.252,0.252,NA,0,NA,"EWYKT"
"1152","p_yellow","12",16,"2",0.092,0.092,0.092,0.092,NA,0,NA,"EWYKT"
"1153","p_black","12",16,"1",0.993,0.993,0.993,0.993,NA,0,NA,"EWYKT"
"1154","p_black","12",16,"2",0.997,0.997,0.997,0.997,NA,0,NA,"EWYKT"
"1155","p_dsr","12",16,"1",0.804,0.804,0.804,0.804,NA,0,NA,"EWYKT"
"1156","p_dsr","12",16,"2",0.899,0.899,0.899,0.899,NA,0,NA,"EWYKT"
"1157","p_slope","12",16,"1",0.005,0.005,0.005,0.005,NA,0,NA,"EWYKT"
"1158","p_slope","12",16,"2",0,0,0,0,NA,0,NA,"EWYKT"
"1159","p_pelagic","12",17,"1",0.869,0.869,0.869,0.869,NA,0,NA,"EWYKT"
"1160","p_pelagic","12",17,"2",0.863,0.863,0.863,0.863,NA,0,NA,"EWYKT"
"1161","p_yellow","12",17,"1",0.249,0.249,0.249,0.249,NA,0,NA,"EWYKT"
"1162","p_yellow","12",17,"2",0.092,0.092,0.092,0.092,NA,0,NA,"EWYKT"
"1163","p_black","12",17,"1",0.993,0.993,0.993,0.993,NA,0,NA,"EWYKT"
"1164","p_black","12",17,"2",0.997,0.997,0.997,0.997,NA,0,NA,"EWYKT"
"1165","p_dsr","12",17,"1",0.803,0.803,0.803,0.803,NA,0,NA,"EWYKT"
"1166","p_dsr","12",17,"2",0.9,0.9,0.9,0.9,NA,0,NA,"EWYKT"
"1167","p_slope","12",17,"1",0.006,0.006,0.006,0.006,NA,0,NA,"EWYKT"
"1168","p_slope","12",17,"2",0,0,0,0,NA,0,NA,"EWYKT"
"1169","p_pelagic","12",18,"1",0.867,0.867,0.867,0.867,NA,0,NA,"EWYKT"
"1170","p_pelagic","12",18,"2",0.859,0.859,0.859,0.859,NA,0,NA,"EWYKT"
"1171","p_yellow","12",18,"1",0.249,0.249,0.249,0.249,NA,0,NA,"EWYKT"
"1172","p_yellow","12",18,"2",0.095,0.095,0.095,0.095,NA,0,NA,"EWYKT"
"1173","p_black","12",18,"1",0.993,0.993,0.993,0.993,NA,0,NA,"EWYKT"
"1174","p_black","12",18,"2",0.997,0.997,0.997,0.997,NA,0,NA,"EWYKT"
"1175","p_dsr","12",18,"1",0.807,0.807,0.807,0.807,NA,0,NA,"EWYKT"
"1176","p_dsr","12",18,"2",0.897,0.897,0.897,0.897,NA,0,NA,"EWYKT"
"1177","p_slope","12",18,"1",0.005,0.005,0.005,0.005,NA,0,NA,"EWYKT"
"1178","p_slope","12",18,"2",0,0,0,0,NA,0,NA,"EWYKT"
"1179","p_pelagic","12",19,"1",0.868,0.868,0.868,0.868,NA,0,NA,"EWYKT"
"1180","p_pelagic","12",19,"2",0.859,0.859,0.859,0.859,NA,0,NA,"EWYKT"
"1181","p_yellow","12",19,"1",0.248,0.248,0.248,0.248,NA,0,NA,"EWYKT"
"1182","p_yellow","12",19,"2",0.092,0.092,0.092,0.092,NA,0,NA,"EWYKT"
"1183","p_black","12",19,"1",0.993,0.993,0.993,0.993,NA,0,NA,"EWYKT"
"1184","p_black","12",19,"2",0.997,0.997,0.997,0.997,NA,0,NA,"EWYKT"
"1185","p_dsr","12",19,"1",0.8,0.8,0.8,0.8,NA,0,NA,"EWYKT"
"1186","p_dsr","12",19,"2",0.898,0.898,0.898,0.898,NA,0,NA,"EWYKT"
"1187","p_slope","12",19,"1",0.005,0.005,0.005,0.005,NA,0,NA,"EWYKT"
"1188","p_slope","12",19,"2",0,0,0,0,NA,0,NA,"EWYKT"
"1189","p_pelagic","12",2,"1",0.867,0.867,0.867,0.867,NA,0,NA,"EWYKT"
"1190","p_pelagic","12",2,"2",0.861,0.861,0.861,0.861,NA,0,NA,"EWYKT"
"1191","p_yellow","12",2,"1",0.249,0.249,0.249,0.249,NA,0,NA,"EWYKT"
"1192","p_yellow","12",2,"2",0.096,0.096,0.096,0.096,NA,0,NA,"EWYKT"
"1193","p_black","12",2,"1",0.993,0.993,0.993,0.993,NA,0,NA,"EWYKT"
"1194","p_black","12",2,"2",0.997,0.997,0.997,0.997,NA,0,NA,"EWYKT"
"1195","p_dsr","12",2,"1",0.809,0.809,0.809,0.809,NA,0,NA,"EWYKT"
"1196","p_dsr","12",2,"2",0.902,0.902,0.902,0.902,NA,0,NA,"EWYKT"
"1197","p_slope","12",2,"1",0.006,0.006,0.006,0.006,NA,0,NA,"EWYKT"
"1198","p_slope","12",2,"2",0,0,0,0,NA,0,NA,"EWYKT"
"1199","p_pelagic","12",20,"1",0.867,0.867,0.867,0.867,NA,0,NA,"EWYKT"
"1200","p_pelagic","12",20,"2",0.859,0.859,0.859,0.859,NA,0,NA,"EWYKT"
"1201","p_yellow","12",20,"1",0.249,0.249,0.249,0.249,NA,0,NA,"EWYKT"
"1202","p_yellow","12",20,"2",0.096,0.096,0.096,0.096,NA,0,NA,"EWYKT"
"1203","p_black","12",20,"1",0.993,0.993,0.993,0.993,NA,0,NA,"EWYKT"
"1204","p_black","12",20,"2",0.997,0.997,0.997,0.997,NA,0,NA,"EWYKT"
"1205","p_dsr","12",20,"1",0.807,0.807,0.807,0.807,NA,0,NA,"EWYKT"
"1206","p_dsr","12",20,"2",0.9,0.9,0.9,0.9,NA,0,NA,"EWYKT"
"1207","p_slope","12",20,"1",0.005,0.005,0.005,0.005,NA,0,NA,"EWYKT"
"1208","p_slope","12",20,"2",0,0,0,0,NA,0,NA,"EWYKT"
"1209","p_pelagic","12",21,"1",0.868,0.868,0.868,0.868,NA,0,NA,"EWYKT"
"1210","p_pelagic","12",21,"2",0.86,0.86,0.86,0.86,NA,0,NA,"EWYKT"
"1211","p_yellow","12",21,"1",0.251,0.251,0.251,0.251,NA,0,NA,"EWYKT"
"1212","p_yellow","12",21,"2",0.094,0.094,0.094,0.094,NA,0,NA,"EWYKT"
"1213","p_black","12",21,"1",0.993,0.993,0.993,0.993,NA,0,NA,"EWYKT"
"1214","p_black","12",21,"2",0.997,0.997,0.997,0.997,NA,0,NA,"EWYKT"
"1215","p_dsr","12",21,"1",0.802,0.802,0.802,0.802,NA,0,NA,"EWYKT"
"1216","p_dsr","12",21,"2",0.902,0.902,0.902,0.902,NA,0,NA,"EWYKT"
"1217","p_slope","12",21,"1",0.006,0.006,0.006,0.006,NA,0,NA,"EWYKT"
"1218","p_slope","12",21,"2",0,0,0,0,NA,0,NA,"EWYKT"
"1219","p_pelagic","12",22,"1",0.557,0.557,0.557,0.557,NA,0,NA,"EWYKT"
"1220","p_pelagic","12",22,"2",0.862,0.862,0.862,0.862,NA,0,NA,"EWYKT"
"1221","p_yellow","12",22,"1",0.249,0.249,0.249,0.249,NA,0,NA,"EWYKT"
"1222","p_yellow","12",22,"2",0.093,0.093,0.093,0.093,NA,0,NA,"EWYKT"
"1223","p_black","12",22,"1",0.993,0.993,0.993,0.993,NA,0,NA,"EWYKT"
"1224","p_black","12",22,"2",0.997,0.997,0.997,0.997,NA,0,NA,"EWYKT"
"1225","p_dsr","12",22,"1",0.809,0.809,0.809,0.809,NA,0,NA,"EWYKT"
"1226","p_dsr","12",22,"2",0.897,0.897,0.897,0.897,NA,0,NA,"EWYKT"
"1227","p_slope","12",22,"1",0.005,0.005,0.005,0.005,NA,0,NA,"EWYKT"
"1228","p_slope","12",22,"2",0,0,0,0,NA,0,NA,"EWYKT"
"1229","p_pelagic","12",23,"1",0.848,0.848,0.848,0.848,NA,0,NA,"EWYKT"
"1230","p_pelagic","12",23,"2",0.835,0.835,0.835,0.835,NA,0,NA,"EWYKT"
"1231","p_yellow","12",23,"1",0.245,0.245,0.245,0.245,NA,0,NA,"EWYKT"
"1232","p_yellow","12",23,"2",0.093,0.093,0.093,0.093,NA,0,NA,"EWYKT"
"1233","p_black","12",23,"1",0.993,0.993,0.993,0.993,NA,0,NA,"EWYKT"
"1234","p_black","12",23,"2",0.997,0.997,0.997,0.997,NA,0,NA,"EWYKT"
"1235","p_dsr","12",23,"1",0.804,0.804,0.804,0.804,NA,0,NA,"EWYKT"
"1236","p_dsr","12",23,"2",0.899,0.899,0.899,0.899,NA,0,NA,"EWYKT"
"1237","p_slope","12",23,"1",0.005,0.005,0.005,0.005,NA,0,NA,"EWYKT"
"1238","p_slope","12",23,"2",0,0,0,0,NA,0,NA,"EWYKT"
"1239","p_pelagic","12",24,"1",0.886,0.886,0.886,0.886,NA,0,NA,"EWYKT"
"1240","p_pelagic","12",24,"2",0.835,0.835,0.835,0.835,NA,0,NA,"EWYKT"
"1241","p_yellow","12",24,"1",0.249,0.249,0.249,0.249,NA,0,NA,"EWYKT"
"1242","p_yellow","12",24,"2",0.094,0.094,0.094,0.094,NA,0,NA,"EWYKT"
"1243","p_black","12",24,"1",0.993,0.993,0.993,0.993,NA,0,NA,"EWYKT"
"1244","p_black","12",24,"2",0.997,0.997,0.997,0.997,NA,0,NA,"EWYKT"
"1245","p_dsr","12",24,"1",0.803,0.803,0.803,0.803,NA,0,NA,"EWYKT"
"1246","p_dsr","12",24,"2",0.899,0.899,0.899,0.899,NA,0,NA,"EWYKT"
"1247","p_slope","12",24,"1",0.005,0.005,0.005,0.005,NA,0,NA,"EWYKT"
"1248","p_slope","12",24,"2",0,0,0,0,NA,0,NA,"EWYKT"
"1249","p_pelagic","12",25,"1",0.862,0.862,0.862,0.862,NA,0,NA,"EWYKT"
"1250","p_pelagic","12",25,"2",0.835,0.835,0.835,0.835,NA,0,NA,"EWYKT"
"1251","p_yellow","12",25,"1",0.254,0.254,0.254,0.254,NA,0,NA,"EWYKT"
"1252","p_yellow","12",25,"2",0.093,0.093,0.093,0.093,NA,0,NA,"EWYKT"
"1253","p_black","12",25,"1",0.993,0.993,0.993,0.993,NA,0,NA,"EWYKT"
"1254","p_black","12",25,"2",0.997,0.997,0.997,0.997,NA,0,NA,"EWYKT"
"1255","p_dsr","12",25,"1",0.803,0.803,0.803,0.803,NA,0,NA,"EWYKT"
"1256","p_dsr","12",25,"2",0.898,0.898,0.898,0.898,NA,0,NA,"EWYKT"
"1257","p_slope","12",25,"1",0.006,0.006,0.006,0.006,NA,0,NA,"EWYKT"
"1258","p_slope","12",25,"2",0,0,0,0,NA,0,NA,"EWYKT"
"1259","p_pelagic","12",26,"1",0.884,0.884,0.884,0.884,NA,0,NA,"EWYKT"
"1260","p_pelagic","12",26,"2",0.836,0.836,0.836,0.836,NA,0,NA,"EWYKT"
"1261","p_yellow","12",26,"1",0.252,0.252,0.252,0.252,NA,0,NA,"EWYKT"
"1262","p_yellow","12",26,"2",0.094,0.094,0.094,0.094,NA,0,NA,"EWYKT"
"1263","p_black","12",26,"1",0.993,0.993,0.993,0.993,NA,0,NA,"EWYKT"
"1264","p_black","12",26,"2",0.997,0.997,0.997,0.997,NA,0,NA,"EWYKT"
"1265","p_dsr","12",26,"1",0.805,0.805,0.805,0.805,NA,0,NA,"EWYKT"
"1266","p_dsr","12",26,"2",0.901,0.901,0.901,0.901,NA,0,NA,"EWYKT"
"1267","p_slope","12",26,"1",0.006,0.006,0.006,0.006,NA,0,NA,"EWYKT"
"1268","p_slope","12",26,"2",0,0,0,0,NA,0,NA,"EWYKT"
"1269","p_pelagic","12",27,"1",0.74,0.74,0.74,0.74,NA,0,NA,"EWYKT"
"1270","p_pelagic","12",27,"2",0.833,0.833,0.833,0.833,NA,0,NA,"EWYKT"
"1271","p_yellow","12",27,"1",0.287,0.287,0.287,0.287,NA,0,NA,"EWYKT"
"1272","p_yellow","12",27,"2",0.095,0.095,0.095,0.095,NA,0,NA,"EWYKT"
"1273","p_black","12",27,"1",0.993,0.993,0.993,0.993,NA,0,NA,"EWYKT"
"1274","p_black","12",27,"2",0.997,0.997,0.997,0.997,NA,0,NA,"EWYKT"
"1275","p_dsr","12",27,"1",0.81,0.81,0.81,0.81,NA,0,NA,"EWYKT"
"1276","p_dsr","12",27,"2",0.901,0.901,0.901,0.901,NA,0,NA,"EWYKT"
"1277","p_slope","12",27,"1",0.012,0.012,0.012,0.012,NA,0,NA,"EWYKT"
"1278","p_slope","12",27,"2",0,0,0,0,NA,0,NA,"EWYKT"
"1279","p_pelagic","12",28,"1",0.765,0.765,0.765,0.765,NA,0,NA,"EWYKT"
"1280","p_pelagic","12",28,"2",0.835,0.835,0.835,0.835,NA,0,NA,"EWYKT"
"1281","p_yellow","12",28,"1",0.253,0.253,0.253,0.253,NA,0,NA,"EWYKT"
"1282","p_yellow","12",28,"2",0.095,0.095,0.095,0.095,NA,0,NA,"EWYKT"
"1283","p_black","12",28,"1",0.993,0.993,0.993,0.993,NA,0,NA,"EWYKT"
"1284","p_black","12",28,"2",0.997,0.997,0.997,0.997,NA,0,NA,"EWYKT"
"1285","p_dsr","12",28,"1",0.807,0.807,0.807,0.807,NA,0,NA,"EWYKT"
"1286","p_dsr","12",28,"2",0.901,0.901,0.901,0.901,NA,0,NA,"EWYKT"
"1287","p_slope","12",28,"1",0.006,0.006,0.006,0.006,NA,0,NA,"EWYKT"
"1288","p_slope","12",28,"2",0,0,0,0,NA,0,NA,"EWYKT"
"1289","p_pelagic","12",29,"1",0.841,0.841,0.841,0.841,NA,0,NA,"EWYKT"
"1290","p_pelagic","12",29,"2",0.834,0.834,0.834,0.834,NA,0,NA,"EWYKT"
"1291","p_yellow","12",29,"1",0.247,0.247,0.247,0.247,NA,0,NA,"EWYKT"
"1292","p_yellow","12",29,"2",0.095,0.095,0.095,0.095,NA,0,NA,"EWYKT"
"1293","p_black","12",29,"1",0.993,0.993,0.993,0.993,NA,0,NA,"EWYKT"
"1294","p_black","12",29,"2",0.997,0.997,0.997,0.997,NA,0,NA,"EWYKT"
"1295","p_dsr","12",29,"1",0.804,0.804,0.804,0.804,NA,0,NA,"EWYKT"
"1296","p_dsr","12",29,"2",0.901,0.901,0.901,0.901,NA,0,NA,"EWYKT"
"1297","p_slope","12",29,"1",0.005,0.005,0.005,0.005,NA,0,NA,"EWYKT"
"1298","p_slope","12",29,"2",0,0,0,0,NA,0,NA,"EWYKT"
"1299","p_pelagic","12",3,"1",0.866,0.866,0.866,0.866,NA,0,NA,"EWYKT"
"1300","p_pelagic","12",3,"2",0.861,0.861,0.861,0.861,NA,0,NA,"EWYKT"
"1301","p_yellow","12",3,"1",0.251,0.251,0.251,0.251,NA,0,NA,"EWYKT"
"1302","p_yellow","12",3,"2",0.094,0.094,0.094,0.094,NA,0,NA,"EWYKT"
"1303","p_black","12",3,"1",0.993,0.993,0.993,0.993,NA,0,NA,"EWYKT"
"1304","p_black","12",3,"2",0.997,0.997,0.997,0.997,NA,0,NA,"EWYKT"
"1305","p_dsr","12",3,"1",0.803,0.803,0.803,0.803,NA,0,NA,"EWYKT"
"1306","p_dsr","12",3,"2",0.9,0.9,0.9,0.9,NA,0,NA,"EWYKT"
"1307","p_slope","12",3,"1",0.005,0.005,0.005,0.005,NA,0,NA,"EWYKT"
"1308","p_slope","12",3,"2",0,0,0,0,NA,0,NA,"EWYKT"
"1309","p_pelagic","12",30,"1",0.836,0.836,0.836,0.836,NA,0,NA,"EWYKT"
"1310","p_pelagic","12",30,"2",0.9,0.9,0.9,0.9,NA,0,NA,"EWYKT"
"1311","p_yellow","12",30,"1",0.343,0.343,0.343,0.343,NA,0,NA,"EWYKT"
"1312","p_yellow","12",30,"2",0.068,0.068,0.068,0.068,NA,0,NA,"EWYKT"
"1313","p_black","12",30,"1",0.998,0.998,0.998,0.998,NA,0,NA,"EWYKT"
"1314","p_black","12",30,"2",0.998,0.998,0.998,0.998,NA,0,NA,"EWYKT"
"1315","p_dsr","12",30,"1",0.702,0.702,0.702,0.702,NA,0,NA,"EWYKT"
"1316","p_dsr","12",30,"2",0.945,0.945,0.945,0.945,NA,0,NA,"EWYKT"
"1317","p_slope","12",30,"1",0.003,0.003,0.003,0.003,NA,0,NA,"EWYKT"
"1318","p_slope","12",30,"2",0,0,0,0,NA,0,NA,"EWYKT"
"1319","p_pelagic","12",31,"1",0.868,0.868,0.868,0.868,NA,0,NA,"EWYKT"
"1320","p_pelagic","12",31,"2",0.928,0.928,0.928,0.928,NA,0,NA,"EWYKT"
"1321","p_yellow","12",31,"1",0.304,0.304,0.304,0.304,NA,0,NA,"EWYKT"
"1322","p_yellow","12",31,"2",0.105,0.105,0.105,0.105,NA,0,NA,"EWYKT"
"1323","p_black","12",31,"1",0.997,0.997,0.997,0.997,NA,0,NA,"EWYKT"
"1324","p_black","12",31,"2",0.998,0.998,0.998,0.998,NA,0,NA,"EWYKT"
"1325","p_dsr","12",31,"1",0.779,0.779,0.779,0.779,NA,0,NA,"EWYKT"
"1326","p_dsr","12",31,"2",0.894,0.894,0.894,0.894,NA,0,NA,"EWYKT"
"1327","p_slope","12",31,"1",0.005,0.005,0.005,0.005,NA,0,NA,"EWYKT"
"1328","p_slope","12",31,"2",0,0,0,0,NA,0,NA,"EWYKT"
"1329","p_pelagic","12",32,"1",0.855,0.855,0.855,0.855,NA,0,NA,"EWYKT"
"1330","p_pelagic","12",32,"2",0.807,0.807,0.807,0.807,NA,0,NA,"EWYKT"
"1331","p_yellow","12",32,"1",0.296,0.296,0.296,0.296,NA,0,NA,"EWYKT"
"1332","p_yellow","12",32,"2",0.131,0.131,0.131,0.131,NA,0,NA,"EWYKT"
"1333","p_black","12",32,"1",0.998,0.998,0.998,0.998,NA,0,NA,"EWYKT"
"1334","p_black","12",32,"2",0.998,0.998,0.998,0.998,NA,0,NA,"EWYKT"
"1335","p_dsr","12",32,"1",0.746,0.746,0.746,0.746,NA,0,NA,"EWYKT"
"1336","p_dsr","12",32,"2",0.845,0.845,0.845,0.845,NA,0,NA,"EWYKT"
"1337","p_slope","12",32,"1",0.004,0.004,0.004,0.004,NA,0,NA,"EWYKT"
"1338","p_slope","12",32,"2",0,0,0,0,NA,0,NA,"EWYKT"
"1339","p_pelagic","12",33,"1",0.896,0.896,0.896,0.896,NA,0,NA,"EWYKT"
"1340","p_pelagic","12",33,"2",0.927,0.927,0.927,0.927,NA,0,NA,"EWYKT"
"1341","p_yellow","12",33,"1",0.259,0.259,0.259,0.259,NA,0,NA,"EWYKT"
"1342","p_yellow","12",33,"2",0.148,0.148,0.148,0.148,NA,0,NA,"EWYKT"
"1343","p_black","12",33,"1",0.996,0.996,0.996,0.996,NA,0,NA,"EWYKT"
"1344","p_black","12",33,"2",0.998,0.998,0.998,0.998,NA,0,NA,"EWYKT"
"1345","p_dsr","12",33,"1",0.815,0.815,0.815,0.815,NA,0,NA,"EWYKT"
"1346","p_dsr","12",33,"2",0.818,0.818,0.818,0.818,NA,0,NA,"EWYKT"
"1347","p_slope","12",33,"1",0.002,0.002,0.002,0.002,NA,0,NA,"EWYKT"
"1348","p_slope","12",33,"2",0,0,0,0,NA,0,NA,"EWYKT"
"1349","p_pelagic","12",34,"1",0.798,0.798,0.798,0.798,NA,0,NA,"EWYKT"
"1350","p_pelagic","12",34,"2",0.888,0.888,0.888,0.888,NA,0,NA,"EWYKT"
"1351","p_yellow","12",34,"1",0.222,0.222,0.222,0.222,NA,0,NA,"EWYKT"
"1352","p_yellow","12",34,"2",0.115,0.115,0.115,0.115,NA,0,NA,"EWYKT"
"1353","p_black","12",34,"1",0.98,0.98,0.98,0.98,NA,0,NA,"EWYKT"
"1354","p_black","12",34,"2",0.998,0.998,0.998,0.998,NA,0,NA,"EWYKT"
"1355","p_dsr","12",34,"1",0.813,0.813,0.813,0.813,NA,0,NA,"EWYKT"
"1356","p_dsr","12",34,"2",0.879,0.879,0.879,0.879,NA,0,NA,"EWYKT"
"1357","p_slope","12",34,"1",0.003,0.003,0.003,0.003,NA,0,NA,"EWYKT"
"1358","p_slope","12",34,"2",0,0,0,0,NA,0,NA,"EWYKT"
"1359","p_pelagic","12",35,"1",0.844,0.844,0.844,0.844,NA,0,NA,"EWYKT"
"1360","p_pelagic","12",35,"2",0.827,0.827,0.827,0.827,NA,0,NA,"EWYKT"
"1361","p_yellow","12",35,"1",0.219,0.219,0.219,0.219,NA,0,NA,"EWYKT"
"1362","p_yellow","12",35,"2",0.1,0.1,0.1,0.1,NA,0,NA,"EWYKT"
"1363","p_black","12",35,"1",0.987,0.987,0.987,0.987,NA,0,NA,"EWYKT"
"1364","p_black","12",35,"2",0.998,0.998,0.998,0.998,NA,0,NA,"EWYKT"
"1365","p_dsr","12",35,"1",0.826,0.826,0.826,0.826,NA,0,NA,"EWYKT"
"1366","p_dsr","12",35,"2",0.898,0.898,0.898,0.898,NA,0,NA,"EWYKT"
"1367","p_slope","12",35,"1",0.013,0.013,0.013,0.013,NA,0,NA,"EWYKT"
"1368","p_slope","12",35,"2",0,0,0,0,NA,0,NA,"EWYKT"
"1369","p_pelagic","12",36,"1",0.848,0.848,0.848,0.848,NA,0,NA,"EWYKT"
"1370","p_pelagic","12",36,"2",0.83,0.83,0.83,0.83,NA,0,NA,"EWYKT"
"1371","p_yellow","12",36,"1",0.264,0.264,0.264,0.264,NA,0,NA,"EWYKT"
"1372","p_yellow","12",36,"2",0.111,0.111,0.111,0.111,NA,0,NA,"EWYKT"
"1373","p_black","12",36,"1",0.965,0.965,0.965,0.965,NA,0,NA,"EWYKT"
"1374","p_black","12",36,"2",0.986,0.986,0.986,0.986,NA,0,NA,"EWYKT"
"1375","p_dsr","12",36,"1",0.776,0.776,0.776,0.776,NA,0,NA,"EWYKT"
"1376","p_dsr","12",36,"2",0.883,0.883,0.883,0.883,NA,0,NA,"EWYKT"
"1377","p_slope","12",36,"1",0.002,0.002,0.002,0.002,NA,0,NA,"EWYKT"
"1378","p_slope","12",36,"2",0,0,0,0,NA,0,NA,"EWYKT"
"1379","p_pelagic","12",37,"1",0.897,0.897,0.897,0.897,NA,0,NA,"EWYKT"
"1380","p_pelagic","12",37,"2",0.873,0.873,0.873,0.873,NA,0,NA,"EWYKT"
"1381","p_yellow","12",37,"1",0.132,0.132,0.132,0.132,NA,0,NA,"EWYKT"
"1382","p_yellow","12",37,"2",0.089,0.089,0.089,0.089,NA,0,NA,"EWYKT"
"1383","p_black","12",37,"1",0.995,0.995,0.995,0.995,NA,0,NA,"EWYKT"
"1384","p_black","12",37,"2",0.997,0.997,0.997,0.997,NA,0,NA,"EWYKT"
"1385","p_dsr","12",37,"1",0.915,0.915,0.915,0.915,NA,0,NA,"EWYKT"
"1386","p_dsr","12",37,"2",0.916,0.916,0.916,0.916,NA,0,NA,"EWYKT"
"1387","p_slope","12",37,"1",0.003,0.003,0.003,0.003,NA,0,NA,"EWYKT"
"1388","p_slope","12",37,"2",0,0,0,0,NA,0,NA,"EWYKT"
"1389","p_pelagic","12",38,"1",0.867,0.867,0.867,0.867,NA,0,NA,"EWYKT"
"1390","p_pelagic","12",38,"2",0.762,0.762,0.762,0.762,NA,0,NA,"EWYKT"
"1391","p_yellow","12",38,"1",0.199,0.199,0.199,0.199,NA,0,NA,"EWYKT"
"1392","p_yellow","12",38,"2",0.087,0.087,0.087,0.087,NA,0,NA,"EWYKT"
"1393","p_black","12",38,"1",0.998,0.998,0.998,0.998,NA,0,NA,"EWYKT"
"1394","p_black","12",38,"2",0.998,0.998,0.998,0.998,NA,0,NA,"EWYKT"
"1395","p_dsr","12",38,"1",0.843,0.843,0.843,0.843,NA,0,NA,"EWYKT"
"1396","p_dsr","12",38,"2",0.871,0.871,0.871,0.871,NA,0,NA,"EWYKT"
"1397","p_slope","12",38,"1",0.004,0.004,0.004,0.004,NA,0,NA,"EWYKT"
"1398","p_slope","12",38,"2",0,0,0,0,NA,0,NA,"EWYKT"
"1399","p_pelagic","12",39,"1",0.852,0.852,0.852,0.852,NA,0,NA,"EWYKT"
"1400","p_pelagic","12",39,"2",0.923,0.923,0.923,0.923,NA,0,NA,"EWYKT"
"1401","p_yellow","12",39,"1",0.246,0.246,0.246,0.246,NA,0,NA,"EWYKT"
"1402","p_yellow","12",39,"2",0.097,0.097,0.097,0.097,NA,0,NA,"EWYKT"
"1403","p_black","12",39,"1",0.996,0.996,0.996,0.996,NA,0,NA,"EWYKT"
"1404","p_black","12",39,"2",0.998,0.998,0.998,0.998,NA,0,NA,"EWYKT"
"1405","p_dsr","12",39,"1",0.856,0.856,0.856,0.856,NA,0,NA,"EWYKT"
"1406","p_dsr","12",39,"2",0.903,0.903,0.903,0.903,NA,0,NA,"EWYKT"
"1407","p_slope","12",39,"1",0.002,0.002,0.002,0.002,NA,0,NA,"EWYKT"
"1408","p_slope","12",39,"2",0,0,0,0,NA,0,NA,"EWYKT"
"1409","p_pelagic","12",4,"1",0.867,0.867,0.867,0.867,NA,0,NA,"EWYKT"
"1410","p_pelagic","12",4,"2",0.861,0.861,0.861,0.861,NA,0,NA,"EWYKT"
"1411","p_yellow","12",4,"1",0.249,0.249,0.249,0.249,NA,0,NA,"EWYKT"
"1412","p_yellow","12",4,"2",0.094,0.094,0.094,0.094,NA,0,NA,"EWYKT"
"1413","p_black","12",4,"1",0.993,0.993,0.993,0.993,NA,0,NA,"EWYKT"
"1414","p_black","12",4,"2",0.997,0.997,0.997,0.997,NA,0,NA,"EWYKT"
"1415","p_dsr","12",4,"1",0.808,0.808,0.808,0.808,NA,0,NA,"EWYKT"
"1416","p_dsr","12",4,"2",0.901,0.901,0.901,0.901,NA,0,NA,"EWYKT"
"1417","p_slope","12",4,"1",0.006,0.006,0.006,0.006,NA,0,NA,"EWYKT"
"1418","p_slope","12",4,"2",0,0,0,0,NA,0,NA,"EWYKT"
"1419","p_pelagic","12",40,"1",0.848,0.848,0.848,0.848,NA,0,NA,"EWYKT"
"1420","p_pelagic","12",40,"2",0.847,0.847,0.847,0.847,NA,0,NA,"EWYKT"
"1421","p_yellow","12",40,"1",0.269,0.269,0.269,0.269,NA,0,NA,"EWYKT"
"1422","p_yellow","12",40,"2",0.142,0.142,0.142,0.142,NA,0,NA,"EWYKT"
"1423","p_black","12",40,"1",0.998,0.998,0.998,0.998,NA,0,NA,"EWYKT"
"1424","p_black","12",40,"2",0.998,0.998,0.998,0.998,NA,0,NA,"EWYKT"
"1425","p_dsr","12",40,"1",0.802,0.802,0.802,0.802,NA,0,NA,"EWYKT"
"1426","p_dsr","12",40,"2",0.827,0.827,0.827,0.827,NA,0,NA,"EWYKT"
"1427","p_slope","12",40,"1",0.007,0.007,0.007,0.007,NA,0,NA,"EWYKT"
"1428","p_slope","12",40,"2",0,0,0,0,NA,0,NA,"EWYKT"
"1429","p_pelagic","12",41,"1",0.88,0.88,0.88,0.88,NA,0,NA,"EWYKT"
"1430","p_pelagic","12",41,"2",0.903,0.903,0.903,0.903,NA,0,NA,"EWYKT"
"1431","p_yellow","12",41,"1",0.292,0.292,0.292,0.292,NA,0,NA,"EWYKT"
"1432","p_yellow","12",41,"2",0.051,0.051,0.051,0.051,NA,0,NA,"EWYKT"
"1433","p_black","12",41,"1",0.97,0.97,0.97,0.97,NA,0,NA,"EWYKT"
"1434","p_black","12",41,"2",0.998,0.998,0.998,0.998,NA,0,NA,"EWYKT"
"1435","p_dsr","12",41,"1",0.748,0.748,0.748,0.748,NA,0,NA,"EWYKT"
"1436","p_dsr","12",41,"2",0.962,0.962,0.962,0.962,NA,0,NA,"EWYKT"
"1437","p_slope","12",41,"1",0.01,0.01,0.01,0.01,NA,0,NA,"EWYKT"
"1438","p_slope","12",41,"2",0,0,0,0,NA,0,NA,"EWYKT"
"1439","p_pelagic","12",42,"1",0.897,0.897,0.897,0.897,NA,0,NA,"EWYKT"
"1440","p_pelagic","12",42,"2",0.818,0.818,0.818,0.818,NA,0,NA,"EWYKT"
"1441","p_yellow","12",42,"1",0.296,0.296,0.296,0.296,NA,0,NA,"EWYKT"
"1442","p_yellow","12",42,"2",0.102,0.102,0.102,0.102,NA,0,NA,"EWYKT"
"1443","p_black","12",42,"1",0.975,0.975,0.975,0.975,NA,0,NA,"EWYKT"
"1444","p_black","12",42,"2",0.961,0.961,0.961,0.961,NA,0,NA,"EWYKT"
"1445","p_dsr","12",42,"1",0.787,0.787,0.787,0.787,NA,0,NA,"EWYKT"
"1446","p_dsr","12",42,"2",0.893,0.893,0.893,0.893,NA,0,NA,"EWYKT"
"1447","p_slope","12",42,"1",0.041,0.041,0.041,0.041,NA,0,NA,"EWYKT"
"1448","p_slope","12",42,"2",0,0,0,0,NA,0,NA,"EWYKT"
"1449","p_pelagic","12",43,"1",0.905,0.905,0.905,0.905,NA,0,NA,"EWYKT"
"1450","p_pelagic","12",43,"2",0.868,0.868,0.868,0.868,NA,0,NA,"EWYKT"
"1451","p_yellow","12",43,"1",0.222,0.222,0.222,0.222,NA,0,NA,"EWYKT"
"1452","p_yellow","12",43,"2",0.049,0.049,0.049,0.049,NA,0,NA,"EWYKT"
"1453","p_black","12",43,"1",0.961,0.961,0.961,0.961,NA,0,NA,"EWYKT"
"1454","p_black","12",43,"2",0.993,0.993,0.993,0.993,NA,0,NA,"EWYKT"
"1455","p_dsr","12",43,"1",0.781,0.781,0.781,0.781,NA,0,NA,"EWYKT"
"1456","p_dsr","12",43,"2",0.94,0.94,0.94,0.94,NA,0,NA,"EWYKT"
"1457","p_slope","12",43,"1",0.042,0.042,0.042,0.042,NA,0,NA,"EWYKT"
"1458","p_slope","12",43,"2",0,0,0,0,NA,0,NA,"EWYKT"
"1459","p_pelagic","12",44,"1",0.991,0.991,0.989,0.993,1,0.001,0,"EWYKT"
"1460","p_pelagic","12",44,"2",0.981,0.983,0.956,0.995,1.001,0.01,-0.196,"EWYKT"
"1461","p_yellow","12",44,"1",0.021,0.016,0.002,0.067,1.001,0.017,0.291,"EWYKT"
"1462","p_yellow","12",44,"2",0.088,0.039,0.001,0.433,1.002,0.12,0.407,"EWYKT"
"1463","p_black","12",44,"1",0.983,0.983,0.973,0.99,1.001,0.004,0,"EWYKT"
"1464","p_black","12",44,"2",0.997,0.998,0.989,1,1.001,0.003,-0.338,"EWYKT"
"1465","p_dsr","12",44,"1",0.922,0.949,0.696,0.996,1,0.081,-0.332,"EWYKT"
"1466","p_dsr","12",44,"2",0.898,0.934,0.595,0.995,1,0.106,-0.339,"EWYKT"
"1467","p_slope","12",44,"1",0.904,0.941,0.615,0.998,1.002,0.104,-0.356,"EWYKT"
"1468","p_slope","12",44,"2",0.004,0,0,0.033,1.025,0.022,0.185,"EWYKT"
"1469","p_pelagic","12",45,"1",0.993,0.993,0.991,0.994,1,0.001,0,"EWYKT"
"1470","p_pelagic","12",45,"2",0.99,0.991,0.98,0.997,1.004,0.004,-0.228,"EWYKT"
"1471","p_yellow","12",45,"1",0.016,0.012,0.002,0.052,1,0.013,0.299,"EWYKT"
"1472","p_yellow","12",45,"2",0.083,0.038,0.001,0.425,1.002,0.113,0.399,"EWYKT"
"1473","p_black","12",45,"1",0.99,0.99,0.984,0.994,1,0.002,0,"EWYKT"
"1474","p_black","12",45,"2",0.998,0.998,0.992,1,1.004,0.002,0,"EWYKT"
"1475","p_dsr","12",45,"1",0.935,0.957,0.757,0.996,1.004,0.065,-0.339,"EWYKT"
"1476","p_dsr","12",45,"2",0.892,0.931,0.58,0.994,1,0.115,-0.34,"EWYKT"
"1477","p_slope","12",45,"1",0.927,0.954,0.706,0.997,1,0.078,-0.347,"EWYKT"
"1478","p_slope","12",45,"2",0.004,0,0,0.026,1.062,0.024,0.169,"EWYKT"
"1479","p_pelagic","12",46,"1",0.988,0.988,0.986,0.99,1,0.001,0,"EWYKT"
"1480","p_pelagic","12",46,"2",0.981,0.982,0.968,0.991,1,0.006,-0.172,"EWYKT"
"1481","p_yellow","12",46,"1",0.039,0.037,0.015,0.079,1.001,0.017,0.119,"EWYKT"
"1482","p_yellow","12",46,"2",0.045,0.026,0.001,0.198,1.002,0.052,0.363,"EWYKT"
"1483","p_black","12",46,"1",0.992,0.992,0.988,0.994,1,0.002,0,"EWYKT"
"1484","p_black","12",46,"2",0.998,0.998,0.994,1,1.001,0.001,0,"EWYKT"
"1485","p_dsr","12",46,"1",0.961,0.972,0.867,0.997,1.001,0.035,-0.313,"EWYKT"
"1486","p_dsr","12",46,"2",0.937,0.953,0.792,0.995,1,0.055,-0.29,"EWYKT"
"1487","p_slope","12",46,"1",0.8,0.808,0.63,0.926,1.004,0.077,-0.104,"EWYKT"
"1488","p_slope","12",46,"2",0.002,0,0,0.019,1.005,0.008,0.238,"EWYKT"
"1489","p_pelagic","12",47,"1",0.991,0.991,0.989,0.993,1,0.001,0,"EWYKT"
"1490","p_pelagic","12",47,"2",0.975,0.976,0.961,0.986,1.001,0.007,-0.154,"EWYKT"
"1491","p_yellow","12",47,"1",0.018,0.016,0.004,0.048,1.003,0.012,0.17,"EWYKT"
"1492","p_yellow","12",47,"2",0.032,0.02,0.001,0.135,1,0.036,0.33,"EWYKT"
"1493","p_black","12",47,"1",0.967,0.967,0.959,0.973,1,0.004,0,"EWYKT"
"1494","p_black","12",47,"2",0.996,0.997,0.991,0.999,1.001,0.002,-0.477,"EWYKT"
"1495","p_dsr","12",47,"1",0.955,0.967,0.843,0.997,1.001,0.042,-0.287,"EWYKT"
"1496","p_dsr","12",47,"2",0.95,0.962,0.837,0.996,1,0.043,-0.279,"EWYKT"
"1497","p_slope","12",47,"1",0.661,0.675,0.374,0.884,1,0.133,-0.105,"EWYKT"
"1498","p_slope","12",47,"2",0.002,0,0,0.017,1.007,0.008,0.258,"EWYKT"
"1499","p_pelagic","12",48,"1",0.993,0.993,0.991,0.994,1,0.001,0,"EWYKT"
"1500","p_pelagic","12",48,"2",0.969,0.969,0.954,0.98,1,0.007,0,"EWYKT"
"1501","p_yellow","12",48,"1",0.013,0.011,0.002,0.038,1,0.01,0.208,"EWYKT"
"1502","p_yellow","12",48,"2",0.087,0.074,0.014,0.235,1.002,0.057,0.227,"EWYKT"
"1503","p_black","12",48,"1",0.961,0.961,0.952,0.969,1,0.004,0,"EWYKT"
"1504","p_black","12",48,"2",0.995,0.995,0.989,0.998,1.005,0.003,0,"EWYKT"
"1505","p_dsr","12",48,"1",0.959,0.969,0.867,0.997,1.002,0.036,-0.281,"EWYKT"
"1506","p_dsr","12",48,"2",0.907,0.918,0.767,0.982,1.001,0.055,-0.2,"EWYKT"
"1507","p_slope","12",48,"1",0.951,0.966,0.82,0.998,1.002,0.049,-0.304,"EWYKT"
"1508","p_slope","12",48,"2",0.001,0,0,0.015,1.033,0.005,0.202,"EWYKT"
"1509","p_pelagic","12",49,"1",0.929,0.929,0.923,0.935,1,0.003,0,"EWYKT"
"1510","p_pelagic","12",49,"2",0.943,0.944,0.925,0.959,1,0.009,-0.117,"EWYKT"
"1511","p_yellow","12",49,"1",0.55,0.55,0.493,0.609,1,0.029,0,"EWYKT"
"1512","p_yellow","12",49,"2",0.273,0.268,0.152,0.422,1.001,0.068,0.073,"EWYKT"
"1513","p_black","12",49,"1",0.982,0.982,0.977,0.987,1.002,0.003,0,"EWYKT"
"1514","p_black","12",49,"2",0.995,0.995,0.99,0.998,1,0.002,0,"EWYKT"
"1515","p_dsr","12",49,"1",0.478,0.477,0.423,0.536,1,0.029,0.034,"EWYKT"
"1516","p_dsr","12",49,"2",0.739,0.743,0.594,0.857,1.003,0.068,-0.059,"EWYKT"
"1517","p_slope","12",49,"1",0.044,0.042,0.017,0.084,1.001,0.017,0.116,"EWYKT"
"1518","p_slope","12",49,"2",0.001,0,0,0.01,1.003,0.003,0.294,"EWYKT"
"1519","p_pelagic","12",5,"1",0.868,0.868,0.868,0.868,NA,0,NA,"EWYKT"
"1520","p_pelagic","12",5,"2",0.862,0.862,0.862,0.862,NA,0,NA,"EWYKT"
"1521","p_yellow","12",5,"1",0.252,0.252,0.252,0.252,NA,0,NA,"EWYKT"
"1522","p_yellow","12",5,"2",0.095,0.095,0.095,0.095,NA,0,NA,"EWYKT"
"1523","p_black","12",5,"1",0.993,0.993,0.993,0.993,NA,0,NA,"EWYKT"
"1524","p_black","12",5,"2",0.997,0.997,0.997,0.997,NA,0,NA,"EWYKT"
"1525","p_dsr","12",5,"1",0.811,0.811,0.811,0.811,NA,0,NA,"EWYKT"
"1526","p_dsr","12",5,"2",0.901,0.901,0.901,0.901,NA,0,NA,"EWYKT"
"1527","p_slope","12",5,"1",0.005,0.005,0.005,0.005,NA,0,NA,"EWYKT"
"1528","p_slope","12",5,"2",0,0,0,0,NA,0,NA,"EWYKT"
"1529","p_pelagic","12",6,"1",0.866,0.866,0.866,0.866,NA,0,NA,"EWYKT"
"1530","p_pelagic","12",6,"2",0.863,0.863,0.863,0.863,NA,0,NA,"EWYKT"
"1531","p_yellow","12",6,"1",0.248,0.248,0.248,0.248,NA,0,NA,"EWYKT"
"1532","p_yellow","12",6,"2",0.096,0.096,0.096,0.096,NA,0,NA,"EWYKT"
"1533","p_black","12",6,"1",0.993,0.993,0.993,0.993,NA,0,NA,"EWYKT"
"1534","p_black","12",6,"2",0.997,0.997,0.997,0.997,NA,0,NA,"EWYKT"
"1535","p_dsr","12",6,"1",0.805,0.805,0.805,0.805,NA,0,NA,"EWYKT"
"1536","p_dsr","12",6,"2",0.902,0.902,0.902,0.902,NA,0,NA,"EWYKT"
"1537","p_slope","12",6,"1",0.005,0.005,0.005,0.005,NA,0,NA,"EWYKT"
"1538","p_slope","12",6,"2",0,0,0,0,NA,0,NA,"EWYKT"
"1539","p_pelagic","12",7,"1",0.869,0.869,0.869,0.869,NA,0,NA,"EWYKT"
"1540","p_pelagic","12",7,"2",0.86,0.86,0.86,0.86,NA,0,NA,"EWYKT"
"1541","p_yellow","12",7,"1",0.252,0.252,0.252,0.252,NA,0,NA,"EWYKT"
"1542","p_yellow","12",7,"2",0.095,0.095,0.095,0.095,NA,0,NA,"EWYKT"
"1543","p_black","12",7,"1",0.993,0.993,0.993,0.993,NA,0,NA,"EWYKT"
"1544","p_black","12",7,"2",0.997,0.997,0.997,0.997,NA,0,NA,"EWYKT"
"1545","p_dsr","12",7,"1",0.809,0.809,0.809,0.809,NA,0,NA,"EWYKT"
"1546","p_dsr","12",7,"2",0.902,0.902,0.902,0.902,NA,0,NA,"EWYKT"
"1547","p_slope","12",7,"1",0.005,0.005,0.005,0.005,NA,0,NA,"EWYKT"
"1548","p_slope","12",7,"2",0,0,0,0,NA,0,NA,"EWYKT"
"1549","p_pelagic","12",8,"1",0.869,0.869,0.869,0.869,NA,0,NA,"EWYKT"
"1550","p_pelagic","12",8,"2",0.861,0.861,0.861,0.861,NA,0,NA,"EWYKT"
"1551","p_yellow","12",8,"1",0.248,0.248,0.248,0.248,NA,0,NA,"EWYKT"
"1552","p_yellow","12",8,"2",0.095,0.095,0.095,0.095,NA,0,NA,"EWYKT"
"1553","p_black","12",8,"1",0.993,0.993,0.993,0.993,NA,0,NA,"EWYKT"
"1554","p_black","12",8,"2",0.997,0.997,0.997,0.997,NA,0,NA,"EWYKT"
"1555","p_dsr","12",8,"1",0.804,0.804,0.804,0.804,NA,0,NA,"EWYKT"
"1556","p_dsr","12",8,"2",0.901,0.901,0.901,0.901,NA,0,NA,"EWYKT"
"1557","p_slope","12",8,"1",0.005,0.005,0.005,0.005,NA,0,NA,"EWYKT"
"1558","p_slope","12",8,"2",0,0,0,0,NA,0,NA,"EWYKT"
"1559","p_pelagic","12",9,"1",0.868,0.868,0.868,0.868,NA,0,NA,"EWYKT"
"1560","p_pelagic","12",9,"2",0.861,0.861,0.861,0.861,NA,0,NA,"EWYKT"
"1561","p_yellow","12",9,"1",0.246,0.246,0.246,0.246,NA,0,NA,"EWYKT"
"1562","p_yellow","12",9,"2",0.094,0.094,0.094,0.094,NA,0,NA,"EWYKT"
"1563","p_black","12",9,"1",0.993,0.993,0.993,0.993,NA,0,NA,"EWYKT"
"1564","p_black","12",9,"2",0.997,0.997,0.997,0.997,NA,0,NA,"EWYKT"
"1565","p_dsr","12",9,"1",0.806,0.806,0.806,0.806,NA,0,NA,"EWYKT"
"1566","p_dsr","12",9,"2",0.902,0.902,0.902,0.902,NA,0,NA,"EWYKT"
"1567","p_slope","12",9,"1",0.006,0.006,0.006,0.006,NA,0,NA,"EWYKT"
"1568","p_slope","12",9,"2",0,0,0,0,NA,0,NA,"EWYKT"
"1569","p_pelagic","13",1,"1",0.32,0.32,0.32,0.32,NA,0,NA,"NSEI"
"1570","p_pelagic","13",1,"2",0.118,0.118,0.118,0.118,NA,0,NA,"NSEI"
"1571","p_yellow","13",1,"1",0.378,0.378,0.378,0.378,NA,0,NA,"NSEI"
"1572","p_yellow","13",1,"2",0.338,0.338,0.338,0.338,NA,0,NA,"NSEI"
"1573","p_black","13",1,"1",0.848,0.848,0.848,0.848,NA,0,NA,"NSEI"
"1574","p_black","13",1,"2",0.633,0.633,0.633,0.633,NA,0,NA,"NSEI"
"1575","p_dsr","13",1,"1",0.536,0.536,0.536,0.536,NA,0,NA,"NSEI"
"1576","p_dsr","13",1,"2",0.509,0.509,0.509,0.509,NA,0,NA,"NSEI"
"1577","p_slope","13",1,"1",0.16,0.16,0.16,0.16,NA,0,NA,"NSEI"
"1578","p_slope","13",1,"2",0.236,0.236,0.236,0.236,NA,0,NA,"NSEI"
"1579","p_pelagic","13",10,"1",0.332,0.332,0.332,0.332,NA,0,NA,"NSEI"
"1580","p_pelagic","13",10,"2",0.129,0.129,0.129,0.129,NA,0,NA,"NSEI"
"1581","p_yellow","13",10,"1",0.38,0.38,0.38,0.38,NA,0,NA,"NSEI"
"1582","p_yellow","13",10,"2",0.343,0.343,0.343,0.343,NA,0,NA,"NSEI"
"1583","p_black","13",10,"1",0.841,0.841,0.841,0.841,NA,0,NA,"NSEI"
"1584","p_black","13",10,"2",0.625,0.625,0.625,0.625,NA,0,NA,"NSEI"
"1585","p_dsr","13",10,"1",0.538,0.538,0.538,0.538,NA,0,NA,"NSEI"
"1586","p_dsr","13",10,"2",0.512,0.512,0.512,0.512,NA,0,NA,"NSEI"
"1587","p_slope","13",10,"1",0.16,0.16,0.16,0.16,NA,0,NA,"NSEI"
"1588","p_slope","13",10,"2",0.237,0.237,0.237,0.237,NA,0,NA,"NSEI"
"1589","p_pelagic","13",11,"1",0.338,0.338,0.338,0.338,NA,0,NA,"NSEI"
"1590","p_pelagic","13",11,"2",0.128,0.128,0.128,0.128,NA,0,NA,"NSEI"
"1591","p_yellow","13",11,"1",0.379,0.379,0.379,0.379,NA,0,NA,"NSEI"
"1592","p_yellow","13",11,"2",0.347,0.347,0.347,0.347,NA,0,NA,"NSEI"
"1593","p_black","13",11,"1",0.843,0.843,0.843,0.843,NA,0,NA,"NSEI"
"1594","p_black","13",11,"2",0.633,0.633,0.633,0.633,NA,0,NA,"NSEI"
"1595","p_dsr","13",11,"1",0.534,0.534,0.534,0.534,NA,0,NA,"NSEI"
"1596","p_dsr","13",11,"2",0.517,0.517,0.517,0.517,NA,0,NA,"NSEI"
"1597","p_slope","13",11,"1",0.16,0.16,0.16,0.16,NA,0,NA,"NSEI"
"1598","p_slope","13",11,"2",0.239,0.239,0.239,0.239,NA,0,NA,"NSEI"
"1599","p_pelagic","13",12,"1",0.344,0.344,0.344,0.344,NA,0,NA,"NSEI"
"1600","p_pelagic","13",12,"2",0.131,0.131,0.131,0.131,NA,0,NA,"NSEI"
"1601","p_yellow","13",12,"1",0.38,0.38,0.38,0.38,NA,0,NA,"NSEI"
"1602","p_yellow","13",12,"2",0.343,0.343,0.343,0.343,NA,0,NA,"NSEI"
"1603","p_black","13",12,"1",0.842,0.842,0.842,0.842,NA,0,NA,"NSEI"
"1604","p_black","13",12,"2",0.631,0.631,0.631,0.631,NA,0,NA,"NSEI"
"1605","p_dsr","13",12,"1",0.541,0.541,0.541,0.541,NA,0,NA,"NSEI"
"1606","p_dsr","13",12,"2",0.52,0.52,0.52,0.52,NA,0,NA,"NSEI"
"1607","p_slope","13",12,"1",0.162,0.162,0.162,0.162,NA,0,NA,"NSEI"
"1608","p_slope","13",12,"2",0.241,0.241,0.241,0.241,NA,0,NA,"NSEI"
"1609","p_pelagic","13",13,"1",0.344,0.344,0.344,0.344,NA,0,NA,"NSEI"
"1610","p_pelagic","13",13,"2",0.131,0.131,0.131,0.131,NA,0,NA,"NSEI"
"1611","p_yellow","13",13,"1",0.386,0.386,0.386,0.386,NA,0,NA,"NSEI"
"1612","p_yellow","13",13,"2",0.346,0.346,0.346,0.346,NA,0,NA,"NSEI"
"1613","p_black","13",13,"1",0.848,0.848,0.848,0.848,NA,0,NA,"NSEI"
"1614","p_black","13",13,"2",0.631,0.631,0.631,0.631,NA,0,NA,"NSEI"
"1615","p_dsr","13",13,"1",0.527,0.527,0.527,0.527,NA,0,NA,"NSEI"
"1616","p_dsr","13",13,"2",0.51,0.51,0.51,0.51,NA,0,NA,"NSEI"
"1617","p_slope","13",13,"1",0.157,0.157,0.157,0.157,NA,0,NA,"NSEI"
"1618","p_slope","13",13,"2",0.241,0.241,0.241,0.241,NA,0,NA,"NSEI"
"1619","p_pelagic","13",14,"1",0.323,0.323,0.323,0.323,NA,0,NA,"NSEI"
"1620","p_pelagic","13",14,"2",0.133,0.133,0.133,0.133,NA,0,NA,"NSEI"
"1621","p_yellow","13",14,"1",0.378,0.378,0.378,0.378,NA,0,NA,"NSEI"
"1622","p_yellow","13",14,"2",0.341,0.341,0.341,0.341,NA,0,NA,"NSEI"
"1623","p_black","13",14,"1",0.847,0.847,0.847,0.847,NA,0,NA,"NSEI"
"1624","p_black","13",14,"2",0.635,0.635,0.635,0.635,NA,0,NA,"NSEI"
"1625","p_dsr","13",14,"1",0.534,0.534,0.534,0.534,NA,0,NA,"NSEI"
"1626","p_dsr","13",14,"2",0.52,0.52,0.52,0.52,NA,0,NA,"NSEI"
"1627","p_slope","13",14,"1",0.153,0.153,0.153,0.153,NA,0,NA,"NSEI"
"1628","p_slope","13",14,"2",0.242,0.242,0.242,0.242,NA,0,NA,"NSEI"
"1629","p_pelagic","13",15,"1",0.298,0.298,0.298,0.298,NA,0,NA,"NSEI"
"1630","p_pelagic","13",15,"2",0.124,0.124,0.124,0.124,NA,0,NA,"NSEI"
"1631","p_yellow","13",15,"1",0.372,0.372,0.372,0.372,NA,0,NA,"NSEI"
"1632","p_yellow","13",15,"2",0.331,0.331,0.331,0.331,NA,0,NA,"NSEI"
"1633","p_black","13",15,"1",0.845,0.845,0.845,0.845,NA,0,NA,"NSEI"
"1634","p_black","13",15,"2",0.631,0.631,0.631,0.631,NA,0,NA,"NSEI"
"1635","p_dsr","13",15,"1",0.536,0.536,0.536,0.536,NA,0,NA,"NSEI"
"1636","p_dsr","13",15,"2",0.523,0.523,0.523,0.523,NA,0,NA,"NSEI"
"1637","p_slope","13",15,"1",0.144,0.144,0.144,0.144,NA,0,NA,"NSEI"
"1638","p_slope","13",15,"2",0.232,0.232,0.232,0.232,NA,0,NA,"NSEI"
"1639","p_pelagic","13",16,"1",0.331,0.331,0.331,0.331,NA,0,NA,"NSEI"
"1640","p_pelagic","13",16,"2",0.139,0.139,0.139,0.139,NA,0,NA,"NSEI"
"1641","p_yellow","13",16,"1",0.38,0.38,0.38,0.38,NA,0,NA,"NSEI"
"1642","p_yellow","13",16,"2",0.34,0.34,0.34,0.34,NA,0,NA,"NSEI"
"1643","p_black","13",16,"1",0.851,0.851,0.851,0.851,NA,0,NA,"NSEI"
"1644","p_black","13",16,"2",0.629,0.629,0.629,0.629,NA,0,NA,"NSEI"
"1645","p_dsr","13",16,"1",0.544,0.544,0.544,0.544,NA,0,NA,"NSEI"
"1646","p_dsr","13",16,"2",0.509,0.509,0.509,0.509,NA,0,NA,"NSEI"
"1647","p_slope","13",16,"1",0.157,0.157,0.157,0.157,NA,0,NA,"NSEI"
"1648","p_slope","13",16,"2",0.24,0.24,0.24,0.24,NA,0,NA,"NSEI"
"1649","p_pelagic","13",17,"1",0.345,0.345,0.345,0.345,NA,0,NA,"NSEI"
"1650","p_pelagic","13",17,"2",0.14,0.14,0.14,0.14,NA,0,NA,"NSEI"
"1651","p_yellow","13",17,"1",0.382,0.382,0.382,0.382,NA,0,NA,"NSEI"
"1652","p_yellow","13",17,"2",0.339,0.339,0.339,0.339,NA,0,NA,"NSEI"
"1653","p_black","13",17,"1",0.85,0.85,0.85,0.85,NA,0,NA,"NSEI"
"1654","p_black","13",17,"2",0.62,0.62,0.62,0.62,NA,0,NA,"NSEI"
"1655","p_dsr","13",17,"1",0.533,0.533,0.533,0.533,NA,0,NA,"NSEI"
"1656","p_dsr","13",17,"2",0.514,0.514,0.514,0.514,NA,0,NA,"NSEI"
"1657","p_slope","13",17,"1",0.157,0.157,0.157,0.157,NA,0,NA,"NSEI"
"1658","p_slope","13",17,"2",0.241,0.241,0.241,0.241,NA,0,NA,"NSEI"
"1659","p_pelagic","13",18,"1",0.359,0.359,0.359,0.359,NA,0,NA,"NSEI"
"1660","p_pelagic","13",18,"2",0.145,0.145,0.145,0.145,NA,0,NA,"NSEI"
"1661","p_yellow","13",18,"1",0.378,0.378,0.378,0.378,NA,0,NA,"NSEI"
"1662","p_yellow","13",18,"2",0.341,0.341,0.341,0.341,NA,0,NA,"NSEI"
"1663","p_black","13",18,"1",0.841,0.841,0.841,0.841,NA,0,NA,"NSEI"
"1664","p_black","13",18,"2",0.629,0.629,0.629,0.629,NA,0,NA,"NSEI"
"1665","p_dsr","13",18,"1",0.532,0.532,0.532,0.532,NA,0,NA,"NSEI"
"1666","p_dsr","13",18,"2",0.517,0.517,0.517,0.517,NA,0,NA,"NSEI"
"1667","p_slope","13",18,"1",0.156,0.156,0.156,0.156,NA,0,NA,"NSEI"
"1668","p_slope","13",18,"2",0.24,0.24,0.24,0.24,NA,0,NA,"NSEI"
"1669","p_pelagic","13",19,"1",0.356,0.356,0.356,0.356,NA,0,NA,"NSEI"
"1670","p_pelagic","13",19,"2",0.15,0.15,0.15,0.15,NA,0,NA,"NSEI"
"1671","p_yellow","13",19,"1",0.386,0.386,0.386,0.386,NA,0,NA,"NSEI"
"1672","p_yellow","13",19,"2",0.338,0.338,0.338,0.338,NA,0,NA,"NSEI"
"1673","p_black","13",19,"1",0.845,0.845,0.845,0.845,NA,0,NA,"NSEI"
"1674","p_black","13",19,"2",0.627,0.627,0.627,0.627,NA,0,NA,"NSEI"
"1675","p_dsr","13",19,"1",0.53,0.53,0.53,0.53,NA,0,NA,"NSEI"
"1676","p_dsr","13",19,"2",0.52,0.52,0.52,0.52,NA,0,NA,"NSEI"
"1677","p_slope","13",19,"1",0.157,0.157,0.157,0.157,NA,0,NA,"NSEI"
"1678","p_slope","13",19,"2",0.234,0.234,0.234,0.234,NA,0,NA,"NSEI"
"1679","p_pelagic","13",2,"1",0.32,0.32,0.32,0.32,NA,0,NA,"NSEI"
"1680","p_pelagic","13",2,"2",0.118,0.118,0.118,0.118,NA,0,NA,"NSEI"
"1681","p_yellow","13",2,"1",0.387,0.387,0.387,0.387,NA,0,NA,"NSEI"
"1682","p_yellow","13",2,"2",0.344,0.344,0.344,0.344,NA,0,NA,"NSEI"
"1683","p_black","13",2,"1",0.843,0.843,0.843,0.843,NA,0,NA,"NSEI"
"1684","p_black","13",2,"2",0.625,0.625,0.625,0.625,NA,0,NA,"NSEI"
"1685","p_dsr","13",2,"1",0.533,0.533,0.533,0.533,NA,0,NA,"NSEI"
"1686","p_dsr","13",2,"2",0.516,0.516,0.516,0.516,NA,0,NA,"NSEI"
"1687","p_slope","13",2,"1",0.161,0.161,0.161,0.161,NA,0,NA,"NSEI"
"1688","p_slope","13",2,"2",0.235,0.235,0.235,0.235,NA,0,NA,"NSEI"
"1689","p_pelagic","13",20,"1",0.37,0.37,0.37,0.37,NA,0,NA,"NSEI"
"1690","p_pelagic","13",20,"2",0.154,0.154,0.154,0.154,NA,0,NA,"NSEI"
"1691","p_yellow","13",20,"1",0.378,0.378,0.378,0.378,NA,0,NA,"NSEI"
"1692","p_yellow","13",20,"2",0.339,0.339,0.339,0.339,NA,0,NA,"NSEI"
"1693","p_black","13",20,"1",0.848,0.848,0.848,0.848,NA,0,NA,"NSEI"
"1694","p_black","13",20,"2",0.627,0.627,0.627,0.627,NA,0,NA,"NSEI"
"1695","p_dsr","13",20,"1",0.531,0.531,0.531,0.531,NA,0,NA,"NSEI"
"1696","p_dsr","13",20,"2",0.519,0.519,0.519,0.519,NA,0,NA,"NSEI"
"1697","p_slope","13",20,"1",0.156,0.156,0.156,0.156,NA,0,NA,"NSEI"
"1698","p_slope","13",20,"2",0.236,0.236,0.236,0.236,NA,0,NA,"NSEI"
"1699","p_pelagic","13",21,"1",0.391,0.391,0.391,0.391,NA,0,NA,"NSEI"
"1700","p_pelagic","13",21,"2",0.161,0.161,0.161,0.161,NA,0,NA,"NSEI"
"1701","p_yellow","13",21,"1",0.383,0.383,0.383,0.383,NA,0,NA,"NSEI"
"1702","p_yellow","13",21,"2",0.343,0.343,0.343,0.343,NA,0,NA,"NSEI"
"1703","p_black","13",21,"1",0.846,0.846,0.846,0.846,NA,0,NA,"NSEI"
"1704","p_black","13",21,"2",0.627,0.627,0.627,0.627,NA,0,NA,"NSEI"
"1705","p_dsr","13",21,"1",0.524,0.524,0.524,0.524,NA,0,NA,"NSEI"
"1706","p_dsr","13",21,"2",0.516,0.516,0.516,0.516,NA,0,NA,"NSEI"
"1707","p_slope","13",21,"1",0.155,0.155,0.155,0.155,NA,0,NA,"NSEI"
"1708","p_slope","13",21,"2",0.244,0.244,0.244,0.244,NA,0,NA,"NSEI"
"1709","p_pelagic","13",22,"1",0.481,0.481,0.481,0.481,NA,0,NA,"NSEI"
"1710","p_pelagic","13",22,"2",0.163,0.163,0.163,0.163,NA,0,NA,"NSEI"
"1711","p_yellow","13",22,"1",0.381,0.381,0.381,0.381,NA,0,NA,"NSEI"
"1712","p_yellow","13",22,"2",0.343,0.343,0.343,0.343,NA,0,NA,"NSEI"
"1713","p_black","13",22,"1",0.843,0.843,0.843,0.843,NA,0,NA,"NSEI"
"1714","p_black","13",22,"2",0.633,0.633,0.633,0.633,NA,0,NA,"NSEI"
"1715","p_dsr","13",22,"1",0.538,0.538,0.538,0.538,NA,0,NA,"NSEI"
"1716","p_dsr","13",22,"2",0.509,0.509,0.509,0.509,NA,0,NA,"NSEI"
"1717","p_slope","13",22,"1",0.154,0.154,0.154,0.154,NA,0,NA,"NSEI"
"1718","p_slope","13",22,"2",0.236,0.236,0.236,0.236,NA,0,NA,"NSEI"
"1719","p_pelagic","13",23,"1",0.605,0.605,0.605,0.605,NA,0,NA,"NSEI"
"1720","p_pelagic","13",23,"2",0.125,0.125,0.125,0.125,NA,0,NA,"NSEI"
"1721","p_yellow","13",23,"1",0.395,0.395,0.395,0.395,NA,0,NA,"NSEI"
"1722","p_yellow","13",23,"2",0.341,0.341,0.341,0.341,NA,0,NA,"NSEI"
"1723","p_black","13",23,"1",0.843,0.843,0.843,0.843,NA,0,NA,"NSEI"
"1724","p_black","13",23,"2",0.626,0.626,0.626,0.626,NA,0,NA,"NSEI"
"1725","p_dsr","13",23,"1",0.531,0.531,0.531,0.531,NA,0,NA,"NSEI"
"1726","p_dsr","13",23,"2",0.513,0.513,0.513,0.513,NA,0,NA,"NSEI"
"1727","p_slope","13",23,"1",0.327,0.327,0.327,0.327,NA,0,NA,"NSEI"
"1728","p_slope","13",23,"2",0.235,0.235,0.235,0.235,NA,0,NA,"NSEI"
"1729","p_pelagic","13",24,"1",0.572,0.572,0.572,0.572,NA,0,NA,"NSEI"
"1730","p_pelagic","13",24,"2",0.133,0.133,0.133,0.133,NA,0,NA,"NSEI"
"1731","p_yellow","13",24,"1",0.403,0.403,0.403,0.403,NA,0,NA,"NSEI"
"1732","p_yellow","13",24,"2",0.338,0.338,0.338,0.338,NA,0,NA,"NSEI"
"1733","p_black","13",24,"1",0.847,0.847,0.847,0.847,NA,0,NA,"NSEI"
"1734","p_black","13",24,"2",0.624,0.624,0.624,0.624,NA,0,NA,"NSEI"
"1735","p_dsr","13",24,"1",0.533,0.533,0.533,0.533,NA,0,NA,"NSEI"
"1736","p_dsr","13",24,"2",0.517,0.517,0.517,0.517,NA,0,NA,"NSEI"
"1737","p_slope","13",24,"1",0.307,0.307,0.307,0.307,NA,0,NA,"NSEI"
"1738","p_slope","13",24,"2",0.238,0.238,0.238,0.238,NA,0,NA,"NSEI"
"1739","p_pelagic","13",25,"1",0.539,0.539,0.539,0.539,NA,0,NA,"NSEI"
"1740","p_pelagic","13",25,"2",0.138,0.138,0.138,0.138,NA,0,NA,"NSEI"
"1741","p_yellow","13",25,"1",0.41,0.41,0.41,0.41,NA,0,NA,"NSEI"
"1742","p_yellow","13",25,"2",0.339,0.339,0.339,0.339,NA,0,NA,"NSEI"
"1743","p_black","13",25,"1",0.845,0.845,0.845,0.845,NA,0,NA,"NSEI"
"1744","p_black","13",25,"2",0.626,0.626,0.626,0.626,NA,0,NA,"NSEI"
"1745","p_dsr","13",25,"1",0.537,0.537,0.537,0.537,NA,0,NA,"NSEI"
"1746","p_dsr","13",25,"2",0.515,0.515,0.515,0.515,NA,0,NA,"NSEI"
"1747","p_slope","13",25,"1",0.273,0.273,0.273,0.273,NA,0,NA,"NSEI"
"1748","p_slope","13",25,"2",0.229,0.229,0.229,0.229,NA,0,NA,"NSEI"
"1749","p_pelagic","13",26,"1",0.63,0.63,0.63,0.63,NA,0,NA,"NSEI"
"1750","p_pelagic","13",26,"2",0.144,0.144,0.144,0.144,NA,0,NA,"NSEI"
"1751","p_yellow","13",26,"1",0.392,0.392,0.392,0.392,NA,0,NA,"NSEI"
"1752","p_yellow","13",26,"2",0.332,0.332,0.332,0.332,NA,0,NA,"NSEI"
"1753","p_black","13",26,"1",0.84,0.84,0.84,0.84,NA,0,NA,"NSEI"
"1754","p_black","13",26,"2",0.63,0.63,0.63,0.63,NA,0,NA,"NSEI"
"1755","p_dsr","13",26,"1",0.546,0.546,0.546,0.546,NA,0,NA,"NSEI"
"1756","p_dsr","13",26,"2",0.51,0.51,0.51,0.51,NA,0,NA,"NSEI"
"1757","p_slope","13",26,"1",0.313,0.313,0.313,0.313,NA,0,NA,"NSEI"
"1758","p_slope","13",26,"2",0.23,0.23,0.23,0.23,NA,0,NA,"NSEI"
"1759","p_pelagic","13",27,"1",0.578,0.578,0.578,0.578,NA,0,NA,"NSEI"
"1760","p_pelagic","13",27,"2",0.138,0.138,0.138,0.138,NA,0,NA,"NSEI"
"1761","p_yellow","13",27,"1",0.388,0.388,0.388,0.388,NA,0,NA,"NSEI"
"1762","p_yellow","13",27,"2",0.333,0.333,0.333,0.333,NA,0,NA,"NSEI"
"1763","p_black","13",27,"1",0.846,0.846,0.846,0.846,NA,0,NA,"NSEI"
"1764","p_black","13",27,"2",0.634,0.634,0.634,0.634,NA,0,NA,"NSEI"
"1765","p_dsr","13",27,"1",0.546,0.546,0.546,0.546,NA,0,NA,"NSEI"
"1766","p_dsr","13",27,"2",0.513,0.513,0.513,0.513,NA,0,NA,"NSEI"
"1767","p_slope","13",27,"1",0.327,0.327,0.327,0.327,NA,0,NA,"NSEI"
"1768","p_slope","13",27,"2",0.233,0.233,0.233,0.233,NA,0,NA,"NSEI"
"1769","p_pelagic","13",28,"1",0.549,0.549,0.549,0.549,NA,0,NA,"NSEI"
"1770","p_pelagic","13",28,"2",0.175,0.175,0.175,0.175,NA,0,NA,"NSEI"
"1771","p_yellow","13",28,"1",0.397,0.397,0.397,0.397,NA,0,NA,"NSEI"
"1772","p_yellow","13",28,"2",0.334,0.334,0.334,0.334,NA,0,NA,"NSEI"
"1773","p_black","13",28,"1",0.842,0.842,0.842,0.842,NA,0,NA,"NSEI"
"1774","p_black","13",28,"2",0.632,0.632,0.632,0.632,NA,0,NA,"NSEI"
"1775","p_dsr","13",28,"1",0.538,0.538,0.538,0.538,NA,0,NA,"NSEI"
"1776","p_dsr","13",28,"2",0.514,0.514,0.514,0.514,NA,0,NA,"NSEI"
"1777","p_slope","13",28,"1",0.281,0.281,0.281,0.281,NA,0,NA,"NSEI"
"1778","p_slope","13",28,"2",0.246,0.246,0.246,0.246,NA,0,NA,"NSEI"
"1779","p_pelagic","13",29,"1",0.583,0.583,0.583,0.583,NA,0,NA,"NSEI"
"1780","p_pelagic","13",29,"2",0.185,0.185,0.185,0.185,NA,0,NA,"NSEI"
"1781","p_yellow","13",29,"1",0.379,0.379,0.379,0.379,NA,0,NA,"NSEI"
"1782","p_yellow","13",29,"2",0.332,0.332,0.332,0.332,NA,0,NA,"NSEI"
"1783","p_black","13",29,"1",0.844,0.844,0.844,0.844,NA,0,NA,"NSEI"
"1784","p_black","13",29,"2",0.624,0.624,0.624,0.624,NA,0,NA,"NSEI"
"1785","p_dsr","13",29,"1",0.542,0.542,0.542,0.542,NA,0,NA,"NSEI"
"1786","p_dsr","13",29,"2",0.513,0.513,0.513,0.513,NA,0,NA,"NSEI"
"1787","p_slope","13",29,"1",0.298,0.298,0.298,0.298,NA,0,NA,"NSEI"
"1788","p_slope","13",29,"2",0.235,0.235,0.235,0.235,NA,0,NA,"NSEI"
"1789","p_pelagic","13",3,"1",0.319,0.319,0.319,0.319,NA,0,NA,"NSEI"
"1790","p_pelagic","13",3,"2",0.123,0.123,0.123,0.123,NA,0,NA,"NSEI"
"1791","p_yellow","13",3,"1",0.385,0.385,0.385,0.385,NA,0,NA,"NSEI"
"1792","p_yellow","13",3,"2",0.344,0.344,0.344,0.344,NA,0,NA,"NSEI"
"1793","p_black","13",3,"1",0.847,0.847,0.847,0.847,NA,0,NA,"NSEI"
"1794","p_black","13",3,"2",0.623,0.623,0.623,0.623,NA,0,NA,"NSEI"
"1795","p_dsr","13",3,"1",0.538,0.538,0.538,0.538,NA,0,NA,"NSEI"
"1796","p_dsr","13",3,"2",0.512,0.512,0.512,0.512,NA,0,NA,"NSEI"
"1797","p_slope","13",3,"1",0.16,0.16,0.16,0.16,NA,0,NA,"NSEI"
"1798","p_slope","13",3,"2",0.239,0.239,0.239,0.239,NA,0,NA,"NSEI"
"1799","p_pelagic","13",30,"1",0.538,0.538,0.538,0.538,NA,0,NA,"NSEI"
"1800","p_pelagic","13",30,"2",0.526,0.526,0.526,0.526,NA,0,NA,"NSEI"
"1801","p_yellow","13",30,"1",0.485,0.485,0.485,0.485,NA,0,NA,"NSEI"
"1802","p_yellow","13",30,"2",0.351,0.351,0.351,0.351,NA,0,NA,"NSEI"
"1803","p_black","13",30,"1",0.914,0.914,0.914,0.914,NA,0,NA,"NSEI"
"1804","p_black","13",30,"2",0.602,0.602,0.602,0.602,NA,0,NA,"NSEI"
"1805","p_dsr","13",30,"1",0.401,0.401,0.401,0.401,NA,0,NA,"NSEI"
"1806","p_dsr","13",30,"2",0.485,0.485,0.485,0.485,NA,0,NA,"NSEI"
"1807","p_slope","13",30,"1",0.111,0.111,0.111,0.111,NA,0,NA,"NSEI"
"1808","p_slope","13",30,"2",0.166,0.166,0.166,0.166,NA,0,NA,"NSEI"
"1809","p_pelagic","13",31,"1",0.548,0.548,0.548,0.548,NA,0,NA,"NSEI"
"1810","p_pelagic","13",31,"2",0.354,0.354,0.354,0.354,NA,0,NA,"NSEI"
"1811","p_yellow","13",31,"1",0.376,0.376,0.376,0.376,NA,0,NA,"NSEI"
"1812","p_yellow","13",31,"2",0.37,0.37,0.37,0.37,NA,0,NA,"NSEI"
"1813","p_black","13",31,"1",0.955,0.955,0.955,0.955,NA,0,NA,"NSEI"
"1814","p_black","13",31,"2",0.508,0.508,0.508,0.508,NA,0,NA,"NSEI"
"1815","p_dsr","13",31,"1",0.52,0.52,0.52,0.52,NA,0,NA,"NSEI"
"1816","p_dsr","13",31,"2",0.348,0.348,0.348,0.348,NA,0,NA,"NSEI"
"1817","p_slope","13",31,"1",0.084,0.084,0.084,0.084,NA,0,NA,"NSEI"
"1818","p_slope","13",31,"2",0.281,0.281,0.281,0.281,NA,0,NA,"NSEI"
"1819","p_pelagic","13",32,"1",0.622,0.622,0.622,0.622,NA,0,NA,"NSEI"
"1820","p_pelagic","13",32,"2",0.317,0.317,0.317,0.317,NA,0,NA,"NSEI"
"1821","p_yellow","13",32,"1",0.332,0.332,0.332,0.332,NA,0,NA,"NSEI"
"1822","p_yellow","13",32,"2",0.314,0.314,0.314,0.314,NA,0,NA,"NSEI"
"1823","p_black","13",32,"1",0.95,0.95,0.95,0.95,NA,0,NA,"NSEI"
"1824","p_black","13",32,"2",0.457,0.457,0.457,0.457,NA,0,NA,"NSEI"
"1825","p_dsr","13",32,"1",0.565,0.565,0.565,0.565,NA,0,NA,"NSEI"
"1826","p_dsr","13",32,"2",0.58,0.58,0.58,0.58,NA,0,NA,"NSEI"
"1827","p_slope","13",32,"1",0.09,0.09,0.09,0.09,NA,0,NA,"NSEI"
"1828","p_slope","13",32,"2",0.109,0.109,0.109,0.109,NA,0,NA,"NSEI"
"1829","p_pelagic","13",33,"1",0.637,0.637,0.637,0.637,NA,0,NA,"NSEI"
"1830","p_pelagic","13",33,"2",0.3,0.3,0.3,0.3,NA,0,NA,"NSEI"
"1831","p_yellow","13",33,"1",0.293,0.293,0.293,0.293,NA,0,NA,"NSEI"
"1832","p_yellow","13",33,"2",0.314,0.314,0.314,0.314,NA,0,NA,"NSEI"
"1833","p_black","13",33,"1",0.829,0.829,0.829,0.829,NA,0,NA,"NSEI"
"1834","p_black","13",33,"2",0.527,0.527,0.527,0.527,NA,0,NA,"NSEI"
"1835","p_dsr","13",33,"1",0.518,0.518,0.518,0.518,NA,0,NA,"NSEI"
"1836","p_dsr","13",33,"2",0.522,0.522,0.522,0.522,NA,0,NA,"NSEI"
"1837","p_slope","13",33,"1",0.168,0.168,0.168,0.168,NA,0,NA,"NSEI"
"1838","p_slope","13",33,"2",0.164,0.164,0.164,0.164,NA,0,NA,"NSEI"
"1839","p_pelagic","13",34,"1",0.622,0.622,0.622,0.622,NA,0,NA,"NSEI"
"1840","p_pelagic","13",34,"2",0.348,0.348,0.348,0.348,NA,0,NA,"NSEI"
"1841","p_yellow","13",34,"1",0.307,0.307,0.307,0.307,NA,0,NA,"NSEI"
"1842","p_yellow","13",34,"2",0.252,0.252,0.252,0.252,NA,0,NA,"NSEI"
"1843","p_black","13",34,"1",0.828,0.828,0.828,0.828,NA,0,NA,"NSEI"
"1844","p_black","13",34,"2",0.601,0.601,0.601,0.601,NA,0,NA,"NSEI"
"1845","p_dsr","13",34,"1",0.568,0.568,0.568,0.568,NA,0,NA,"NSEI"
"1846","p_dsr","13",34,"2",0.597,0.597,0.597,0.597,NA,0,NA,"NSEI"
"1847","p_slope","13",34,"1",0.114,0.114,0.114,0.114,NA,0,NA,"NSEI"
"1848","p_slope","13",34,"2",0.152,0.152,0.152,0.152,NA,0,NA,"NSEI"
"1849","p_pelagic","13",35,"1",0.633,0.633,0.633,0.633,NA,0,NA,"NSEI"
"1850","p_pelagic","13",35,"2",0.387,0.387,0.387,0.387,NA,0,NA,"NSEI"
"1851","p_yellow","13",35,"1",0.239,0.239,0.239,0.239,NA,0,NA,"NSEI"
"1852","p_yellow","13",35,"2",0.301,0.301,0.301,0.301,NA,0,NA,"NSEI"
"1853","p_black","13",35,"1",0.924,0.924,0.924,0.924,NA,0,NA,"NSEI"
"1854","p_black","13",35,"2",0.551,0.551,0.551,0.551,NA,0,NA,"NSEI"
"1855","p_dsr","13",35,"1",0.599,0.599,0.599,0.599,NA,0,NA,"NSEI"
"1856","p_dsr","13",35,"2",0.42,0.42,0.42,0.42,NA,0,NA,"NSEI"
"1857","p_slope","13",35,"1",0.18,0.18,0.18,0.18,NA,0,NA,"NSEI"
"1858","p_slope","13",35,"2",0.275,0.275,0.275,0.275,NA,0,NA,"NSEI"
"1859","p_pelagic","13",36,"1",0.607,0.607,0.607,0.607,NA,0,NA,"NSEI"
"1860","p_pelagic","13",36,"2",0.518,0.518,0.518,0.518,NA,0,NA,"NSEI"
"1861","p_yellow","13",36,"1",0.217,0.217,0.217,0.217,NA,0,NA,"NSEI"
"1862","p_yellow","13",36,"2",0.153,0.153,0.153,0.153,NA,0,NA,"NSEI"
"1863","p_black","13",36,"1",0.858,0.858,0.858,0.858,NA,0,NA,"NSEI"
"1864","p_black","13",36,"2",0.669,0.669,0.669,0.669,NA,0,NA,"NSEI"
"1865","p_dsr","13",36,"1",0.608,0.608,0.608,0.608,NA,0,NA,"NSEI"
"1866","p_dsr","13",36,"2",0.599,0.599,0.599,0.599,NA,0,NA,"NSEI"
"1867","p_slope","13",36,"1",0.183,0.183,0.183,0.183,NA,0,NA,"NSEI"
"1868","p_slope","13",36,"2",0.253,0.253,0.253,0.253,NA,0,NA,"NSEI"
"1869","p_pelagic","13",37,"1",0.651,0.651,0.651,0.651,NA,0,NA,"NSEI"
"1870","p_pelagic","13",37,"2",0.598,0.598,0.598,0.598,NA,0,NA,"NSEI"
"1871","p_yellow","13",37,"1",0.234,0.234,0.234,0.234,NA,0,NA,"NSEI"
"1872","p_yellow","13",37,"2",0.203,0.203,0.203,0.203,NA,0,NA,"NSEI"
"1873","p_black","13",37,"1",0.755,0.755,0.755,0.755,NA,0,NA,"NSEI"
"1874","p_black","13",37,"2",0.616,0.616,0.616,0.616,NA,0,NA,"NSEI"
"1875","p_dsr","13",37,"1",0.413,0.413,0.413,0.413,NA,0,NA,"NSEI"
"1876","p_dsr","13",37,"2",0.479,0.479,0.479,0.479,NA,0,NA,"NSEI"
"1877","p_slope","13",37,"1",0.361,0.361,0.361,0.361,NA,0,NA,"NSEI"
"1878","p_slope","13",37,"2",0.317,0.317,0.317,0.317,NA,0,NA,"NSEI"
"1879","p_pelagic","13",38,"1",0.69,0.69,0.69,0.69,NA,0,NA,"NSEI"
"1880","p_pelagic","13",38,"2",0.497,0.497,0.497,0.497,NA,0,NA,"NSEI"
"1881","p_yellow","13",38,"1",0.193,0.193,0.193,0.193,NA,0,NA,"NSEI"
"1882","p_yellow","13",38,"2",0.134,0.134,0.134,0.134,NA,0,NA,"NSEI"
"1883","p_black","13",38,"1",0.705,0.705,0.705,0.705,NA,0,NA,"NSEI"
"1884","p_black","13",38,"2",0.602,0.602,0.602,0.602,NA,0,NA,"NSEI"
"1885","p_dsr","13",38,"1",0.588,0.588,0.588,0.588,NA,0,NA,"NSEI"
"1886","p_dsr","13",38,"2",0.558,0.558,0.558,0.558,NA,0,NA,"NSEI"
"1887","p_slope","13",38,"1",0.24,0.24,0.24,0.24,NA,0,NA,"NSEI"
"1888","p_slope","13",38,"2",0.309,0.309,0.309,0.309,NA,0,NA,"NSEI"
"1889","p_pelagic","13",39,"1",0.648,0.648,0.648,0.648,NA,0,NA,"NSEI"
"1890","p_pelagic","13",39,"2",0.494,0.494,0.494,0.494,NA,0,NA,"NSEI"
"1891","p_yellow","13",39,"1",0.198,0.198,0.198,0.198,NA,0,NA,"NSEI"
"1892","p_yellow","13",39,"2",0.148,0.148,0.148,0.148,NA,0,NA,"NSEI"
"1893","p_black","13",39,"1",0.8,0.8,0.8,0.8,NA,0,NA,"NSEI"
"1894","p_black","13",39,"2",0.523,0.523,0.523,0.523,NA,0,NA,"NSEI"
"1895","p_dsr","13",39,"1",0.704,0.704,0.704,0.704,NA,0,NA,"NSEI"
"1896","p_dsr","13",39,"2",0.481,0.481,0.481,0.481,NA,0,NA,"NSEI"
"1897","p_slope","13",39,"1",0.145,0.145,0.145,0.145,NA,0,NA,"NSEI"
"1898","p_slope","13",39,"2",0.371,0.371,0.371,0.371,NA,0,NA,"NSEI"
"1899","p_pelagic","13",4,"1",0.325,0.325,0.325,0.325,NA,0,NA,"NSEI"
"1900","p_pelagic","13",4,"2",0.122,0.122,0.122,0.122,NA,0,NA,"NSEI"
"1901","p_yellow","13",4,"1",0.388,0.388,0.388,0.388,NA,0,NA,"NSEI"
"1902","p_yellow","13",4,"2",0.346,0.346,0.346,0.346,NA,0,NA,"NSEI"
"1903","p_black","13",4,"1",0.847,0.847,0.847,0.847,NA,0,NA,"NSEI"
"1904","p_black","13",4,"2",0.624,0.624,0.624,0.624,NA,0,NA,"NSEI"
"1905","p_dsr","13",4,"1",0.536,0.536,0.536,0.536,NA,0,NA,"NSEI"
"1906","p_dsr","13",4,"2",0.518,0.518,0.518,0.518,NA,0,NA,"NSEI"
"1907","p_slope","13",4,"1",0.159,0.159,0.159,0.159,NA,0,NA,"NSEI"
"1908","p_slope","13",4,"2",0.242,0.242,0.242,0.242,NA,0,NA,"NSEI"
"1909","p_pelagic","13",40,"1",0.64,0.64,0.64,0.64,NA,0,NA,"NSEI"
"1910","p_pelagic","13",40,"2",0.448,0.448,0.448,0.448,NA,0,NA,"NSEI"
"1911","p_yellow","13",40,"1",0.178,0.178,0.178,0.178,NA,0,NA,"NSEI"
"1912","p_yellow","13",40,"2",0.12,0.12,0.12,0.12,NA,0,NA,"NSEI"
"1913","p_black","13",40,"1",0.493,0.493,0.493,0.493,NA,0,NA,"NSEI"
"1914","p_black","13",40,"2",0.344,0.344,0.344,0.344,NA,0,NA,"NSEI"
"1915","p_dsr","13",40,"1",0.464,0.464,0.464,0.464,NA,0,NA,"NSEI"
"1916","p_dsr","13",40,"2",0.451,0.451,0.451,0.451,NA,0,NA,"NSEI"
"1917","p_slope","13",40,"1",0.347,0.347,0.347,0.347,NA,0,NA,"NSEI"
"1918","p_slope","13",40,"2",0.431,0.431,0.431,0.431,NA,0,NA,"NSEI"
"1919","p_pelagic","13",41,"1",0.795,0.795,0.795,0.795,NA,0,NA,"NSEI"
"1920","p_pelagic","13",41,"2",0.691,0.691,0.691,0.691,NA,0,NA,"NSEI"
"1921","p_yellow","13",41,"1",0.252,0.252,0.252,0.252,NA,0,NA,"NSEI"
"1922","p_yellow","13",41,"2",0.255,0.255,0.255,0.255,NA,0,NA,"NSEI"
"1923","p_black","13",41,"1",0.395,0.395,0.395,0.395,NA,0,NA,"NSEI"
"1924","p_black","13",41,"2",0.391,0.391,0.391,0.391,NA,0,NA,"NSEI"
"1925","p_dsr","13",41,"1",0.473,0.473,0.473,0.473,NA,0,NA,"NSEI"
"1926","p_dsr","13",41,"2",0.57,0.57,0.57,0.57,NA,0,NA,"NSEI"
"1927","p_slope","13",41,"1",0.299,0.299,0.299,0.299,NA,0,NA,"NSEI"
"1928","p_slope","13",41,"2",0.174,0.174,0.174,0.174,NA,0,NA,"NSEI"
"1929","p_pelagic","13",42,"1",0.816,0.816,0.816,0.816,NA,0,NA,"NSEI"
"1930","p_pelagic","13",42,"2",0.572,0.572,0.572,0.572,NA,0,NA,"NSEI"
"1931","p_yellow","13",42,"1",0.214,0.214,0.214,0.214,NA,0,NA,"NSEI"
"1932","p_yellow","13",42,"2",0.196,0.196,0.196,0.196,NA,0,NA,"NSEI"
"1933","p_black","13",42,"1",0.258,0.258,0.258,0.258,NA,0,NA,"NSEI"
"1934","p_black","13",42,"2",0.327,0.327,0.327,0.327,NA,0,NA,"NSEI"
"1935","p_dsr","13",42,"1",0.609,0.609,0.609,0.609,NA,0,NA,"NSEI"
"1936","p_dsr","13",42,"2",0.582,0.582,0.582,0.582,NA,0,NA,"NSEI"
"1937","p_slope","13",42,"1",0.182,0.182,0.182,0.182,NA,0,NA,"NSEI"
"1938","p_slope","13",42,"2",0.222,0.222,0.222,0.222,NA,0,NA,"NSEI"
"1939","p_pelagic","13",43,"1",0.832,0.832,0.832,0.832,NA,0,NA,"NSEI"
"1940","p_pelagic","13",43,"2",0.654,0.654,0.654,0.654,NA,0,NA,"NSEI"
"1941","p_yellow","13",43,"1",0.22,0.22,0.22,0.22,NA,0,NA,"NSEI"
"1942","p_yellow","13",43,"2",0.189,0.189,0.189,0.189,NA,0,NA,"NSEI"
"1943","p_black","13",43,"1",0.248,0.248,0.248,0.248,NA,0,NA,"NSEI"
"1944","p_black","13",43,"2",0.331,0.331,0.331,0.331,NA,0,NA,"NSEI"
"1945","p_dsr","13",43,"1",0.453,0.453,0.453,0.453,NA,0,NA,"NSEI"
"1946","p_dsr","13",43,"2",0.554,0.554,0.554,0.554,NA,0,NA,"NSEI"
"1947","p_slope","13",43,"1",0.342,0.342,0.342,0.342,NA,0,NA,"NSEI"
"1948","p_slope","13",43,"2",0.257,0.257,0.257,0.257,NA,0,NA,"NSEI"
"1949","p_pelagic","13",44,"1",0.975,0.975,0.967,0.981,1,0.003,0,"NSEI"
"1950","p_pelagic","13",44,"2",0.702,0.702,0.655,0.747,1,0.024,0,"NSEI"
"1951","p_yellow","13",44,"1",0.052,0.051,0.032,0.078,1.002,0.012,0.083,"NSEI"
"1952","p_yellow","13",44,"2",0.036,0.034,0.011,0.075,1,0.017,0.12,"NSEI"
"1953","p_black","13",44,"1",0.531,0.531,0.493,0.572,1,0.02,0,"NSEI"
"1954","p_black","13",44,"2",0.101,0.101,0.069,0.139,1.001,0.018,0,"NSEI"
"1955","p_dsr","13",44,"1",0.16,0.157,0.081,0.265,1,0.048,0.063,"NSEI"
"1956","p_dsr","13",44,"2",0.211,0.209,0.14,0.289,1.003,0.038,0.053,"NSEI"
"1957","p_slope","13",44,"1",0.47,0.466,0.334,0.631,1,0.077,0.052,"NSEI"
"1958","p_slope","13",44,"2",0.757,0.758,0.677,0.832,1,0.04,-0.025,"NSEI"
"1959","p_pelagic","13",45,"1",0.942,0.942,0.938,0.945,1.001,0.002,0,"NSEI"
"1960","p_pelagic","13",45,"2",0.775,0.775,0.734,0.813,1,0.02,0,"NSEI"
"1961","p_yellow","13",45,"1",0.002,0.002,0.001,0.004,1.001,0.001,0,"NSEI"
"1962","p_yellow","13",45,"2",0.048,0.045,0.016,0.096,1,0.021,0.145,"NSEI"
"1963","p_black","13",45,"1",0.392,0.392,0.369,0.415,1.001,0.012,0,"NSEI"
"1964","p_black","13",45,"2",0.037,0.036,0.021,0.059,1,0.01,0.099,"NSEI"
"1965","p_dsr","13",45,"1",0.025,0.023,0.007,0.054,1.001,0.012,0.167,"NSEI"
"1966","p_dsr","13",45,"2",0.16,0.157,0.099,0.234,1.002,0.035,0.086,"NSEI"
"1967","p_slope","13",45,"1",0.977,0.979,0.945,0.995,1,0.013,-0.151,"NSEI"
"1968","p_slope","13",45,"2",0.786,0.788,0.702,0.863,1,0.041,-0.048,"NSEI"
"1969","p_pelagic","13",46,"1",0.927,0.927,0.922,0.932,1.001,0.002,0,"NSEI"
"1970","p_pelagic","13",46,"2",0.857,0.857,0.838,0.874,1.001,0.009,0,"NSEI"
"1971","p_yellow","13",46,"1",0.001,0.001,0,0.003,1,0.001,0,"NSEI"
"1972","p_yellow","13",46,"2",0.009,0.008,0.001,0.024,1.001,0.006,0.168,"NSEI"
"1973","p_black","13",46,"1",0.635,0.635,0.617,0.653,1.002,0.009,0,"NSEI"
"1974","p_black","13",46,"2",0.533,0.534,0.505,0.562,1.001,0.015,-0.069,"NSEI"
"1975","p_dsr","13",46,"1",0.199,0.197,0.136,0.269,1.001,0.034,0.058,"NSEI"
"1976","p_dsr","13",46,"2",0.487,0.487,0.421,0.554,1,0.034,0,"NSEI"
"1977","p_slope","13",46,"1",0.916,0.917,0.874,0.95,1,0.019,-0.052,"NSEI"
"1978","p_slope","13",46,"2",0.505,0.505,0.437,0.573,1,0.035,0,"NSEI"
"1979","p_pelagic","13",47,"1",0.93,0.93,0.926,0.935,1.001,0.002,0,"NSEI"
"1980","p_pelagic","13",47,"2",0.878,0.878,0.862,0.892,1,0.008,0,"NSEI"
"1981","p_yellow","13",47,"1",0.001,0.001,0,0.003,1,0.001,0,"NSEI"
"1982","p_yellow","13",47,"2",0.024,0.023,0.009,0.048,1.001,0.01,0.1,"NSEI"
"1983","p_black","13",47,"1",0.38,0.38,0.357,0.404,1.001,0.012,0,"NSEI"
"1984","p_black","13",47,"2",0.469,0.469,0.445,0.495,1,0.013,0,"NSEI"
"1985","p_dsr","13",47,"1",0.093,0.091,0.042,0.157,1,0.03,0.068,"NSEI"
"1986","p_dsr","13",47,"2",0.43,0.43,0.366,0.496,1,0.034,0,"NSEI"
"1987","p_slope","13",47,"1",0.939,0.941,0.896,0.973,1,0.02,-0.098,"NSEI"
"1988","p_slope","13",47,"2",0.546,0.546,0.483,0.61,1.002,0.033,0,"NSEI"
"1989","p_pelagic","13",48,"1",0.934,0.934,0.929,0.937,1.001,0.002,0,"NSEI"
"1990","p_pelagic","13",48,"2",0.843,0.844,0.826,0.858,1.001,0.008,-0.125,"NSEI"
"1991","p_yellow","13",48,"1",0.001,0.001,0,0.002,1,0,0,"NSEI"
"1992","p_yellow","13",48,"2",0.018,0.017,0.007,0.035,1.002,0.007,0.142,"NSEI"
"1993","p_black","13",48,"1",0.299,0.298,0.279,0.319,1.001,0.01,0.099,"NSEI"
"1994","p_black","13",48,"2",0.475,0.475,0.452,0.499,1,0.012,0,"NSEI"
"1995","p_dsr","13",48,"1",0.076,0.074,0.043,0.118,1.001,0.019,0.103,"NSEI"
"1996","p_dsr","13",48,"2",0.426,0.426,0.372,0.48,1.003,0.027,0,"NSEI"
"1997","p_slope","13",48,"1",0.916,0.918,0.87,0.955,1,0.022,-0.093,"NSEI"
"1998","p_slope","13",48,"2",0.555,0.555,0.501,0.609,1,0.028,0,"NSEI"
"1999","p_pelagic","13",49,"1",0.845,0.845,0.837,0.853,1.002,0.004,0,"NSEI"
"2000","p_pelagic","13",49,"2",0.725,0.725,0.703,0.747,1,0.011,0,"NSEI"
"2001","p_yellow","13",49,"1",0.257,0.257,0.237,0.278,1.002,0.01,0,"NSEI"
"2002","p_yellow","13",49,"2",0.32,0.319,0.277,0.363,1.001,0.022,0.045,"NSEI"
"2003","p_black","13",49,"1",0.485,0.485,0.462,0.508,1,0.012,0,"NSEI"
"2004","p_black","13",49,"2",0.551,0.551,0.524,0.579,1,0.014,0,"NSEI"
"2005","p_dsr","13",49,"1",0.168,0.167,0.133,0.204,1,0.018,0.055,"NSEI"
"2006","p_dsr","13",49,"2",0.388,0.388,0.343,0.434,1,0.023,0,"NSEI"
"2007","p_slope","13",49,"1",0.571,0.571,0.527,0.613,1,0.022,0,"NSEI"
"2008","p_slope","13",49,"2",0.291,0.291,0.25,0.334,1.001,0.021,0,"NSEI"
"2009","p_pelagic","13",5,"1",0.326,0.326,0.326,0.326,NA,0,NA,"NSEI"
"2010","p_pelagic","13",5,"2",0.123,0.123,0.123,0.123,NA,0,NA,"NSEI"
"2011","p_yellow","13",5,"1",0.386,0.386,0.386,0.386,NA,0,NA,"NSEI"
"2012","p_yellow","13",5,"2",0.345,0.345,0.345,0.345,NA,0,NA,"NSEI"
"2013","p_black","13",5,"1",0.845,0.845,0.845,0.845,NA,0,NA,"NSEI"
"2014","p_black","13",5,"2",0.629,0.629,0.629,0.629,NA,0,NA,"NSEI"
"2015","p_dsr","13",5,"1",0.539,0.539,0.539,0.539,NA,0,NA,"NSEI"
"2016","p_dsr","13",5,"2",0.518,0.518,0.518,0.518,NA,0,NA,"NSEI"
"2017","p_slope","13",5,"1",0.159,0.159,0.159,0.159,NA,0,NA,"NSEI"
"2018","p_slope","13",5,"2",0.241,0.241,0.241,0.241,NA,0,NA,"NSEI"
"2019","p_pelagic","13",6,"1",0.323,0.323,0.323,0.323,NA,0,NA,"NSEI"
"2020","p_pelagic","13",6,"2",0.122,0.122,0.122,0.122,NA,0,NA,"NSEI"
"2021","p_yellow","13",6,"1",0.383,0.383,0.383,0.383,NA,0,NA,"NSEI"
"2022","p_yellow","13",6,"2",0.342,0.342,0.342,0.342,NA,0,NA,"NSEI"
"2023","p_black","13",6,"1",0.848,0.848,0.848,0.848,NA,0,NA,"NSEI"
"2024","p_black","13",6,"2",0.633,0.633,0.633,0.633,NA,0,NA,"NSEI"
"2025","p_dsr","13",6,"1",0.537,0.537,0.537,0.537,NA,0,NA,"NSEI"
"2026","p_dsr","13",6,"2",0.513,0.513,0.513,0.513,NA,0,NA,"NSEI"
"2027","p_slope","13",6,"1",0.161,0.161,0.161,0.161,NA,0,NA,"NSEI"
"2028","p_slope","13",6,"2",0.237,0.237,0.237,0.237,NA,0,NA,"NSEI"
"2029","p_pelagic","13",7,"1",0.321,0.321,0.321,0.321,NA,0,NA,"NSEI"
"2030","p_pelagic","13",7,"2",0.122,0.122,0.122,0.122,NA,0,NA,"NSEI"
"2031","p_yellow","13",7,"1",0.379,0.379,0.379,0.379,NA,0,NA,"NSEI"
"2032","p_yellow","13",7,"2",0.339,0.339,0.339,0.339,NA,0,NA,"NSEI"
"2033","p_black","13",7,"1",0.845,0.845,0.845,0.845,NA,0,NA,"NSEI"
"2034","p_black","13",7,"2",0.634,0.634,0.634,0.634,NA,0,NA,"NSEI"
"2035","p_dsr","13",7,"1",0.531,0.531,0.531,0.531,NA,0,NA,"NSEI"
"2036","p_dsr","13",7,"2",0.522,0.522,0.522,0.522,NA,0,NA,"NSEI"
"2037","p_slope","13",7,"1",0.159,0.159,0.159,0.159,NA,0,NA,"NSEI"
"2038","p_slope","13",7,"2",0.24,0.24,0.24,0.24,NA,0,NA,"NSEI"
"2039","p_pelagic","13",8,"1",0.328,0.328,0.328,0.328,NA,0,NA,"NSEI"
"2040","p_pelagic","13",8,"2",0.125,0.125,0.125,0.125,NA,0,NA,"NSEI"
"2041","p_yellow","13",8,"1",0.382,0.382,0.382,0.382,NA,0,NA,"NSEI"
"2042","p_yellow","13",8,"2",0.34,0.34,0.34,0.34,NA,0,NA,"NSEI"
"2043","p_black","13",8,"1",0.846,0.846,0.846,0.846,NA,0,NA,"NSEI"
"2044","p_black","13",8,"2",0.63,0.63,0.63,0.63,NA,0,NA,"NSEI"
"2045","p_dsr","13",8,"1",0.537,0.537,0.537,0.537,NA,0,NA,"NSEI"
"2046","p_dsr","13",8,"2",0.514,0.514,0.514,0.514,NA,0,NA,"NSEI"
"2047","p_slope","13",8,"1",0.156,0.156,0.156,0.156,NA,0,NA,"NSEI"
"2048","p_slope","13",8,"2",0.236,0.236,0.236,0.236,NA,0,NA,"NSEI"
"2049","p_pelagic","13",9,"1",0.332,0.332,0.332,0.332,NA,0,NA,"NSEI"
"2050","p_pelagic","13",9,"2",0.126,0.126,0.126,0.126,NA,0,NA,"NSEI"
"2051","p_yellow","13",9,"1",0.38,0.38,0.38,0.38,NA,0,NA,"NSEI"
"2052","p_yellow","13",9,"2",0.34,0.34,0.34,0.34,NA,0,NA,"NSEI"
"2053","p_black","13",9,"1",0.845,0.845,0.845,0.845,NA,0,NA,"NSEI"
"2054","p_black","13",9,"2",0.624,0.624,0.624,0.624,NA,0,NA,"NSEI"
"2055","p_dsr","13",9,"1",0.539,0.539,0.539,0.539,NA,0,NA,"NSEI"
"2056","p_dsr","13",9,"2",0.516,0.516,0.516,0.516,NA,0,NA,"NSEI"
"2057","p_slope","13",9,"1",0.158,0.158,0.158,0.158,NA,0,NA,"NSEI"
"2058","p_slope","13",9,"2",0.236,0.236,0.236,0.236,NA,0,NA,"NSEI"
"2059","p_pelagic","14",1,"1",0.478,0.478,0.478,0.478,NA,0,NA,"NSEO"
"2060","p_pelagic","14",1,"2",0.494,0.494,0.494,0.494,NA,0,NA,"NSEO"
"2061","p_yellow","14",1,"1",0.538,0.538,0.538,0.538,NA,0,NA,"NSEO"
"2062","p_yellow","14",1,"2",0.602,0.602,0.602,0.602,NA,0,NA,"NSEO"
"2063","p_black","14",1,"1",0.952,0.952,0.952,0.952,NA,0,NA,"NSEO"
"2064","p_black","14",1,"2",0.949,0.949,0.949,0.949,NA,0,NA,"NSEO"
"2065","p_dsr","14",1,"1",0.464,0.464,0.464,0.464,NA,0,NA,"NSEO"
"2066","p_dsr","14",1,"2",0.414,0.414,0.414,0.414,NA,0,NA,"NSEO"
"2067","p_slope","14",1,"1",0.057,0.057,0.057,0.057,NA,0,NA,"NSEO"
"2068","p_slope","14",1,"2",0.054,0.054,0.054,0.054,NA,0,NA,"NSEO"
"2069","p_pelagic","14",10,"1",0.476,0.476,0.476,0.476,NA,0,NA,"NSEO"
"2070","p_pelagic","14",10,"2",0.494,0.494,0.494,0.494,NA,0,NA,"NSEO"
"2071","p_yellow","14",10,"1",0.531,0.531,0.531,0.531,NA,0,NA,"NSEO"
"2072","p_yellow","14",10,"2",0.602,0.602,0.602,0.602,NA,0,NA,"NSEO"
"2073","p_black","14",10,"1",0.952,0.952,0.952,0.952,NA,0,NA,"NSEO"
"2074","p_black","14",10,"2",0.95,0.95,0.95,0.95,NA,0,NA,"NSEO"
"2075","p_dsr","14",10,"1",0.466,0.466,0.466,0.466,NA,0,NA,"NSEO"
"2076","p_dsr","14",10,"2",0.418,0.418,0.418,0.418,NA,0,NA,"NSEO"
"2077","p_slope","14",10,"1",0.059,0.059,0.059,0.059,NA,0,NA,"NSEO"
"2078","p_slope","14",10,"2",0.053,0.053,0.053,0.053,NA,0,NA,"NSEO"
"2079","p_pelagic","14",11,"1",0.475,0.475,0.475,0.475,NA,0,NA,"NSEO"
"2080","p_pelagic","14",11,"2",0.488,0.488,0.488,0.488,NA,0,NA,"NSEO"
"2081","p_yellow","14",11,"1",0.542,0.542,0.542,0.542,NA,0,NA,"NSEO"
"2082","p_yellow","14",11,"2",0.599,0.599,0.599,0.599,NA,0,NA,"NSEO"
"2083","p_black","14",11,"1",0.954,0.954,0.954,0.954,NA,0,NA,"NSEO"
"2084","p_black","14",11,"2",0.949,0.949,0.949,0.949,NA,0,NA,"NSEO"
"2085","p_dsr","14",11,"1",0.471,0.471,0.471,0.471,NA,0,NA,"NSEO"
"2086","p_dsr","14",11,"2",0.423,0.423,0.423,0.423,NA,0,NA,"NSEO"
"2087","p_slope","14",11,"1",0.057,0.057,0.057,0.057,NA,0,NA,"NSEO"
"2088","p_slope","14",11,"2",0.053,0.053,0.053,0.053,NA,0,NA,"NSEO"
"2089","p_pelagic","14",12,"1",0.476,0.476,0.476,0.476,NA,0,NA,"NSEO"
"2090","p_pelagic","14",12,"2",0.498,0.498,0.498,0.498,NA,0,NA,"NSEO"
"2091","p_yellow","14",12,"1",0.536,0.536,0.536,0.536,NA,0,NA,"NSEO"
"2092","p_yellow","14",12,"2",0.601,0.601,0.601,0.601,NA,0,NA,"NSEO"
"2093","p_black","14",12,"1",0.953,0.953,0.953,0.953,NA,0,NA,"NSEO"
"2094","p_black","14",12,"2",0.95,0.95,0.95,0.95,NA,0,NA,"NSEO"
"2095","p_dsr","14",12,"1",0.455,0.455,0.455,0.455,NA,0,NA,"NSEO"
"2096","p_dsr","14",12,"2",0.417,0.417,0.417,0.417,NA,0,NA,"NSEO"
"2097","p_slope","14",12,"1",0.06,0.06,0.06,0.06,NA,0,NA,"NSEO"
"2098","p_slope","14",12,"2",0.055,0.055,0.055,0.055,NA,0,NA,"NSEO"
"2099","p_pelagic","14",13,"1",0.48,0.48,0.48,0.48,NA,0,NA,"NSEO"
"2100","p_pelagic","14",13,"2",0.498,0.498,0.498,0.498,NA,0,NA,"NSEO"
"2101","p_yellow","14",13,"1",0.538,0.538,0.538,0.538,NA,0,NA,"NSEO"
"2102","p_yellow","14",13,"2",0.595,0.595,0.595,0.595,NA,0,NA,"NSEO"
"2103","p_black","14",13,"1",0.953,0.953,0.953,0.953,NA,0,NA,"NSEO"
"2104","p_black","14",13,"2",0.949,0.949,0.949,0.949,NA,0,NA,"NSEO"
"2105","p_dsr","14",13,"1",0.462,0.462,0.462,0.462,NA,0,NA,"NSEO"
"2106","p_dsr","14",13,"2",0.418,0.418,0.418,0.418,NA,0,NA,"NSEO"
"2107","p_slope","14",13,"1",0.058,0.058,0.058,0.058,NA,0,NA,"NSEO"
"2108","p_slope","14",13,"2",0.052,0.052,0.052,0.052,NA,0,NA,"NSEO"
"2109","p_pelagic","14",14,"1",0.474,0.474,0.474,0.474,NA,0,NA,"NSEO"
"2110","p_pelagic","14",14,"2",0.49,0.49,0.49,0.49,NA,0,NA,"NSEO"
"2111","p_yellow","14",14,"1",0.538,0.538,0.538,0.538,NA,0,NA,"NSEO"
"2112","p_yellow","14",14,"2",0.602,0.602,0.602,0.602,NA,0,NA,"NSEO"
"2113","p_black","14",14,"1",0.953,0.953,0.953,0.953,NA,0,NA,"NSEO"
"2114","p_black","14",14,"2",0.95,0.95,0.95,0.95,NA,0,NA,"NSEO"
"2115","p_dsr","14",14,"1",0.465,0.465,0.465,0.465,NA,0,NA,"NSEO"
"2116","p_dsr","14",14,"2",0.414,0.414,0.414,0.414,NA,0,NA,"NSEO"
"2117","p_slope","14",14,"1",0.06,0.06,0.06,0.06,NA,0,NA,"NSEO"
"2118","p_slope","14",14,"2",0.054,0.054,0.054,0.054,NA,0,NA,"NSEO"
"2119","p_pelagic","14",15,"1",0.462,0.462,0.462,0.462,NA,0,NA,"NSEO"
"2120","p_pelagic","14",15,"2",0.486,0.486,0.486,0.486,NA,0,NA,"NSEO"
"2121","p_yellow","14",15,"1",0.538,0.538,0.538,0.538,NA,0,NA,"NSEO"
"2122","p_yellow","14",15,"2",0.604,0.604,0.604,0.604,NA,0,NA,"NSEO"
"2123","p_black","14",15,"1",0.954,0.954,0.954,0.954,NA,0,NA,"NSEO"
"2124","p_black","14",15,"2",0.948,0.948,0.948,0.948,NA,0,NA,"NSEO"
"2125","p_dsr","14",15,"1",0.461,0.461,0.461,0.461,NA,0,NA,"NSEO"
"2126","p_dsr","14",15,"2",0.412,0.412,0.412,0.412,NA,0,NA,"NSEO"
"2127","p_slope","14",15,"1",0.058,0.058,0.058,0.058,NA,0,NA,"NSEO"
"2128","p_slope","14",15,"2",0.055,0.055,0.055,0.055,NA,0,NA,"NSEO"
"2129","p_pelagic","14",16,"1",0.486,0.486,0.486,0.486,NA,0,NA,"NSEO"
"2130","p_pelagic","14",16,"2",0.5,0.5,0.5,0.5,NA,0,NA,"NSEO"
"2131","p_yellow","14",16,"1",0.546,0.546,0.546,0.546,NA,0,NA,"NSEO"
"2132","p_yellow","14",16,"2",0.604,0.604,0.604,0.604,NA,0,NA,"NSEO"
"2133","p_black","14",16,"1",0.952,0.952,0.952,0.952,NA,0,NA,"NSEO"
"2134","p_black","14",16,"2",0.949,0.949,0.949,0.949,NA,0,NA,"NSEO"
"2135","p_dsr","14",16,"1",0.46,0.46,0.46,0.46,NA,0,NA,"NSEO"
"2136","p_dsr","14",16,"2",0.414,0.414,0.414,0.414,NA,0,NA,"NSEO"
"2137","p_slope","14",16,"1",0.06,0.06,0.06,0.06,NA,0,NA,"NSEO"
"2138","p_slope","14",16,"2",0.053,0.053,0.053,0.053,NA,0,NA,"NSEO"
"2139","p_pelagic","14",17,"1",0.46,0.46,0.46,0.46,NA,0,NA,"NSEO"
"2140","p_pelagic","14",17,"2",0.48,0.48,0.48,0.48,NA,0,NA,"NSEO"
"2141","p_yellow","14",17,"1",0.532,0.532,0.532,0.532,NA,0,NA,"NSEO"
"2142","p_yellow","14",17,"2",0.602,0.602,0.602,0.602,NA,0,NA,"NSEO"
"2143","p_black","14",17,"1",0.954,0.954,0.954,0.954,NA,0,NA,"NSEO"
"2144","p_black","14",17,"2",0.949,0.949,0.949,0.949,NA,0,NA,"NSEO"
"2145","p_dsr","14",17,"1",0.457,0.457,0.457,0.457,NA,0,NA,"NSEO"
"2146","p_dsr","14",17,"2",0.419,0.419,0.419,0.419,NA,0,NA,"NSEO"
"2147","p_slope","14",17,"1",0.055,0.055,0.055,0.055,NA,0,NA,"NSEO"
"2148","p_slope","14",17,"2",0.055,0.055,0.055,0.055,NA,0,NA,"NSEO"
"2149","p_pelagic","14",18,"1",0.465,0.465,0.465,0.465,NA,0,NA,"NSEO"
"2150","p_pelagic","14",18,"2",0.492,0.492,0.492,0.492,NA,0,NA,"NSEO"
"2151","p_yellow","14",18,"1",0.536,0.536,0.536,0.536,NA,0,NA,"NSEO"
"2152","p_yellow","14",18,"2",0.599,0.599,0.599,0.599,NA,0,NA,"NSEO"
"2153","p_black","14",18,"1",0.953,0.953,0.953,0.953,NA,0,NA,"NSEO"
"2154","p_black","14",18,"2",0.95,0.95,0.95,0.95,NA,0,NA,"NSEO"
"2155","p_dsr","14",18,"1",0.468,0.468,0.468,0.468,NA,0,NA,"NSEO"
"2156","p_dsr","14",18,"2",0.416,0.416,0.416,0.416,NA,0,NA,"NSEO"
"2157","p_slope","14",18,"1",0.059,0.059,0.059,0.059,NA,0,NA,"NSEO"
"2158","p_slope","14",18,"2",0.054,0.054,0.054,0.054,NA,0,NA,"NSEO"
"2159","p_pelagic","14",19,"1",0.489,0.489,0.489,0.489,NA,0,NA,"NSEO"
"2160","p_pelagic","14",19,"2",0.506,0.506,0.506,0.506,NA,0,NA,"NSEO"
"2161","p_yellow","14",19,"1",0.536,0.536,0.536,0.536,NA,0,NA,"NSEO"
"2162","p_yellow","14",19,"2",0.603,0.603,0.603,0.603,NA,0,NA,"NSEO"
"2163","p_black","14",19,"1",0.953,0.953,0.953,0.953,NA,0,NA,"NSEO"
"2164","p_black","14",19,"2",0.949,0.949,0.949,0.949,NA,0,NA,"NSEO"
"2165","p_dsr","14",19,"1",0.456,0.456,0.456,0.456,NA,0,NA,"NSEO"
"2166","p_dsr","14",19,"2",0.417,0.417,0.417,0.417,NA,0,NA,"NSEO"
"2167","p_slope","14",19,"1",0.06,0.06,0.06,0.06,NA,0,NA,"NSEO"
"2168","p_slope","14",19,"2",0.054,0.054,0.054,0.054,NA,0,NA,"NSEO"
"2169","p_pelagic","14",2,"1",0.479,0.479,0.479,0.479,NA,0,NA,"NSEO"
"2170","p_pelagic","14",2,"2",0.498,0.498,0.498,0.498,NA,0,NA,"NSEO"
"2171","p_yellow","14",2,"1",0.541,0.541,0.541,0.541,NA,0,NA,"NSEO"
"2172","p_yellow","14",2,"2",0.604,0.604,0.604,0.604,NA,0,NA,"NSEO"
"2173","p_black","14",2,"1",0.952,0.952,0.952,0.952,NA,0,NA,"NSEO"
"2174","p_black","14",2,"2",0.949,0.949,0.949,0.949,NA,0,NA,"NSEO"
"2175","p_dsr","14",2,"1",0.47,0.47,0.47,0.47,NA,0,NA,"NSEO"
"2176","p_dsr","14",2,"2",0.418,0.418,0.418,0.418,NA,0,NA,"NSEO"
"2177","p_slope","14",2,"1",0.06,0.06,0.06,0.06,NA,0,NA,"NSEO"
"2178","p_slope","14",2,"2",0.053,0.053,0.053,0.053,NA,0,NA,"NSEO"
"2179","p_pelagic","14",20,"1",0.477,0.477,0.477,0.477,NA,0,NA,"NSEO"
"2180","p_pelagic","14",20,"2",0.496,0.496,0.496,0.496,NA,0,NA,"NSEO"
"2181","p_yellow","14",20,"1",0.54,0.54,0.54,0.54,NA,0,NA,"NSEO"
"2182","p_yellow","14",20,"2",0.603,0.603,0.603,0.603,NA,0,NA,"NSEO"
"2183","p_black","14",20,"1",0.953,0.953,0.953,0.953,NA,0,NA,"NSEO"
"2184","p_black","14",20,"2",0.95,0.95,0.95,0.95,NA,0,NA,"NSEO"
"2185","p_dsr","14",20,"1",0.457,0.457,0.457,0.457,NA,0,NA,"NSEO"
"2186","p_dsr","14",20,"2",0.409,0.409,0.409,0.409,NA,0,NA,"NSEO"
"2187","p_slope","14",20,"1",0.058,0.058,0.058,0.058,NA,0,NA,"NSEO"
"2188","p_slope","14",20,"2",0.053,0.053,0.053,0.053,NA,0,NA,"NSEO"
"2189","p_pelagic","14",21,"1",0.483,0.483,0.483,0.483,NA,0,NA,"NSEO"
"2190","p_pelagic","14",21,"2",0.499,0.499,0.499,0.499,NA,0,NA,"NSEO"
"2191","p_yellow","14",21,"1",0.539,0.539,0.539,0.539,NA,0,NA,"NSEO"
"2192","p_yellow","14",21,"2",0.602,0.602,0.602,0.602,NA,0,NA,"NSEO"
"2193","p_black","14",21,"1",0.954,0.954,0.954,0.954,NA,0,NA,"NSEO"
"2194","p_black","14",21,"2",0.951,0.951,0.951,0.951,NA,0,NA,"NSEO"
"2195","p_dsr","14",21,"1",0.459,0.459,0.459,0.459,NA,0,NA,"NSEO"
"2196","p_dsr","14",21,"2",0.416,0.416,0.416,0.416,NA,0,NA,"NSEO"
"2197","p_slope","14",21,"1",0.06,0.06,0.06,0.06,NA,0,NA,"NSEO"
"2198","p_slope","14",21,"2",0.056,0.056,0.056,0.056,NA,0,NA,"NSEO"
"2199","p_pelagic","14",22,"1",0.533,0.533,0.533,0.533,NA,0,NA,"NSEO"
"2200","p_pelagic","14",22,"2",0.498,0.498,0.498,0.498,NA,0,NA,"NSEO"
"2201","p_yellow","14",22,"1",0.533,0.533,0.533,0.533,NA,0,NA,"NSEO"
"2202","p_yellow","14",22,"2",0.602,0.602,0.602,0.602,NA,0,NA,"NSEO"
"2203","p_black","14",22,"1",0.953,0.953,0.953,0.953,NA,0,NA,"NSEO"
"2204","p_black","14",22,"2",0.951,0.951,0.951,0.951,NA,0,NA,"NSEO"
"2205","p_dsr","14",22,"1",0.461,0.461,0.461,0.461,NA,0,NA,"NSEO"
"2206","p_dsr","14",22,"2",0.422,0.422,0.422,0.422,NA,0,NA,"NSEO"
"2207","p_slope","14",22,"1",0.058,0.058,0.058,0.058,NA,0,NA,"NSEO"
"2208","p_slope","14",22,"2",0.054,0.054,0.054,0.054,NA,0,NA,"NSEO"
"2209","p_pelagic","14",23,"1",0.449,0.449,0.449,0.449,NA,0,NA,"NSEO"
"2210","p_pelagic","14",23,"2",0.565,0.565,0.565,0.565,NA,0,NA,"NSEO"
"2211","p_yellow","14",23,"1",0.573,0.573,0.573,0.573,NA,0,NA,"NSEO"
"2212","p_yellow","14",23,"2",0.599,0.599,0.599,0.599,NA,0,NA,"NSEO"
"2213","p_black","14",23,"1",0.953,0.953,0.953,0.953,NA,0,NA,"NSEO"
"2214","p_black","14",23,"2",0.948,0.948,0.948,0.948,NA,0,NA,"NSEO"
"2215","p_dsr","14",23,"1",0.482,0.482,0.482,0.482,NA,0,NA,"NSEO"
"2216","p_dsr","14",23,"2",0.424,0.424,0.424,0.424,NA,0,NA,"NSEO"
"2217","p_slope","14",23,"1",0.078,0.078,0.078,0.078,NA,0,NA,"NSEO"
"2218","p_slope","14",23,"2",0.053,0.053,0.053,0.053,NA,0,NA,"NSEO"
"2219","p_pelagic","14",24,"1",0.503,0.503,0.503,0.503,NA,0,NA,"NSEO"
"2220","p_pelagic","14",24,"2",0.561,0.561,0.561,0.561,NA,0,NA,"NSEO"
"2221","p_yellow","14",24,"1",0.573,0.573,0.573,0.573,NA,0,NA,"NSEO"
"2222","p_yellow","14",24,"2",0.599,0.599,0.599,0.599,NA,0,NA,"NSEO"
"2223","p_black","14",24,"1",0.954,0.954,0.954,0.954,NA,0,NA,"NSEO"
"2224","p_black","14",24,"2",0.95,0.95,0.95,0.95,NA,0,NA,"NSEO"
"2225","p_dsr","14",24,"1",0.479,0.479,0.479,0.479,NA,0,NA,"NSEO"
"2226","p_dsr","14",24,"2",0.419,0.419,0.419,0.419,NA,0,NA,"NSEO"
"2227","p_slope","14",24,"1",0.075,0.075,0.075,0.075,NA,0,NA,"NSEO"
"2228","p_slope","14",24,"2",0.053,0.053,0.053,0.053,NA,0,NA,"NSEO"
"2229","p_pelagic","14",25,"1",0.435,0.435,0.435,0.435,NA,0,NA,"NSEO"
"2230","p_pelagic","14",25,"2",0.559,0.559,0.559,0.559,NA,0,NA,"NSEO"
"2231","p_yellow","14",25,"1",0.553,0.553,0.553,0.553,NA,0,NA,"NSEO"
"2232","p_yellow","14",25,"2",0.599,0.599,0.599,0.599,NA,0,NA,"NSEO"
"2233","p_black","14",25,"1",0.953,0.953,0.953,0.953,NA,0,NA,"NSEO"
"2234","p_black","14",25,"2",0.949,0.949,0.949,0.949,NA,0,NA,"NSEO"
"2235","p_dsr","14",25,"1",0.47,0.47,0.47,0.47,NA,0,NA,"NSEO"
"2236","p_dsr","14",25,"2",0.415,0.415,0.415,0.415,NA,0,NA,"NSEO"
"2237","p_slope","14",25,"1",0.068,0.068,0.068,0.068,NA,0,NA,"NSEO"
"2238","p_slope","14",25,"2",0.052,0.052,0.052,0.052,NA,0,NA,"NSEO"
"2239","p_pelagic","14",26,"1",0.342,0.342,0.342,0.342,NA,0,NA,"NSEO"
"2240","p_pelagic","14",26,"2",0.568,0.568,0.568,0.568,NA,0,NA,"NSEO"
"2241","p_yellow","14",26,"1",0.547,0.547,0.547,0.547,NA,0,NA,"NSEO"
"2242","p_yellow","14",26,"2",0.597,0.597,0.597,0.597,NA,0,NA,"NSEO"
"2243","p_black","14",26,"1",0.953,0.953,0.953,0.953,NA,0,NA,"NSEO"
"2244","p_black","14",26,"2",0.948,0.948,0.948,0.948,NA,0,NA,"NSEO"
"2245","p_dsr","14",26,"1",0.505,0.505,0.505,0.505,NA,0,NA,"NSEO"
"2246","p_dsr","14",26,"2",0.425,0.425,0.425,0.425,NA,0,NA,"NSEO"
"2247","p_slope","14",26,"1",0.117,0.117,0.117,0.117,NA,0,NA,"NSEO"
"2248","p_slope","14",26,"2",0.052,0.052,0.052,0.052,NA,0,NA,"NSEO"
"2249","p_pelagic","14",27,"1",0.451,0.451,0.451,0.451,NA,0,NA,"NSEO"
"2250","p_pelagic","14",27,"2",0.575,0.575,0.575,0.575,NA,0,NA,"NSEO"
"2251","p_yellow","14",27,"1",0.568,0.568,0.568,0.568,NA,0,NA,"NSEO"
"2252","p_yellow","14",27,"2",0.595,0.595,0.595,0.595,NA,0,NA,"NSEO"
"2253","p_black","14",27,"1",0.951,0.951,0.951,0.951,NA,0,NA,"NSEO"
"2254","p_black","14",27,"2",0.951,0.951,0.951,0.951,NA,0,NA,"NSEO"
"2255","p_dsr","14",27,"1",0.511,0.511,0.511,0.511,NA,0,NA,"NSEO"
"2256","p_dsr","14",27,"2",0.425,0.425,0.425,0.425,NA,0,NA,"NSEO"
"2257","p_slope","14",27,"1",0.093,0.093,0.093,0.093,NA,0,NA,"NSEO"
"2258","p_slope","14",27,"2",0.053,0.053,0.053,0.053,NA,0,NA,"NSEO"
"2259","p_pelagic","14",28,"1",0.343,0.343,0.343,0.343,NA,0,NA,"NSEO"
"2260","p_pelagic","14",28,"2",0.575,0.575,0.575,0.575,NA,0,NA,"NSEO"
"2261","p_yellow","14",28,"1",0.554,0.554,0.554,0.554,NA,0,NA,"NSEO"
"2262","p_yellow","14",28,"2",0.598,0.598,0.598,0.598,NA,0,NA,"NSEO"
"2263","p_black","14",28,"1",0.952,0.952,0.952,0.952,NA,0,NA,"NSEO"
"2264","p_black","14",28,"2",0.949,0.949,0.949,0.949,NA,0,NA,"NSEO"
"2265","p_dsr","14",28,"1",0.47,0.47,0.47,0.47,NA,0,NA,"NSEO"
"2266","p_dsr","14",28,"2",0.421,0.421,0.421,0.421,NA,0,NA,"NSEO"
"2267","p_slope","14",28,"1",0.067,0.067,0.067,0.067,NA,0,NA,"NSEO"
"2268","p_slope","14",28,"2",0.054,0.054,0.054,0.054,NA,0,NA,"NSEO"
"2269","p_pelagic","14",29,"1",0.429,0.429,0.429,0.429,NA,0,NA,"NSEO"
"2270","p_pelagic","14",29,"2",0.585,0.585,0.585,0.585,NA,0,NA,"NSEO"
"2271","p_yellow","14",29,"1",0.544,0.544,0.544,0.544,NA,0,NA,"NSEO"
"2272","p_yellow","14",29,"2",0.595,0.595,0.595,0.595,NA,0,NA,"NSEO"
"2273","p_black","14",29,"1",0.952,0.952,0.952,0.952,NA,0,NA,"NSEO"
"2274","p_black","14",29,"2",0.949,0.949,0.949,0.949,NA,0,NA,"NSEO"
"2275","p_dsr","14",29,"1",0.505,0.505,0.505,0.505,NA,0,NA,"NSEO"
"2276","p_dsr","14",29,"2",0.409,0.409,0.409,0.409,NA,0,NA,"NSEO"
"2277","p_slope","14",29,"1",0.121,0.121,0.121,0.121,NA,0,NA,"NSEO"
"2278","p_slope","14",29,"2",0.054,0.054,0.054,0.054,NA,0,NA,"NSEO"
"2279","p_pelagic","14",3,"1",0.472,0.472,0.472,0.472,NA,0,NA,"NSEO"
"2280","p_pelagic","14",3,"2",0.494,0.494,0.494,0.494,NA,0,NA,"NSEO"
"2281","p_yellow","14",3,"1",0.534,0.534,0.534,0.534,NA,0,NA,"NSEO"
"2282","p_yellow","14",3,"2",0.596,0.596,0.596,0.596,NA,0,NA,"NSEO"
"2283","p_black","14",3,"1",0.952,0.952,0.952,0.952,NA,0,NA,"NSEO"
"2284","p_black","14",3,"2",0.949,0.949,0.949,0.949,NA,0,NA,"NSEO"
"2285","p_dsr","14",3,"1",0.46,0.46,0.46,0.46,NA,0,NA,"NSEO"
"2286","p_dsr","14",3,"2",0.417,0.417,0.417,0.417,NA,0,NA,"NSEO"
"2287","p_slope","14",3,"1",0.058,0.058,0.058,0.058,NA,0,NA,"NSEO"
"2288","p_slope","14",3,"2",0.054,0.054,0.054,0.054,NA,0,NA,"NSEO"
"2289","p_pelagic","14",30,"1",0.484,0.484,0.484,0.484,NA,0,NA,"NSEO"
"2290","p_pelagic","14",30,"2",0.421,0.421,0.421,0.421,NA,0,NA,"NSEO"
"2291","p_yellow","14",30,"1",0.596,0.596,0.596,0.596,NA,0,NA,"NSEO"
"2292","p_yellow","14",30,"2",0.625,0.625,0.625,0.625,NA,0,NA,"NSEO"
"2293","p_black","14",30,"1",0.957,0.957,0.957,0.957,NA,0,NA,"NSEO"
"2294","p_black","14",30,"2",0.976,0.976,0.976,0.976,NA,0,NA,"NSEO"
"2295","p_dsr","14",30,"1",0.422,0.422,0.422,0.422,NA,0,NA,"NSEO"
"2296","p_dsr","14",30,"2",0.289,0.289,0.289,0.289,NA,0,NA,"NSEO"
"2297","p_slope","14",30,"1",0.02,0.02,0.02,0.02,NA,0,NA,"NSEO"
"2298","p_slope","14",30,"2",0.075,0.075,0.075,0.075,NA,0,NA,"NSEO"
"2299","p_pelagic","14",31,"1",0.599,0.599,0.599,0.599,NA,0,NA,"NSEO"
"2300","p_pelagic","14",31,"2",0.391,0.391,0.391,0.391,NA,0,NA,"NSEO"
"2301","p_yellow","14",31,"1",0.573,0.573,0.573,0.573,NA,0,NA,"NSEO"
"2302","p_yellow","14",31,"2",0.649,0.649,0.649,0.649,NA,0,NA,"NSEO"
"2303","p_black","14",31,"1",0.973,0.973,0.973,0.973,NA,0,NA,"NSEO"
"2304","p_black","14",31,"2",0.962,0.962,0.962,0.962,NA,0,NA,"NSEO"
"2305","p_dsr","14",31,"1",0.424,0.424,0.424,0.424,NA,0,NA,"NSEO"
"2306","p_dsr","14",31,"2",0.316,0.316,0.316,0.316,NA,0,NA,"NSEO"
"2307","p_slope","14",31,"1",0.019,0.019,0.019,0.019,NA,0,NA,"NSEO"
"2308","p_slope","14",31,"2",0.032,0.032,0.032,0.032,NA,0,NA,"NSEO"
"2309","p_pelagic","14",32,"1",0.6,0.6,0.6,0.6,NA,0,NA,"NSEO"
"2310","p_pelagic","14",32,"2",0.643,0.643,0.643,0.643,NA,0,NA,"NSEO"
"2311","p_yellow","14",32,"1",0.488,0.488,0.488,0.488,NA,0,NA,"NSEO"
"2312","p_yellow","14",32,"2",0.558,0.558,0.558,0.558,NA,0,NA,"NSEO"
"2313","p_black","14",32,"1",0.991,0.991,0.991,0.991,NA,0,NA,"NSEO"
"2314","p_black","14",32,"2",0.976,0.976,0.976,0.976,NA,0,NA,"NSEO"
"2315","p_dsr","14",32,"1",0.45,0.45,0.45,0.45,NA,0,NA,"NSEO"
"2316","p_dsr","14",32,"2",0.252,0.252,0.252,0.252,NA,0,NA,"NSEO"
"2317","p_slope","14",32,"1",0.049,0.049,0.049,0.049,NA,0,NA,"NSEO"
"2318","p_slope","14",32,"2",0.17,0.17,0.17,0.17,NA,0,NA,"NSEO"
"2319","p_pelagic","14",33,"1",0.684,0.684,0.684,0.684,NA,0,NA,"NSEO"
"2320","p_pelagic","14",33,"2",0.525,0.525,0.525,0.525,NA,0,NA,"NSEO"
"2321","p_yellow","14",33,"1",0.618,0.618,0.618,0.618,NA,0,NA,"NSEO"
"2322","p_yellow","14",33,"2",0.481,0.481,0.481,0.481,NA,0,NA,"NSEO"
"2323","p_black","14",33,"1",0.977,0.977,0.977,0.977,NA,0,NA,"NSEO"
"2324","p_black","14",33,"2",0.801,0.801,0.801,0.801,NA,0,NA,"NSEO"
"2325","p_dsr","14",33,"1",0.323,0.323,0.323,0.323,NA,0,NA,"NSEO"
"2326","p_dsr","14",33,"2",0.439,0.439,0.439,0.439,NA,0,NA,"NSEO"
"2327","p_slope","14",33,"1",0.027,0.027,0.027,0.027,NA,0,NA,"NSEO"
"2328","p_slope","14",33,"2",0.078,0.078,0.078,0.078,NA,0,NA,"NSEO"
"2329","p_pelagic","14",34,"1",0.643,0.643,0.643,0.643,NA,0,NA,"NSEO"
"2330","p_pelagic","14",34,"2",0.586,0.586,0.586,0.586,NA,0,NA,"NSEO"
"2331","p_yellow","14",34,"1",0.469,0.469,0.469,0.469,NA,0,NA,"NSEO"
"2332","p_yellow","14",34,"2",0.621,0.621,0.621,0.621,NA,0,NA,"NSEO"
"2333","p_black","14",34,"1",0.965,0.965,0.965,0.965,NA,0,NA,"NSEO"
"2334","p_black","14",34,"2",0.96,0.96,0.96,0.96,NA,0,NA,"NSEO"
"2335","p_dsr","14",34,"1",0.472,0.472,0.472,0.472,NA,0,NA,"NSEO"
"2336","p_dsr","14",34,"2",0.369,0.369,0.369,0.369,NA,0,NA,"NSEO"
"2337","p_slope","14",34,"1",0.059,0.059,0.059,0.059,NA,0,NA,"NSEO"
"2338","p_slope","14",34,"2",0.016,0.016,0.016,0.016,NA,0,NA,"NSEO"
"2339","p_pelagic","14",35,"1",0.761,0.761,0.761,0.761,NA,0,NA,"NSEO"
"2340","p_pelagic","14",35,"2",0.601,0.601,0.601,0.601,NA,0,NA,"NSEO"
"2341","p_yellow","14",35,"1",0.409,0.409,0.409,0.409,NA,0,NA,"NSEO"
"2342","p_yellow","14",35,"2",0.516,0.516,0.516,0.516,NA,0,NA,"NSEO"
"2343","p_black","14",35,"1",0.976,0.976,0.976,0.976,NA,0,NA,"NSEO"
"2344","p_black","14",35,"2",0.946,0.946,0.946,0.946,NA,0,NA,"NSEO"
"2345","p_dsr","14",35,"1",0.502,0.502,0.502,0.502,NA,0,NA,"NSEO"
"2346","p_dsr","14",35,"2",0.403,0.403,0.403,0.403,NA,0,NA,"NSEO"
"2347","p_slope","14",35,"1",0.085,0.085,0.085,0.085,NA,0,NA,"NSEO"
"2348","p_slope","14",35,"2",0.075,0.075,0.075,0.075,NA,0,NA,"NSEO"
"2349","p_pelagic","14",36,"1",0.738,0.738,0.738,0.738,NA,0,NA,"NSEO"
"2350","p_pelagic","14",36,"2",0.703,0.703,0.703,0.703,NA,0,NA,"NSEO"
"2351","p_yellow","14",36,"1",0.335,0.335,0.335,0.335,NA,0,NA,"NSEO"
"2352","p_yellow","14",36,"2",0.456,0.456,0.456,0.456,NA,0,NA,"NSEO"
"2353","p_black","14",36,"1",0.957,0.957,0.957,0.957,NA,0,NA,"NSEO"
"2354","p_black","14",36,"2",0.975,0.975,0.975,0.975,NA,0,NA,"NSEO"
"2355","p_dsr","14",36,"1",0.54,0.54,0.54,0.54,NA,0,NA,"NSEO"
"2356","p_dsr","14",36,"2",0.495,0.495,0.495,0.495,NA,0,NA,"NSEO"
"2357","p_slope","14",36,"1",0.095,0.095,0.095,0.095,NA,0,NA,"NSEO"
"2358","p_slope","14",36,"2",0.048,0.048,0.048,0.048,NA,0,NA,"NSEO"
"2359","p_pelagic","14",37,"1",0.764,0.764,0.764,0.764,NA,0,NA,"NSEO"
"2360","p_pelagic","14",37,"2",0.715,0.715,0.715,0.715,NA,0,NA,"NSEO"
"2361","p_yellow","14",37,"1",0.401,0.401,0.401,0.401,NA,0,NA,"NSEO"
"2362","p_yellow","14",37,"2",0.455,0.455,0.455,0.455,NA,0,NA,"NSEO"
"2363","p_black","14",37,"1",0.928,0.928,0.928,0.928,NA,0,NA,"NSEO"
"2364","p_black","14",37,"2",0.96,0.96,0.96,0.96,NA,0,NA,"NSEO"
"2365","p_dsr","14",37,"1",0.492,0.492,0.492,0.492,NA,0,NA,"NSEO"
"2366","p_dsr","14",37,"2",0.502,0.502,0.502,0.502,NA,0,NA,"NSEO"
"2367","p_slope","14",37,"1",0.122,0.122,0.122,0.122,NA,0,NA,"NSEO"
"2368","p_slope","14",37,"2",0.043,0.043,0.043,0.043,NA,0,NA,"NSEO"
"2369","p_pelagic","14",38,"1",0.733,0.733,0.733,0.733,NA,0,NA,"NSEO"
"2370","p_pelagic","14",38,"2",0.819,0.819,0.819,0.819,NA,0,NA,"NSEO"
"2371","p_yellow","14",38,"1",0.339,0.339,0.339,0.339,NA,0,NA,"NSEO"
"2372","p_yellow","14",38,"2",0.4,0.4,0.4,0.4,NA,0,NA,"NSEO"
"2373","p_black","14",38,"1",0.934,0.934,0.934,0.934,NA,0,NA,"NSEO"
"2374","p_black","14",38,"2",0.948,0.948,0.948,0.948,NA,0,NA,"NSEO"
"2375","p_dsr","14",38,"1",0.527,0.527,0.527,0.527,NA,0,NA,"NSEO"
"2376","p_dsr","14",38,"2",0.528,0.528,0.528,0.528,NA,0,NA,"NSEO"
"2377","p_slope","14",38,"1",0.114,0.114,0.114,0.114,NA,0,NA,"NSEO"
"2378","p_slope","14",38,"2",0.069,0.069,0.069,0.069,NA,0,NA,"NSEO"
"2379","p_pelagic","14",39,"1",0.714,0.714,0.714,0.714,NA,0,NA,"NSEO"
"2380","p_pelagic","14",39,"2",0.647,0.647,0.647,0.647,NA,0,NA,"NSEO"
"2381","p_yellow","14",39,"1",0.347,0.347,0.347,0.347,NA,0,NA,"NSEO"
"2382","p_yellow","14",39,"2",0.493,0.493,0.493,0.493,NA,0,NA,"NSEO"
"2383","p_black","14",39,"1",0.951,0.951,0.951,0.951,NA,0,NA,"NSEO"
"2384","p_black","14",39,"2",0.973,0.973,0.973,0.973,NA,0,NA,"NSEO"
"2385","p_dsr","14",39,"1",0.549,0.549,0.549,0.549,NA,0,NA,"NSEO"
"2386","p_dsr","14",39,"2",0.472,0.472,0.472,0.472,NA,0,NA,"NSEO"
"2387","p_slope","14",39,"1",0.094,0.094,0.094,0.094,NA,0,NA,"NSEO"
"2388","p_slope","14",39,"2",0.036,0.036,0.036,0.036,NA,0,NA,"NSEO"
"2389","p_pelagic","14",4,"1",0.48,0.48,0.48,0.48,NA,0,NA,"NSEO"
"2390","p_pelagic","14",4,"2",0.491,0.491,0.491,0.491,NA,0,NA,"NSEO"
"2391","p_yellow","14",4,"1",0.541,0.541,0.541,0.541,NA,0,NA,"NSEO"
"2392","p_yellow","14",4,"2",0.596,0.596,0.596,0.596,NA,0,NA,"NSEO"
"2393","p_black","14",4,"1",0.953,0.953,0.953,0.953,NA,0,NA,"NSEO"
"2394","p_black","14",4,"2",0.951,0.951,0.951,0.951,NA,0,NA,"NSEO"
"2395","p_dsr","14",4,"1",0.462,0.462,0.462,0.462,NA,0,NA,"NSEO"
"2396","p_dsr","14",4,"2",0.412,0.412,0.412,0.412,NA,0,NA,"NSEO"
"2397","p_slope","14",4,"1",0.06,0.06,0.06,0.06,NA,0,NA,"NSEO"
"2398","p_slope","14",4,"2",0.055,0.055,0.055,0.055,NA,0,NA,"NSEO"
"2399","p_pelagic","14",40,"1",0.739,0.739,0.739,0.739,NA,0,NA,"NSEO"
"2400","p_pelagic","14",40,"2",0.737,0.737,0.737,0.737,NA,0,NA,"NSEO"
"2401","p_yellow","14",40,"1",0.43,0.43,0.43,0.43,NA,0,NA,"NSEO"
"2402","p_yellow","14",40,"2",0.418,0.418,0.418,0.418,NA,0,NA,"NSEO"
"2403","p_black","14",40,"1",0.905,0.905,0.905,0.905,NA,0,NA,"NSEO"
"2404","p_black","14",40,"2",0.923,0.923,0.923,0.923,NA,0,NA,"NSEO"
"2405","p_dsr","14",40,"1",0.499,0.499,0.499,0.499,NA,0,NA,"NSEO"
"2406","p_dsr","14",40,"2",0.557,0.557,0.557,0.557,NA,0,NA,"NSEO"
"2407","p_slope","14",40,"1",0.062,0.062,0.062,0.062,NA,0,NA,"NSEO"
"2408","p_slope","14",40,"2",0.032,0.032,0.032,0.032,NA,0,NA,"NSEO"
"2409","p_pelagic","14",41,"1",0.814,0.814,0.814,0.814,NA,0,NA,"NSEO"
"2410","p_pelagic","14",41,"2",0.822,0.822,0.822,0.822,NA,0,NA,"NSEO"
"2411","p_yellow","14",41,"1",0.429,0.429,0.429,0.429,NA,0,NA,"NSEO"
"2412","p_yellow","14",41,"2",0.569,0.569,0.569,0.569,NA,0,NA,"NSEO"
"2413","p_black","14",41,"1",0.902,0.902,0.902,0.902,NA,0,NA,"NSEO"
"2414","p_black","14",41,"2",0.912,0.912,0.912,0.912,NA,0,NA,"NSEO"
"2415","p_dsr","14",41,"1",0.5,0.5,0.5,0.5,NA,0,NA,"NSEO"
"2416","p_dsr","14",41,"2",0.373,0.373,0.373,0.373,NA,0,NA,"NSEO"
"2417","p_slope","14",41,"1",0.078,0.078,0.078,0.078,NA,0,NA,"NSEO"
"2418","p_slope","14",41,"2",0.05,0.05,0.05,0.05,NA,0,NA,"NSEO"
"2419","p_pelagic","14",42,"1",0.84,0.84,0.84,0.84,NA,0,NA,"NSEO"
"2420","p_pelagic","14",42,"2",0.798,0.798,0.798,0.798,NA,0,NA,"NSEO"
"2421","p_yellow","14",42,"1",0.483,0.483,0.483,0.483,NA,0,NA,"NSEO"
"2422","p_yellow","14",42,"2",0.494,0.494,0.494,0.494,NA,0,NA,"NSEO"
"2423","p_black","14",42,"1",0.911,0.911,0.911,0.911,NA,0,NA,"NSEO"
"2424","p_black","14",42,"2",0.934,0.934,0.934,0.934,NA,0,NA,"NSEO"
"2425","p_dsr","14",42,"1",0.44,0.44,0.44,0.44,NA,0,NA,"NSEO"
"2426","p_dsr","14",42,"2",0.423,0.423,0.423,0.423,NA,0,NA,"NSEO"
"2427","p_slope","14",42,"1",0.104,0.104,0.104,0.104,NA,0,NA,"NSEO"
"2428","p_slope","14",42,"2",0.073,0.073,0.073,0.073,NA,0,NA,"NSEO"
"2429","p_pelagic","14",43,"1",0.861,0.861,0.861,0.861,NA,0,NA,"NSEO"
"2430","p_pelagic","14",43,"2",0.871,0.871,0.871,0.871,NA,0,NA,"NSEO"
"2431","p_yellow","14",43,"1",0.468,0.468,0.468,0.468,NA,0,NA,"NSEO"
"2432","p_yellow","14",43,"2",0.454,0.454,0.454,0.454,NA,0,NA,"NSEO"
"2433","p_black","14",43,"1",0.864,0.864,0.864,0.864,NA,0,NA,"NSEO"
"2434","p_black","14",43,"2",0.891,0.891,0.891,0.891,NA,0,NA,"NSEO"
"2435","p_dsr","14",43,"1",0.419,0.419,0.419,0.419,NA,0,NA,"NSEO"
"2436","p_dsr","14",43,"2",0.45,0.45,0.45,0.45,NA,0,NA,"NSEO"
"2437","p_slope","14",43,"1",0.108,0.108,0.108,0.108,NA,0,NA,"NSEO"
"2438","p_slope","14",43,"2",0.088,0.088,0.088,0.088,NA,0,NA,"NSEO"
"2439","p_pelagic","14",44,"1",0.953,0.953,0.944,0.962,1.002,0.005,0,"NSEO"
"2440","p_pelagic","14",44,"2",0.967,0.974,0.899,0.994,1.001,0.025,-0.275,"NSEO"
"2441","p_yellow","14",44,"1",0.019,0.017,0.005,0.043,1,0.01,0.199,"NSEO"
"2442","p_yellow","14",44,"2",0.143,0.064,0.002,0.735,1.001,0.187,0.422,"NSEO"
"2443","p_black","14",44,"1",0.962,0.963,0.937,0.981,1,0.012,-0.086,"NSEO"
"2444","p_black","14",44,"2",0.912,0.928,0.755,0.985,1.001,0.062,-0.256,"NSEO"
"2445","p_dsr","14",44,"1",0.063,0.037,0.003,0.278,1.011,0.075,0.347,"NSEO"
"2446","p_dsr","14",44,"2",0.159,0.104,0.009,0.61,1,0.158,0.348,"NSEO"
"2447","p_slope","14",44,"1",0.976,0.988,0.883,1,1.002,0.032,-0.371,"NSEO"
"2448","p_slope","14",44,"2",0.706,0.808,0.066,0.997,1.001,0.281,-0.363,"NSEO"
"2449","p_pelagic","14",45,"1",0.937,0.937,0.929,0.948,1.002,0.004,0,"NSEO"
"2450","p_pelagic","14",45,"2",0.98,0.983,0.945,0.996,1,0.013,-0.223,"NSEO"
"2451","p_yellow","14",45,"1",0.002,0.002,0,0.006,1.002,0.002,0,"NSEO"
"2452","p_yellow","14",45,"2",0.094,0.04,0.002,0.554,1.004,0.138,0.392,"NSEO"
"2453","p_black","14",45,"1",0.856,0.857,0.804,0.903,1.003,0.026,-0.039,"NSEO"
"2454","p_black","14",45,"2",0.955,0.96,0.893,0.99,1.003,0.026,-0.19,"NSEO"
"2455","p_dsr","14",45,"1",0.053,0.029,0.003,0.247,1.004,0.069,0.348,"NSEO"
"2456","p_dsr","14",45,"2",0.149,0.097,0.008,0.58,1.003,0.149,0.349,"NSEO"
"2457","p_slope","14",45,"1",0.977,0.989,0.885,1,1.002,0.032,-0.38,"NSEO"
"2458","p_slope","14",45,"2",0.704,0.803,0.067,0.997,1,0.284,-0.348,"NSEO"
"2459","p_pelagic","14",46,"1",0.922,0.922,0.918,0.927,1,0.002,0,"NSEO"
"2460","p_pelagic","14",46,"2",0.974,0.975,0.958,0.986,1.001,0.007,-0.143,"NSEO"
"2461","p_yellow","14",46,"1",0.002,0.001,0,0.004,1,0.001,0.936,"NSEO"
"2462","p_yellow","14",46,"2",0.036,0.023,0.002,0.148,1.004,0.039,0.33,"NSEO"
"2463","p_black","14",46,"1",0.869,0.869,0.856,0.881,1.001,0.006,0,"NSEO"
"2464","p_black","14",46,"2",0.921,0.921,0.897,0.944,1,0.012,0,"NSEO"
"2465","p_dsr","14",46,"1",0.008,0.007,0.002,0.019,1.001,0.005,0.215,"NSEO"
"2466","p_dsr","14",46,"2",0.064,0.049,0.006,0.199,1.004,0.053,0.283,"NSEO"
"2467","p_slope","14",46,"1",0.997,0.998,0.988,1,1,0.003,-0.295,"NSEO"
"2468","p_slope","14",46,"2",0.951,0.967,0.817,0.999,1.001,0.05,-0.32,"NSEO"
"2469","p_pelagic","14",47,"1",0.953,0.953,0.949,0.956,1.002,0.002,0,"NSEO"
"2470","p_pelagic","14",47,"2",0.991,0.991,0.982,0.996,1,0.004,0,"NSEO"
"2471","p_yellow","14",47,"1",0.006,0.006,0.002,0.012,1.002,0.002,0,"NSEO"
"2472","p_yellow","14",47,"2",0.063,0.033,0.002,0.304,1.002,0.081,0.37,"NSEO"
"2473","p_black","14",47,"1",0.799,0.799,0.783,0.814,1,0.008,0,"NSEO"
"2474","p_black","14",47,"2",0.78,0.78,0.744,0.814,1.001,0.018,0,"NSEO"
"2475","p_dsr","14",47,"1",0.037,0.036,0.019,0.061,1,0.011,0.092,"NSEO"
"2476","p_dsr","14",47,"2",0.103,0.074,0.007,0.35,1,0.092,0.314,"NSEO"
"2477","p_slope","14",47,"1",0.925,0.927,0.879,0.962,1.001,0.021,-0.093,"NSEO"
"2478","p_slope","14",47,"2",0.878,0.926,0.512,0.998,1.001,0.132,-0.363,"NSEO"
"2479","p_pelagic","14",48,"1",0.951,0.951,0.948,0.954,1.001,0.002,0,"NSEO"
"2480","p_pelagic","14",48,"2",0.962,0.963,0.943,0.977,1.001,0.009,-0.113,"NSEO"
"2481","p_yellow","14",48,"1",0.002,0.002,0,0.005,1.003,0.001,0,"NSEO"
"2482","p_yellow","14",48,"2",0.063,0.052,0.006,0.185,1,0.048,0.228,"NSEO"
"2483","p_black","14",48,"1",0.881,0.881,0.866,0.895,1.001,0.007,0,"NSEO"
"2484","p_black","14",48,"2",0.927,0.928,0.9,0.95,1,0.013,-0.08,"NSEO"
"2485","p_dsr","14",48,"1",0.014,0.013,0.004,0.03,1,0.007,0.152,"NSEO"
"2486","p_dsr","14",48,"2",0.336,0.33,0.152,0.557,1,0.105,0.057,"NSEO"
"2487","p_slope","14",48,"1",0.986,0.989,0.958,0.999,1.005,0.011,-0.272,"NSEO"
"2488","p_slope","14",48,"2",0.553,0.555,0.322,0.763,1,0.116,-0.017,"NSEO"
"2489","p_pelagic","14",49,"1",0.834,0.834,0.825,0.842,1.001,0.004,0,"NSEO"
"2490","p_pelagic","14",49,"2",0.898,0.899,0.872,0.922,1,0.013,-0.076,"NSEO"
"2491","p_yellow","14",49,"1",0.487,0.487,0.456,0.519,1.001,0.016,0,"NSEO"
"2492","p_yellow","14",49,"2",0.505,0.506,0.368,0.638,1,0.069,-0.015,"NSEO"
"2493","p_black","14",49,"1",0.895,0.895,0.882,0.907,1,0.006,0,"NSEO"
"2494","p_black","14",49,"2",0.885,0.885,0.854,0.912,1,0.015,0,"NSEO"
"2495","p_dsr","14",49,"1",0.062,0.061,0.043,0.084,1,0.01,0.098,"NSEO"
"2496","p_dsr","14",49,"2",0.114,0.11,0.048,0.212,1.001,0.042,0.096,"NSEO"
"2497","p_slope","14",49,"1",0.404,0.404,0.37,0.436,1,0.017,0,"NSEO"
"2498","p_slope","14",49,"2",0.371,0.368,0.249,0.504,1,0.066,0.045,"NSEO"
"2499","p_pelagic","14",5,"1",0.472,0.472,0.472,0.472,NA,0,NA,"NSEO"
"2500","p_pelagic","14",5,"2",0.493,0.493,0.493,0.493,NA,0,NA,"NSEO"
"2501","p_yellow","14",5,"1",0.541,0.541,0.541,0.541,NA,0,NA,"NSEO"
"2502","p_yellow","14",5,"2",0.598,0.598,0.598,0.598,NA,0,NA,"NSEO"
"2503","p_black","14",5,"1",0.954,0.954,0.954,0.954,NA,0,NA,"NSEO"
"2504","p_black","14",5,"2",0.95,0.95,0.95,0.95,NA,0,NA,"NSEO"
"2505","p_dsr","14",5,"1",0.463,0.463,0.463,0.463,NA,0,NA,"NSEO"
"2506","p_dsr","14",5,"2",0.412,0.412,0.412,0.412,NA,0,NA,"NSEO"
"2507","p_slope","14",5,"1",0.059,0.059,0.059,0.059,NA,0,NA,"NSEO"
"2508","p_slope","14",5,"2",0.056,0.056,0.056,0.056,NA,0,NA,"NSEO"
"2509","p_pelagic","14",6,"1",0.474,0.474,0.474,0.474,NA,0,NA,"NSEO"
"2510","p_pelagic","14",6,"2",0.492,0.492,0.492,0.492,NA,0,NA,"NSEO"
"2511","p_yellow","14",6,"1",0.536,0.536,0.536,0.536,NA,0,NA,"NSEO"
"2512","p_yellow","14",6,"2",0.605,0.605,0.605,0.605,NA,0,NA,"NSEO"
"2513","p_black","14",6,"1",0.952,0.952,0.952,0.952,NA,0,NA,"NSEO"
"2514","p_black","14",6,"2",0.949,0.949,0.949,0.949,NA,0,NA,"NSEO"
"2515","p_dsr","14",6,"1",0.467,0.467,0.467,0.467,NA,0,NA,"NSEO"
"2516","p_dsr","14",6,"2",0.416,0.416,0.416,0.416,NA,0,NA,"NSEO"
"2517","p_slope","14",6,"1",0.058,0.058,0.058,0.058,NA,0,NA,"NSEO"
"2518","p_slope","14",6,"2",0.054,0.054,0.054,0.054,NA,0,NA,"NSEO"
"2519","p_pelagic","14",7,"1",0.475,0.475,0.475,0.475,NA,0,NA,"NSEO"
"2520","p_pelagic","14",7,"2",0.485,0.485,0.485,0.485,NA,0,NA,"NSEO"
"2521","p_yellow","14",7,"1",0.535,0.535,0.535,0.535,NA,0,NA,"NSEO"
"2522","p_yellow","14",7,"2",0.601,0.601,0.601,0.601,NA,0,NA,"NSEO"
"2523","p_black","14",7,"1",0.953,0.953,0.953,0.953,NA,0,NA,"NSEO"
"2524","p_black","14",7,"2",0.951,0.951,0.951,0.951,NA,0,NA,"NSEO"
"2525","p_dsr","14",7,"1",0.469,0.469,0.469,0.469,NA,0,NA,"NSEO"
"2526","p_dsr","14",7,"2",0.407,0.407,0.407,0.407,NA,0,NA,"NSEO"
"2527","p_slope","14",7,"1",0.059,0.059,0.059,0.059,NA,0,NA,"NSEO"
"2528","p_slope","14",7,"2",0.054,0.054,0.054,0.054,NA,0,NA,"NSEO"
"2529","p_pelagic","14",8,"1",0.473,0.473,0.473,0.473,NA,0,NA,"NSEO"
"2530","p_pelagic","14",8,"2",0.492,0.492,0.492,0.492,NA,0,NA,"NSEO"
"2531","p_yellow","14",8,"1",0.535,0.535,0.535,0.535,NA,0,NA,"NSEO"
"2532","p_yellow","14",8,"2",0.597,0.597,0.597,0.597,NA,0,NA,"NSEO"
"2533","p_black","14",8,"1",0.951,0.951,0.951,0.951,NA,0,NA,"NSEO"
"2534","p_black","14",8,"2",0.949,0.949,0.949,0.949,NA,0,NA,"NSEO"
"2535","p_dsr","14",8,"1",0.458,0.458,0.458,0.458,NA,0,NA,"NSEO"
"2536","p_dsr","14",8,"2",0.411,0.411,0.411,0.411,NA,0,NA,"NSEO"
"2537","p_slope","14",8,"1",0.057,0.057,0.057,0.057,NA,0,NA,"NSEO"
"2538","p_slope","14",8,"2",0.054,0.054,0.054,0.054,NA,0,NA,"NSEO"
"2539","p_pelagic","14",9,"1",0.474,0.474,0.474,0.474,NA,0,NA,"NSEO"
"2540","p_pelagic","14",9,"2",0.49,0.49,0.49,0.49,NA,0,NA,"NSEO"
"2541","p_yellow","14",9,"1",0.538,0.538,0.538,0.538,NA,0,NA,"NSEO"
"2542","p_yellow","14",9,"2",0.603,0.603,0.603,0.603,NA,0,NA,"NSEO"
"2543","p_black","14",9,"1",0.953,0.953,0.953,0.953,NA,0,NA,"NSEO"
"2544","p_black","14",9,"2",0.95,0.95,0.95,0.95,NA,0,NA,"NSEO"
"2545","p_dsr","14",9,"1",0.461,0.461,0.461,0.461,NA,0,NA,"NSEO"
"2546","p_dsr","14",9,"2",0.409,0.409,0.409,0.409,NA,0,NA,"NSEO"
"2547","p_slope","14",9,"1",0.059,0.059,0.059,0.059,NA,0,NA,"NSEO"
"2548","p_slope","14",9,"2",0.054,0.054,0.054,0.054,NA,0,NA,"NSEO"
"2549","p_pelagic","15",1,"1",0.443,0.443,0.443,0.443,NA,0,NA,"SSEI"
"2550","p_pelagic","15",1,"2",0.197,0.197,0.197,0.197,NA,0,NA,"SSEI"
"2551","p_yellow","15",1,"1",0.282,0.282,0.282,0.282,NA,0,NA,"SSEI"
"2552","p_yellow","15",1,"2",0.29,0.29,0.29,0.29,NA,0,NA,"SSEI"
"2553","p_black","15",1,"1",0.778,0.778,0.778,0.778,NA,0,NA,"SSEI"
"2554","p_black","15",1,"2",0.681,0.681,0.681,0.681,NA,0,NA,"SSEI"
"2555","p_dsr","15",1,"1",0.521,0.521,0.521,0.521,NA,0,NA,"SSEI"
"2556","p_dsr","15",1,"2",0.599,0.599,0.599,0.599,NA,0,NA,"SSEI"
"2557","p_slope","15",1,"1",0.157,0.157,0.157,0.157,NA,0,NA,"SSEI"
"2558","p_slope","15",1,"2",0.123,0.123,0.123,0.123,NA,0,NA,"SSEI"
"2559","p_pelagic","15",10,"1",0.448,0.448,0.448,0.448,NA,0,NA,"SSEI"
"2560","p_pelagic","15",10,"2",0.196,0.196,0.196,0.196,NA,0,NA,"SSEI"
"2561","p_yellow","15",10,"1",0.278,0.278,0.278,0.278,NA,0,NA,"SSEI"
"2562","p_yellow","15",10,"2",0.284,0.284,0.284,0.284,NA,0,NA,"SSEI"
"2563","p_black","15",10,"1",0.771,0.771,0.771,0.771,NA,0,NA,"SSEI"
"2564","p_black","15",10,"2",0.685,0.685,0.685,0.685,NA,0,NA,"SSEI"
"2565","p_dsr","15",10,"1",0.519,0.519,0.519,0.519,NA,0,NA,"SSEI"
"2566","p_dsr","15",10,"2",0.604,0.604,0.604,0.604,NA,0,NA,"SSEI"
"2567","p_slope","15",10,"1",0.16,0.16,0.16,0.16,NA,0,NA,"SSEI"
"2568","p_slope","15",10,"2",0.126,0.126,0.126,0.126,NA,0,NA,"SSEI"
"2569","p_pelagic","15",11,"1",0.45,0.45,0.45,0.45,NA,0,NA,"SSEI"
"2570","p_pelagic","15",11,"2",0.195,0.195,0.195,0.195,NA,0,NA,"SSEI"
"2571","p_yellow","15",11,"1",0.277,0.277,0.277,0.277,NA,0,NA,"SSEI"
"2572","p_yellow","15",11,"2",0.282,0.282,0.282,0.282,NA,0,NA,"SSEI"
"2573","p_black","15",11,"1",0.775,0.775,0.775,0.775,NA,0,NA,"SSEI"
"2574","p_black","15",11,"2",0.677,0.677,0.677,0.677,NA,0,NA,"SSEI"
"2575","p_dsr","15",11,"1",0.519,0.519,0.519,0.519,NA,0,NA,"SSEI"
"2576","p_dsr","15",11,"2",0.607,0.607,0.607,0.607,NA,0,NA,"SSEI"
"2577","p_slope","15",11,"1",0.157,0.157,0.157,0.157,NA,0,NA,"SSEI"
"2578","p_slope","15",11,"2",0.129,0.129,0.129,0.129,NA,0,NA,"SSEI"
"2579","p_pelagic","15",12,"1",0.449,0.449,0.449,0.449,NA,0,NA,"SSEI"
"2580","p_pelagic","15",12,"2",0.195,0.195,0.195,0.195,NA,0,NA,"SSEI"
"2581","p_yellow","15",12,"1",0.282,0.282,0.282,0.282,NA,0,NA,"SSEI"
"2582","p_yellow","15",12,"2",0.289,0.289,0.289,0.289,NA,0,NA,"SSEI"
"2583","p_black","15",12,"1",0.776,0.776,0.776,0.776,NA,0,NA,"SSEI"
"2584","p_black","15",12,"2",0.679,0.679,0.679,0.679,NA,0,NA,"SSEI"
"2585","p_dsr","15",12,"1",0.512,0.512,0.512,0.512,NA,0,NA,"SSEI"
"2586","p_dsr","15",12,"2",0.605,0.605,0.605,0.605,NA,0,NA,"SSEI"
"2587","p_slope","15",12,"1",0.158,0.158,0.158,0.158,NA,0,NA,"SSEI"
"2588","p_slope","15",12,"2",0.126,0.126,0.126,0.126,NA,0,NA,"SSEI"
"2589","p_pelagic","15",13,"1",0.45,0.45,0.45,0.45,NA,0,NA,"SSEI"
"2590","p_pelagic","15",13,"2",0.196,0.196,0.196,0.196,NA,0,NA,"SSEI"
"2591","p_yellow","15",13,"1",0.28,0.28,0.28,0.28,NA,0,NA,"SSEI"
"2592","p_yellow","15",13,"2",0.287,0.287,0.287,0.287,NA,0,NA,"SSEI"
"2593","p_black","15",13,"1",0.774,0.774,0.774,0.774,NA,0,NA,"SSEI"
"2594","p_black","15",13,"2",0.678,0.678,0.678,0.678,NA,0,NA,"SSEI"
"2595","p_dsr","15",13,"1",0.52,0.52,0.52,0.52,NA,0,NA,"SSEI"
"2596","p_dsr","15",13,"2",0.608,0.608,0.608,0.608,NA,0,NA,"SSEI"
"2597","p_slope","15",13,"1",0.159,0.159,0.159,0.159,NA,0,NA,"SSEI"
"2598","p_slope","15",13,"2",0.125,0.125,0.125,0.125,NA,0,NA,"SSEI"
"2599","p_pelagic","15",14,"1",0.456,0.456,0.456,0.456,NA,0,NA,"SSEI"
"2600","p_pelagic","15",14,"2",0.201,0.201,0.201,0.201,NA,0,NA,"SSEI"
"2601","p_yellow","15",14,"1",0.286,0.286,0.286,0.286,NA,0,NA,"SSEI"
"2602","p_yellow","15",14,"2",0.286,0.286,0.286,0.286,NA,0,NA,"SSEI"
"2603","p_black","15",14,"1",0.772,0.772,0.772,0.772,NA,0,NA,"SSEI"
"2604","p_black","15",14,"2",0.681,0.681,0.681,0.681,NA,0,NA,"SSEI"
"2605","p_dsr","15",14,"1",0.521,0.521,0.521,0.521,NA,0,NA,"SSEI"
"2606","p_dsr","15",14,"2",0.618,0.618,0.618,0.618,NA,0,NA,"SSEI"
"2607","p_slope","15",14,"1",0.158,0.158,0.158,0.158,NA,0,NA,"SSEI"
"2608","p_slope","15",14,"2",0.128,0.128,0.128,0.128,NA,0,NA,"SSEI"
"2609","p_pelagic","15",15,"1",0.434,0.434,0.434,0.434,NA,0,NA,"SSEI"
"2610","p_pelagic","15",15,"2",0.188,0.188,0.188,0.188,NA,0,NA,"SSEI"
"2611","p_yellow","15",15,"1",0.281,0.281,0.281,0.281,NA,0,NA,"SSEI"
"2612","p_yellow","15",15,"2",0.283,0.283,0.283,0.283,NA,0,NA,"SSEI"
"2613","p_black","15",15,"1",0.778,0.778,0.778,0.778,NA,0,NA,"SSEI"
"2614","p_black","15",15,"2",0.683,0.683,0.683,0.683,NA,0,NA,"SSEI"
"2615","p_dsr","15",15,"1",0.514,0.514,0.514,0.514,NA,0,NA,"SSEI"
"2616","p_dsr","15",15,"2",0.586,0.586,0.586,0.586,NA,0,NA,"SSEI"
"2617","p_slope","15",15,"1",0.155,0.155,0.155,0.155,NA,0,NA,"SSEI"
"2618","p_slope","15",15,"2",0.12,0.12,0.12,0.12,NA,0,NA,"SSEI"
"2619","p_pelagic","15",16,"1",0.449,0.449,0.449,0.449,NA,0,NA,"SSEI"
"2620","p_pelagic","15",16,"2",0.197,0.197,0.197,0.197,NA,0,NA,"SSEI"
"2621","p_yellow","15",16,"1",0.281,0.281,0.281,0.281,NA,0,NA,"SSEI"
"2622","p_yellow","15",16,"2",0.288,0.288,0.288,0.288,NA,0,NA,"SSEI"
"2623","p_black","15",16,"1",0.782,0.782,0.782,0.782,NA,0,NA,"SSEI"
"2624","p_black","15",16,"2",0.68,0.68,0.68,0.68,NA,0,NA,"SSEI"
"2625","p_dsr","15",16,"1",0.524,0.524,0.524,0.524,NA,0,NA,"SSEI"
"2626","p_dsr","15",16,"2",0.61,0.61,0.61,0.61,NA,0,NA,"SSEI"
"2627","p_slope","15",16,"1",0.153,0.153,0.153,0.153,NA,0,NA,"SSEI"
"2628","p_slope","15",16,"2",0.121,0.121,0.121,0.121,NA,0,NA,"SSEI"
"2629","p_pelagic","15",17,"1",0.467,0.467,0.467,0.467,NA,0,NA,"SSEI"
"2630","p_pelagic","15",17,"2",0.201,0.201,0.201,0.201,NA,0,NA,"SSEI"
"2631","p_yellow","15",17,"1",0.276,0.276,0.276,0.276,NA,0,NA,"SSEI"
"2632","p_yellow","15",17,"2",0.282,0.282,0.282,0.282,NA,0,NA,"SSEI"
"2633","p_black","15",17,"1",0.775,0.775,0.775,0.775,NA,0,NA,"SSEI"
"2634","p_black","15",17,"2",0.685,0.685,0.685,0.685,NA,0,NA,"SSEI"
"2635","p_dsr","15",17,"1",0.527,0.527,0.527,0.527,NA,0,NA,"SSEI"
"2636","p_dsr","15",17,"2",0.62,0.62,0.62,0.62,NA,0,NA,"SSEI"
"2637","p_slope","15",17,"1",0.16,0.16,0.16,0.16,NA,0,NA,"SSEI"
"2638","p_slope","15",17,"2",0.124,0.124,0.124,0.124,NA,0,NA,"SSEI"
"2639","p_pelagic","15",18,"1",0.45,0.45,0.45,0.45,NA,0,NA,"SSEI"
"2640","p_pelagic","15",18,"2",0.199,0.199,0.199,0.199,NA,0,NA,"SSEI"
"2641","p_yellow","15",18,"1",0.281,0.281,0.281,0.281,NA,0,NA,"SSEI"
"2642","p_yellow","15",18,"2",0.287,0.287,0.287,0.287,NA,0,NA,"SSEI"
"2643","p_black","15",18,"1",0.775,0.775,0.775,0.775,NA,0,NA,"SSEI"
"2644","p_black","15",18,"2",0.682,0.682,0.682,0.682,NA,0,NA,"SSEI"
"2645","p_dsr","15",18,"1",0.521,0.521,0.521,0.521,NA,0,NA,"SSEI"
"2646","p_dsr","15",18,"2",0.595,0.595,0.595,0.595,NA,0,NA,"SSEI"
"2647","p_slope","15",18,"1",0.159,0.159,0.159,0.159,NA,0,NA,"SSEI"
"2648","p_slope","15",18,"2",0.127,0.127,0.127,0.127,NA,0,NA,"SSEI"
"2649","p_pelagic","15",19,"1",0.449,0.449,0.449,0.449,NA,0,NA,"SSEI"
"2650","p_pelagic","15",19,"2",0.203,0.203,0.203,0.203,NA,0,NA,"SSEI"
"2651","p_yellow","15",19,"1",0.282,0.282,0.282,0.282,NA,0,NA,"SSEI"
"2652","p_yellow","15",19,"2",0.284,0.284,0.284,0.284,NA,0,NA,"SSEI"
"2653","p_black","15",19,"1",0.779,0.779,0.779,0.779,NA,0,NA,"SSEI"
"2654","p_black","15",19,"2",0.679,0.679,0.679,0.679,NA,0,NA,"SSEI"
"2655","p_dsr","15",19,"1",0.513,0.513,0.513,0.513,NA,0,NA,"SSEI"
"2656","p_dsr","15",19,"2",0.608,0.608,0.608,0.608,NA,0,NA,"SSEI"
"2657","p_slope","15",19,"1",0.16,0.16,0.16,0.16,NA,0,NA,"SSEI"
"2658","p_slope","15",19,"2",0.122,0.122,0.122,0.122,NA,0,NA,"SSEI"
"2659","p_pelagic","15",2,"1",0.453,0.453,0.453,0.453,NA,0,NA,"SSEI"
"2660","p_pelagic","15",2,"2",0.196,0.196,0.196,0.196,NA,0,NA,"SSEI"
"2661","p_yellow","15",2,"1",0.281,0.281,0.281,0.281,NA,0,NA,"SSEI"
"2662","p_yellow","15",2,"2",0.284,0.284,0.284,0.284,NA,0,NA,"SSEI"
"2663","p_black","15",2,"1",0.776,0.776,0.776,0.776,NA,0,NA,"SSEI"
"2664","p_black","15",2,"2",0.677,0.677,0.677,0.677,NA,0,NA,"SSEI"
"2665","p_dsr","15",2,"1",0.52,0.52,0.52,0.52,NA,0,NA,"SSEI"
"2666","p_dsr","15",2,"2",0.612,0.612,0.612,0.612,NA,0,NA,"SSEI"
"2667","p_slope","15",2,"1",0.161,0.161,0.161,0.161,NA,0,NA,"SSEI"
"2668","p_slope","15",2,"2",0.128,0.128,0.128,0.128,NA,0,NA,"SSEI"
"2669","p_pelagic","15",20,"1",0.455,0.455,0.455,0.455,NA,0,NA,"SSEI"
"2670","p_pelagic","15",20,"2",0.198,0.198,0.198,0.198,NA,0,NA,"SSEI"
"2671","p_yellow","15",20,"1",0.285,0.285,0.285,0.285,NA,0,NA,"SSEI"
"2672","p_yellow","15",20,"2",0.289,0.289,0.289,0.289,NA,0,NA,"SSEI"
"2673","p_black","15",20,"1",0.774,0.774,0.774,0.774,NA,0,NA,"SSEI"
"2674","p_black","15",20,"2",0.683,0.683,0.683,0.683,NA,0,NA,"SSEI"
"2675","p_dsr","15",20,"1",0.515,0.515,0.515,0.515,NA,0,NA,"SSEI"
"2676","p_dsr","15",20,"2",0.617,0.617,0.617,0.617,NA,0,NA,"SSEI"
"2677","p_slope","15",20,"1",0.159,0.159,0.159,0.159,NA,0,NA,"SSEI"
"2678","p_slope","15",20,"2",0.124,0.124,0.124,0.124,NA,0,NA,"SSEI"
"2679","p_pelagic","15",21,"1",0.454,0.454,0.454,0.454,NA,0,NA,"SSEI"
"2680","p_pelagic","15",21,"2",0.202,0.202,0.202,0.202,NA,0,NA,"SSEI"
"2681","p_yellow","15",21,"1",0.278,0.278,0.278,0.278,NA,0,NA,"SSEI"
"2682","p_yellow","15",21,"2",0.287,0.287,0.287,0.287,NA,0,NA,"SSEI"
"2683","p_black","15",21,"1",0.774,0.774,0.774,0.774,NA,0,NA,"SSEI"
"2684","p_black","15",21,"2",0.684,0.684,0.684,0.684,NA,0,NA,"SSEI"
"2685","p_dsr","15",21,"1",0.524,0.524,0.524,0.524,NA,0,NA,"SSEI"
"2686","p_dsr","15",21,"2",0.603,0.603,0.603,0.603,NA,0,NA,"SSEI"
"2687","p_slope","15",21,"1",0.167,0.167,0.167,0.167,NA,0,NA,"SSEI"
"2688","p_slope","15",21,"2",0.126,0.126,0.126,0.126,NA,0,NA,"SSEI"
"2689","p_pelagic","15",22,"1",0.442,0.442,0.442,0.442,NA,0,NA,"SSEI"
"2690","p_pelagic","15",22,"2",0.196,0.196,0.196,0.196,NA,0,NA,"SSEI"
"2691","p_yellow","15",22,"1",0.278,0.278,0.278,0.278,NA,0,NA,"SSEI"
"2692","p_yellow","15",22,"2",0.289,0.289,0.289,0.289,NA,0,NA,"SSEI"
"2693","p_black","15",22,"1",0.777,0.777,0.777,0.777,NA,0,NA,"SSEI"
"2694","p_black","15",22,"2",0.688,0.688,0.688,0.688,NA,0,NA,"SSEI"
"2695","p_dsr","15",22,"1",0.512,0.512,0.512,0.512,NA,0,NA,"SSEI"
"2696","p_dsr","15",22,"2",0.601,0.601,0.601,0.601,NA,0,NA,"SSEI"
"2697","p_slope","15",22,"1",0.161,0.161,0.161,0.161,NA,0,NA,"SSEI"
"2698","p_slope","15",22,"2",0.124,0.124,0.124,0.124,NA,0,NA,"SSEI"
"2699","p_pelagic","15",23,"1",0.518,0.518,0.518,0.518,NA,0,NA,"SSEI"
"2700","p_pelagic","15",23,"2",0.254,0.254,0.254,0.254,NA,0,NA,"SSEI"
"2701","p_yellow","15",23,"1",0.297,0.297,0.297,0.297,NA,0,NA,"SSEI"
"2702","p_yellow","15",23,"2",0.285,0.285,0.285,0.285,NA,0,NA,"SSEI"
"2703","p_black","15",23,"1",0.779,0.779,0.779,0.779,NA,0,NA,"SSEI"
"2704","p_black","15",23,"2",0.686,0.686,0.686,0.686,NA,0,NA,"SSEI"
"2705","p_dsr","15",23,"1",0.645,0.645,0.645,0.645,NA,0,NA,"SSEI"
"2706","p_dsr","15",23,"2",0.599,0.599,0.599,0.599,NA,0,NA,"SSEI"
"2707","p_slope","15",23,"1",0.209,0.209,0.209,0.209,NA,0,NA,"SSEI"
"2708","p_slope","15",23,"2",0.13,0.13,0.13,0.13,NA,0,NA,"SSEI"
"2709","p_pelagic","15",24,"1",0.426,0.426,0.426,0.426,NA,0,NA,"SSEI"
"2710","p_pelagic","15",24,"2",0.245,0.245,0.245,0.245,NA,0,NA,"SSEI"
"2711","p_yellow","15",24,"1",0.294,0.294,0.294,0.294,NA,0,NA,"SSEI"
"2712","p_yellow","15",24,"2",0.286,0.286,0.286,0.286,NA,0,NA,"SSEI"
"2713","p_black","15",24,"1",0.776,0.776,0.776,0.776,NA,0,NA,"SSEI"
"2714","p_black","15",24,"2",0.68,0.68,0.68,0.68,NA,0,NA,"SSEI"
"2715","p_dsr","15",24,"1",0.644,0.644,0.644,0.644,NA,0,NA,"SSEI"
"2716","p_dsr","15",24,"2",0.597,0.597,0.597,0.597,NA,0,NA,"SSEI"
"2717","p_slope","15",24,"1",0.204,0.204,0.204,0.204,NA,0,NA,"SSEI"
"2718","p_slope","15",24,"2",0.125,0.125,0.125,0.125,NA,0,NA,"SSEI"
"2719","p_pelagic","15",25,"1",0.482,0.482,0.482,0.482,NA,0,NA,"SSEI"
"2720","p_pelagic","15",25,"2",0.246,0.246,0.246,0.246,NA,0,NA,"SSEI"
"2721","p_yellow","15",25,"1",0.287,0.287,0.287,0.287,NA,0,NA,"SSEI"
"2722","p_yellow","15",25,"2",0.286,0.286,0.286,0.286,NA,0,NA,"SSEI"
"2723","p_black","15",25,"1",0.776,0.776,0.776,0.776,NA,0,NA,"SSEI"
"2724","p_black","15",25,"2",0.681,0.681,0.681,0.681,NA,0,NA,"SSEI"
"2725","p_dsr","15",25,"1",0.65,0.65,0.65,0.65,NA,0,NA,"SSEI"
"2726","p_dsr","15",25,"2",0.595,0.595,0.595,0.595,NA,0,NA,"SSEI"
"2727","p_slope","15",25,"1",0.194,0.194,0.194,0.194,NA,0,NA,"SSEI"
"2728","p_slope","15",25,"2",0.122,0.122,0.122,0.122,NA,0,NA,"SSEI"
"2729","p_pelagic","15",26,"1",0.493,0.493,0.493,0.493,NA,0,NA,"SSEI"
"2730","p_pelagic","15",26,"2",0.243,0.243,0.243,0.243,NA,0,NA,"SSEI"
"2731","p_yellow","15",26,"1",0.284,0.284,0.284,0.284,NA,0,NA,"SSEI"
"2732","p_yellow","15",26,"2",0.284,0.284,0.284,0.284,NA,0,NA,"SSEI"
"2733","p_black","15",26,"1",0.775,0.775,0.775,0.775,NA,0,NA,"SSEI"
"2734","p_black","15",26,"2",0.682,0.682,0.682,0.682,NA,0,NA,"SSEI"
"2735","p_dsr","15",26,"1",0.66,0.66,0.66,0.66,NA,0,NA,"SSEI"
"2736","p_dsr","15",26,"2",0.588,0.588,0.588,0.588,NA,0,NA,"SSEI"
"2737","p_slope","15",26,"1",0.205,0.205,0.205,0.205,NA,0,NA,"SSEI"
"2738","p_slope","15",26,"2",0.121,0.121,0.121,0.121,NA,0,NA,"SSEI"
"2739","p_pelagic","15",27,"1",0.501,0.501,0.501,0.501,NA,0,NA,"SSEI"
"2740","p_pelagic","15",27,"2",0.244,0.244,0.244,0.244,NA,0,NA,"SSEI"
"2741","p_yellow","15",27,"1",0.297,0.297,0.297,0.297,NA,0,NA,"SSEI"
"2742","p_yellow","15",27,"2",0.287,0.287,0.287,0.287,NA,0,NA,"SSEI"
"2743","p_black","15",27,"1",0.778,0.778,0.778,0.778,NA,0,NA,"SSEI"
"2744","p_black","15",27,"2",0.684,0.684,0.684,0.684,NA,0,NA,"SSEI"
"2745","p_dsr","15",27,"1",0.639,0.639,0.639,0.639,NA,0,NA,"SSEI"
"2746","p_dsr","15",27,"2",0.586,0.586,0.586,0.586,NA,0,NA,"SSEI"
"2747","p_slope","15",27,"1",0.205,0.205,0.205,0.205,NA,0,NA,"SSEI"
"2748","p_slope","15",27,"2",0.12,0.12,0.12,0.12,NA,0,NA,"SSEI"
"2749","p_pelagic","15",28,"1",0.399,0.399,0.399,0.399,NA,0,NA,"SSEI"
"2750","p_pelagic","15",28,"2",0.257,0.257,0.257,0.257,NA,0,NA,"SSEI"
"2751","p_yellow","15",28,"1",0.299,0.299,0.299,0.299,NA,0,NA,"SSEI"
"2752","p_yellow","15",28,"2",0.288,0.288,0.288,0.288,NA,0,NA,"SSEI"
"2753","p_black","15",28,"1",0.775,0.775,0.775,0.775,NA,0,NA,"SSEI"
"2754","p_black","15",28,"2",0.675,0.675,0.675,0.675,NA,0,NA,"SSEI"
"2755","p_dsr","15",28,"1",0.605,0.605,0.605,0.605,NA,0,NA,"SSEI"
"2756","p_dsr","15",28,"2",0.619,0.619,0.619,0.619,NA,0,NA,"SSEI"
"2757","p_slope","15",28,"1",0.202,0.202,0.202,0.202,NA,0,NA,"SSEI"
"2758","p_slope","15",28,"2",0.124,0.124,0.124,0.124,NA,0,NA,"SSEI"
"2759","p_pelagic","15",29,"1",0.375,0.375,0.375,0.375,NA,0,NA,"SSEI"
"2760","p_pelagic","15",29,"2",0.248,0.248,0.248,0.248,NA,0,NA,"SSEI"
"2761","p_yellow","15",29,"1",0.293,0.293,0.293,0.293,NA,0,NA,"SSEI"
"2762","p_yellow","15",29,"2",0.286,0.286,0.286,0.286,NA,0,NA,"SSEI"
"2763","p_black","15",29,"1",0.774,0.774,0.774,0.774,NA,0,NA,"SSEI"
"2764","p_black","15",29,"2",0.686,0.686,0.686,0.686,NA,0,NA,"SSEI"
"2765","p_dsr","15",29,"1",0.634,0.634,0.634,0.634,NA,0,NA,"SSEI"
"2766","p_dsr","15",29,"2",0.589,0.589,0.589,0.589,NA,0,NA,"SSEI"
"2767","p_slope","15",29,"1",0.199,0.199,0.199,0.199,NA,0,NA,"SSEI"
"2768","p_slope","15",29,"2",0.123,0.123,0.123,0.123,NA,0,NA,"SSEI"
"2769","p_pelagic","15",3,"1",0.446,0.446,0.446,0.446,NA,0,NA,"SSEI"
"2770","p_pelagic","15",3,"2",0.196,0.196,0.196,0.196,NA,0,NA,"SSEI"
"2771","p_yellow","15",3,"1",0.278,0.278,0.278,0.278,NA,0,NA,"SSEI"
"2772","p_yellow","15",3,"2",0.285,0.285,0.285,0.285,NA,0,NA,"SSEI"
"2773","p_black","15",3,"1",0.779,0.779,0.779,0.779,NA,0,NA,"SSEI"
"2774","p_black","15",3,"2",0.688,0.688,0.688,0.688,NA,0,NA,"SSEI"
"2775","p_dsr","15",3,"1",0.515,0.515,0.515,0.515,NA,0,NA,"SSEI"
"2776","p_dsr","15",3,"2",0.611,0.611,0.611,0.611,NA,0,NA,"SSEI"
"2777","p_slope","15",3,"1",0.163,0.163,0.163,0.163,NA,0,NA,"SSEI"
"2778","p_slope","15",3,"2",0.124,0.124,0.124,0.124,NA,0,NA,"SSEI"
"2779","p_pelagic","15",30,"1",0.363,0.363,0.363,0.363,NA,0,NA,"SSEI"
"2780","p_pelagic","15",30,"2",0.143,0.143,0.143,0.143,NA,0,NA,"SSEI"
"2781","p_yellow","15",30,"1",0.37,0.37,0.37,0.37,NA,0,NA,"SSEI"
"2782","p_yellow","15",30,"2",0.286,0.286,0.286,0.286,NA,0,NA,"SSEI"
"2783","p_black","15",30,"1",0.808,0.808,0.808,0.808,NA,0,NA,"SSEI"
"2784","p_black","15",30,"2",0.853,0.853,0.853,0.853,NA,0,NA,"SSEI"
"2785","p_dsr","15",30,"1",0.46,0.46,0.46,0.46,NA,0,NA,"SSEI"
"2786","p_dsr","15",30,"2",0.596,0.596,0.596,0.596,NA,0,NA,"SSEI"
"2787","p_slope","15",30,"1",0.182,0.182,0.182,0.182,NA,0,NA,"SSEI"
"2788","p_slope","15",30,"2",0.118,0.118,0.118,0.118,NA,0,NA,"SSEI"
"2789","p_pelagic","15",31,"1",0.393,0.393,0.393,0.393,NA,0,NA,"SSEI"
"2790","p_pelagic","15",31,"2",0.117,0.117,0.117,0.117,NA,0,NA,"SSEI"
"2791","p_yellow","15",31,"1",0.294,0.294,0.294,0.294,NA,0,NA,"SSEI"
"2792","p_yellow","15",31,"2",0.263,0.263,0.263,0.263,NA,0,NA,"SSEI"
"2793","p_black","15",31,"1",0.615,0.615,0.615,0.615,NA,0,NA,"SSEI"
"2794","p_black","15",31,"2",0.821,0.821,0.821,0.821,NA,0,NA,"SSEI"
"2795","p_dsr","15",31,"1",0.462,0.462,0.462,0.462,NA,0,NA,"SSEI"
"2796","p_dsr","15",31,"2",0.607,0.607,0.607,0.607,NA,0,NA,"SSEI"
"2797","p_slope","15",31,"1",0.209,0.209,0.209,0.209,NA,0,NA,"SSEI"
"2798","p_slope","15",31,"2",0.131,0.131,0.131,0.131,NA,0,NA,"SSEI"
"2799","p_pelagic","15",32,"1",0.428,0.428,0.428,0.428,NA,0,NA,"SSEI"
"2800","p_pelagic","15",32,"2",0.19,0.19,0.19,0.19,NA,0,NA,"SSEI"
"2801","p_yellow","15",32,"1",0.328,0.328,0.328,0.328,NA,0,NA,"SSEI"
"2802","p_yellow","15",32,"2",0.256,0.256,0.256,0.256,NA,0,NA,"SSEI"
"2803","p_black","15",32,"1",0.8,0.8,0.8,0.8,NA,0,NA,"SSEI"
"2804","p_black","15",32,"2",0.772,0.772,0.772,0.772,NA,0,NA,"SSEI"
"2805","p_dsr","15",32,"1",0.536,0.536,0.536,0.536,NA,0,NA,"SSEI"
"2806","p_dsr","15",32,"2",0.641,0.641,0.641,0.641,NA,0,NA,"SSEI"
"2807","p_slope","15",32,"1",0.117,0.117,0.117,0.117,NA,0,NA,"SSEI"
"2808","p_slope","15",32,"2",0.105,0.105,0.105,0.105,NA,0,NA,"SSEI"
"2809","p_pelagic","15",33,"1",0.428,0.428,0.428,0.428,NA,0,NA,"SSEI"
"2810","p_pelagic","15",33,"2",0.206,0.206,0.206,0.206,NA,0,NA,"SSEI"
"2811","p_yellow","15",33,"1",0.339,0.339,0.339,0.339,NA,0,NA,"SSEI"
"2812","p_yellow","15",33,"2",0.266,0.266,0.266,0.266,NA,0,NA,"SSEI"
"2813","p_black","15",33,"1",0.782,0.782,0.782,0.782,NA,0,NA,"SSEI"
"2814","p_black","15",33,"2",0.568,0.568,0.568,0.568,NA,0,NA,"SSEI"
"2815","p_dsr","15",33,"1",0.525,0.525,0.525,0.525,NA,0,NA,"SSEI"
"2816","p_dsr","15",33,"2",0.648,0.648,0.648,0.648,NA,0,NA,"SSEI"
"2817","p_slope","15",33,"1",0.115,0.115,0.115,0.115,NA,0,NA,"SSEI"
"2818","p_slope","15",33,"2",0.088,0.088,0.088,0.088,NA,0,NA,"SSEI"
"2819","p_pelagic","15",34,"1",0.438,0.438,0.438,0.438,NA,0,NA,"SSEI"
"2820","p_pelagic","15",34,"2",0.172,0.172,0.172,0.172,NA,0,NA,"SSEI"
"2821","p_yellow","15",34,"1",0.279,0.279,0.279,0.279,NA,0,NA,"SSEI"
"2822","p_yellow","15",34,"2",0.339,0.339,0.339,0.339,NA,0,NA,"SSEI"
"2823","p_black","15",34,"1",0.837,0.837,0.837,0.837,NA,0,NA,"SSEI"
"2824","p_black","15",34,"2",0.7,0.7,0.7,0.7,NA,0,NA,"SSEI"
"2825","p_dsr","15",34,"1",0.523,0.523,0.523,0.523,NA,0,NA,"SSEI"
"2826","p_dsr","15",34,"2",0.603,0.603,0.603,0.603,NA,0,NA,"SSEI"
"2827","p_slope","15",34,"1",0.18,0.18,0.18,0.18,NA,0,NA,"SSEI"
"2828","p_slope","15",34,"2",0.06,0.06,0.06,0.06,NA,0,NA,"SSEI"
"2829","p_pelagic","15",35,"1",0.535,0.535,0.535,0.535,NA,0,NA,"SSEI"
"2830","p_pelagic","15",35,"2",0.168,0.168,0.168,0.168,NA,0,NA,"SSEI"
"2831","p_yellow","15",35,"1",0.302,0.302,0.302,0.302,NA,0,NA,"SSEI"
"2832","p_yellow","15",35,"2",0.332,0.332,0.332,0.332,NA,0,NA,"SSEI"
"2833","p_black","15",35,"1",0.82,0.82,0.82,0.82,NA,0,NA,"SSEI"
"2834","p_black","15",35,"2",0.702,0.702,0.702,0.702,NA,0,NA,"SSEI"
"2835","p_dsr","15",35,"1",0.523,0.523,0.523,0.523,NA,0,NA,"SSEI"
"2836","p_dsr","15",35,"2",0.54,0.54,0.54,0.54,NA,0,NA,"SSEI"
"2837","p_slope","15",35,"1",0.179,0.179,0.179,0.179,NA,0,NA,"SSEI"
"2838","p_slope","15",35,"2",0.13,0.13,0.13,0.13,NA,0,NA,"SSEI"
"2839","p_pelagic","15",36,"1",0.428,0.428,0.428,0.428,NA,0,NA,"SSEI"
"2840","p_pelagic","15",36,"2",0.142,0.142,0.142,0.142,NA,0,NA,"SSEI"
"2841","p_yellow","15",36,"1",0.26,0.26,0.26,0.26,NA,0,NA,"SSEI"
"2842","p_yellow","15",36,"2",0.311,0.311,0.311,0.311,NA,0,NA,"SSEI"
"2843","p_black","15",36,"1",0.84,0.84,0.84,0.84,NA,0,NA,"SSEI"
"2844","p_black","15",36,"2",0.421,0.421,0.421,0.421,NA,0,NA,"SSEI"
"2845","p_dsr","15",36,"1",0.592,0.592,0.592,0.592,NA,0,NA,"SSEI"
"2846","p_dsr","15",36,"2",0.529,0.529,0.529,0.529,NA,0,NA,"SSEI"
"2847","p_slope","15",36,"1",0.146,0.146,0.146,0.146,NA,0,NA,"SSEI"
"2848","p_slope","15",36,"2",0.16,0.16,0.16,0.16,NA,0,NA,"SSEI"
"2849","p_pelagic","15",37,"1",0.448,0.448,0.448,0.448,NA,0,NA,"SSEI"
"2850","p_pelagic","15",37,"2",0.175,0.175,0.175,0.175,NA,0,NA,"SSEI"
"2851","p_yellow","15",37,"1",0.232,0.232,0.232,0.232,NA,0,NA,"SSEI"
"2852","p_yellow","15",37,"2",0.227,0.227,0.227,0.227,NA,0,NA,"SSEI"
"2853","p_black","15",37,"1",0.753,0.753,0.753,0.753,NA,0,NA,"SSEI"
"2854","p_black","15",37,"2",0.821,0.821,0.821,0.821,NA,0,NA,"SSEI"
"2855","p_dsr","15",37,"1",0.572,0.572,0.572,0.572,NA,0,NA,"SSEI"
"2856","p_dsr","15",37,"2",0.623,0.623,0.623,0.623,NA,0,NA,"SSEI"
"2857","p_slope","15",37,"1",0.185,0.185,0.185,0.185,NA,0,NA,"SSEI"
"2858","p_slope","15",37,"2",0.15,0.15,0.15,0.15,NA,0,NA,"SSEI"
"2859","p_pelagic","15",38,"1",0.399,0.399,0.399,0.399,NA,0,NA,"SSEI"
"2860","p_pelagic","15",38,"2",0.166,0.166,0.166,0.166,NA,0,NA,"SSEI"
"2861","p_yellow","15",38,"1",0.193,0.193,0.193,0.193,NA,0,NA,"SSEI"
"2862","p_yellow","15",38,"2",0.199,0.199,0.199,0.199,NA,0,NA,"SSEI"
"2863","p_black","15",38,"1",0.791,0.791,0.791,0.791,NA,0,NA,"SSEI"
"2864","p_black","15",38,"2",0.539,0.539,0.539,0.539,NA,0,NA,"SSEI"
"2865","p_dsr","15",38,"1",0.549,0.549,0.549,0.549,NA,0,NA,"SSEI"
"2866","p_dsr","15",38,"2",0.61,0.61,0.61,0.61,NA,0,NA,"SSEI"
"2867","p_slope","15",38,"1",0.225,0.225,0.225,0.225,NA,0,NA,"SSEI"
"2868","p_slope","15",38,"2",0.191,0.191,0.191,0.191,NA,0,NA,"SSEI"
"2869","p_pelagic","15",39,"1",0.372,0.372,0.372,0.372,NA,0,NA,"SSEI"
"2870","p_pelagic","15",39,"2",0.13,0.13,0.13,0.13,NA,0,NA,"SSEI"
"2871","p_yellow","15",39,"1",0.231,0.231,0.231,0.231,NA,0,NA,"SSEI"
"2872","p_yellow","15",39,"2",0.205,0.205,0.205,0.205,NA,0,NA,"SSEI"
"2873","p_black","15",39,"1",0.862,0.862,0.862,0.862,NA,0,NA,"SSEI"
"2874","p_black","15",39,"2",0.589,0.589,0.589,0.589,NA,0,NA,"SSEI"
"2875","p_dsr","15",39,"1",0.553,0.553,0.553,0.553,NA,0,NA,"SSEI"
"2876","p_dsr","15",39,"2",0.669,0.669,0.669,0.669,NA,0,NA,"SSEI"
"2877","p_slope","15",39,"1",0.196,0.196,0.196,0.196,NA,0,NA,"SSEI"
"2878","p_slope","15",39,"2",0.126,0.126,0.126,0.126,NA,0,NA,"SSEI"
"2879","p_pelagic","15",4,"1",0.45,0.45,0.45,0.45,NA,0,NA,"SSEI"
"2880","p_pelagic","15",4,"2",0.195,0.195,0.195,0.195,NA,0,NA,"SSEI"
"2881","p_yellow","15",4,"1",0.278,0.278,0.278,0.278,NA,0,NA,"SSEI"
"2882","p_yellow","15",4,"2",0.285,0.285,0.285,0.285,NA,0,NA,"SSEI"
"2883","p_black","15",4,"1",0.772,0.772,0.772,0.772,NA,0,NA,"SSEI"
"2884","p_black","15",4,"2",0.681,0.681,0.681,0.681,NA,0,NA,"SSEI"
"2885","p_dsr","15",4,"1",0.52,0.52,0.52,0.52,NA,0,NA,"SSEI"
"2886","p_dsr","15",4,"2",0.599,0.599,0.599,0.599,NA,0,NA,"SSEI"
"2887","p_slope","15",4,"1",0.162,0.162,0.162,0.162,NA,0,NA,"SSEI"
"2888","p_slope","15",4,"2",0.127,0.127,0.127,0.127,NA,0,NA,"SSEI"
"2889","p_pelagic","15",40,"1",0.397,0.397,0.397,0.397,NA,0,NA,"SSEI"
"2890","p_pelagic","15",40,"2",0.157,0.157,0.157,0.157,NA,0,NA,"SSEI"
"2891","p_yellow","15",40,"1",0.23,0.23,0.23,0.23,NA,0,NA,"SSEI"
"2892","p_yellow","15",40,"2",0.212,0.212,0.212,0.212,NA,0,NA,"SSEI"
"2893","p_black","15",40,"1",0.758,0.758,0.758,0.758,NA,0,NA,"SSEI"
"2894","p_black","15",40,"2",0.584,0.584,0.584,0.584,NA,0,NA,"SSEI"
"2895","p_dsr","15",40,"1",0.556,0.556,0.556,0.556,NA,0,NA,"SSEI"
"2896","p_dsr","15",40,"2",0.616,0.616,0.616,0.616,NA,0,NA,"SSEI"
"2897","p_slope","15",40,"1",0.19,0.19,0.19,0.19,NA,0,NA,"SSEI"
"2898","p_slope","15",40,"2",0.172,0.172,0.172,0.172,NA,0,NA,"SSEI"
"2899","p_pelagic","15",41,"1",0.546,0.546,0.546,0.546,NA,0,NA,"SSEI"
"2900","p_pelagic","15",41,"2",0.205,0.205,0.205,0.205,NA,0,NA,"SSEI"
"2901","p_yellow","15",41,"1",0.257,0.257,0.257,0.257,NA,0,NA,"SSEI"
"2902","p_yellow","15",41,"2",0.289,0.289,0.289,0.289,NA,0,NA,"SSEI"
"2903","p_black","15",41,"1",0.655,0.655,0.655,0.655,NA,0,NA,"SSEI"
"2904","p_black","15",41,"2",0.638,0.638,0.638,0.638,NA,0,NA,"SSEI"
"2905","p_dsr","15",41,"1",0.599,0.599,0.599,0.599,NA,0,NA,"SSEI"
"2906","p_dsr","15",41,"2",0.557,0.557,0.557,0.557,NA,0,NA,"SSEI"
"2907","p_slope","15",41,"1",0.144,0.144,0.144,0.144,NA,0,NA,"SSEI"
"2908","p_slope","15",41,"2",0.152,0.152,0.152,0.152,NA,0,NA,"SSEI"
"2909","p_pelagic","15",42,"1",0.6,0.6,0.6,0.6,NA,0,NA,"SSEI"
"2910","p_pelagic","15",42,"2",0.279,0.279,0.279,0.279,NA,0,NA,"SSEI"
"2911","p_yellow","15",42,"1",0.219,0.219,0.219,0.219,NA,0,NA,"SSEI"
"2912","p_yellow","15",42,"2",0.293,0.293,0.293,0.293,NA,0,NA,"SSEI"
"2913","p_black","15",42,"1",0.706,0.706,0.706,0.706,NA,0,NA,"SSEI"
"2914","p_black","15",42,"2",0.618,0.618,0.618,0.618,NA,0,NA,"SSEI"
"2915","p_dsr","15",42,"1",0.612,0.612,0.612,0.612,NA,0,NA,"SSEI"
"2916","p_dsr","15",42,"2",0.589,0.589,0.589,0.589,NA,0,NA,"SSEI"
"2917","p_slope","15",42,"1",0.153,0.153,0.153,0.153,NA,0,NA,"SSEI"
"2918","p_slope","15",42,"2",0.117,0.117,0.117,0.117,NA,0,NA,"SSEI"
"2919","p_pelagic","15",43,"1",0.592,0.592,0.592,0.592,NA,0,NA,"SSEI"
"2920","p_pelagic","15",43,"2",0.325,0.325,0.325,0.325,NA,0,NA,"SSEI"
"2921","p_yellow","15",43,"1",0.212,0.212,0.212,0.212,NA,0,NA,"SSEI"
"2922","p_yellow","15",43,"2",0.286,0.286,0.286,0.286,NA,0,NA,"SSEI"
"2923","p_black","15",43,"1",0.742,0.742,0.742,0.742,NA,0,NA,"SSEI"
"2924","p_black","15",43,"2",0.741,0.741,0.741,0.741,NA,0,NA,"SSEI"
"2925","p_dsr","15",43,"1",0.619,0.619,0.619,0.619,NA,0,NA,"SSEI"
"2926","p_dsr","15",43,"2",0.614,0.614,0.614,0.614,NA,0,NA,"SSEI"
"2927","p_slope","15",43,"1",0.189,0.189,0.189,0.189,NA,0,NA,"SSEI"
"2928","p_slope","15",43,"2",0.098,0.098,0.098,0.098,NA,0,NA,"SSEI"
"2929","p_pelagic","15",44,"1",0.969,0.969,0.965,0.972,1,0.002,0,"SSEI"
"2930","p_pelagic","15",44,"2",0.932,0.932,0.912,0.95,1.001,0.01,0,"SSEI"
"2931","p_yellow","15",44,"1",0.019,0.018,0.008,0.034,1,0.007,0.153,"SSEI"
"2932","p_yellow","15",44,"2",0.151,0.144,0.065,0.274,1.002,0.053,0.131,"SSEI"
"2933","p_black","15",44,"1",0.751,0.751,0.719,0.782,1,0.016,0,"SSEI"
"2934","p_black","15",44,"2",0.779,0.779,0.747,0.811,1.002,0.017,0,"SSEI"
"2935","p_dsr","15",44,"1",0.021,0.019,0.005,0.049,1.001,0.012,0.17,"SSEI"
"2936","p_dsr","15",44,"2",0.294,0.29,0.174,0.433,1.001,0.066,0.061,"SSEI"
"2937","p_slope","15",44,"1",0.974,0.983,0.906,0.999,1.004,0.026,-0.34,"SSEI"
"2938","p_slope","15",44,"2",0.553,0.555,0.405,0.694,1,0.074,-0.027,"SSEI"
"2939","p_pelagic","15",45,"1",0.956,0.956,0.953,0.959,1,0.002,0,"SSEI"
"2940","p_pelagic","15",45,"2",0.842,0.843,0.816,0.869,1,0.014,-0.073,"SSEI"
"2941","p_yellow","15",45,"1",0.006,0.006,0.003,0.01,1,0.002,0,"SSEI"
"2942","p_yellow","15",45,"2",0.058,0.056,0.024,0.106,1.003,0.021,0.096,"SSEI"
"2943","p_black","15",45,"1",0.454,0.455,0.433,0.475,1,0.011,-0.094,"SSEI"
"2944","p_black","15",45,"2",0.63,0.63,0.588,0.668,1,0.02,0,"SSEI"
"2945","p_dsr","15",45,"1",0.039,0.037,0.018,0.072,1,0.014,0.142,"SSEI"
"2946","p_dsr","15",45,"2",0.335,0.334,0.254,0.424,1,0.043,0.023,"SSEI"
"2947","p_slope","15",45,"1",0.959,0.961,0.916,0.987,1.003,0.019,-0.107,"SSEI"
"2948","p_slope","15",45,"2",0.587,0.588,0.494,0.674,1,0.046,-0.022,"SSEI"
"2949","p_pelagic","15",46,"1",0.873,0.873,0.868,0.878,1.001,0.003,0,"SSEI"
"2950","p_pelagic","15",46,"2",0.583,0.584,0.542,0.623,1,0.02,-0.049,"SSEI"
"2951","p_yellow","15",46,"1",0.008,0.008,0.006,0.011,1.002,0.001,0,"SSEI"
"2952","p_yellow","15",46,"2",0.054,0.053,0.031,0.085,1,0.014,0.07,"SSEI"
"2953","p_black","15",46,"1",0.53,0.53,0.507,0.554,1.001,0.012,0,"SSEI"
"2954","p_black","15",46,"2",0.594,0.595,0.541,0.645,1,0.027,-0.038,"SSEI"
"2955","p_dsr","15",46,"1",0.044,0.044,0.032,0.058,1,0.007,0,"SSEI"
"2956","p_dsr","15",46,"2",0.517,0.518,0.454,0.578,1.003,0.032,-0.031,"SSEI"
"2957","p_slope","15",46,"1",0.908,0.909,0.876,0.936,1.002,0.016,-0.064,"SSEI"
"2958","p_slope","15",46,"2",0.425,0.425,0.362,0.489,1,0.032,0,"SSEI"
"2959","p_pelagic","15",47,"1",0.899,0.899,0.895,0.903,1.001,0.002,0,"SSEI"
"2960","p_pelagic","15",47,"2",0.722,0.722,0.687,0.755,1.001,0.017,0,"SSEI"
"2961","p_yellow","15",47,"1",0.002,0.002,0.001,0.003,1,0.001,0,"SSEI"
"2962","p_yellow","15",47,"2",0.015,0.013,0.004,0.035,1.002,0.008,0.245,"SSEI"
"2963","p_black","15",47,"1",0.498,0.498,0.474,0.523,1.002,0.012,0,"SSEI"
"2964","p_black","15",47,"2",0.722,0.722,0.679,0.76,1,0.021,0,"SSEI"
"2965","p_dsr","15",47,"1",0.052,0.052,0.037,0.07,1,0.008,0,"SSEI"
"2966","p_dsr","15",47,"2",0.536,0.536,0.464,0.609,1,0.037,0,"SSEI"
"2967","p_slope","15",47,"1",0.912,0.913,0.876,0.943,1,0.017,-0.058,"SSEI"
"2968","p_slope","15",47,"2",0.452,0.452,0.377,0.523,1.001,0.037,0,"SSEI"
"2969","p_pelagic","15",48,"1",0.876,0.876,0.871,0.88,1,0.002,0,"SSEI"
"2970","p_pelagic","15",48,"2",0.714,0.714,0.685,0.742,1,0.015,0,"SSEI"
"2971","p_yellow","15",48,"1",0.003,0.002,0.001,0.004,1,0.001,1.593,"SSEI"
"2972","p_yellow","15",48,"2",0.014,0.013,0.004,0.031,1.001,0.007,0.145,"SSEI"
"2973","p_black","15",48,"1",0.536,0.536,0.514,0.558,1,0.011,0,"SSEI"
"2974","p_black","15",48,"2",0.501,0.501,0.465,0.538,1,0.019,0,"SSEI"
"2975","p_dsr","15",48,"1",0.034,0.034,0.023,0.047,1,0.006,0,"SSEI"
"2976","p_dsr","15",48,"2",0.654,0.655,0.6,0.708,1,0.028,-0.036,"SSEI"
"2977","p_slope","15",48,"1",0.928,0.929,0.9,0.952,1,0.013,-0.075,"SSEI"
"2978","p_slope","15",48,"2",0.334,0.333,0.279,0.389,1,0.028,0.036,"SSEI"
"2979","p_pelagic","15",49,"1",0.725,0.725,0.718,0.732,1.001,0.004,0,"SSEI"
"2980","p_pelagic","15",49,"2",0.497,0.496,0.473,0.521,1,0.012,0.081,"SSEI"
"2981","p_yellow","15",49,"1",0.247,0.247,0.237,0.258,1,0.005,0,"SSEI"
"2982","p_yellow","15",49,"2",0.463,0.463,0.428,0.496,1.001,0.017,0,"SSEI"
"2983","p_black","15",49,"1",0.474,0.474,0.453,0.495,1.003,0.011,0,"SSEI"
"2984","p_black","15",49,"2",0.652,0.652,0.617,0.683,1,0.017,0,"SSEI"
"2985","p_dsr","15",49,"1",0.168,0.168,0.15,0.187,1.001,0.009,0,"SSEI"
"2986","p_dsr","15",49,"2",0.387,0.387,0.354,0.42,1,0.017,0,"SSEI"
"2987","p_slope","15",49,"1",0.52,0.52,0.497,0.543,1.002,0.012,0,"SSEI"
"2988","p_slope","15",49,"2",0.148,0.148,0.126,0.172,1.002,0.012,0,"SSEI"
"2989","p_pelagic","15",5,"1",0.452,0.452,0.452,0.452,NA,0,NA,"SSEI"
"2990","p_pelagic","15",5,"2",0.194,0.194,0.194,0.194,NA,0,NA,"SSEI"
"2991","p_yellow","15",5,"1",0.281,0.281,0.281,0.281,NA,0,NA,"SSEI"
"2992","p_yellow","15",5,"2",0.288,0.288,0.288,0.288,NA,0,NA,"SSEI"
"2993","p_black","15",5,"1",0.78,0.78,0.78,0.78,NA,0,NA,"SSEI"
"2994","p_black","15",5,"2",0.683,0.683,0.683,0.683,NA,0,NA,"SSEI"
"2995","p_dsr","15",5,"1",0.525,0.525,0.525,0.525,NA,0,NA,"SSEI"
"2996","p_dsr","15",5,"2",0.604,0.604,0.604,0.604,NA,0,NA,"SSEI"
"2997","p_slope","15",5,"1",0.161,0.161,0.161,0.161,NA,0,NA,"SSEI"
"2998","p_slope","15",5,"2",0.124,0.124,0.124,0.124,NA,0,NA,"SSEI"
"2999","p_pelagic","15",6,"1",0.45,0.45,0.45,0.45,NA,0,NA,"SSEI"
"3000","p_pelagic","15",6,"2",0.198,0.198,0.198,0.198,NA,0,NA,"SSEI"
"3001","p_yellow","15",6,"1",0.281,0.281,0.281,0.281,NA,0,NA,"SSEI"
"3002","p_yellow","15",6,"2",0.282,0.282,0.282,0.282,NA,0,NA,"SSEI"
"3003","p_black","15",6,"1",0.767,0.767,0.767,0.767,NA,0,NA,"SSEI"
"3004","p_black","15",6,"2",0.682,0.682,0.682,0.682,NA,0,NA,"SSEI"
"3005","p_dsr","15",6,"1",0.522,0.522,0.522,0.522,NA,0,NA,"SSEI"
"3006","p_dsr","15",6,"2",0.609,0.609,0.609,0.609,NA,0,NA,"SSEI"
"3007","p_slope","15",6,"1",0.161,0.161,0.161,0.161,NA,0,NA,"SSEI"
"3008","p_slope","15",6,"2",0.124,0.124,0.124,0.124,NA,0,NA,"SSEI"
"3009","p_pelagic","15",7,"1",0.453,0.453,0.453,0.453,NA,0,NA,"SSEI"
"3010","p_pelagic","15",7,"2",0.197,0.197,0.197,0.197,NA,0,NA,"SSEI"
"3011","p_yellow","15",7,"1",0.283,0.283,0.283,0.283,NA,0,NA,"SSEI"
"3012","p_yellow","15",7,"2",0.283,0.283,0.283,0.283,NA,0,NA,"SSEI"
"3013","p_black","15",7,"1",0.774,0.774,0.774,0.774,NA,0,NA,"SSEI"
"3014","p_black","15",7,"2",0.681,0.681,0.681,0.681,NA,0,NA,"SSEI"
"3015","p_dsr","15",7,"1",0.523,0.523,0.523,0.523,NA,0,NA,"SSEI"
"3016","p_dsr","15",7,"2",0.607,0.607,0.607,0.607,NA,0,NA,"SSEI"
"3017","p_slope","15",7,"1",0.162,0.162,0.162,0.162,NA,0,NA,"SSEI"
"3018","p_slope","15",7,"2",0.123,0.123,0.123,0.123,NA,0,NA,"SSEI"
"3019","p_pelagic","15",8,"1",0.446,0.446,0.446,0.446,NA,0,NA,"SSEI"
"3020","p_pelagic","15",8,"2",0.195,0.195,0.195,0.195,NA,0,NA,"SSEI"
"3021","p_yellow","15",8,"1",0.278,0.278,0.278,0.278,NA,0,NA,"SSEI"
"3022","p_yellow","15",8,"2",0.284,0.284,0.284,0.284,NA,0,NA,"SSEI"
"3023","p_black","15",8,"1",0.772,0.772,0.772,0.772,NA,0,NA,"SSEI"
"3024","p_black","15",8,"2",0.682,0.682,0.682,0.682,NA,0,NA,"SSEI"
"3025","p_dsr","15",8,"1",0.513,0.513,0.513,0.513,NA,0,NA,"SSEI"
"3026","p_dsr","15",8,"2",0.604,0.604,0.604,0.604,NA,0,NA,"SSEI"
"3027","p_slope","15",8,"1",0.159,0.159,0.159,0.159,NA,0,NA,"SSEI"
"3028","p_slope","15",8,"2",0.125,0.125,0.125,0.125,NA,0,NA,"SSEI"
"3029","p_pelagic","15",9,"1",0.448,0.448,0.448,0.448,NA,0,NA,"SSEI"
"3030","p_pelagic","15",9,"2",0.197,0.197,0.197,0.197,NA,0,NA,"SSEI"
"3031","p_yellow","15",9,"1",0.278,0.278,0.278,0.278,NA,0,NA,"SSEI"
"3032","p_yellow","15",9,"2",0.284,0.284,0.284,0.284,NA,0,NA,"SSEI"
"3033","p_black","15",9,"1",0.773,0.773,0.773,0.773,NA,0,NA,"SSEI"
"3034","p_black","15",9,"2",0.68,0.68,0.68,0.68,NA,0,NA,"SSEI"
"3035","p_dsr","15",9,"1",0.507,0.507,0.507,0.507,NA,0,NA,"SSEI"
"3036","p_dsr","15",9,"2",0.609,0.609,0.609,0.609,NA,0,NA,"SSEI"
"3037","p_slope","15",9,"1",0.162,0.162,0.162,0.162,NA,0,NA,"SSEI"
"3038","p_slope","15",9,"2",0.128,0.128,0.128,0.128,NA,0,NA,"SSEI"
"3039","p_pelagic","16",1,"1",0.3,0.3,0.3,0.3,NA,0,NA,"SSEO"
"3040","p_pelagic","16",1,"2",0.199,0.199,0.199,0.199,NA,0,NA,"SSEO"
"3041","p_yellow","16",1,"1",0.43,0.43,0.43,0.43,NA,0,NA,"SSEO"
"3042","p_yellow","16",1,"2",0.407,0.407,0.407,0.407,NA,0,NA,"SSEO"
"3043","p_black","16",1,"1",0.986,0.986,0.986,0.986,NA,0,NA,"SSEO"
"3044","p_black","16",1,"2",0.975,0.975,0.975,0.975,NA,0,NA,"SSEO"
"3045","p_dsr","16",1,"1",0.547,0.547,0.547,0.547,NA,0,NA,"SSEO"
"3046","p_dsr","16",1,"2",0.526,0.526,0.526,0.526,NA,0,NA,"SSEO"
"3047","p_slope","16",1,"1",0.04,0.04,0.04,0.04,NA,0,NA,"SSEO"
"3048","p_slope","16",1,"2",0.057,0.057,0.057,0.057,NA,0,NA,"SSEO"
"3049","p_pelagic","16",10,"1",0.299,0.299,0.299,0.299,NA,0,NA,"SSEO"
"3050","p_pelagic","16",10,"2",0.201,0.201,0.201,0.201,NA,0,NA,"SSEO"
"3051","p_yellow","16",10,"1",0.424,0.424,0.424,0.424,NA,0,NA,"SSEO"
"3052","p_yellow","16",10,"2",0.404,0.404,0.404,0.404,NA,0,NA,"SSEO"
"3053","p_black","16",10,"1",0.986,0.986,0.986,0.986,NA,0,NA,"SSEO"
"3054","p_black","16",10,"2",0.975,0.975,0.975,0.975,NA,0,NA,"SSEO"
"3055","p_dsr","16",10,"1",0.55,0.55,0.55,0.55,NA,0,NA,"SSEO"
"3056","p_dsr","16",10,"2",0.522,0.522,0.522,0.522,NA,0,NA,"SSEO"
"3057","p_slope","16",10,"1",0.039,0.039,0.039,0.039,NA,0,NA,"SSEO"
"3058","p_slope","16",10,"2",0.058,0.058,0.058,0.058,NA,0,NA,"SSEO"
"3059","p_pelagic","16",11,"1",0.297,0.297,0.297,0.297,NA,0,NA,"SSEO"
"3060","p_pelagic","16",11,"2",0.197,0.197,0.197,0.197,NA,0,NA,"SSEO"
"3061","p_yellow","16",11,"1",0.43,0.43,0.43,0.43,NA,0,NA,"SSEO"
"3062","p_yellow","16",11,"2",0.403,0.403,0.403,0.403,NA,0,NA,"SSEO"
"3063","p_black","16",11,"1",0.986,0.986,0.986,0.986,NA,0,NA,"SSEO"
"3064","p_black","16",11,"2",0.975,0.975,0.975,0.975,NA,0,NA,"SSEO"
"3065","p_dsr","16",11,"1",0.55,0.55,0.55,0.55,NA,0,NA,"SSEO"
"3066","p_dsr","16",11,"2",0.527,0.527,0.527,0.527,NA,0,NA,"SSEO"
"3067","p_slope","16",11,"1",0.042,0.042,0.042,0.042,NA,0,NA,"SSEO"
"3068","p_slope","16",11,"2",0.058,0.058,0.058,0.058,NA,0,NA,"SSEO"
"3069","p_pelagic","16",12,"1",0.3,0.3,0.3,0.3,NA,0,NA,"SSEO"
"3070","p_pelagic","16",12,"2",0.2,0.2,0.2,0.2,NA,0,NA,"SSEO"
"3071","p_yellow","16",12,"1",0.426,0.426,0.426,0.426,NA,0,NA,"SSEO"
"3072","p_yellow","16",12,"2",0.405,0.405,0.405,0.405,NA,0,NA,"SSEO"
"3073","p_black","16",12,"1",0.986,0.986,0.986,0.986,NA,0,NA,"SSEO"
"3074","p_black","16",12,"2",0.975,0.975,0.975,0.975,NA,0,NA,"SSEO"
"3075","p_dsr","16",12,"1",0.557,0.557,0.557,0.557,NA,0,NA,"SSEO"
"3076","p_dsr","16",12,"2",0.514,0.514,0.514,0.514,NA,0,NA,"SSEO"
"3077","p_slope","16",12,"1",0.041,0.041,0.041,0.041,NA,0,NA,"SSEO"
"3078","p_slope","16",12,"2",0.06,0.06,0.06,0.06,NA,0,NA,"SSEO"
"3079","p_pelagic","16",13,"1",0.299,0.299,0.299,0.299,NA,0,NA,"SSEO"
"3080","p_pelagic","16",13,"2",0.2,0.2,0.2,0.2,NA,0,NA,"SSEO"
"3081","p_yellow","16",13,"1",0.43,0.43,0.43,0.43,NA,0,NA,"SSEO"
"3082","p_yellow","16",13,"2",0.406,0.406,0.406,0.406,NA,0,NA,"SSEO"
"3083","p_black","16",13,"1",0.986,0.986,0.986,0.986,NA,0,NA,"SSEO"
"3084","p_black","16",13,"2",0.975,0.975,0.975,0.975,NA,0,NA,"SSEO"
"3085","p_dsr","16",13,"1",0.551,0.551,0.551,0.551,NA,0,NA,"SSEO"
"3086","p_dsr","16",13,"2",0.531,0.531,0.531,0.531,NA,0,NA,"SSEO"
"3087","p_slope","16",13,"1",0.042,0.042,0.042,0.042,NA,0,NA,"SSEO"
"3088","p_slope","16",13,"2",0.057,0.057,0.057,0.057,NA,0,NA,"SSEO"
"3089","p_pelagic","16",14,"1",0.283,0.283,0.283,0.283,NA,0,NA,"SSEO"
"3090","p_pelagic","16",14,"2",0.2,0.2,0.2,0.2,NA,0,NA,"SSEO"
"3091","p_yellow","16",14,"1",0.427,0.427,0.427,0.427,NA,0,NA,"SSEO"
"3092","p_yellow","16",14,"2",0.397,0.397,0.397,0.397,NA,0,NA,"SSEO"
"3093","p_black","16",14,"1",0.986,0.986,0.986,0.986,NA,0,NA,"SSEO"
"3094","p_black","16",14,"2",0.975,0.975,0.975,0.975,NA,0,NA,"SSEO"
"3095","p_dsr","16",14,"1",0.54,0.54,0.54,0.54,NA,0,NA,"SSEO"
"3096","p_dsr","16",14,"2",0.524,0.524,0.524,0.524,NA,0,NA,"SSEO"
"3097","p_slope","16",14,"1",0.039,0.039,0.039,0.039,NA,0,NA,"SSEO"
"3098","p_slope","16",14,"2",0.057,0.057,0.057,0.057,NA,0,NA,"SSEO"
"3099","p_pelagic","16",15,"1",0.289,0.289,0.289,0.289,NA,0,NA,"SSEO"
"3100","p_pelagic","16",15,"2",0.2,0.2,0.2,0.2,NA,0,NA,"SSEO"
"3101","p_yellow","16",15,"1",0.427,0.427,0.427,0.427,NA,0,NA,"SSEO"
"3102","p_yellow","16",15,"2",0.404,0.404,0.404,0.404,NA,0,NA,"SSEO"
"3103","p_black","16",15,"1",0.986,0.986,0.986,0.986,NA,0,NA,"SSEO"
"3104","p_black","16",15,"2",0.975,0.975,0.975,0.975,NA,0,NA,"SSEO"
"3105","p_dsr","16",15,"1",0.556,0.556,0.556,0.556,NA,0,NA,"SSEO"
"3106","p_dsr","16",15,"2",0.522,0.522,0.522,0.522,NA,0,NA,"SSEO"
"3107","p_slope","16",15,"1",0.039,0.039,0.039,0.039,NA,0,NA,"SSEO"
"3108","p_slope","16",15,"2",0.058,0.058,0.058,0.058,NA,0,NA,"SSEO"
"3109","p_pelagic","16",16,"1",0.28,0.28,0.28,0.28,NA,0,NA,"SSEO"
"3110","p_pelagic","16",16,"2",0.198,0.198,0.198,0.198,NA,0,NA,"SSEO"
"3111","p_yellow","16",16,"1",0.427,0.427,0.427,0.427,NA,0,NA,"SSEO"
"3112","p_yellow","16",16,"2",0.405,0.405,0.405,0.405,NA,0,NA,"SSEO"
"3113","p_black","16",16,"1",0.986,0.986,0.986,0.986,NA,0,NA,"SSEO"
"3114","p_black","16",16,"2",0.976,0.976,0.976,0.976,NA,0,NA,"SSEO"
"3115","p_dsr","16",16,"1",0.545,0.545,0.545,0.545,NA,0,NA,"SSEO"
"3116","p_dsr","16",16,"2",0.521,0.521,0.521,0.521,NA,0,NA,"SSEO"
"3117","p_slope","16",16,"1",0.039,0.039,0.039,0.039,NA,0,NA,"SSEO"
"3118","p_slope","16",16,"2",0.057,0.057,0.057,0.057,NA,0,NA,"SSEO"
"3119","p_pelagic","16",17,"1",0.344,0.344,0.344,0.344,NA,0,NA,"SSEO"
"3120","p_pelagic","16",17,"2",0.209,0.209,0.209,0.209,NA,0,NA,"SSEO"
"3121","p_yellow","16",17,"1",0.43,0.43,0.43,0.43,NA,0,NA,"SSEO"
"3122","p_yellow","16",17,"2",0.4,0.4,0.4,0.4,NA,0,NA,"SSEO"
"3123","p_black","16",17,"1",0.986,0.986,0.986,0.986,NA,0,NA,"SSEO"
"3124","p_black","16",17,"2",0.974,0.974,0.974,0.974,NA,0,NA,"SSEO"
"3125","p_dsr","16",17,"1",0.552,0.552,0.552,0.552,NA,0,NA,"SSEO"
"3126","p_dsr","16",17,"2",0.538,0.538,0.538,0.538,NA,0,NA,"SSEO"
"3127","p_slope","16",17,"1",0.044,0.044,0.044,0.044,NA,0,NA,"SSEO"
"3128","p_slope","16",17,"2",0.059,0.059,0.059,0.059,NA,0,NA,"SSEO"
"3129","p_pelagic","16",18,"1",0.317,0.317,0.317,0.317,NA,0,NA,"SSEO"
"3130","p_pelagic","16",18,"2",0.207,0.207,0.207,0.207,NA,0,NA,"SSEO"
"3131","p_yellow","16",18,"1",0.43,0.43,0.43,0.43,NA,0,NA,"SSEO"
"3132","p_yellow","16",18,"2",0.398,0.398,0.398,0.398,NA,0,NA,"SSEO"
"3133","p_black","16",18,"1",0.986,0.986,0.986,0.986,NA,0,NA,"SSEO"
"3134","p_black","16",18,"2",0.976,0.976,0.976,0.976,NA,0,NA,"SSEO"
"3135","p_dsr","16",18,"1",0.55,0.55,0.55,0.55,NA,0,NA,"SSEO"
"3136","p_dsr","16",18,"2",0.531,0.531,0.531,0.531,NA,0,NA,"SSEO"
"3137","p_slope","16",18,"1",0.043,0.043,0.043,0.043,NA,0,NA,"SSEO"
"3138","p_slope","16",18,"2",0.061,0.061,0.061,0.061,NA,0,NA,"SSEO"
"3139","p_pelagic","16",19,"1",0.301,0.301,0.301,0.301,NA,0,NA,"SSEO"
"3140","p_pelagic","16",19,"2",0.204,0.204,0.204,0.204,NA,0,NA,"SSEO"
"3141","p_yellow","16",19,"1",0.422,0.422,0.422,0.422,NA,0,NA,"SSEO"
"3142","p_yellow","16",19,"2",0.402,0.402,0.402,0.402,NA,0,NA,"SSEO"
"3143","p_black","16",19,"1",0.986,0.986,0.986,0.986,NA,0,NA,"SSEO"
"3144","p_black","16",19,"2",0.975,0.975,0.975,0.975,NA,0,NA,"SSEO"
"3145","p_dsr","16",19,"1",0.551,0.551,0.551,0.551,NA,0,NA,"SSEO"
"3146","p_dsr","16",19,"2",0.531,0.531,0.531,0.531,NA,0,NA,"SSEO"
"3147","p_slope","16",19,"1",0.041,0.041,0.041,0.041,NA,0,NA,"SSEO"
"3148","p_slope","16",19,"2",0.059,0.059,0.059,0.059,NA,0,NA,"SSEO"
"3149","p_pelagic","16",2,"1",0.299,0.299,0.299,0.299,NA,0,NA,"SSEO"
"3150","p_pelagic","16",2,"2",0.199,0.199,0.199,0.199,NA,0,NA,"SSEO"
"3151","p_yellow","16",2,"1",0.421,0.421,0.421,0.421,NA,0,NA,"SSEO"
"3152","p_yellow","16",2,"2",0.403,0.403,0.403,0.403,NA,0,NA,"SSEO"
"3153","p_black","16",2,"1",0.986,0.986,0.986,0.986,NA,0,NA,"SSEO"
"3154","p_black","16",2,"2",0.975,0.975,0.975,0.975,NA,0,NA,"SSEO"
"3155","p_dsr","16",2,"1",0.554,0.554,0.554,0.554,NA,0,NA,"SSEO"
"3156","p_dsr","16",2,"2",0.525,0.525,0.525,0.525,NA,0,NA,"SSEO"
"3157","p_slope","16",2,"1",0.041,0.041,0.041,0.041,NA,0,NA,"SSEO"
"3158","p_slope","16",2,"2",0.057,0.057,0.057,0.057,NA,0,NA,"SSEO"
"3159","p_pelagic","16",20,"1",0.304,0.304,0.304,0.304,NA,0,NA,"SSEO"
"3160","p_pelagic","16",20,"2",0.204,0.204,0.204,0.204,NA,0,NA,"SSEO"
"3161","p_yellow","16",20,"1",0.423,0.423,0.423,0.423,NA,0,NA,"SSEO"
"3162","p_yellow","16",20,"2",0.403,0.403,0.403,0.403,NA,0,NA,"SSEO"
"3163","p_black","16",20,"1",0.986,0.986,0.986,0.986,NA,0,NA,"SSEO"
"3164","p_black","16",20,"2",0.975,0.975,0.975,0.975,NA,0,NA,"SSEO"
"3165","p_dsr","16",20,"1",0.557,0.557,0.557,0.557,NA,0,NA,"SSEO"
"3166","p_dsr","16",20,"2",0.528,0.528,0.528,0.528,NA,0,NA,"SSEO"
"3167","p_slope","16",20,"1",0.042,0.042,0.042,0.042,NA,0,NA,"SSEO"
"3168","p_slope","16",20,"2",0.058,0.058,0.058,0.058,NA,0,NA,"SSEO"
"3169","p_pelagic","16",21,"1",0.282,0.282,0.282,0.282,NA,0,NA,"SSEO"
"3170","p_pelagic","16",21,"2",0.2,0.2,0.2,0.2,NA,0,NA,"SSEO"
"3171","p_yellow","16",21,"1",0.423,0.423,0.423,0.423,NA,0,NA,"SSEO"
"3172","p_yellow","16",21,"2",0.405,0.405,0.405,0.405,NA,0,NA,"SSEO"
"3173","p_black","16",21,"1",0.986,0.986,0.986,0.986,NA,0,NA,"SSEO"
"3174","p_black","16",21,"2",0.975,0.975,0.975,0.975,NA,0,NA,"SSEO"
"3175","p_dsr","16",21,"1",0.553,0.553,0.553,0.553,NA,0,NA,"SSEO"
"3176","p_dsr","16",21,"2",0.53,0.53,0.53,0.53,NA,0,NA,"SSEO"
"3177","p_slope","16",21,"1",0.037,0.037,0.037,0.037,NA,0,NA,"SSEO"
"3178","p_slope","16",21,"2",0.055,0.055,0.055,0.055,NA,0,NA,"SSEO"
"3179","p_pelagic","16",22,"1",0.456,0.456,0.456,0.456,NA,0,NA,"SSEO"
"3180","p_pelagic","16",22,"2",0.202,0.202,0.202,0.202,NA,0,NA,"SSEO"
"3181","p_yellow","16",22,"1",0.424,0.424,0.424,0.424,NA,0,NA,"SSEO"
"3182","p_yellow","16",22,"2",0.401,0.401,0.401,0.401,NA,0,NA,"SSEO"
"3183","p_black","16",22,"1",0.986,0.986,0.986,0.986,NA,0,NA,"SSEO"
"3184","p_black","16",22,"2",0.975,0.975,0.975,0.975,NA,0,NA,"SSEO"
"3185","p_dsr","16",22,"1",0.555,0.555,0.555,0.555,NA,0,NA,"SSEO"
"3186","p_dsr","16",22,"2",0.536,0.536,0.536,0.536,NA,0,NA,"SSEO"
"3187","p_slope","16",22,"1",0.04,0.04,0.04,0.04,NA,0,NA,"SSEO"
"3188","p_slope","16",22,"2",0.056,0.056,0.056,0.056,NA,0,NA,"SSEO"
"3189","p_pelagic","16",23,"1",0.34,0.34,0.34,0.34,NA,0,NA,"SSEO"
"3190","p_pelagic","16",23,"2",0.164,0.164,0.164,0.164,NA,0,NA,"SSEO"
"3191","p_yellow","16",23,"1",0.446,0.446,0.446,0.446,NA,0,NA,"SSEO"
"3192","p_yellow","16",23,"2",0.402,0.402,0.402,0.402,NA,0,NA,"SSEO"
"3193","p_black","16",23,"1",0.986,0.986,0.986,0.986,NA,0,NA,"SSEO"
"3194","p_black","16",23,"2",0.975,0.975,0.975,0.975,NA,0,NA,"SSEO"
"3195","p_dsr","16",23,"1",0.544,0.544,0.544,0.544,NA,0,NA,"SSEO"
"3196","p_dsr","16",23,"2",0.52,0.52,0.52,0.52,NA,0,NA,"SSEO"
"3197","p_slope","16",23,"1",0.076,0.076,0.076,0.076,NA,0,NA,"SSEO"
"3198","p_slope","16",23,"2",0.061,0.061,0.061,0.061,NA,0,NA,"SSEO"
"3199","p_pelagic","16",24,"1",0.311,0.311,0.311,0.311,NA,0,NA,"SSEO"
"3200","p_pelagic","16",24,"2",0.156,0.156,0.156,0.156,NA,0,NA,"SSEO"
"3201","p_yellow","16",24,"1",0.445,0.445,0.445,0.445,NA,0,NA,"SSEO"
"3202","p_yellow","16",24,"2",0.403,0.403,0.403,0.403,NA,0,NA,"SSEO"
"3203","p_black","16",24,"1",0.986,0.986,0.986,0.986,NA,0,NA,"SSEO"
"3204","p_black","16",24,"2",0.974,0.974,0.974,0.974,NA,0,NA,"SSEO"
"3205","p_dsr","16",24,"1",0.544,0.544,0.544,0.544,NA,0,NA,"SSEO"
"3206","p_dsr","16",24,"2",0.532,0.532,0.532,0.532,NA,0,NA,"SSEO"
"3207","p_slope","16",24,"1",0.074,0.074,0.074,0.074,NA,0,NA,"SSEO"
"3208","p_slope","16",24,"2",0.054,0.054,0.054,0.054,NA,0,NA,"SSEO"
"3209","p_pelagic","16",25,"1",0.326,0.326,0.326,0.326,NA,0,NA,"SSEO"
"3210","p_pelagic","16",25,"2",0.155,0.155,0.155,0.155,NA,0,NA,"SSEO"
"3211","p_yellow","16",25,"1",0.439,0.439,0.439,0.439,NA,0,NA,"SSEO"
"3212","p_yellow","16",25,"2",0.409,0.409,0.409,0.409,NA,0,NA,"SSEO"
"3213","p_black","16",25,"1",0.986,0.986,0.986,0.986,NA,0,NA,"SSEO"
"3214","p_black","16",25,"2",0.975,0.975,0.975,0.975,NA,0,NA,"SSEO"
"3215","p_dsr","16",25,"1",0.552,0.552,0.552,0.552,NA,0,NA,"SSEO"
"3216","p_dsr","16",25,"2",0.534,0.534,0.534,0.534,NA,0,NA,"SSEO"
"3217","p_slope","16",25,"1",0.069,0.069,0.069,0.069,NA,0,NA,"SSEO"
"3218","p_slope","16",25,"2",0.053,0.053,0.053,0.053,NA,0,NA,"SSEO"
"3219","p_pelagic","16",26,"1",0.458,0.458,0.458,0.458,NA,0,NA,"SSEO"
"3220","p_pelagic","16",26,"2",0.156,0.156,0.156,0.156,NA,0,NA,"SSEO"
"3221","p_yellow","16",26,"1",0.449,0.449,0.449,0.449,NA,0,NA,"SSEO"
"3222","p_yellow","16",26,"2",0.404,0.404,0.404,0.404,NA,0,NA,"SSEO"
"3223","p_black","16",26,"1",0.986,0.986,0.986,0.986,NA,0,NA,"SSEO"
"3224","p_black","16",26,"2",0.975,0.975,0.975,0.975,NA,0,NA,"SSEO"
"3225","p_dsr","16",26,"1",0.554,0.554,0.554,0.554,NA,0,NA,"SSEO"
"3226","p_dsr","16",26,"2",0.524,0.524,0.524,0.524,NA,0,NA,"SSEO"
"3227","p_slope","16",26,"1",0.079,0.079,0.079,0.079,NA,0,NA,"SSEO"
"3228","p_slope","16",26,"2",0.054,0.054,0.054,0.054,NA,0,NA,"SSEO"
"3229","p_pelagic","16",27,"1",0.407,0.407,0.407,0.407,NA,0,NA,"SSEO"
"3230","p_pelagic","16",27,"2",0.164,0.164,0.164,0.164,NA,0,NA,"SSEO"
"3231","p_yellow","16",27,"1",0.441,0.441,0.441,0.441,NA,0,NA,"SSEO"
"3232","p_yellow","16",27,"2",0.406,0.406,0.406,0.406,NA,0,NA,"SSEO"
"3233","p_black","16",27,"1",0.986,0.986,0.986,0.986,NA,0,NA,"SSEO"
"3234","p_black","16",27,"2",0.975,0.975,0.975,0.975,NA,0,NA,"SSEO"
"3235","p_dsr","16",27,"1",0.551,0.551,0.551,0.551,NA,0,NA,"SSEO"
"3236","p_dsr","16",27,"2",0.527,0.527,0.527,0.527,NA,0,NA,"SSEO"
"3237","p_slope","16",27,"1",0.079,0.079,0.079,0.079,NA,0,NA,"SSEO"
"3238","p_slope","16",27,"2",0.054,0.054,0.054,0.054,NA,0,NA,"SSEO"
"3239","p_pelagic","16",28,"1",0.412,0.412,0.412,0.412,NA,0,NA,"SSEO"
"3240","p_pelagic","16",28,"2",0.19,0.19,0.19,0.19,NA,0,NA,"SSEO"
"3241","p_yellow","16",28,"1",0.441,0.441,0.441,0.441,NA,0,NA,"SSEO"
"3242","p_yellow","16",28,"2",0.402,0.402,0.402,0.402,NA,0,NA,"SSEO"
"3243","p_black","16",28,"1",0.986,0.986,0.986,0.986,NA,0,NA,"SSEO"
"3244","p_black","16",28,"2",0.975,0.975,0.975,0.975,NA,0,NA,"SSEO"
"3245","p_dsr","16",28,"1",0.559,0.559,0.559,0.559,NA,0,NA,"SSEO"
"3246","p_dsr","16",28,"2",0.517,0.517,0.517,0.517,NA,0,NA,"SSEO"
"3247","p_slope","16",28,"1",0.063,0.063,0.063,0.063,NA,0,NA,"SSEO"
"3248","p_slope","16",28,"2",0.059,0.059,0.059,0.059,NA,0,NA,"SSEO"
"3249","p_pelagic","16",29,"1",0.429,0.429,0.429,0.429,NA,0,NA,"SSEO"
"3250","p_pelagic","16",29,"2",0.21,0.21,0.21,0.21,NA,0,NA,"SSEO"
"3251","p_yellow","16",29,"1",0.44,0.44,0.44,0.44,NA,0,NA,"SSEO"
"3252","p_yellow","16",29,"2",0.4,0.4,0.4,0.4,NA,0,NA,"SSEO"
"3253","p_black","16",29,"1",0.986,0.986,0.986,0.986,NA,0,NA,"SSEO"
"3254","p_black","16",29,"2",0.975,0.975,0.975,0.975,NA,0,NA,"SSEO"
"3255","p_dsr","16",29,"1",0.543,0.543,0.543,0.543,NA,0,NA,"SSEO"
"3256","p_dsr","16",29,"2",0.524,0.524,0.524,0.524,NA,0,NA,"SSEO"
"3257","p_slope","16",29,"1",0.065,0.065,0.065,0.065,NA,0,NA,"SSEO"
"3258","p_slope","16",29,"2",0.055,0.055,0.055,0.055,NA,0,NA,"SSEO"
"3259","p_pelagic","16",3,"1",0.301,0.301,0.301,0.301,NA,0,NA,"SSEO"
"3260","p_pelagic","16",3,"2",0.196,0.196,0.196,0.196,NA,0,NA,"SSEO"
"3261","p_yellow","16",3,"1",0.429,0.429,0.429,0.429,NA,0,NA,"SSEO"
"3262","p_yellow","16",3,"2",0.407,0.407,0.407,0.407,NA,0,NA,"SSEO"
"3263","p_black","16",3,"1",0.986,0.986,0.986,0.986,NA,0,NA,"SSEO"
"3264","p_black","16",3,"2",0.976,0.976,0.976,0.976,NA,0,NA,"SSEO"
"3265","p_dsr","16",3,"1",0.542,0.542,0.542,0.542,NA,0,NA,"SSEO"
"3266","p_dsr","16",3,"2",0.529,0.529,0.529,0.529,NA,0,NA,"SSEO"
"3267","p_slope","16",3,"1",0.04,0.04,0.04,0.04,NA,0,NA,"SSEO"
"3268","p_slope","16",3,"2",0.059,0.059,0.059,0.059,NA,0,NA,"SSEO"
"3269","p_pelagic","16",30,"1",0.432,0.432,0.432,0.432,NA,0,NA,"SSEO"
"3270","p_pelagic","16",30,"2",0.443,0.443,0.443,0.443,NA,0,NA,"SSEO"
"3271","p_yellow","16",30,"1",0.605,0.605,0.605,0.605,NA,0,NA,"SSEO"
"3272","p_yellow","16",30,"2",0.383,0.383,0.383,0.383,NA,0,NA,"SSEO"
"3273","p_black","16",30,"1",0.985,0.985,0.985,0.985,NA,0,NA,"SSEO"
"3274","p_black","16",30,"2",0.912,0.912,0.912,0.912,NA,0,NA,"SSEO"
"3275","p_dsr","16",30,"1",0.429,0.429,0.429,0.429,NA,0,NA,"SSEO"
"3276","p_dsr","16",30,"2",0.589,0.589,0.589,0.589,NA,0,NA,"SSEO"
"3277","p_slope","16",30,"1",0.026,0.026,0.026,0.026,NA,0,NA,"SSEO"
"3278","p_slope","16",30,"2",0.035,0.035,0.035,0.035,NA,0,NA,"SSEO"
"3279","p_pelagic","16",31,"1",0.515,0.515,0.515,0.515,NA,0,NA,"SSEO"
"3280","p_pelagic","16",31,"2",0.632,0.632,0.632,0.632,NA,0,NA,"SSEO"
"3281","p_yellow","16",31,"1",0.601,0.601,0.601,0.601,NA,0,NA,"SSEO"
"3282","p_yellow","16",31,"2",0.419,0.419,0.419,0.419,NA,0,NA,"SSEO"
"3283","p_black","16",31,"1",0.981,0.981,0.981,0.981,NA,0,NA,"SSEO"
"3284","p_black","16",31,"2",0.976,0.976,0.976,0.976,NA,0,NA,"SSEO"
"3285","p_dsr","16",31,"1",0.408,0.408,0.408,0.408,NA,0,NA,"SSEO"
"3286","p_dsr","16",31,"2",0.566,0.566,0.566,0.566,NA,0,NA,"SSEO"
"3287","p_slope","16",31,"1",0.032,0.032,0.032,0.032,NA,0,NA,"SSEO"
"3288","p_slope","16",31,"2",0.022,0.022,0.022,0.022,NA,0,NA,"SSEO"
"3289","p_pelagic","16",32,"1",0.625,0.625,0.625,0.625,NA,0,NA,"SSEO"
"3290","p_pelagic","16",32,"2",0.665,0.665,0.665,0.665,NA,0,NA,"SSEO"
"3291","p_yellow","16",32,"1",0.484,0.484,0.484,0.484,NA,0,NA,"SSEO"
"3292","p_yellow","16",32,"2",0.384,0.384,0.384,0.384,NA,0,NA,"SSEO"
"3293","p_black","16",32,"1",0.985,0.985,0.985,0.985,NA,0,NA,"SSEO"
"3294","p_black","16",32,"2",0.968,0.968,0.968,0.968,NA,0,NA,"SSEO"
"3295","p_dsr","16",32,"1",0.513,0.513,0.513,0.513,NA,0,NA,"SSEO"
"3296","p_dsr","16",32,"2",0.583,0.583,0.583,0.583,NA,0,NA,"SSEO"
"3297","p_slope","16",32,"1",0.04,0.04,0.04,0.04,NA,0,NA,"SSEO"
"3298","p_slope","16",32,"2",0.036,0.036,0.036,0.036,NA,0,NA,"SSEO"
"3299","p_pelagic","16",33,"1",0.612,0.612,0.612,0.612,NA,0,NA,"SSEO"
"3300","p_pelagic","16",33,"2",0.664,0.664,0.664,0.664,NA,0,NA,"SSEO"
"3301","p_yellow","16",33,"1",0.456,0.456,0.456,0.456,NA,0,NA,"SSEO"
"3302","p_yellow","16",33,"2",0.366,0.366,0.366,0.366,NA,0,NA,"SSEO"
"3303","p_black","16",33,"1",0.978,0.978,0.978,0.978,NA,0,NA,"SSEO"
"3304","p_black","16",33,"2",0.966,0.966,0.966,0.966,NA,0,NA,"SSEO"
"3305","p_dsr","16",33,"1",0.498,0.498,0.498,0.498,NA,0,NA,"SSEO"
"3306","p_dsr","16",33,"2",0.589,0.589,0.589,0.589,NA,0,NA,"SSEO"
"3307","p_slope","16",33,"1",0.031,0.031,0.031,0.031,NA,0,NA,"SSEO"
"3308","p_slope","16",33,"2",0.047,0.047,0.047,0.047,NA,0,NA,"SSEO"
"3309","p_pelagic","16",34,"1",0.603,0.603,0.603,0.603,NA,0,NA,"SSEO"
"3310","p_pelagic","16",34,"2",0.563,0.563,0.563,0.563,NA,0,NA,"SSEO"
"3311","p_yellow","16",34,"1",0.469,0.469,0.469,0.469,NA,0,NA,"SSEO"
"3312","p_yellow","16",34,"2",0.422,0.422,0.422,0.422,NA,0,NA,"SSEO"
"3313","p_black","16",34,"1",0.989,0.989,0.989,0.989,NA,0,NA,"SSEO"
"3314","p_black","16",34,"2",0.966,0.966,0.966,0.966,NA,0,NA,"SSEO"
"3315","p_dsr","16",34,"1",0.517,0.517,0.517,0.517,NA,0,NA,"SSEO"
"3316","p_dsr","16",34,"2",0.515,0.515,0.515,0.515,NA,0,NA,"SSEO"
"3317","p_slope","16",34,"1",0.029,0.029,0.029,0.029,NA,0,NA,"SSEO"
"3318","p_slope","16",34,"2",0.062,0.062,0.062,0.062,NA,0,NA,"SSEO"
"3319","p_pelagic","16",35,"1",0.706,0.706,0.706,0.706,NA,0,NA,"SSEO"
"3320","p_pelagic","16",35,"2",0.612,0.612,0.612,0.612,NA,0,NA,"SSEO"
"3321","p_yellow","16",35,"1",0.382,0.382,0.382,0.382,NA,0,NA,"SSEO"
"3322","p_yellow","16",35,"2",0.319,0.319,0.319,0.319,NA,0,NA,"SSEO"
"3323","p_black","16",35,"1",0.992,0.992,0.992,0.992,NA,0,NA,"SSEO"
"3324","p_black","16",35,"2",0.988,0.988,0.988,0.988,NA,0,NA,"SSEO"
"3325","p_dsr","16",35,"1",0.644,0.644,0.644,0.644,NA,0,NA,"SSEO"
"3326","p_dsr","16",35,"2",0.613,0.613,0.613,0.613,NA,0,NA,"SSEO"
"3327","p_slope","16",35,"1",0.053,0.053,0.053,0.053,NA,0,NA,"SSEO"
"3328","p_slope","16",35,"2",0.072,0.072,0.072,0.072,NA,0,NA,"SSEO"
"3329","p_pelagic","16",36,"1",0.682,0.682,0.682,0.682,NA,0,NA,"SSEO"
"3330","p_pelagic","16",36,"2",0.674,0.674,0.674,0.674,NA,0,NA,"SSEO"
"3331","p_yellow","16",36,"1",0.373,0.373,0.373,0.373,NA,0,NA,"SSEO"
"3332","p_yellow","16",36,"2",0.427,0.427,0.427,0.427,NA,0,NA,"SSEO"
"3333","p_black","16",36,"1",0.967,0.967,0.967,0.967,NA,0,NA,"SSEO"
"3334","p_black","16",36,"2",0.979,0.979,0.979,0.979,NA,0,NA,"SSEO"
"3335","p_dsr","16",36,"1",0.611,0.611,0.611,0.611,NA,0,NA,"SSEO"
"3336","p_dsr","16",36,"2",0.476,0.476,0.476,0.476,NA,0,NA,"SSEO"
"3337","p_slope","16",36,"1",0.047,0.047,0.047,0.047,NA,0,NA,"SSEO"
"3338","p_slope","16",36,"2",0.094,0.094,0.094,0.094,NA,0,NA,"SSEO"
"3339","p_pelagic","16",37,"1",0.74,0.74,0.74,0.74,NA,0,NA,"SSEO"
"3340","p_pelagic","16",37,"2",0.69,0.69,0.69,0.69,NA,0,NA,"SSEO"
"3341","p_yellow","16",37,"1",0.414,0.414,0.414,0.414,NA,0,NA,"SSEO"
"3342","p_yellow","16",37,"2",0.482,0.482,0.482,0.482,NA,0,NA,"SSEO"
"3343","p_black","16",37,"1",0.986,0.986,0.986,0.986,NA,0,NA,"SSEO"
"3344","p_black","16",37,"2",0.974,0.974,0.974,0.974,NA,0,NA,"SSEO"
"3345","p_dsr","16",37,"1",0.626,0.626,0.626,0.626,NA,0,NA,"SSEO"
"3346","p_dsr","16",37,"2",0.472,0.472,0.472,0.472,NA,0,NA,"SSEO"
"3347","p_slope","16",37,"1",0.049,0.049,0.049,0.049,NA,0,NA,"SSEO"
"3348","p_slope","16",37,"2",0.045,0.045,0.045,0.045,NA,0,NA,"SSEO"
"3349","p_pelagic","16",38,"1",0.732,0.732,0.732,0.732,NA,0,NA,"SSEO"
"3350","p_pelagic","16",38,"2",0.639,0.639,0.639,0.639,NA,0,NA,"SSEO"
"3351","p_yellow","16",38,"1",0.291,0.291,0.291,0.291,NA,0,NA,"SSEO"
"3352","p_yellow","16",38,"2",0.299,0.299,0.299,0.299,NA,0,NA,"SSEO"
"3353","p_black","16",38,"1",0.965,0.965,0.965,0.965,NA,0,NA,"SSEO"
"3354","p_black","16",38,"2",0.944,0.944,0.944,0.944,NA,0,NA,"SSEO"
"3355","p_dsr","16",38,"1",0.705,0.705,0.705,0.705,NA,0,NA,"SSEO"
"3356","p_dsr","16",38,"2",0.633,0.633,0.633,0.633,NA,0,NA,"SSEO"
"3357","p_slope","16",38,"1",0.039,0.039,0.039,0.039,NA,0,NA,"SSEO"
"3358","p_slope","16",38,"2",0.069,0.069,0.069,0.069,NA,0,NA,"SSEO"
"3359","p_pelagic","16",39,"1",0.73,0.73,0.73,0.73,NA,0,NA,"SSEO"
"3360","p_pelagic","16",39,"2",0.651,0.651,0.651,0.651,NA,0,NA,"SSEO"
"3361","p_yellow","16",39,"1",0.285,0.285,0.285,0.285,NA,0,NA,"SSEO"
"3362","p_yellow","16",39,"2",0.273,0.273,0.273,0.273,NA,0,NA,"SSEO"
"3363","p_black","16",39,"1",0.989,0.989,0.989,0.989,NA,0,NA,"SSEO"
"3364","p_black","16",39,"2",0.983,0.983,0.983,0.983,NA,0,NA,"SSEO"
"3365","p_dsr","16",39,"1",0.707,0.707,0.707,0.707,NA,0,NA,"SSEO"
"3366","p_dsr","16",39,"2",0.642,0.642,0.642,0.642,NA,0,NA,"SSEO"
"3367","p_slope","16",39,"1",0.035,0.035,0.035,0.035,NA,0,NA,"SSEO"
"3368","p_slope","16",39,"2",0.086,0.086,0.086,0.086,NA,0,NA,"SSEO"
"3369","p_pelagic","16",4,"1",0.298,0.298,0.298,0.298,NA,0,NA,"SSEO"
"3370","p_pelagic","16",4,"2",0.197,0.197,0.197,0.197,NA,0,NA,"SSEO"
"3371","p_yellow","16",4,"1",0.425,0.425,0.425,0.425,NA,0,NA,"SSEO"
"3372","p_yellow","16",4,"2",0.403,0.403,0.403,0.403,NA,0,NA,"SSEO"
"3373","p_black","16",4,"1",0.986,0.986,0.986,0.986,NA,0,NA,"SSEO"
"3374","p_black","16",4,"2",0.975,0.975,0.975,0.975,NA,0,NA,"SSEO"
"3375","p_dsr","16",4,"1",0.552,0.552,0.552,0.552,NA,0,NA,"SSEO"
"3376","p_dsr","16",4,"2",0.53,0.53,0.53,0.53,NA,0,NA,"SSEO"
"3377","p_slope","16",4,"1",0.041,0.041,0.041,0.041,NA,0,NA,"SSEO"
"3378","p_slope","16",4,"2",0.06,0.06,0.06,0.06,NA,0,NA,"SSEO"
"3379","p_pelagic","16",40,"1",0.776,0.776,0.776,0.776,NA,0,NA,"SSEO"
"3380","p_pelagic","16",40,"2",0.628,0.628,0.628,0.628,NA,0,NA,"SSEO"
"3381","p_yellow","16",40,"1",0.338,0.338,0.338,0.338,NA,0,NA,"SSEO"
"3382","p_yellow","16",40,"2",0.45,0.45,0.45,0.45,NA,0,NA,"SSEO"
"3383","p_black","16",40,"1",0.993,0.993,0.993,0.993,NA,0,NA,"SSEO"
"3384","p_black","16",40,"2",0.992,0.992,0.992,0.992,NA,0,NA,"SSEO"
"3385","p_dsr","16",40,"1",0.649,0.649,0.649,0.649,NA,0,NA,"SSEO"
"3386","p_dsr","16",40,"2",0.525,0.525,0.525,0.525,NA,0,NA,"SSEO"
"3387","p_slope","16",40,"1",0.052,0.052,0.052,0.052,NA,0,NA,"SSEO"
"3388","p_slope","16",40,"2",0.027,0.027,0.027,0.027,NA,0,NA,"SSEO"
"3389","p_pelagic","16",41,"1",0.795,0.795,0.795,0.795,NA,0,NA,"SSEO"
"3390","p_pelagic","16",41,"2",0.669,0.669,0.669,0.669,NA,0,NA,"SSEO"
"3391","p_yellow","16",41,"1",0.431,0.431,0.431,0.431,NA,0,NA,"SSEO"
"3392","p_yellow","16",41,"2",0.321,0.321,0.321,0.321,NA,0,NA,"SSEO"
"3393","p_black","16",41,"1",0.988,0.988,0.988,0.988,NA,0,NA,"SSEO"
"3394","p_black","16",41,"2",0.988,0.988,0.988,0.988,NA,0,NA,"SSEO"
"3395","p_dsr","16",41,"1",0.497,0.497,0.497,0.497,NA,0,NA,"SSEO"
"3396","p_dsr","16",41,"2",0.522,0.522,0.522,0.522,NA,0,NA,"SSEO"
"3397","p_slope","16",41,"1",0.093,0.093,0.093,0.093,NA,0,NA,"SSEO"
"3398","p_slope","16",41,"2",0.15,0.15,0.15,0.15,NA,0,NA,"SSEO"
"3399","p_pelagic","16",42,"1",0.834,0.834,0.834,0.834,NA,0,NA,"SSEO"
"3400","p_pelagic","16",42,"2",0.729,0.729,0.729,0.729,NA,0,NA,"SSEO"
"3401","p_yellow","16",42,"1",0.408,0.408,0.408,0.408,NA,0,NA,"SSEO"
"3402","p_yellow","16",42,"2",0.554,0.554,0.554,0.554,NA,0,NA,"SSEO"
"3403","p_black","16",42,"1",0.995,0.995,0.995,0.995,NA,0,NA,"SSEO"
"3404","p_black","16",42,"2",0.964,0.964,0.964,0.964,NA,0,NA,"SSEO"
"3405","p_dsr","16",42,"1",0.46,0.46,0.46,0.46,NA,0,NA,"SSEO"
"3406","p_dsr","16",42,"2",0.353,0.353,0.353,0.353,NA,0,NA,"SSEO"
"3407","p_slope","16",42,"1",0.144,0.144,0.144,0.144,NA,0,NA,"SSEO"
"3408","p_slope","16",42,"2",0.084,0.084,0.084,0.084,NA,0,NA,"SSEO"
"3409","p_pelagic","16",43,"1",0.845,0.845,0.845,0.845,NA,0,NA,"SSEO"
"3410","p_pelagic","16",43,"2",0.593,0.593,0.593,0.593,NA,0,NA,"SSEO"
"3411","p_yellow","16",43,"1",0.514,0.514,0.514,0.514,NA,0,NA,"SSEO"
"3412","p_yellow","16",43,"2",0.59,0.59,0.59,0.59,NA,0,NA,"SSEO"
"3413","p_black","16",43,"1",0.981,0.981,0.981,0.981,NA,0,NA,"SSEO"
"3414","p_black","16",43,"2",0.977,0.977,0.977,0.977,NA,0,NA,"SSEO"
"3415","p_dsr","16",43,"1",0.426,0.426,0.426,0.426,NA,0,NA,"SSEO"
"3416","p_dsr","16",43,"2",0.304,0.304,0.304,0.304,NA,0,NA,"SSEO"
"3417","p_slope","16",43,"1",0.067,0.067,0.067,0.067,NA,0,NA,"SSEO"
"3418","p_slope","16",43,"2",0.09,0.09,0.09,0.09,NA,0,NA,"SSEO"
"3419","p_pelagic","16",44,"1",0.986,0.986,0.983,0.988,1.001,0.001,0,"SSEO"
"3420","p_pelagic","16",44,"2",0.973,0.974,0.95,0.989,1.001,0.01,-0.099,"SSEO"
"3421","p_yellow","16",44,"1",0.007,0.006,0.001,0.02,1.001,0.005,0.206,"SSEO"
"3422","p_yellow","16",44,"2",0.055,0.027,0.001,0.276,1.001,0.074,0.376,"SSEO"
"3423","p_black","16",44,"1",0.992,0.992,0.986,0.996,1.001,0.002,0,"SSEO"
"3424","p_black","16",44,"2",0.974,0.976,0.95,0.99,1.001,0.01,-0.195,"SSEO"
"3425","p_dsr","16",44,"1",0.013,0.01,0.001,0.047,1.001,0.013,0.232,"SSEO"
"3426","p_dsr","16",44,"2",0.165,0.132,0.017,0.478,1,0.124,0.266,"SSEO"
"3427","p_slope","16",44,"1",0.982,0.991,0.912,1,1.001,0.024,-0.374,"SSEO"
"3428","p_slope","16",44,"2",0.846,0.891,0.457,0.995,1,0.146,-0.308,"SSEO"
"3429","p_pelagic","16",45,"1",0.987,0.987,0.985,0.988,1.001,0.001,0,"SSEO"
"3430","p_pelagic","16",45,"2",0.955,0.956,0.923,0.977,1,0.014,-0.071,"SSEO"
"3431","p_yellow","16",45,"1",0.004,0.003,0.001,0.011,1,0.003,0.374,"SSEO"
"3432","p_yellow","16",45,"2",0.033,0.018,0.001,0.16,1.006,0.043,0.347,"SSEO"
"3433","p_black","16",45,"1",0.982,0.982,0.977,0.986,1,0.002,0,"SSEO"
"3434","p_black","16",45,"2",0.979,0.981,0.957,0.993,1,0.009,-0.211,"SSEO"
"3435","p_dsr","16",45,"1",0.012,0.01,0.002,0.036,1.001,0.009,0.221,"SSEO"
"3436","p_dsr","16",45,"2",0.169,0.15,0.033,0.405,1,0.1,0.19,"SSEO"
"3437","p_slope","16",45,"1",0.976,0.982,0.924,0.998,1.001,0.02,-0.297,"SSEO"
"3438","p_slope","16",45,"2",0.813,0.839,0.507,0.98,1.001,0.124,-0.21,"SSEO"
"3439","p_pelagic","16",46,"1",0.975,0.975,0.974,0.977,1,0.001,0,"SSEO"
"3440","p_pelagic","16",46,"2",0.909,0.91,0.868,0.942,1,0.019,-0.053,"SSEO"
"3441","p_yellow","16",46,"1",0.002,0.002,0,0.005,1.001,0.001,0,"SSEO"
"3442","p_yellow","16",46,"2",0.023,0.014,0.001,0.094,1.002,0.026,0.351,"SSEO"
"3443","p_black","16",46,"1",0.996,0.996,0.994,0.998,1,0.001,0,"SSEO"
"3444","p_black","16",46,"2",0.99,0.992,0.976,0.998,1,0.006,-0.348,"SSEO"
"3445","p_dsr","16",46,"1",0.005,0.004,0.001,0.017,1.001,0.004,0.226,"SSEO"
"3446","p_dsr","16",46,"2",0.21,0.2,0.082,0.383,1.001,0.08,0.125,"SSEO"
"3447","p_slope","16",46,"1",0.994,0.996,0.977,1,1,0.007,-0.307,"SSEO"
"3448","p_slope","16",46,"2",0.78,0.792,0.583,0.921,1,0.088,-0.136,"SSEO"
"3449","p_pelagic","16",47,"1",0.984,0.984,0.983,0.985,1,0.001,0,"SSEO"
"3450","p_pelagic","16",47,"2",0.925,0.926,0.89,0.954,1.002,0.017,-0.061,"SSEO"
"3451","p_yellow","16",47,"1",0.005,0.005,0.002,0.012,1,0.003,0,"SSEO"
"3452","p_yellow","16",47,"2",0.021,0.013,0.001,0.086,1.006,0.024,0.338,"SSEO"
"3453","p_black","16",47,"1",0.961,0.961,0.954,0.968,1.001,0.004,0,"SSEO"
"3454","p_black","16",47,"2",0.945,0.947,0.913,0.97,1.002,0.015,-0.138,"SSEO"
"3455","p_dsr","16",47,"1",0.009,0.007,0.001,0.025,1.002,0.006,0.311,"SSEO"
"3456","p_dsr","16",47,"2",0.485,0.483,0.273,0.697,1.001,0.107,0.019,"SSEO"
"3457","p_slope","16",47,"1",0.976,0.982,0.927,0.998,1,0.02,-0.304,"SSEO"
"3458","p_slope","16",47,"2",0.457,0.455,0.241,0.675,1,0.112,0.018,"SSEO"
"3459","p_pelagic","16",48,"1",0.978,0.978,0.976,0.979,1.001,0.001,0,"SSEO"
"3460","p_pelagic","16",48,"2",0.914,0.915,0.888,0.938,1.001,0.013,-0.076,"SSEO"
"3461","p_yellow","16",48,"1",0.001,0.001,0,0.004,1,0.001,0,"SSEO"
"3462","p_yellow","16",48,"2",0.034,0.027,0.003,0.103,1.003,0.027,0.264,"SSEO"
"3463","p_black","16",48,"1",0.976,0.977,0.972,0.981,1,0.002,-0.46,"SSEO"
"3464","p_black","16",48,"2",0.963,0.963,0.943,0.978,1.001,0.009,0,"SSEO"
"3465","p_dsr","16",48,"1",0.011,0.009,0.002,0.029,1.004,0.007,0.273,"SSEO"
"3466","p_dsr","16",48,"2",0.392,0.391,0.243,0.546,1,0.077,0.013,"SSEO"
"3467","p_slope","16",48,"1",0.988,0.991,0.965,0.999,1.001,0.009,-0.327,"SSEO"
"3468","p_slope","16",48,"2",0.56,0.562,0.4,0.71,1,0.081,-0.025,"SSEO"
"3469","p_pelagic","16",49,"1",0.87,0.87,0.865,0.875,1,0.003,0,"SSEO"
"3470","p_pelagic","16",49,"2",0.793,0.794,0.76,0.824,1.001,0.016,-0.062,"SSEO"
"3471","p_yellow","16",49,"1",0.596,0.596,0.569,0.624,1,0.014,0,"SSEO"
"3472","p_yellow","16",49,"2",0.673,0.674,0.589,0.751,1,0.042,-0.024,"SSEO"
"3473","p_black","16",49,"1",0.973,0.974,0.969,0.978,1,0.002,-0.417,"SSEO"
"3474","p_black","16",49,"2",0.975,0.976,0.96,0.987,1,0.007,-0.143,"SSEO"
"3475","p_dsr","16",49,"1",0.067,0.067,0.051,0.084,1,0.009,0,"SSEO"
"3476","p_dsr","16",49,"2",0.08,0.077,0.042,0.131,1,0.023,0.13,"SSEO"
"3477","p_slope","16",49,"1",0.312,0.311,0.288,0.335,1,0.012,0.086,"SSEO"
"3478","p_slope","16",49,"2",0.248,0.247,0.178,0.328,1,0.038,0.026,"SSEO"
"3479","p_pelagic","16",5,"1",0.299,0.299,0.299,0.299,NA,0,NA,"SSEO"
"3480","p_pelagic","16",5,"2",0.2,0.2,0.2,0.2,NA,0,NA,"SSEO"
"3481","p_yellow","16",5,"1",0.426,0.426,0.426,0.426,NA,0,NA,"SSEO"
"3482","p_yellow","16",5,"2",0.403,0.403,0.403,0.403,NA,0,NA,"SSEO"
"3483","p_black","16",5,"1",0.986,0.986,0.986,0.986,NA,0,NA,"SSEO"
"3484","p_black","16",5,"2",0.975,0.975,0.975,0.975,NA,0,NA,"SSEO"
"3485","p_dsr","16",5,"1",0.553,0.553,0.553,0.553,NA,0,NA,"SSEO"
"3486","p_dsr","16",5,"2",0.52,0.52,0.52,0.52,NA,0,NA,"SSEO"
"3487","p_slope","16",5,"1",0.041,0.041,0.041,0.041,NA,0,NA,"SSEO"
"3488","p_slope","16",5,"2",0.058,0.058,0.058,0.058,NA,0,NA,"SSEO"
"3489","p_pelagic","16",6,"1",0.295,0.295,0.295,0.295,NA,0,NA,"SSEO"
"3490","p_pelagic","16",6,"2",0.201,0.201,0.201,0.201,NA,0,NA,"SSEO"
"3491","p_yellow","16",6,"1",0.426,0.426,0.426,0.426,NA,0,NA,"SSEO"
"3492","p_yellow","16",6,"2",0.401,0.401,0.401,0.401,NA,0,NA,"SSEO"
"3493","p_black","16",6,"1",0.986,0.986,0.986,0.986,NA,0,NA,"SSEO"
"3494","p_black","16",6,"2",0.974,0.974,0.974,0.974,NA,0,NA,"SSEO"
"3495","p_dsr","16",6,"1",0.55,0.55,0.55,0.55,NA,0,NA,"SSEO"
"3496","p_dsr","16",6,"2",0.533,0.533,0.533,0.533,NA,0,NA,"SSEO"
"3497","p_slope","16",6,"1",0.041,0.041,0.041,0.041,NA,0,NA,"SSEO"
"3498","p_slope","16",6,"2",0.057,0.057,0.057,0.057,NA,0,NA,"SSEO"
"3499","p_pelagic","16",7,"1",0.3,0.3,0.3,0.3,NA,0,NA,"SSEO"
"3500","p_pelagic","16",7,"2",0.201,0.201,0.201,0.201,NA,0,NA,"SSEO"
"3501","p_yellow","16",7,"1",0.424,0.424,0.424,0.424,NA,0,NA,"SSEO"
"3502","p_yellow","16",7,"2",0.401,0.401,0.401,0.401,NA,0,NA,"SSEO"
"3503","p_black","16",7,"1",0.986,0.986,0.986,0.986,NA,0,NA,"SSEO"
"3504","p_black","16",7,"2",0.976,0.976,0.976,0.976,NA,0,NA,"SSEO"
"3505","p_dsr","16",7,"1",0.552,0.552,0.552,0.552,NA,0,NA,"SSEO"
"3506","p_dsr","16",7,"2",0.531,0.531,0.531,0.531,NA,0,NA,"SSEO"
"3507","p_slope","16",7,"1",0.041,0.041,0.041,0.041,NA,0,NA,"SSEO"
"3508","p_slope","16",7,"2",0.058,0.058,0.058,0.058,NA,0,NA,"SSEO"
"3509","p_pelagic","16",8,"1",0.296,0.296,0.296,0.296,NA,0,NA,"SSEO"
"3510","p_pelagic","16",8,"2",0.197,0.197,0.197,0.197,NA,0,NA,"SSEO"
"3511","p_yellow","16",8,"1",0.43,0.43,0.43,0.43,NA,0,NA,"SSEO"
"3512","p_yellow","16",8,"2",0.404,0.404,0.404,0.404,NA,0,NA,"SSEO"
"3513","p_black","16",8,"1",0.986,0.986,0.986,0.986,NA,0,NA,"SSEO"
"3514","p_black","16",8,"2",0.975,0.975,0.975,0.975,NA,0,NA,"SSEO"
"3515","p_dsr","16",8,"1",0.557,0.557,0.557,0.557,NA,0,NA,"SSEO"
"3516","p_dsr","16",8,"2",0.531,0.531,0.531,0.531,NA,0,NA,"SSEO"
"3517","p_slope","16",8,"1",0.041,0.041,0.041,0.041,NA,0,NA,"SSEO"
"3518","p_slope","16",8,"2",0.057,0.057,0.057,0.057,NA,0,NA,"SSEO"
"3519","p_pelagic","16",9,"1",0.295,0.295,0.295,0.295,NA,0,NA,"SSEO"
"3520","p_pelagic","16",9,"2",0.199,0.199,0.199,0.199,NA,0,NA,"SSEO"
"3521","p_yellow","16",9,"1",0.427,0.427,0.427,0.427,NA,0,NA,"SSEO"
"3522","p_yellow","16",9,"2",0.404,0.404,0.404,0.404,NA,0,NA,"SSEO"
"3523","p_black","16",9,"1",0.986,0.986,0.986,0.986,NA,0,NA,"SSEO"
"3524","p_black","16",9,"2",0.975,0.975,0.975,0.975,NA,0,NA,"SSEO"
"3525","p_dsr","16",9,"1",0.548,0.548,0.548,0.548,NA,0,NA,"SSEO"
"3526","p_dsr","16",9,"2",0.527,0.527,0.527,0.527,NA,0,NA,"SSEO"
"3527","p_slope","16",9,"1",0.039,0.039,0.039,0.039,NA,0,NA,"SSEO"
"3528","p_slope","16",9,"2",0.057,0.057,0.057,0.057,NA,0,NA,"SSEO"
"3529","p_pelagic","2",1,"1",0.838,0.838,0.838,0.838,NA,0,NA,"NG"
"3530","p_pelagic","2",1,"2",0.759,0.759,0.759,0.759,NA,0,NA,"NG"
"3531","p_yellow","2",1,"1",0.751,0.751,0.751,0.751,NA,0,NA,"NG"
"3532","p_yellow","2",1,"2",0.786,0.786,0.786,0.786,NA,0,NA,"NG"
"3533","p_black","2",1,"1",0.861,0.861,0.861,0.861,NA,0,NA,"NG"
"3534","p_black","2",1,"2",0.889,0.889,0.889,0.889,NA,0,NA,"NG"
"3535","p_pelagic","2",10,"1",0.841,0.841,0.841,0.841,NA,0,NA,"NG"
"3536","p_pelagic","2",10,"2",0.76,0.76,0.76,0.76,NA,0,NA,"NG"
"3537","p_yellow","2",10,"1",0.753,0.753,0.753,0.753,NA,0,NA,"NG"
"3538","p_yellow","2",10,"2",0.785,0.785,0.785,0.785,NA,0,NA,"NG"
"3539","p_black","2",10,"1",0.858,0.858,0.858,0.858,NA,0,NA,"NG"
"3540","p_black","2",10,"2",0.887,0.887,0.887,0.887,NA,0,NA,"NG"
"3541","p_pelagic","2",11,"1",0.838,0.838,0.838,0.838,NA,0,NA,"NG"
"3542","p_pelagic","2",11,"2",0.758,0.758,0.758,0.758,NA,0,NA,"NG"
"3543","p_yellow","2",11,"1",0.752,0.752,0.752,0.752,NA,0,NA,"NG"
"3544","p_yellow","2",11,"2",0.785,0.785,0.785,0.785,NA,0,NA,"NG"
"3545","p_black","2",11,"1",0.862,0.862,0.862,0.862,NA,0,NA,"NG"
"3546","p_black","2",11,"2",0.887,0.887,0.887,0.887,NA,0,NA,"NG"
"3547","p_pelagic","2",12,"1",0.841,0.841,0.841,0.841,NA,0,NA,"NG"
"3548","p_pelagic","2",12,"2",0.757,0.757,0.757,0.757,NA,0,NA,"NG"
"3549","p_yellow","2",12,"1",0.755,0.755,0.755,0.755,NA,0,NA,"NG"
"3550","p_yellow","2",12,"2",0.788,0.788,0.788,0.788,NA,0,NA,"NG"
"3551","p_black","2",12,"1",0.856,0.856,0.856,0.856,NA,0,NA,"NG"
"3552","p_black","2",12,"2",0.885,0.885,0.885,0.885,NA,0,NA,"NG"
"3553","p_pelagic","2",13,"1",0.84,0.84,0.84,0.84,NA,0,NA,"NG"
"3554","p_pelagic","2",13,"2",0.759,0.759,0.759,0.759,NA,0,NA,"NG"
"3555","p_yellow","2",13,"1",0.758,0.758,0.758,0.758,NA,0,NA,"NG"
"3556","p_yellow","2",13,"2",0.786,0.786,0.786,0.786,NA,0,NA,"NG"
"3557","p_black","2",13,"1",0.857,0.857,0.857,0.857,NA,0,NA,"NG"
"3558","p_black","2",13,"2",0.886,0.886,0.886,0.886,NA,0,NA,"NG"
"3559","p_pelagic","2",14,"1",0.839,0.839,0.839,0.839,NA,0,NA,"NG"
"3560","p_pelagic","2",14,"2",0.757,0.757,0.757,0.757,NA,0,NA,"NG"
"3561","p_yellow","2",14,"1",0.752,0.752,0.752,0.752,NA,0,NA,"NG"
"3562","p_yellow","2",14,"2",0.787,0.787,0.787,0.787,NA,0,NA,"NG"
"3563","p_black","2",14,"1",0.862,0.862,0.862,0.862,NA,0,NA,"NG"
"3564","p_black","2",14,"2",0.887,0.887,0.887,0.887,NA,0,NA,"NG"
"3565","p_pelagic","2",15,"1",0.838,0.838,0.838,0.838,NA,0,NA,"NG"
"3566","p_pelagic","2",15,"2",0.754,0.754,0.754,0.754,NA,0,NA,"NG"
"3567","p_yellow","2",15,"1",0.751,0.751,0.751,0.751,NA,0,NA,"NG"
"3568","p_yellow","2",15,"2",0.791,0.791,0.791,0.791,NA,0,NA,"NG"
"3569","p_black","2",15,"1",0.861,0.861,0.861,0.861,NA,0,NA,"NG"
"3570","p_black","2",15,"2",0.886,0.886,0.886,0.886,NA,0,NA,"NG"
"3571","p_pelagic","2",16,"1",0.837,0.837,0.837,0.837,NA,0,NA,"NG"
"3572","p_pelagic","2",16,"2",0.757,0.757,0.757,0.757,NA,0,NA,"NG"
"3573","p_yellow","2",16,"1",0.757,0.757,0.757,0.757,NA,0,NA,"NG"
"3574","p_yellow","2",16,"2",0.789,0.789,0.789,0.789,NA,0,NA,"NG"
"3575","p_black","2",16,"1",0.859,0.859,0.859,0.859,NA,0,NA,"NG"
"3576","p_black","2",16,"2",0.887,0.887,0.887,0.887,NA,0,NA,"NG"
"3577","p_pelagic","2",17,"1",0.836,0.836,0.836,0.836,NA,0,NA,"NG"
"3578","p_pelagic","2",17,"2",0.757,0.757,0.757,0.757,NA,0,NA,"NG"
"3579","p_yellow","2",17,"1",0.751,0.751,0.751,0.751,NA,0,NA,"NG"
"3580","p_yellow","2",17,"2",0.783,0.783,0.783,0.783,NA,0,NA,"NG"
"3581","p_black","2",17,"1",0.861,0.861,0.861,0.861,NA,0,NA,"NG"
"3582","p_black","2",17,"2",0.886,0.886,0.886,0.886,NA,0,NA,"NG"
"3583","p_pelagic","2",18,"1",0.837,0.837,0.837,0.837,NA,0,NA,"NG"
"3584","p_pelagic","2",18,"2",0.76,0.76,0.76,0.76,NA,0,NA,"NG"
"3585","p_yellow","2",18,"1",0.752,0.752,0.752,0.752,NA,0,NA,"NG"
"3586","p_yellow","2",18,"2",0.785,0.785,0.785,0.785,NA,0,NA,"NG"
"3587","p_black","2",18,"1",0.862,0.862,0.862,0.862,NA,0,NA,"NG"
"3588","p_black","2",18,"2",0.884,0.884,0.884,0.884,NA,0,NA,"NG"
"3589","p_pelagic","2",19,"1",0.837,0.837,0.837,0.837,NA,0,NA,"NG"
"3590","p_pelagic","2",19,"2",0.752,0.752,0.752,0.752,NA,0,NA,"NG"
"3591","p_yellow","2",19,"1",0.755,0.755,0.755,0.755,NA,0,NA,"NG"
"3592","p_yellow","2",19,"2",0.79,0.79,0.79,0.79,NA,0,NA,"NG"
"3593","p_black","2",19,"1",0.854,0.854,0.854,0.854,NA,0,NA,"NG"
"3594","p_black","2",19,"2",0.885,0.885,0.885,0.885,NA,0,NA,"NG"
"3595","p_pelagic","2",2,"1",0.841,0.841,0.841,0.841,NA,0,NA,"NG"
"3596","p_pelagic","2",2,"2",0.759,0.759,0.759,0.759,NA,0,NA,"NG"
"3597","p_yellow","2",2,"1",0.758,0.758,0.758,0.758,NA,0,NA,"NG"
"3598","p_yellow","2",2,"2",0.786,0.786,0.786,0.786,NA,0,NA,"NG"
"3599","p_black","2",2,"1",0.856,0.856,0.856,0.856,NA,0,NA,"NG"
"3600","p_black","2",2,"2",0.889,0.889,0.889,0.889,NA,0,NA,"NG"
"3601","p_pelagic","2",20,"1",0.842,0.842,0.842,0.842,NA,0,NA,"NG"
"3602","p_pelagic","2",20,"2",0.769,0.769,0.769,0.769,NA,0,NA,"NG"
"3603","p_yellow","2",20,"1",0.853,0.853,0.853,0.853,NA,0,NA,"NG"
"3604","p_yellow","2",20,"2",0.645,0.645,0.645,0.645,NA,0,NA,"NG"
"3605","p_black","2",20,"1",0.957,0.957,0.957,0.957,NA,0,NA,"NG"
"3606","p_black","2",20,"2",0.873,0.873,0.873,0.873,NA,0,NA,"NG"
"3607","p_pelagic","2",21,"1",0.419,0.419,0.419,0.419,NA,0,NA,"NG"
"3608","p_pelagic","2",21,"2",0.849,0.849,0.849,0.849,NA,0,NA,"NG"
"3609","p_yellow","2",21,"1",0.871,0.871,0.871,0.871,NA,0,NA,"NG"
"3610","p_yellow","2",21,"2",0.865,0.865,0.865,0.865,NA,0,NA,"NG"
"3611","p_black","2",21,"1",0.791,0.791,0.791,0.791,NA,0,NA,"NG"
"3612","p_black","2",21,"2",0.965,0.965,0.965,0.965,NA,0,NA,"NG"
"3613","p_pelagic","2",22,"1",0.752,0.752,0.752,0.752,NA,0,NA,"NG"
"3614","p_pelagic","2",22,"2",0.827,0.827,0.827,0.827,NA,0,NA,"NG"
"3615","p_yellow","2",22,"1",0.847,0.847,0.847,0.847,NA,0,NA,"NG"
"3616","p_yellow","2",22,"2",0.691,0.691,0.691,0.691,NA,0,NA,"NG"
"3617","p_black","2",22,"1",0.881,0.881,0.881,0.881,NA,0,NA,"NG"
"3618","p_black","2",22,"2",0.892,0.892,0.892,0.892,NA,0,NA,"NG"
"3619","p_pelagic","2",23,"1",0.808,0.808,0.808,0.808,NA,0,NA,"NG"
"3620","p_pelagic","2",23,"2",0.68,0.68,0.68,0.68,NA,0,NA,"NG"
"3621","p_yellow","2",23,"1",0.873,0.873,0.873,0.873,NA,0,NA,"NG"
"3622","p_yellow","2",23,"2",0.514,0.514,0.514,0.514,NA,0,NA,"NG"
"3623","p_black","2",23,"1",0.824,0.824,0.824,0.824,NA,0,NA,"NG"
"3624","p_black","2",23,"2",0.933,0.933,0.933,0.933,NA,0,NA,"NG"
"3625","p_pelagic","2",24,"1",0.763,0.763,0.763,0.763,NA,0,NA,"NG"
"3626","p_pelagic","2",24,"2",0.793,0.793,0.793,0.793,NA,0,NA,"NG"
"3627","p_yellow","2",24,"1",0.863,0.863,0.863,0.863,NA,0,NA,"NG"
"3628","p_yellow","2",24,"2",0.551,0.551,0.551,0.551,NA,0,NA,"NG"
"3629","p_black","2",24,"1",0.83,0.83,0.83,0.83,NA,0,NA,"NG"
"3630","p_black","2",24,"2",0.898,0.898,0.898,0.898,NA,0,NA,"NG"
"3631","p_pelagic","2",25,"1",0.839,0.839,0.839,0.839,NA,0,NA,"NG"
"3632","p_pelagic","2",25,"2",0.762,0.762,0.762,0.762,NA,0,NA,"NG"
"3633","p_yellow","2",25,"1",0.812,0.812,0.812,0.812,NA,0,NA,"NG"
"3634","p_yellow","2",25,"2",0.853,0.853,0.853,0.853,NA,0,NA,"NG"
"3635","p_black","2",25,"1",0.813,0.813,0.813,0.813,NA,0,NA,"NG"
"3636","p_black","2",25,"2",0.931,0.931,0.931,0.931,NA,0,NA,"NG"
"3637","p_pelagic","2",26,"1",0.85,0.85,0.85,0.85,NA,0,NA,"NG"
"3638","p_pelagic","2",26,"2",0.877,0.877,0.877,0.877,NA,0,NA,"NG"
"3639","p_yellow","2",26,"1",0.81,0.81,0.81,0.81,NA,0,NA,"NG"
"3640","p_yellow","2",26,"2",0.673,0.673,0.673,0.673,NA,0,NA,"NG"
"3641","p_black","2",26,"1",0.902,0.902,0.902,0.902,NA,0,NA,"NG"
"3642","p_black","2",26,"2",0.88,0.88,0.88,0.88,NA,0,NA,"NG"
"3643","p_pelagic","2",27,"1",0.79,0.79,0.79,0.79,NA,0,NA,"NG"
"3644","p_pelagic","2",27,"2",0.858,0.858,0.858,0.858,NA,0,NA,"NG"
"3645","p_yellow","2",27,"1",0.876,0.876,0.876,0.876,NA,0,NA,"NG"
"3646","p_yellow","2",27,"2",0.875,0.875,0.875,0.875,NA,0,NA,"NG"
"3647","p_black","2",27,"1",0.801,0.801,0.801,0.801,NA,0,NA,"NG"
"3648","p_black","2",27,"2",0.909,0.909,0.909,0.909,NA,0,NA,"NG"
"3649","p_pelagic","2",28,"1",0.806,0.806,0.806,0.806,NA,0,NA,"NG"
"3650","p_pelagic","2",28,"2",0.739,0.739,0.739,0.739,NA,0,NA,"NG"
"3651","p_yellow","2",28,"1",0.838,0.838,0.838,0.838,NA,0,NA,"NG"
"3652","p_yellow","2",28,"2",0.738,0.738,0.738,0.738,NA,0,NA,"NG"
"3653","p_black","2",28,"1",0.9,0.9,0.9,0.9,NA,0,NA,"NG"
"3654","p_black","2",28,"2",0.921,0.921,0.921,0.921,NA,0,NA,"NG"
"3655","p_pelagic","2",29,"1",0.79,0.79,0.79,0.79,NA,0,NA,"NG"
"3656","p_pelagic","2",29,"2",0.699,0.699,0.699,0.699,NA,0,NA,"NG"
"3657","p_yellow","2",29,"1",0.718,0.718,0.718,0.718,NA,0,NA,"NG"
"3658","p_yellow","2",29,"2",0.563,0.563,0.563,0.563,NA,0,NA,"NG"
"3659","p_black","2",29,"1",0.913,0.913,0.913,0.913,NA,0,NA,"NG"
"3660","p_black","2",29,"2",0.856,0.856,0.856,0.856,NA,0,NA,"NG"
"3661","p_pelagic","2",3,"1",0.84,0.84,0.84,0.84,NA,0,NA,"NG"
"3662","p_pelagic","2",3,"2",0.758,0.758,0.758,0.758,NA,0,NA,"NG"
"3663","p_yellow","2",3,"1",0.753,0.753,0.753,0.753,NA,0,NA,"NG"
"3664","p_yellow","2",3,"2",0.786,0.786,0.786,0.786,NA,0,NA,"NG"
"3665","p_black","2",3,"1",0.857,0.857,0.857,0.857,NA,0,NA,"NG"
"3666","p_black","2",3,"2",0.883,0.883,0.883,0.883,NA,0,NA,"NG"
"3667","p_pelagic","2",30,"1",0.791,0.791,0.791,0.791,NA,0,NA,"NG"
"3668","p_pelagic","2",30,"2",0.689,0.689,0.689,0.689,NA,0,NA,"NG"
"3669","p_yellow","2",30,"1",0.696,0.696,0.696,0.696,NA,0,NA,"NG"
"3670","p_yellow","2",30,"2",0.62,0.62,0.62,0.62,NA,0,NA,"NG"
"3671","p_black","2",30,"1",0.903,0.903,0.903,0.903,NA,0,NA,"NG"
"3672","p_black","2",30,"2",0.91,0.91,0.91,0.91,NA,0,NA,"NG"
"3673","p_pelagic","2",31,"1",0.827,0.827,0.827,0.827,NA,0,NA,"NG"
"3674","p_pelagic","2",31,"2",0.777,0.777,0.777,0.777,NA,0,NA,"NG"
"3675","p_yellow","2",31,"1",0.721,0.721,0.721,0.721,NA,0,NA,"NG"
"3676","p_yellow","2",31,"2",0.616,0.616,0.616,0.616,NA,0,NA,"NG"
"3677","p_black","2",31,"1",0.953,0.953,0.953,0.953,NA,0,NA,"NG"
"3678","p_black","2",31,"2",0.873,0.873,0.873,0.873,NA,0,NA,"NG"
"3679","p_pelagic","2",32,"1",0.815,0.815,0.815,0.815,NA,0,NA,"NG"
"3680","p_pelagic","2",32,"2",0.748,0.748,0.748,0.748,NA,0,NA,"NG"
"3681","p_yellow","2",32,"1",0.714,0.714,0.714,0.714,NA,0,NA,"NG"
"3682","p_yellow","2",32,"2",0.578,0.578,0.578,0.578,NA,0,NA,"NG"
"3683","p_black","2",32,"1",0.955,0.955,0.955,0.955,NA,0,NA,"NG"
"3684","p_black","2",32,"2",0.907,0.907,0.907,0.907,NA,0,NA,"NG"
"3685","p_pelagic","2",33,"1",0.846,0.846,0.846,0.846,NA,0,NA,"NG"
"3686","p_pelagic","2",33,"2",0.81,0.81,0.81,0.81,NA,0,NA,"NG"
"3687","p_yellow","2",33,"1",0.76,0.76,0.76,0.76,NA,0,NA,"NG"
"3688","p_yellow","2",33,"2",0.437,0.437,0.437,0.437,NA,0,NA,"NG"
"3689","p_black","2",33,"1",0.825,0.825,0.825,0.825,NA,0,NA,"NG"
"3690","p_black","2",33,"2",0.884,0.884,0.884,0.884,NA,0,NA,"NG"
"3691","p_pelagic","2",34,"1",0.77,0.77,0.77,0.77,NA,0,NA,"NG"
"3692","p_pelagic","2",34,"2",0.752,0.752,0.752,0.752,NA,0,NA,"NG"
"3693","p_yellow","2",34,"1",0.565,0.565,0.565,0.565,NA,0,NA,"NG"
"3694","p_yellow","2",34,"2",0.529,0.529,0.529,0.529,NA,0,NA,"NG"
"3695","p_black","2",34,"1",0.833,0.833,0.833,0.833,NA,0,NA,"NG"
"3696","p_black","2",34,"2",0.881,0.881,0.881,0.881,NA,0,NA,"NG"
"3697","p_pelagic","2",35,"1",0.815,0.815,0.815,0.815,NA,0,NA,"NG"
"3698","p_pelagic","2",35,"2",0.685,0.685,0.685,0.685,NA,0,NA,"NG"
"3699","p_yellow","2",35,"1",0.638,0.638,0.638,0.638,NA,0,NA,"NG"
"3700","p_yellow","2",35,"2",0.521,0.521,0.521,0.521,NA,0,NA,"NG"
"3701","p_black","2",35,"1",0.797,0.797,0.797,0.797,NA,0,NA,"NG"
"3702","p_black","2",35,"2",0.891,0.891,0.891,0.891,NA,0,NA,"NG"
"3703","p_pelagic","2",36,"1",0.794,0.794,0.794,0.794,NA,0,NA,"NG"
"3704","p_pelagic","2",36,"2",0.767,0.767,0.767,0.767,NA,0,NA,"NG"
"3705","p_yellow","2",36,"1",0.592,0.592,0.592,0.592,NA,0,NA,"NG"
"3706","p_yellow","2",36,"2",0.625,0.625,0.625,0.625,NA,0,NA,"NG"
"3707","p_black","2",36,"1",0.892,0.892,0.892,0.892,NA,0,NA,"NG"
"3708","p_black","2",36,"2",0.945,0.945,0.945,0.945,NA,0,NA,"NG"
"3709","p_pelagic","2",37,"1",0.826,0.826,0.826,0.826,NA,0,NA,"NG"
"3710","p_pelagic","2",37,"2",0.84,0.84,0.84,0.84,NA,0,NA,"NG"
"3711","p_yellow","2",37,"1",0.648,0.648,0.648,0.648,NA,0,NA,"NG"
"3712","p_yellow","2",37,"2",0.684,0.684,0.684,0.684,NA,0,NA,"NG"
"3713","p_black","2",37,"1",0.807,0.807,0.807,0.807,NA,0,NA,"NG"
"3714","p_black","2",37,"2",0.924,0.924,0.924,0.924,NA,0,NA,"NG"
"3715","p_pelagic","2",38,"1",0.862,0.862,0.862,0.862,NA,0,NA,"NG"
"3716","p_pelagic","2",38,"2",0.755,0.755,0.755,0.755,NA,0,NA,"NG"
"3717","p_yellow","2",38,"1",0.571,0.571,0.571,0.571,NA,0,NA,"NG"
"3718","p_yellow","2",38,"2",0.602,0.602,0.602,0.602,NA,0,NA,"NG"
"3719","p_black","2",38,"1",0.848,0.848,0.848,0.848,NA,0,NA,"NG"
"3720","p_black","2",38,"2",0.899,0.899,0.899,0.899,NA,0,NA,"NG"
"3721","p_pelagic","2",39,"1",0.866,0.866,0.866,0.866,NA,0,NA,"NG"
"3722","p_pelagic","2",39,"2",0.805,0.805,0.805,0.805,NA,0,NA,"NG"
"3723","p_yellow","2",39,"1",0.534,0.534,0.534,0.534,NA,0,NA,"NG"
"3724","p_yellow","2",39,"2",0.619,0.619,0.619,0.619,NA,0,NA,"NG"
"3725","p_black","2",39,"1",0.848,0.848,0.848,0.848,NA,0,NA,"NG"
"3726","p_black","2",39,"2",0.894,0.894,0.894,0.894,NA,0,NA,"NG"
"3727","p_pelagic","2",4,"1",0.84,0.84,0.84,0.84,NA,0,NA,"NG"
"3728","p_pelagic","2",4,"2",0.758,0.758,0.758,0.758,NA,0,NA,"NG"
"3729","p_yellow","2",4,"1",0.753,0.753,0.753,0.753,NA,0,NA,"NG"
"3730","p_yellow","2",4,"2",0.785,0.785,0.785,0.785,NA,0,NA,"NG"
"3731","p_black","2",4,"1",0.855,0.855,0.855,0.855,NA,0,NA,"NG"
"3732","p_black","2",4,"2",0.885,0.885,0.885,0.885,NA,0,NA,"NG"
"3733","p_pelagic","2",40,"1",0.863,0.863,0.863,0.863,NA,0,NA,"NG"
"3734","p_pelagic","2",40,"2",0.781,0.781,0.781,0.781,NA,0,NA,"NG"
"3735","p_yellow","2",40,"1",0.519,0.519,0.519,0.519,NA,0,NA,"NG"
"3736","p_yellow","2",40,"2",0.562,0.562,0.562,0.562,NA,0,NA,"NG"
"3737","p_black","2",40,"1",0.852,0.852,0.852,0.852,NA,0,NA,"NG"
"3738","p_black","2",40,"2",0.86,0.86,0.86,0.86,NA,0,NA,"NG"
"3739","p_pelagic","2",41,"1",0.836,0.836,0.836,0.836,NA,0,NA,"NG"
"3740","p_pelagic","2",41,"2",0.791,0.791,0.791,0.791,NA,0,NA,"NG"
"3741","p_yellow","2",41,"1",0.537,0.537,0.537,0.537,NA,0,NA,"NG"
"3742","p_yellow","2",41,"2",0.542,0.542,0.542,0.542,NA,0,NA,"NG"
"3743","p_black","2",41,"1",0.841,0.841,0.841,0.841,NA,0,NA,"NG"
"3744","p_black","2",41,"2",0.84,0.84,0.84,0.84,NA,0,NA,"NG"
"3745","p_pelagic","2",42,"1",0.834,0.834,0.834,0.834,NA,0,NA,"NG"
"3746","p_pelagic","2",42,"2",0.692,0.692,0.692,0.692,NA,0,NA,"NG"
"3747","p_yellow","2",42,"1",0.514,0.514,0.514,0.514,NA,0,NA,"NG"
"3748","p_yellow","2",42,"2",0.616,0.616,0.616,0.616,NA,0,NA,"NG"
"3749","p_black","2",42,"1",0.848,0.848,0.848,0.848,NA,0,NA,"NG"
"3750","p_black","2",42,"2",0.786,0.786,0.786,0.786,NA,0,NA,"NG"
"3751","p_pelagic","2",43,"1",0.852,0.852,0.852,0.852,NA,0,NA,"NG"
"3752","p_pelagic","2",43,"2",0.7,0.7,0.7,0.7,NA,0,NA,"NG"
"3753","p_yellow","2",43,"1",0.602,0.602,0.602,0.602,NA,0,NA,"NG"
"3754","p_yellow","2",43,"2",0.646,0.646,0.646,0.646,NA,0,NA,"NG"
"3755","p_black","2",43,"1",0.763,0.763,0.763,0.763,NA,0,NA,"NG"
"3756","p_black","2",43,"2",0.762,0.762,0.762,0.762,NA,0,NA,"NG"
"3757","p_pelagic","2",44,"1",0.856,0.856,0.853,0.859,1.003,0.002,0,"NG"
"3758","p_pelagic","2",44,"2",0.649,0.649,0.593,0.704,1,0.029,0,"NG"
"3759","p_yellow","2",44,"1",0.587,0.587,0.575,0.6,1,0.006,0,"NG"
"3760","p_yellow","2",44,"2",0.584,0.586,0.485,0.683,1,0.051,-0.039,"NG"
"3761","p_black","2",44,"1",0.839,0.839,0.806,0.87,1,0.016,0,"NG"
"3762","p_black","2",44,"2",0.879,0.881,0.828,0.921,1.001,0.024,-0.084,"NG"
"3763","p_pelagic","2",45,"1",0.882,0.882,0.88,0.884,1,0.001,0,"NG"
"3764","p_pelagic","2",45,"2",0.793,0.795,0.731,0.849,1.002,0.03,-0.066,"NG"
"3765","p_yellow","2",45,"1",0.557,0.557,0.547,0.567,1.001,0.005,0,"NG"
"3766","p_yellow","2",45,"2",0.663,0.668,0.505,0.804,1.001,0.076,-0.066,"NG"
"3767","p_black","2",45,"1",0.911,0.911,0.888,0.93,1.001,0.011,0,"NG"
"3768","p_black","2",45,"2",0.903,0.905,0.851,0.944,1,0.024,-0.082,"NG"
"3769","p_pelagic","2",46,"1",0.887,0.887,0.885,0.89,1.001,0.001,0,"NG"
"3770","p_pelagic","2",46,"2",0.804,0.805,0.761,0.845,1,0.021,-0.047,"NG"
"3771","p_yellow","2",46,"1",0.492,0.492,0.483,0.502,1,0.005,0,"NG"
"3772","p_yellow","2",46,"2",0.622,0.626,0.498,0.737,1,0.061,-0.065,"NG"
"3773","p_black","2",46,"1",0.854,0.855,0.829,0.877,1.001,0.012,-0.08,"NG"
"3774","p_black","2",46,"2",0.909,0.91,0.872,0.94,1,0.017,-0.058,"NG"
"3775","p_pelagic","2",47,"1",0.869,0.869,0.866,0.871,1,0.001,0,"NG"
"3776","p_pelagic","2",47,"2",0.843,0.843,0.803,0.877,1.002,0.019,0,"NG"
"3777","p_yellow","2",47,"1",0.529,0.529,0.519,0.54,1,0.005,0,"NG"
"3778","p_yellow","2",47,"2",0.533,0.535,0.4,0.655,1,0.065,-0.031,"NG"
"3779","p_black","2",47,"1",0.928,0.928,0.903,0.948,1.001,0.011,0,"NG"
"3780","p_black","2",47,"2",0.887,0.887,0.849,0.919,1,0.018,0,"NG"
"3781","p_pelagic","2",48,"1",0.84,0.84,0.837,0.843,1,0.001,0,"NG"
"3782","p_pelagic","2",48,"2",0.656,0.655,0.608,0.703,1,0.025,0.041,"NG"
"3783","p_yellow","2",48,"1",0.569,0.569,0.56,0.578,1,0.005,0,"NG"
"3784","p_yellow","2",48,"2",0.629,0.63,0.545,0.708,1,0.042,-0.024,"NG"
"3785","p_black","2",48,"1",0.879,0.879,0.852,0.904,1.001,0.013,0,"NG"
"3786","p_black","2",48,"2",0.885,0.886,0.842,0.922,1,0.02,-0.05,"NG"
"3787","p_pelagic","2",49,"1",0.813,0.813,0.81,0.816,1,0.002,0,"NG"
"3788","p_pelagic","2",49,"2",0.79,0.79,0.752,0.826,1.001,0.019,0,"NG"
"3789","p_yellow","2",49,"1",0.539,0.539,0.529,0.548,1.001,0.005,0,"NG"
"3790","p_yellow","2",49,"2",0.579,0.579,0.475,0.678,1.001,0.052,0,"NG"
"3791","p_black","2",49,"1",0.852,0.852,0.829,0.873,1,0.011,0,"NG"
"3792","p_black","2",49,"2",0.92,0.921,0.888,0.946,1.001,0.015,-0.069,"NG"
"3793","p_pelagic","2",5,"1",0.839,0.839,0.839,0.839,NA,0,NA,"NG"
"3794","p_pelagic","2",5,"2",0.764,0.764,0.764,0.764,NA,0,NA,"NG"
"3795","p_yellow","2",5,"1",0.755,0.755,0.755,0.755,NA,0,NA,"NG"
"3796","p_yellow","2",5,"2",0.787,0.787,0.787,0.787,NA,0,NA,"NG"
"3797","p_black","2",5,"1",0.859,0.859,0.859,0.859,NA,0,NA,"NG"
"3798","p_black","2",5,"2",0.885,0.885,0.885,0.885,NA,0,NA,"NG"
"3799","p_pelagic","2",6,"1",0.841,0.841,0.841,0.841,NA,0,NA,"NG"
"3800","p_pelagic","2",6,"2",0.76,0.76,0.76,0.76,NA,0,NA,"NG"
"3801","p_yellow","2",6,"1",0.752,0.752,0.752,0.752,NA,0,NA,"NG"
"3802","p_yellow","2",6,"2",0.784,0.784,0.784,0.784,NA,0,NA,"NG"
"3803","p_black","2",6,"1",0.86,0.86,0.86,0.86,NA,0,NA,"NG"
"3804","p_black","2",6,"2",0.885,0.885,0.885,0.885,NA,0,NA,"NG"
"3805","p_pelagic","2",7,"1",0.841,0.841,0.841,0.841,NA,0,NA,"NG"
"3806","p_pelagic","2",7,"2",0.76,0.76,0.76,0.76,NA,0,NA,"NG"
"3807","p_yellow","2",7,"1",0.757,0.757,0.757,0.757,NA,0,NA,"NG"
"3808","p_yellow","2",7,"2",0.789,0.789,0.789,0.789,NA,0,NA,"NG"
"3809","p_black","2",7,"1",0.86,0.86,0.86,0.86,NA,0,NA,"NG"
"3810","p_black","2",7,"2",0.887,0.887,0.887,0.887,NA,0,NA,"NG"
"3811","p_pelagic","2",8,"1",0.84,0.84,0.84,0.84,NA,0,NA,"NG"
"3812","p_pelagic","2",8,"2",0.759,0.759,0.759,0.759,NA,0,NA,"NG"
"3813","p_yellow","2",8,"1",0.756,0.756,0.756,0.756,NA,0,NA,"NG"
"3814","p_yellow","2",8,"2",0.787,0.787,0.787,0.787,NA,0,NA,"NG"
"3815","p_black","2",8,"1",0.858,0.858,0.858,0.858,NA,0,NA,"NG"
"3816","p_black","2",8,"2",0.889,0.889,0.889,0.889,NA,0,NA,"NG"
"3817","p_pelagic","2",9,"1",0.838,0.838,0.838,0.838,NA,0,NA,"NG"
"3818","p_pelagic","2",9,"2",0.758,0.758,0.758,0.758,NA,0,NA,"NG"
"3819","p_yellow","2",9,"1",0.755,0.755,0.755,0.755,NA,0,NA,"NG"
"3820","p_yellow","2",9,"2",0.787,0.787,0.787,0.787,NA,0,NA,"NG"
"3821","p_black","2",9,"1",0.858,0.858,0.858,0.858,NA,0,NA,"NG"
"3822","p_black","2",9,"2",0.885,0.885,0.885,0.885,NA,0,NA,"NG"
"3823","p_pelagic","3",1,"1",0.552,0.552,0.552,0.552,NA,0,NA,"PWSI"
"3824","p_pelagic","3",1,"2",0.167,0.167,0.167,0.167,NA,0,NA,"PWSI"
"3825","p_yellow","3",1,"1",0.545,0.545,0.545,0.545,NA,0,NA,"PWSI"
"3826","p_yellow","3",1,"2",0.603,0.603,0.603,0.603,NA,0,NA,"PWSI"
"3827","p_black","3",1,"1",0.74,0.74,0.74,0.74,NA,0,NA,"PWSI"
"3828","p_black","3",1,"2",0.629,0.629,0.629,0.629,NA,0,NA,"PWSI"
"3829","p_pelagic","3",10,"1",0.548,0.548,0.548,0.548,NA,0,NA,"PWSI"
"3830","p_pelagic","3",10,"2",0.168,0.168,0.168,0.168,NA,0,NA,"PWSI"
"3831","p_yellow","3",10,"1",0.543,0.543,0.543,0.543,NA,0,NA,"PWSI"
"3832","p_yellow","3",10,"2",0.61,0.61,0.61,0.61,NA,0,NA,"PWSI"
"3833","p_black","3",10,"1",0.74,0.74,0.74,0.74,NA,0,NA,"PWSI"
"3834","p_black","3",10,"2",0.63,0.63,0.63,0.63,NA,0,NA,"PWSI"
"3835","p_pelagic","3",11,"1",0.551,0.551,0.551,0.551,NA,0,NA,"PWSI"
"3836","p_pelagic","3",11,"2",0.168,0.168,0.168,0.168,NA,0,NA,"PWSI"
"3837","p_yellow","3",11,"1",0.544,0.544,0.544,0.544,NA,0,NA,"PWSI"
"3838","p_yellow","3",11,"2",0.605,0.605,0.605,0.605,NA,0,NA,"PWSI"
"3839","p_black","3",11,"1",0.744,0.744,0.744,0.744,NA,0,NA,"PWSI"
"3840","p_black","3",11,"2",0.635,0.635,0.635,0.635,NA,0,NA,"PWSI"
"3841","p_pelagic","3",12,"1",0.555,0.555,0.555,0.555,NA,0,NA,"PWSI"
"3842","p_pelagic","3",12,"2",0.169,0.169,0.169,0.169,NA,0,NA,"PWSI"
"3843","p_yellow","3",12,"1",0.549,0.549,0.549,0.549,NA,0,NA,"PWSI"
"3844","p_yellow","3",12,"2",0.605,0.605,0.605,0.605,NA,0,NA,"PWSI"
"3845","p_black","3",12,"1",0.744,0.744,0.744,0.744,NA,0,NA,"PWSI"
"3846","p_black","3",12,"2",0.631,0.631,0.631,0.631,NA,0,NA,"PWSI"
"3847","p_pelagic","3",13,"1",0.553,0.553,0.553,0.553,NA,0,NA,"PWSI"
"3848","p_pelagic","3",13,"2",0.168,0.168,0.168,0.168,NA,0,NA,"PWSI"
"3849","p_yellow","3",13,"1",0.547,0.547,0.547,0.547,NA,0,NA,"PWSI"
"3850","p_yellow","3",13,"2",0.608,0.608,0.608,0.608,NA,0,NA,"PWSI"
"3851","p_black","3",13,"1",0.748,0.748,0.748,0.748,NA,0,NA,"PWSI"
"3852","p_black","3",13,"2",0.632,0.632,0.632,0.632,NA,0,NA,"PWSI"
"3853","p_pelagic","3",14,"1",0.561,0.561,0.561,0.561,NA,0,NA,"PWSI"
"3854","p_pelagic","3",14,"2",0.175,0.175,0.175,0.175,NA,0,NA,"PWSI"
"3855","p_yellow","3",14,"1",0.541,0.541,0.541,0.541,NA,0,NA,"PWSI"
"3856","p_yellow","3",14,"2",0.597,0.597,0.597,0.597,NA,0,NA,"PWSI"
"3857","p_black","3",14,"1",0.748,0.748,0.748,0.748,NA,0,NA,"PWSI"
"3858","p_black","3",14,"2",0.634,0.634,0.634,0.634,NA,0,NA,"PWSI"
"3859","p_pelagic","3",15,"1",0.549,0.549,0.549,0.549,NA,0,NA,"PWSI"
"3860","p_pelagic","3",15,"2",0.167,0.167,0.167,0.167,NA,0,NA,"PWSI"
"3861","p_yellow","3",15,"1",0.548,0.548,0.548,0.548,NA,0,NA,"PWSI"
"3862","p_yellow","3",15,"2",0.63,0.63,0.63,0.63,NA,0,NA,"PWSI"
"3863","p_black","3",15,"1",0.744,0.744,0.744,0.744,NA,0,NA,"PWSI"
"3864","p_black","3",15,"2",0.634,0.634,0.634,0.634,NA,0,NA,"PWSI"
"3865","p_pelagic","3",16,"1",0.553,0.553,0.553,0.553,NA,0,NA,"PWSI"
"3866","p_pelagic","3",16,"2",0.169,0.169,0.169,0.169,NA,0,NA,"PWSI"
"3867","p_yellow","3",16,"1",0.539,0.539,0.539,0.539,NA,0,NA,"PWSI"
"3868","p_yellow","3",16,"2",0.612,0.612,0.612,0.612,NA,0,NA,"PWSI"
"3869","p_black","3",16,"1",0.743,0.743,0.743,0.743,NA,0,NA,"PWSI"
"3870","p_black","3",16,"2",0.637,0.637,0.637,0.637,NA,0,NA,"PWSI"
"3871","p_pelagic","3",17,"1",0.552,0.552,0.552,0.552,NA,0,NA,"PWSI"
"3872","p_pelagic","3",17,"2",0.168,0.168,0.168,0.168,NA,0,NA,"PWSI"
"3873","p_yellow","3",17,"1",0.546,0.546,0.546,0.546,NA,0,NA,"PWSI"
"3874","p_yellow","3",17,"2",0.614,0.614,0.614,0.614,NA,0,NA,"PWSI"
"3875","p_black","3",17,"1",0.748,0.748,0.748,0.748,NA,0,NA,"PWSI"
"3876","p_black","3",17,"2",0.633,0.633,0.633,0.633,NA,0,NA,"PWSI"
"3877","p_pelagic","3",18,"1",0.562,0.562,0.562,0.562,NA,0,NA,"PWSI"
"3878","p_pelagic","3",18,"2",0.174,0.174,0.174,0.174,NA,0,NA,"PWSI"
"3879","p_yellow","3",18,"1",0.546,0.546,0.546,0.546,NA,0,NA,"PWSI"
"3880","p_yellow","3",18,"2",0.608,0.608,0.608,0.608,NA,0,NA,"PWSI"
"3881","p_black","3",18,"1",0.741,0.741,0.741,0.741,NA,0,NA,"PWSI"
"3882","p_black","3",18,"2",0.624,0.624,0.624,0.624,NA,0,NA,"PWSI"
"3883","p_pelagic","3",19,"1",0.557,0.557,0.557,0.557,NA,0,NA,"PWSI"
"3884","p_pelagic","3",19,"2",0.172,0.172,0.172,0.172,NA,0,NA,"PWSI"
"3885","p_yellow","3",19,"1",0.548,0.548,0.548,0.548,NA,0,NA,"PWSI"
"3886","p_yellow","3",19,"2",0.607,0.607,0.607,0.607,NA,0,NA,"PWSI"
"3887","p_black","3",19,"1",0.743,0.743,0.743,0.743,NA,0,NA,"PWSI"
"3888","p_black","3",19,"2",0.641,0.641,0.641,0.641,NA,0,NA,"PWSI"
"3889","p_pelagic","3",2,"1",0.549,0.549,0.549,0.549,NA,0,NA,"PWSI"
"3890","p_pelagic","3",2,"2",0.168,0.168,0.168,0.168,NA,0,NA,"PWSI"
"3891","p_yellow","3",2,"1",0.545,0.545,0.545,0.545,NA,0,NA,"PWSI"
"3892","p_yellow","3",2,"2",0.607,0.607,0.607,0.607,NA,0,NA,"PWSI"
"3893","p_black","3",2,"1",0.741,0.741,0.741,0.741,NA,0,NA,"PWSI"
"3894","p_black","3",2,"2",0.627,0.627,0.627,0.627,NA,0,NA,"PWSI"
"3895","p_pelagic","3",20,"1",0.459,0.459,0.459,0.459,NA,0,NA,"PWSI"
"3896","p_pelagic","3",20,"2",0.221,0.221,0.221,0.221,NA,0,NA,"PWSI"
"3897","p_yellow","3",20,"1",0.394,0.394,0.394,0.394,NA,0,NA,"PWSI"
"3898","p_yellow","3",20,"2",0.233,0.233,0.233,0.233,NA,0,NA,"PWSI"
"3899","p_black","3",20,"1",0.895,0.895,0.895,0.895,NA,0,NA,"PWSI"
"3900","p_black","3",20,"2",0.638,0.638,0.638,0.638,NA,0,NA,"PWSI"
"3901","p_pelagic","3",21,"1",0.451,0.451,0.451,0.451,NA,0,NA,"PWSI"
"3902","p_pelagic","3",21,"2",0.174,0.174,0.174,0.174,NA,0,NA,"PWSI"
"3903","p_yellow","3",21,"1",0.696,0.696,0.696,0.696,NA,0,NA,"PWSI"
"3904","p_yellow","3",21,"2",0.552,0.552,0.552,0.552,NA,0,NA,"PWSI"
"3905","p_black","3",21,"1",0.91,0.91,0.91,0.91,NA,0,NA,"PWSI"
"3906","p_black","3",21,"2",0.348,0.348,0.348,0.348,NA,0,NA,"PWSI"
"3907","p_pelagic","3",22,"1",0.532,0.532,0.532,0.532,NA,0,NA,"PWSI"
"3908","p_pelagic","3",22,"2",0.132,0.132,0.132,0.132,NA,0,NA,"PWSI"
"3909","p_yellow","3",22,"1",0.813,0.813,0.813,0.813,NA,0,NA,"PWSI"
"3910","p_yellow","3",22,"2",0.763,0.763,0.763,0.763,NA,0,NA,"PWSI"
"3911","p_black","3",22,"1",0.93,0.93,0.93,0.93,NA,0,NA,"PWSI"
"3912","p_black","3",22,"2",0.703,0.703,0.703,0.703,NA,0,NA,"PWSI"
"3913","p_pelagic","3",23,"1",0.51,0.51,0.51,0.51,NA,0,NA,"PWSI"
"3914","p_pelagic","3",23,"2",0.128,0.128,0.128,0.128,NA,0,NA,"PWSI"
"3915","p_yellow","3",23,"1",0.657,0.657,0.657,0.657,NA,0,NA,"PWSI"
"3916","p_yellow","3",23,"2",0.709,0.709,0.709,0.709,NA,0,NA,"PWSI"
"3917","p_black","3",23,"1",0.778,0.778,0.778,0.778,NA,0,NA,"PWSI"
"3918","p_black","3",23,"2",0.368,0.368,0.368,0.368,NA,0,NA,"PWSI"
"3919","p_pelagic","3",24,"1",0.515,0.515,0.515,0.515,NA,0,NA,"PWSI"
"3920","p_pelagic","3",24,"2",0.218,0.218,0.218,0.218,NA,0,NA,"PWSI"
"3921","p_yellow","3",24,"1",0.43,0.43,0.43,0.43,NA,0,NA,"PWSI"
"3922","p_yellow","3",24,"2",0.532,0.532,0.532,0.532,NA,0,NA,"PWSI"
"3923","p_black","3",24,"1",0.416,0.416,0.416,0.416,NA,0,NA,"PWSI"
"3924","p_black","3",24,"2",0.577,0.577,0.577,0.577,NA,0,NA,"PWSI"
"3925","p_pelagic","3",25,"1",0.562,0.562,0.562,0.562,NA,0,NA,"PWSI"
"3926","p_pelagic","3",25,"2",0.226,0.226,0.226,0.226,NA,0,NA,"PWSI"
"3927","p_yellow","3",25,"1",0.453,0.453,0.453,0.453,NA,0,NA,"PWSI"
"3928","p_yellow","3",25,"2",0.566,0.566,0.566,0.566,NA,0,NA,"PWSI"
"3929","p_black","3",25,"1",0.737,0.737,0.737,0.737,NA,0,NA,"PWSI"
"3930","p_black","3",25,"2",0.861,0.861,0.861,0.861,NA,0,NA,"PWSI"
"3931","p_pelagic","3",26,"1",0.614,0.614,0.614,0.614,NA,0,NA,"PWSI"
"3932","p_pelagic","3",26,"2",0.309,0.309,0.309,0.309,NA,0,NA,"PWSI"
"3933","p_yellow","3",26,"1",0.607,0.607,0.607,0.607,NA,0,NA,"PWSI"
"3934","p_yellow","3",26,"2",0.505,0.505,0.505,0.505,NA,0,NA,"PWSI"
"3935","p_black","3",26,"1",0.747,0.747,0.747,0.747,NA,0,NA,"PWSI"
"3936","p_black","3",26,"2",0.669,0.669,0.669,0.669,NA,0,NA,"PWSI"
"3937","p_pelagic","3",27,"1",0.669,0.669,0.669,0.669,NA,0,NA,"PWSI"
"3938","p_pelagic","3",27,"2",0.23,0.23,0.23,0.23,NA,0,NA,"PWSI"
"3939","p_yellow","3",27,"1",0.662,0.662,0.662,0.662,NA,0,NA,"PWSI"
"3940","p_yellow","3",27,"2",0.531,0.531,0.531,0.531,NA,0,NA,"PWSI"
"3941","p_black","3",27,"1",0.584,0.584,0.584,0.584,NA,0,NA,"PWSI"
"3942","p_black","3",27,"2",0.514,0.514,0.514,0.514,NA,0,NA,"PWSI"
"3943","p_pelagic","3",28,"1",0.658,0.658,0.658,0.658,NA,0,NA,"PWSI"
"3944","p_pelagic","3",28,"2",0.166,0.166,0.166,0.166,NA,0,NA,"PWSI"
"3945","p_yellow","3",28,"1",0.674,0.674,0.674,0.674,NA,0,NA,"PWSI"
"3946","p_yellow","3",28,"2",0.532,0.532,0.532,0.532,NA,0,NA,"PWSI"
"3947","p_black","3",28,"1",0.815,0.815,0.815,0.815,NA,0,NA,"PWSI"
"3948","p_black","3",28,"2",0.265,0.265,0.265,0.265,NA,0,NA,"PWSI"
"3949","p_pelagic","3",29,"1",0.706,0.706,0.706,0.706,NA,0,NA,"PWSI"
"3950","p_pelagic","3",29,"2",0.176,0.176,0.176,0.176,NA,0,NA,"PWSI"
"3951","p_yellow","3",29,"1",0.661,0.661,0.661,0.661,NA,0,NA,"PWSI"
"3952","p_yellow","3",29,"2",0.649,0.649,0.649,0.649,NA,0,NA,"PWSI"
"3953","p_black","3",29,"1",0.766,0.766,0.766,0.766,NA,0,NA,"PWSI"
"3954","p_black","3",29,"2",0.187,0.187,0.187,0.187,NA,0,NA,"PWSI"
"3955","p_pelagic","3",3,"1",0.549,0.549,0.549,0.549,NA,0,NA,"PWSI"
"3956","p_pelagic","3",3,"2",0.168,0.168,0.168,0.168,NA,0,NA,"PWSI"
"3957","p_yellow","3",3,"1",0.551,0.551,0.551,0.551,NA,0,NA,"PWSI"
"3958","p_yellow","3",3,"2",0.613,0.613,0.613,0.613,NA,0,NA,"PWSI"
"3959","p_black","3",3,"1",0.743,0.743,0.743,0.743,NA,0,NA,"PWSI"
"3960","p_black","3",3,"2",0.624,0.624,0.624,0.624,NA,0,NA,"PWSI"
"3961","p_pelagic","3",30,"1",0.589,0.589,0.589,0.589,NA,0,NA,"PWSI"
"3962","p_pelagic","3",30,"2",0.196,0.196,0.196,0.196,NA,0,NA,"PWSI"
"3963","p_yellow","3",30,"1",0.636,0.636,0.636,0.636,NA,0,NA,"PWSI"
"3964","p_yellow","3",30,"2",0.588,0.588,0.588,0.588,NA,0,NA,"PWSI"
"3965","p_black","3",30,"1",0.751,0.751,0.751,0.751,NA,0,NA,"PWSI"
"3966","p_black","3",30,"2",0.655,0.655,0.655,0.655,NA,0,NA,"PWSI"
"3967","p_pelagic","3",31,"1",0.744,0.744,0.744,0.744,NA,0,NA,"PWSI"
"3968","p_pelagic","3",31,"2",0.366,0.366,0.366,0.366,NA,0,NA,"PWSI"
"3969","p_yellow","3",31,"1",0.619,0.619,0.619,0.619,NA,0,NA,"PWSI"
"3970","p_yellow","3",31,"2",0.625,0.625,0.625,0.625,NA,0,NA,"PWSI"
"3971","p_black","3",31,"1",0.863,0.863,0.863,0.863,NA,0,NA,"PWSI"
"3972","p_black","3",31,"2",0.699,0.699,0.699,0.699,NA,0,NA,"PWSI"
"3973","p_pelagic","3",32,"1",0.714,0.714,0.714,0.714,NA,0,NA,"PWSI"
"3974","p_pelagic","3",32,"2",0.357,0.357,0.357,0.357,NA,0,NA,"PWSI"
"3975","p_yellow","3",32,"1",0.567,0.567,0.567,0.567,NA,0,NA,"PWSI"
"3976","p_yellow","3",32,"2",0.46,0.46,0.46,0.46,NA,0,NA,"PWSI"
"3977","p_black","3",32,"1",0.782,0.782,0.782,0.782,NA,0,NA,"PWSI"
"3978","p_black","3",32,"2",0.486,0.486,0.486,0.486,NA,0,NA,"PWSI"
"3979","p_pelagic","3",33,"1",0.723,0.723,0.723,0.723,NA,0,NA,"PWSI"
"3980","p_pelagic","3",33,"2",0.249,0.249,0.249,0.249,NA,0,NA,"PWSI"
"3981","p_yellow","3",33,"1",0.582,0.582,0.582,0.582,NA,0,NA,"PWSI"
"3982","p_yellow","3",33,"2",0.426,0.426,0.426,0.426,NA,0,NA,"PWSI"
"3983","p_black","3",33,"1",0.839,0.839,0.839,0.839,NA,0,NA,"PWSI"
"3984","p_black","3",33,"2",0.725,0.725,0.725,0.725,NA,0,NA,"PWSI"
"3985","p_pelagic","3",34,"1",0.671,0.671,0.671,0.671,NA,0,NA,"PWSI"
"3986","p_pelagic","3",34,"2",0.357,0.357,0.357,0.357,NA,0,NA,"PWSI"
"3987","p_yellow","3",34,"1",0.489,0.489,0.489,0.489,NA,0,NA,"PWSI"
"3988","p_yellow","3",34,"2",0.418,0.418,0.418,0.418,NA,0,NA,"PWSI"
"3989","p_black","3",34,"1",0.837,0.837,0.837,0.837,NA,0,NA,"PWSI"
"3990","p_black","3",34,"2",0.774,0.774,0.774,0.774,NA,0,NA,"PWSI"
"3991","p_pelagic","3",35,"1",0.714,0.714,0.714,0.714,NA,0,NA,"PWSI"
"3992","p_pelagic","3",35,"2",0.338,0.338,0.338,0.338,NA,0,NA,"PWSI"
"3993","p_yellow","3",35,"1",0.45,0.45,0.45,0.45,NA,0,NA,"PWSI"
"3994","p_yellow","3",35,"2",0.418,0.418,0.418,0.418,NA,0,NA,"PWSI"
"3995","p_black","3",35,"1",0.777,0.777,0.777,0.777,NA,0,NA,"PWSI"
"3996","p_black","3",35,"2",0.72,0.72,0.72,0.72,NA,0,NA,"PWSI"
"3997","p_pelagic","3",36,"1",0.68,0.68,0.68,0.68,NA,0,NA,"PWSI"
"3998","p_pelagic","3",36,"2",0.302,0.302,0.302,0.302,NA,0,NA,"PWSI"
"3999","p_yellow","3",36,"1",0.401,0.401,0.401,0.401,NA,0,NA,"PWSI"
"4000","p_yellow","3",36,"2",0.503,0.503,0.503,0.503,NA,0,NA,"PWSI"
"4001","p_black","3",36,"1",0.819,0.819,0.819,0.819,NA,0,NA,"PWSI"
"4002","p_black","3",36,"2",0.382,0.382,0.382,0.382,NA,0,NA,"PWSI"
"4003","p_pelagic","3",37,"1",0.761,0.761,0.761,0.761,NA,0,NA,"PWSI"
"4004","p_pelagic","3",37,"2",0.374,0.374,0.374,0.374,NA,0,NA,"PWSI"
"4005","p_yellow","3",37,"1",0.417,0.417,0.417,0.417,NA,0,NA,"PWSI"
"4006","p_yellow","3",37,"2",0.371,0.371,0.371,0.371,NA,0,NA,"PWSI"
"4007","p_black","3",37,"1",0.837,0.837,0.837,0.837,NA,0,NA,"PWSI"
"4008","p_black","3",37,"2",0.561,0.561,0.561,0.561,NA,0,NA,"PWSI"
"4009","p_pelagic","3",38,"1",0.719,0.719,0.719,0.719,NA,0,NA,"PWSI"
"4010","p_pelagic","3",38,"2",0.235,0.235,0.235,0.235,NA,0,NA,"PWSI"
"4011","p_yellow","3",38,"1",0.351,0.351,0.351,0.351,NA,0,NA,"PWSI"
"4012","p_yellow","3",38,"2",0.485,0.485,0.485,0.485,NA,0,NA,"PWSI"
"4013","p_black","3",38,"1",0.834,0.834,0.834,0.834,NA,0,NA,"PWSI"
"4014","p_black","3",38,"2",0.447,0.447,0.447,0.447,NA,0,NA,"PWSI"
"4015","p_pelagic","3",39,"1",0.738,0.738,0.738,0.738,NA,0,NA,"PWSI"
"4016","p_pelagic","3",39,"2",0.298,0.298,0.298,0.298,NA,0,NA,"PWSI"
"4017","p_yellow","3",39,"1",0.338,0.338,0.338,0.338,NA,0,NA,"PWSI"
"4018","p_yellow","3",39,"2",0.433,0.433,0.433,0.433,NA,0,NA,"PWSI"
"4019","p_black","3",39,"1",0.88,0.88,0.88,0.88,NA,0,NA,"PWSI"
"4020","p_black","3",39,"2",0.6,0.6,0.6,0.6,NA,0,NA,"PWSI"
"4021","p_pelagic","3",4,"1",0.552,0.552,0.552,0.552,NA,0,NA,"PWSI"
"4022","p_pelagic","3",4,"2",0.167,0.167,0.167,0.167,NA,0,NA,"PWSI"
"4023","p_yellow","3",4,"1",0.542,0.542,0.542,0.542,NA,0,NA,"PWSI"
"4024","p_yellow","3",4,"2",0.603,0.603,0.603,0.603,NA,0,NA,"PWSI"
"4025","p_black","3",4,"1",0.738,0.738,0.738,0.738,NA,0,NA,"PWSI"
"4026","p_black","3",4,"2",0.621,0.621,0.621,0.621,NA,0,NA,"PWSI"
"4027","p_pelagic","3",40,"1",0.767,0.767,0.767,0.767,NA,0,NA,"PWSI"
"4028","p_pelagic","3",40,"2",0.267,0.267,0.267,0.267,NA,0,NA,"PWSI"
"4029","p_yellow","3",40,"1",0.372,0.372,0.372,0.372,NA,0,NA,"PWSI"
"4030","p_yellow","3",40,"2",0.423,0.423,0.423,0.423,NA,0,NA,"PWSI"
"4031","p_black","3",40,"1",0.651,0.651,0.651,0.651,NA,0,NA,"PWSI"
"4032","p_black","3",40,"2",0.662,0.662,0.662,0.662,NA,0,NA,"PWSI"
"4033","p_pelagic","3",41,"1",0.707,0.707,0.707,0.707,NA,0,NA,"PWSI"
"4034","p_pelagic","3",41,"2",0.246,0.246,0.246,0.246,NA,0,NA,"PWSI"
"4035","p_yellow","3",41,"1",0.394,0.394,0.394,0.394,NA,0,NA,"PWSI"
"4036","p_yellow","3",41,"2",0.604,0.604,0.604,0.604,NA,0,NA,"PWSI"
"4037","p_black","3",41,"1",0.745,0.745,0.745,0.745,NA,0,NA,"PWSI"
"4038","p_black","3",41,"2",0.93,0.93,0.93,0.93,NA,0,NA,"PWSI"
"4039","p_pelagic","3",42,"1",0.719,0.719,0.719,0.719,NA,0,NA,"PWSI"
"4040","p_pelagic","3",42,"2",0.388,0.388,0.388,0.388,NA,0,NA,"PWSI"
"4041","p_yellow","3",42,"1",0.395,0.395,0.395,0.395,NA,0,NA,"PWSI"
"4042","p_yellow","3",42,"2",0.489,0.489,0.489,0.489,NA,0,NA,"PWSI"
"4043","p_black","3",42,"1",0.898,0.898,0.898,0.898,NA,0,NA,"PWSI"
"4044","p_black","3",42,"2",0.77,0.77,0.77,0.77,NA,0,NA,"PWSI"
"4045","p_pelagic","3",43,"1",0.749,0.749,0.749,0.749,NA,0,NA,"PWSI"
"4046","p_pelagic","3",43,"2",0.395,0.395,0.395,0.395,NA,0,NA,"PWSI"
"4047","p_yellow","3",43,"1",0.449,0.449,0.449,0.449,NA,0,NA,"PWSI"
"4048","p_yellow","3",43,"2",0.523,0.523,0.523,0.523,NA,0,NA,"PWSI"
"4049","p_black","3",43,"1",0.627,0.627,0.627,0.627,NA,0,NA,"PWSI"
"4050","p_black","3",43,"2",0.831,0.831,0.831,0.831,NA,0,NA,"PWSI"
"4051","p_pelagic","3",44,"1",0.743,0.743,0.734,0.752,1,0.005,0,"PWSI"
"4052","p_pelagic","3",44,"2",0.403,0.403,0.344,0.462,1,0.03,0,"PWSI"
"4053","p_yellow","3",44,"1",0.408,0.408,0.388,0.427,1,0.01,0,"PWSI"
"4054","p_yellow","3",44,"2",0.489,0.49,0.412,0.567,1,0.04,-0.025,"PWSI"
"4055","p_black","3",44,"1",0.563,0.563,0.51,0.617,1.001,0.027,0,"PWSI"
"4056","p_black","3",44,"2",0.757,0.759,0.676,0.832,1.001,0.04,-0.05,"PWSI"
"4057","p_pelagic","3",45,"1",0.784,0.784,0.777,0.789,1.001,0.003,0,"PWSI"
"4058","p_pelagic","3",45,"2",0.479,0.48,0.418,0.543,1.001,0.031,-0.032,"PWSI"
"4059","p_yellow","3",45,"1",0.38,0.38,0.364,0.395,1,0.008,0,"PWSI"
"4060","p_yellow","3",45,"2",0.448,0.448,0.365,0.533,1,0.043,0,"PWSI"
"4061","p_black","3",45,"1",0.726,0.727,0.678,0.774,1.002,0.024,-0.041,"PWSI"
"4062","p_black","3",45,"2",0.752,0.753,0.674,0.824,1.002,0.038,-0.026,"PWSI"
"4063","p_pelagic","3",46,"1",0.827,0.827,0.822,0.832,1,0.003,0,"PWSI"
"4064","p_pelagic","3",46,"2",0.251,0.25,0.208,0.296,1,0.022,0.045,"PWSI"
"4065","p_yellow","3",46,"1",0.363,0.363,0.348,0.378,1,0.008,0,"PWSI"
"4066","p_yellow","3",46,"2",0.451,0.45,0.395,0.509,1,0.029,0.034,"PWSI"
"4067","p_black","3",46,"1",0.696,0.697,0.666,0.725,1,0.015,-0.066,"PWSI"
"4068","p_black","3",46,"2",0.358,0.356,0.268,0.456,1.001,0.048,0.041,"PWSI"
"4069","p_pelagic","3",47,"1",0.809,0.809,0.803,0.815,1.001,0.003,0,"PWSI"
"4070","p_pelagic","3",47,"2",0.585,0.586,0.53,0.638,1.001,0.028,-0.036,"PWSI"
"4071","p_yellow","3",47,"1",0.261,0.261,0.245,0.275,1,0.008,0,"PWSI"
"4072","p_yellow","3",47,"2",0.273,0.272,0.2,0.354,1,0.039,0.026,"PWSI"
"4073","p_black","3",47,"1",0.752,0.753,0.693,0.806,1,0.029,-0.034,"PWSI"
"4074","p_black","3",47,"2",0.76,0.76,0.697,0.819,1,0.031,0,"PWSI"
"4075","p_pelagic","3",48,"1",0.774,0.774,0.767,0.781,1.002,0.004,0,"PWSI"
"4076","p_pelagic","3",48,"2",0.401,0.401,0.339,0.463,1,0.031,0,"PWSI"
"4077","p_yellow","3",48,"1",0.265,0.264,0.25,0.28,1,0.008,0.13,"PWSI"
"4078","p_yellow","3",48,"2",0.317,0.316,0.248,0.392,1.001,0.038,0.027,"PWSI"
"4079","p_black","3",48,"1",0.677,0.677,0.632,0.721,1,0.023,0,"PWSI"
"4080","p_black","3",48,"2",0.611,0.612,0.516,0.705,1.001,0.048,-0.021,"PWSI"
"4081","p_pelagic","3",49,"1",0.733,0.733,0.725,0.741,1,0.004,0,"PWSI"
"4082","p_pelagic","3",49,"2",0.439,0.438,0.369,0.511,1.001,0.036,0.028,"PWSI"
"4083","p_yellow","3",49,"1",0.273,0.273,0.259,0.288,1,0.007,0,"PWSI"
"4084","p_yellow","3",49,"2",0.35,0.348,0.26,0.444,1,0.048,0.042,"PWSI"
"4085","p_black","3",49,"1",0.633,0.634,0.578,0.683,1.002,0.027,-0.036,"PWSI"
"4086","p_black","3",49,"2",0.75,0.752,0.651,0.834,1,0.047,-0.042,"PWSI"
"4087","p_pelagic","3",5,"1",0.551,0.551,0.551,0.551,NA,0,NA,"PWSI"
"4088","p_pelagic","3",5,"2",0.172,0.172,0.172,0.172,NA,0,NA,"PWSI"
"4089","p_yellow","3",5,"1",0.547,0.547,0.547,0.547,NA,0,NA,"PWSI"
"4090","p_yellow","3",5,"2",0.598,0.598,0.598,0.598,NA,0,NA,"PWSI"
"4091","p_black","3",5,"1",0.746,0.746,0.746,0.746,NA,0,NA,"PWSI"
"4092","p_black","3",5,"2",0.639,0.639,0.639,0.639,NA,0,NA,"PWSI"
"4093","p_pelagic","3",6,"1",0.55,0.55,0.55,0.55,NA,0,NA,"PWSI"
"4094","p_pelagic","3",6,"2",0.17,0.17,0.17,0.17,NA,0,NA,"PWSI"
"4095","p_yellow","3",6,"1",0.542,0.542,0.542,0.542,NA,0,NA,"PWSI"
"4096","p_yellow","3",6,"2",0.607,0.607,0.607,0.607,NA,0,NA,"PWSI"
"4097","p_black","3",6,"1",0.747,0.747,0.747,0.747,NA,0,NA,"PWSI"
"4098","p_black","3",6,"2",0.634,0.634,0.634,0.634,NA,0,NA,"PWSI"
"4099","p_pelagic","3",7,"1",0.552,0.552,0.552,0.552,NA,0,NA,"PWSI"
"4100","p_pelagic","3",7,"2",0.168,0.168,0.168,0.168,NA,0,NA,"PWSI"
"4101","p_yellow","3",7,"1",0.546,0.546,0.546,0.546,NA,0,NA,"PWSI"
"4102","p_yellow","3",7,"2",0.603,0.603,0.603,0.603,NA,0,NA,"PWSI"
"4103","p_black","3",7,"1",0.742,0.742,0.742,0.742,NA,0,NA,"PWSI"
"4104","p_black","3",7,"2",0.634,0.634,0.634,0.634,NA,0,NA,"PWSI"
"4105","p_pelagic","3",8,"1",0.548,0.548,0.548,0.548,NA,0,NA,"PWSI"
"4106","p_pelagic","3",8,"2",0.169,0.169,0.169,0.169,NA,0,NA,"PWSI"
"4107","p_yellow","3",8,"1",0.543,0.543,0.543,0.543,NA,0,NA,"PWSI"
"4108","p_yellow","3",8,"2",0.605,0.605,0.605,0.605,NA,0,NA,"PWSI"
"4109","p_black","3",8,"1",0.742,0.742,0.742,0.742,NA,0,NA,"PWSI"
"4110","p_black","3",8,"2",0.632,0.632,0.632,0.632,NA,0,NA,"PWSI"
"4111","p_pelagic","3",9,"1",0.551,0.551,0.551,0.551,NA,0,NA,"PWSI"
"4112","p_pelagic","3",9,"2",0.171,0.171,0.171,0.171,NA,0,NA,"PWSI"
"4113","p_yellow","3",9,"1",0.538,0.538,0.538,0.538,NA,0,NA,"PWSI"
"4114","p_yellow","3",9,"2",0.606,0.606,0.606,0.606,NA,0,NA,"PWSI"
"4115","p_black","3",9,"1",0.745,0.745,0.745,0.745,NA,0,NA,"PWSI"
"4116","p_black","3",9,"2",0.632,0.632,0.632,0.632,NA,0,NA,"PWSI"
"4117","p_pelagic","4",1,"1",0.552,0.552,0.552,0.552,NA,0,NA,"PWSO"
"4118","p_pelagic","4",1,"2",0.571,0.571,0.571,0.571,NA,0,NA,"PWSO"
"4119","p_yellow","4",1,"1",0.857,0.857,0.857,0.857,NA,0,NA,"PWSO"
"4120","p_yellow","4",1,"2",0.892,0.892,0.892,0.892,NA,0,NA,"PWSO"
"4121","p_black","4",1,"1",0.909,0.909,0.909,0.909,NA,0,NA,"PWSO"
"4122","p_black","4",1,"2",0.951,0.951,0.951,0.951,NA,0,NA,"PWSO"
"4123","p_pelagic","4",10,"1",0.552,0.552,0.552,0.552,NA,0,NA,"PWSO"
"4124","p_pelagic","4",10,"2",0.571,0.571,0.571,0.571,NA,0,NA,"PWSO"
"4125","p_yellow","4",10,"1",0.856,0.856,0.856,0.856,NA,0,NA,"PWSO"
"4126","p_yellow","4",10,"2",0.893,0.893,0.893,0.893,NA,0,NA,"PWSO"
"4127","p_black","4",10,"1",0.91,0.91,0.91,0.91,NA,0,NA,"PWSO"
"4128","p_black","4",10,"2",0.95,0.95,0.95,0.95,NA,0,NA,"PWSO"
"4129","p_pelagic","4",11,"1",0.548,0.548,0.548,0.548,NA,0,NA,"PWSO"
"4130","p_pelagic","4",11,"2",0.571,0.571,0.571,0.571,NA,0,NA,"PWSO"
"4131","p_yellow","4",11,"1",0.856,0.856,0.856,0.856,NA,0,NA,"PWSO"
"4132","p_yellow","4",11,"2",0.889,0.889,0.889,0.889,NA,0,NA,"PWSO"
"4133","p_black","4",11,"1",0.908,0.908,0.908,0.908,NA,0,NA,"PWSO"
"4134","p_black","4",11,"2",0.949,0.949,0.949,0.949,NA,0,NA,"PWSO"
"4135","p_pelagic","4",12,"1",0.552,0.552,0.552,0.552,NA,0,NA,"PWSO"
"4136","p_pelagic","4",12,"2",0.569,0.569,0.569,0.569,NA,0,NA,"PWSO"
"4137","p_yellow","4",12,"1",0.858,0.858,0.858,0.858,NA,0,NA,"PWSO"
"4138","p_yellow","4",12,"2",0.893,0.893,0.893,0.893,NA,0,NA,"PWSO"
"4139","p_black","4",12,"1",0.91,0.91,0.91,0.91,NA,0,NA,"PWSO"
"4140","p_black","4",12,"2",0.952,0.952,0.952,0.952,NA,0,NA,"PWSO"
"4141","p_pelagic","4",13,"1",0.554,0.554,0.554,0.554,NA,0,NA,"PWSO"
"4142","p_pelagic","4",13,"2",0.571,0.571,0.571,0.571,NA,0,NA,"PWSO"
"4143","p_yellow","4",13,"1",0.854,0.854,0.854,0.854,NA,0,NA,"PWSO"
"4144","p_yellow","4",13,"2",0.889,0.889,0.889,0.889,NA,0,NA,"PWSO"
"4145","p_black","4",13,"1",0.909,0.909,0.909,0.909,NA,0,NA,"PWSO"
"4146","p_black","4",13,"2",0.95,0.95,0.95,0.95,NA,0,NA,"PWSO"
"4147","p_pelagic","4",14,"1",0.544,0.544,0.544,0.544,NA,0,NA,"PWSO"
"4148","p_pelagic","4",14,"2",0.567,0.567,0.567,0.567,NA,0,NA,"PWSO"
"4149","p_yellow","4",14,"1",0.854,0.854,0.854,0.854,NA,0,NA,"PWSO"
"4150","p_yellow","4",14,"2",0.891,0.891,0.891,0.891,NA,0,NA,"PWSO"
"4151","p_black","4",14,"1",0.909,0.909,0.909,0.909,NA,0,NA,"PWSO"
"4152","p_black","4",14,"2",0.951,0.951,0.951,0.951,NA,0,NA,"PWSO"
"4153","p_pelagic","4",15,"1",0.544,0.544,0.544,0.544,NA,0,NA,"PWSO"
"4154","p_pelagic","4",15,"2",0.57,0.57,0.57,0.57,NA,0,NA,"PWSO"
"4155","p_yellow","4",15,"1",0.856,0.856,0.856,0.856,NA,0,NA,"PWSO"
"4156","p_yellow","4",15,"2",0.889,0.889,0.889,0.889,NA,0,NA,"PWSO"
"4157","p_black","4",15,"1",0.906,0.906,0.906,0.906,NA,0,NA,"PWSO"
"4158","p_black","4",15,"2",0.949,0.949,0.949,0.949,NA,0,NA,"PWSO"
"4159","p_pelagic","4",16,"1",0.543,0.543,0.543,0.543,NA,0,NA,"PWSO"
"4160","p_pelagic","4",16,"2",0.569,0.569,0.569,0.569,NA,0,NA,"PWSO"
"4161","p_yellow","4",16,"1",0.852,0.852,0.852,0.852,NA,0,NA,"PWSO"
"4162","p_yellow","4",16,"2",0.894,0.894,0.894,0.894,NA,0,NA,"PWSO"
"4163","p_black","4",16,"1",0.912,0.912,0.912,0.912,NA,0,NA,"PWSO"
"4164","p_black","4",16,"2",0.95,0.95,0.95,0.95,NA,0,NA,"PWSO"
"4165","p_pelagic","4",17,"1",0.546,0.546,0.546,0.546,NA,0,NA,"PWSO"
"4166","p_pelagic","4",17,"2",0.572,0.572,0.572,0.572,NA,0,NA,"PWSO"
"4167","p_yellow","4",17,"1",0.853,0.853,0.853,0.853,NA,0,NA,"PWSO"
"4168","p_yellow","4",17,"2",0.89,0.89,0.89,0.89,NA,0,NA,"PWSO"
"4169","p_black","4",17,"1",0.91,0.91,0.91,0.91,NA,0,NA,"PWSO"
"4170","p_black","4",17,"2",0.949,0.949,0.949,0.949,NA,0,NA,"PWSO"
"4171","p_pelagic","4",18,"1",0.538,0.538,0.538,0.538,NA,0,NA,"PWSO"
"4172","p_pelagic","4",18,"2",0.569,0.569,0.569,0.569,NA,0,NA,"PWSO"
"4173","p_yellow","4",18,"1",0.855,0.855,0.855,0.855,NA,0,NA,"PWSO"
"4174","p_yellow","4",18,"2",0.888,0.888,0.888,0.888,NA,0,NA,"PWSO"
"4175","p_black","4",18,"1",0.91,0.91,0.91,0.91,NA,0,NA,"PWSO"
"4176","p_black","4",18,"2",0.95,0.95,0.95,0.95,NA,0,NA,"PWSO"
"4177","p_pelagic","4",19,"1",0.534,0.534,0.534,0.534,NA,0,NA,"PWSO"
"4178","p_pelagic","4",19,"2",0.563,0.563,0.563,0.563,NA,0,NA,"PWSO"
"4179","p_yellow","4",19,"1",0.855,0.855,0.855,0.855,NA,0,NA,"PWSO"
"4180","p_yellow","4",19,"2",0.889,0.889,0.889,0.889,NA,0,NA,"PWSO"
"4181","p_black","4",19,"1",0.911,0.911,0.911,0.911,NA,0,NA,"PWSO"
"4182","p_black","4",19,"2",0.95,0.95,0.95,0.95,NA,0,NA,"PWSO"
"4183","p_pelagic","4",2,"1",0.548,0.548,0.548,0.548,NA,0,NA,"PWSO"
"4184","p_pelagic","4",2,"2",0.569,0.569,0.569,0.569,NA,0,NA,"PWSO"
"4185","p_yellow","4",2,"1",0.854,0.854,0.854,0.854,NA,0,NA,"PWSO"
"4186","p_yellow","4",2,"2",0.892,0.892,0.892,0.892,NA,0,NA,"PWSO"
"4187","p_black","4",2,"1",0.907,0.907,0.907,0.907,NA,0,NA,"PWSO"
"4188","p_black","4",2,"2",0.949,0.949,0.949,0.949,NA,0,NA,"PWSO"
"4189","p_pelagic","4",20,"1",0.598,0.598,0.598,0.598,NA,0,NA,"PWSO"
"4190","p_pelagic","4",20,"2",0.473,0.473,0.473,0.473,NA,0,NA,"PWSO"
"4191","p_yellow","4",20,"1",0.9,0.9,0.9,0.9,NA,0,NA,"PWSO"
"4192","p_yellow","4",20,"2",0.898,0.898,0.898,0.898,NA,0,NA,"PWSO"
"4193","p_black","4",20,"1",0.971,0.971,0.971,0.971,NA,0,NA,"PWSO"
"4194","p_black","4",20,"2",0.95,0.95,0.95,0.95,NA,0,NA,"PWSO"
"4195","p_pelagic","4",21,"1",0.563,0.563,0.563,0.563,NA,0,NA,"PWSO"
"4196","p_pelagic","4",21,"2",0.416,0.416,0.416,0.416,NA,0,NA,"PWSO"
"4197","p_yellow","4",21,"1",0.91,0.91,0.91,0.91,NA,0,NA,"PWSO"
"4198","p_yellow","4",21,"2",0.9,0.9,0.9,0.9,NA,0,NA,"PWSO"
"4199","p_black","4",21,"1",0.947,0.947,0.947,0.947,NA,0,NA,"PWSO"
"4200","p_black","4",21,"2",0.956,0.956,0.956,0.956,NA,0,NA,"PWSO"
"4201","p_pelagic","4",22,"1",0.718,0.718,0.718,0.718,NA,0,NA,"PWSO"
"4202","p_pelagic","4",22,"2",0.469,0.469,0.469,0.469,NA,0,NA,"PWSO"
"4203","p_yellow","4",22,"1",0.849,0.849,0.849,0.849,NA,0,NA,"PWSO"
"4204","p_yellow","4",22,"2",0.862,0.862,0.862,0.862,NA,0,NA,"PWSO"
"4205","p_black","4",22,"1",0.945,0.945,0.945,0.945,NA,0,NA,"PWSO"
"4206","p_black","4",22,"2",0.956,0.956,0.956,0.956,NA,0,NA,"PWSO"
"4207","p_pelagic","4",23,"1",0.638,0.638,0.638,0.638,NA,0,NA,"PWSO"
"4208","p_pelagic","4",23,"2",0.481,0.481,0.481,0.481,NA,0,NA,"PWSO"
"4209","p_yellow","4",23,"1",0.913,0.913,0.913,0.913,NA,0,NA,"PWSO"
"4210","p_yellow","4",23,"2",0.83,0.83,0.83,0.83,NA,0,NA,"PWSO"
"4211","p_black","4",23,"1",0.948,0.948,0.948,0.948,NA,0,NA,"PWSO"
"4212","p_black","4",23,"2",0.963,0.963,0.963,0.963,NA,0,NA,"PWSO"
"4213","p_pelagic","4",24,"1",0.642,0.642,0.642,0.642,NA,0,NA,"PWSO"
"4214","p_pelagic","4",24,"2",0.445,0.445,0.445,0.445,NA,0,NA,"PWSO"
"4215","p_yellow","4",24,"1",0.926,0.926,0.926,0.926,NA,0,NA,"PWSO"
"4216","p_yellow","4",24,"2",0.85,0.85,0.85,0.85,NA,0,NA,"PWSO"
"4217","p_black","4",24,"1",0.882,0.882,0.882,0.882,NA,0,NA,"PWSO"
"4218","p_black","4",24,"2",0.963,0.963,0.963,0.963,NA,0,NA,"PWSO"
"4219","p_pelagic","4",25,"1",0.667,0.667,0.667,0.667,NA,0,NA,"PWSO"
"4220","p_pelagic","4",25,"2",0.599,0.599,0.599,0.599,NA,0,NA,"PWSO"
"4221","p_yellow","4",25,"1",0.866,0.866,0.866,0.866,NA,0,NA,"PWSO"
"4222","p_yellow","4",25,"2",0.926,0.926,0.926,0.926,NA,0,NA,"PWSO"
"4223","p_black","4",25,"1",0.93,0.93,0.93,0.93,NA,0,NA,"PWSO"
"4224","p_black","4",25,"2",0.971,0.971,0.971,0.971,NA,0,NA,"PWSO"
"4225","p_pelagic","4",26,"1",0.664,0.664,0.664,0.664,NA,0,NA,"PWSO"
"4226","p_pelagic","4",26,"2",0.445,0.445,0.445,0.445,NA,0,NA,"PWSO"
"4227","p_yellow","4",26,"1",0.894,0.894,0.894,0.894,NA,0,NA,"PWSO"
"4228","p_yellow","4",26,"2",0.864,0.864,0.864,0.864,NA,0,NA,"PWSO"
"4229","p_black","4",26,"1",0.912,0.912,0.912,0.912,NA,0,NA,"PWSO"
"4230","p_black","4",26,"2",0.886,0.886,0.886,0.886,NA,0,NA,"PWSO"
"4231","p_pelagic","4",27,"1",0.688,0.688,0.688,0.688,NA,0,NA,"PWSO"
"4232","p_pelagic","4",27,"2",0.833,0.833,0.833,0.833,NA,0,NA,"PWSO"
"4233","p_yellow","4",27,"1",0.901,0.901,0.901,0.901,NA,0,NA,"PWSO"
"4234","p_yellow","4",27,"2",0.867,0.867,0.867,0.867,NA,0,NA,"PWSO"
"4235","p_black","4",27,"1",0.946,0.946,0.946,0.946,NA,0,NA,"PWSO"
"4236","p_black","4",27,"2",0.958,0.958,0.958,0.958,NA,0,NA,"PWSO"
"4237","p_pelagic","4",28,"1",0.703,0.703,0.703,0.703,NA,0,NA,"PWSO"
"4238","p_pelagic","4",28,"2",0.784,0.784,0.784,0.784,NA,0,NA,"PWSO"
"4239","p_yellow","4",28,"1",0.891,0.891,0.891,0.891,NA,0,NA,"PWSO"
"4240","p_yellow","4",28,"2",0.681,0.681,0.681,0.681,NA,0,NA,"PWSO"
"4241","p_black","4",28,"1",0.929,0.929,0.929,0.929,NA,0,NA,"PWSO"
"4242","p_black","4",28,"2",0.974,0.974,0.974,0.974,NA,0,NA,"PWSO"
"4243","p_pelagic","4",29,"1",0.762,0.762,0.762,0.762,NA,0,NA,"PWSO"
"4244","p_pelagic","4",29,"2",0.631,0.631,0.631,0.631,NA,0,NA,"PWSO"
"4245","p_yellow","4",29,"1",0.787,0.787,0.787,0.787,NA,0,NA,"PWSO"
"4246","p_yellow","4",29,"2",0.712,0.712,0.712,0.712,NA,0,NA,"PWSO"
"4247","p_black","4",29,"1",0.948,0.948,0.948,0.948,NA,0,NA,"PWSO"
"4248","p_black","4",29,"2",0.971,0.971,0.971,0.971,NA,0,NA,"PWSO"
"4249","p_pelagic","4",3,"1",0.553,0.553,0.553,0.553,NA,0,NA,"PWSO"
"4250","p_pelagic","4",3,"2",0.571,0.571,0.571,0.571,NA,0,NA,"PWSO"
"4251","p_yellow","4",3,"1",0.853,0.853,0.853,0.853,NA,0,NA,"PWSO"
"4252","p_yellow","4",3,"2",0.893,0.893,0.893,0.893,NA,0,NA,"PWSO"
"4253","p_black","4",3,"1",0.91,0.91,0.91,0.91,NA,0,NA,"PWSO"
"4254","p_black","4",3,"2",0.949,0.949,0.949,0.949,NA,0,NA,"PWSO"
"4255","p_pelagic","4",30,"1",0.676,0.676,0.676,0.676,NA,0,NA,"PWSO"
"4256","p_pelagic","4",30,"2",0.823,0.823,0.823,0.823,NA,0,NA,"PWSO"
"4257","p_yellow","4",30,"1",0.833,0.833,0.833,0.833,NA,0,NA,"PWSO"
"4258","p_yellow","4",30,"2",0.818,0.818,0.818,0.818,NA,0,NA,"PWSO"
"4259","p_black","4",30,"1",0.966,0.966,0.966,0.966,NA,0,NA,"PWSO"
"4260","p_black","4",30,"2",0.95,0.95,0.95,0.95,NA,0,NA,"PWSO"
"4261","p_pelagic","4",31,"1",0.684,0.684,0.684,0.684,NA,0,NA,"PWSO"
"4262","p_pelagic","4",31,"2",0.771,0.771,0.771,0.771,NA,0,NA,"PWSO"
"4263","p_yellow","4",31,"1",0.856,0.856,0.856,0.856,NA,0,NA,"PWSO"
"4264","p_yellow","4",31,"2",0.849,0.849,0.849,0.849,NA,0,NA,"PWSO"
"4265","p_black","4",31,"1",0.978,0.978,0.978,0.978,NA,0,NA,"PWSO"
"4266","p_black","4",31,"2",0.967,0.967,0.967,0.967,NA,0,NA,"PWSO"
"4267","p_pelagic","4",32,"1",0.73,0.73,0.73,0.73,NA,0,NA,"PWSO"
"4268","p_pelagic","4",32,"2",0.659,0.659,0.659,0.659,NA,0,NA,"PWSO"
"4269","p_yellow","4",32,"1",0.817,0.817,0.817,0.817,NA,0,NA,"PWSO"
"4270","p_yellow","4",32,"2",0.874,0.874,0.874,0.874,NA,0,NA,"PWSO"
"4271","p_black","4",32,"1",0.95,0.95,0.95,0.95,NA,0,NA,"PWSO"
"4272","p_black","4",32,"2",0.951,0.951,0.951,0.951,NA,0,NA,"PWSO"
"4273","p_pelagic","4",33,"1",0.748,0.748,0.748,0.748,NA,0,NA,"PWSO"
"4274","p_pelagic","4",33,"2",0.641,0.641,0.641,0.641,NA,0,NA,"PWSO"
"4275","p_yellow","4",33,"1",0.852,0.852,0.852,0.852,NA,0,NA,"PWSO"
"4276","p_yellow","4",33,"2",0.734,0.734,0.734,0.734,NA,0,NA,"PWSO"
"4277","p_black","4",33,"1",0.838,0.838,0.838,0.838,NA,0,NA,"PWSO"
"4278","p_black","4",33,"2",0.92,0.92,0.92,0.92,NA,0,NA,"PWSO"
"4279","p_pelagic","4",34,"1",0.648,0.648,0.648,0.648,NA,0,NA,"PWSO"
"4280","p_pelagic","4",34,"2",0.733,0.733,0.733,0.733,NA,0,NA,"PWSO"
"4281","p_yellow","4",34,"1",0.788,0.788,0.788,0.788,NA,0,NA,"PWSO"
"4282","p_yellow","4",34,"2",0.677,0.677,0.677,0.677,NA,0,NA,"PWSO"
"4283","p_black","4",34,"1",0.914,0.914,0.914,0.914,NA,0,NA,"PWSO"
"4284","p_black","4",34,"2",0.974,0.974,0.974,0.974,NA,0,NA,"PWSO"
"4285","p_pelagic","4",35,"1",0.726,0.726,0.726,0.726,NA,0,NA,"PWSO"
"4286","p_pelagic","4",35,"2",0.829,0.829,0.829,0.829,NA,0,NA,"PWSO"
"4287","p_yellow","4",35,"1",0.751,0.751,0.751,0.751,NA,0,NA,"PWSO"
"4288","p_yellow","4",35,"2",0.839,0.839,0.839,0.839,NA,0,NA,"PWSO"
"4289","p_black","4",35,"1",0.934,0.934,0.934,0.934,NA,0,NA,"PWSO"
"4290","p_black","4",35,"2",0.949,0.949,0.949,0.949,NA,0,NA,"PWSO"
"4291","p_pelagic","4",36,"1",0.685,0.685,0.685,0.685,NA,0,NA,"PWSO"
"4292","p_pelagic","4",36,"2",0.742,0.742,0.742,0.742,NA,0,NA,"PWSO"
"4293","p_yellow","4",36,"1",0.679,0.679,0.679,0.679,NA,0,NA,"PWSO"
"4294","p_yellow","4",36,"2",0.7,0.7,0.7,0.7,NA,0,NA,"PWSO"
"4295","p_black","4",36,"1",0.872,0.872,0.872,0.872,NA,0,NA,"PWSO"
"4296","p_black","4",36,"2",0.96,0.96,0.96,0.96,NA,0,NA,"PWSO"
"4297","p_pelagic","4",37,"1",0.717,0.717,0.717,0.717,NA,0,NA,"PWSO"
"4298","p_pelagic","4",37,"2",0.732,0.732,0.732,0.732,NA,0,NA,"PWSO"
"4299","p_yellow","4",37,"1",0.62,0.62,0.62,0.62,NA,0,NA,"PWSO"
"4300","p_yellow","4",37,"2",0.538,0.538,0.538,0.538,NA,0,NA,"PWSO"
"4301","p_black","4",37,"1",0.828,0.828,0.828,0.828,NA,0,NA,"PWSO"
"4302","p_black","4",37,"2",0.871,0.871,0.871,0.871,NA,0,NA,"PWSO"
"4303","p_pelagic","4",38,"1",0.742,0.742,0.742,0.742,NA,0,NA,"PWSO"
"4304","p_pelagic","4",38,"2",0.758,0.758,0.758,0.758,NA,0,NA,"PWSO"
"4305","p_yellow","4",38,"1",0.625,0.625,0.625,0.625,NA,0,NA,"PWSO"
"4306","p_yellow","4",38,"2",0.769,0.769,0.769,0.769,NA,0,NA,"PWSO"
"4307","p_black","4",38,"1",0.811,0.811,0.811,0.811,NA,0,NA,"PWSO"
"4308","p_black","4",38,"2",0.959,0.959,0.959,0.959,NA,0,NA,"PWSO"
"4309","p_pelagic","4",39,"1",0.752,0.752,0.752,0.752,NA,0,NA,"PWSO"
"4310","p_pelagic","4",39,"2",0.752,0.752,0.752,0.752,NA,0,NA,"PWSO"
"4311","p_yellow","4",39,"1",0.667,0.667,0.667,0.667,NA,0,NA,"PWSO"
"4312","p_yellow","4",39,"2",0.746,0.746,0.746,0.746,NA,0,NA,"PWSO"
"4313","p_black","4",39,"1",0.899,0.899,0.899,0.899,NA,0,NA,"PWSO"
"4314","p_black","4",39,"2",0.973,0.973,0.973,0.973,NA,0,NA,"PWSO"
"4315","p_pelagic","4",4,"1",0.55,0.55,0.55,0.55,NA,0,NA,"PWSO"
"4316","p_pelagic","4",4,"2",0.563,0.563,0.563,0.563,NA,0,NA,"PWSO"
"4317","p_yellow","4",4,"1",0.854,0.854,0.854,0.854,NA,0,NA,"PWSO"
"4318","p_yellow","4",4,"2",0.89,0.89,0.89,0.89,NA,0,NA,"PWSO"
"4319","p_black","4",4,"1",0.908,0.908,0.908,0.908,NA,0,NA,"PWSO"
"4320","p_black","4",4,"2",0.949,0.949,0.949,0.949,NA,0,NA,"PWSO"
"4321","p_pelagic","4",40,"1",0.738,0.738,0.738,0.738,NA,0,NA,"PWSO"
"4322","p_pelagic","4",40,"2",0.741,0.741,0.741,0.741,NA,0,NA,"PWSO"
"4323","p_yellow","4",40,"1",0.684,0.684,0.684,0.684,NA,0,NA,"PWSO"
"4324","p_yellow","4",40,"2",0.843,0.843,0.843,0.843,NA,0,NA,"PWSO"
"4325","p_black","4",40,"1",0.897,0.897,0.897,0.897,NA,0,NA,"PWSO"
"4326","p_black","4",40,"2",0.885,0.885,0.885,0.885,NA,0,NA,"PWSO"
"4327","p_pelagic","4",41,"1",0.731,0.731,0.731,0.731,NA,0,NA,"PWSO"
"4328","p_pelagic","4",41,"2",0.782,0.782,0.782,0.782,NA,0,NA,"PWSO"
"4329","p_yellow","4",41,"1",0.675,0.675,0.675,0.675,NA,0,NA,"PWSO"
"4330","p_yellow","4",41,"2",0.692,0.692,0.692,0.692,NA,0,NA,"PWSO"
"4331","p_black","4",41,"1",0.909,0.909,0.909,0.909,NA,0,NA,"PWSO"
"4332","p_black","4",41,"2",0.89,0.89,0.89,0.89,NA,0,NA,"PWSO"
"4333","p_pelagic","4",42,"1",0.803,0.803,0.803,0.803,NA,0,NA,"PWSO"
"4334","p_pelagic","4",42,"2",0.736,0.736,0.736,0.736,NA,0,NA,"PWSO"
"4335","p_yellow","4",42,"1",0.619,0.619,0.619,0.619,NA,0,NA,"PWSO"
"4336","p_yellow","4",42,"2",0.666,0.666,0.666,0.666,NA,0,NA,"PWSO"
"4337","p_black","4",42,"1",0.909,0.909,0.909,0.909,NA,0,NA,"PWSO"
"4338","p_black","4",42,"2",0.98,0.98,0.98,0.98,NA,0,NA,"PWSO"
"4339","p_pelagic","4",43,"1",0.773,0.773,0.773,0.773,NA,0,NA,"PWSO"
"4340","p_pelagic","4",43,"2",0.73,0.73,0.73,0.73,NA,0,NA,"PWSO"
"4341","p_yellow","4",43,"1",0.669,0.669,0.669,0.669,NA,0,NA,"PWSO"
"4342","p_yellow","4",43,"2",0.618,0.618,0.618,0.618,NA,0,NA,"PWSO"
"4343","p_black","4",43,"1",0.848,0.848,0.848,0.848,NA,0,NA,"PWSO"
"4344","p_black","4",43,"2",0.778,0.778,0.778,0.778,NA,0,NA,"PWSO"
"4345","p_pelagic","4",44,"1",0.814,0.814,0.81,0.819,1.001,0.002,0,"PWSO"
"4346","p_pelagic","4",44,"2",0.741,0.743,0.677,0.8,1.001,0.031,-0.064,"PWSO"
"4347","p_yellow","4",44,"1",0.598,0.597,0.586,0.61,1.002,0.006,0.156,"PWSO"
"4348","p_yellow","4",44,"2",0.756,0.759,0.624,0.864,1,0.061,-0.049,"PWSO"
"4349","p_black","4",44,"1",0.904,0.904,0.885,0.922,1.001,0.009,0,"PWSO"
"4350","p_black","4",44,"2",0.905,0.907,0.854,0.946,1.001,0.024,-0.084,"PWSO"
"4351","p_pelagic","4",45,"1",0.847,0.847,0.844,0.851,1,0.002,0,"PWSO"
"4352","p_pelagic","4",45,"2",0.685,0.687,0.584,0.777,1,0.05,-0.04,"PWSO"
"4353","p_yellow","4",45,"1",0.629,0.629,0.617,0.641,1,0.006,0,"PWSO"
"4354","p_yellow","4",45,"2",0.838,0.846,0.692,0.943,1.001,0.066,-0.122,"PWSO"
"4355","p_black","4",45,"1",0.873,0.873,0.848,0.896,1,0.012,0,"PWSO"
"4356","p_black","4",45,"2",0.926,0.93,0.858,0.973,1,0.03,-0.135,"PWSO"
"4357","p_pelagic","4",46,"1",0.861,0.861,0.857,0.864,1,0.002,0,"PWSO"
"4358","p_pelagic","4",46,"2",0.731,0.732,0.647,0.806,1.001,0.04,-0.025,"PWSO"
"4359","p_yellow","4",46,"1",0.585,0.586,0.572,0.599,1,0.007,-0.145,"PWSO"
"4360","p_yellow","4",46,"2",0.738,0.742,0.577,0.869,1,0.075,-0.053,"PWSO"
"4361","p_black","4",46,"1",0.853,0.853,0.824,0.88,1,0.014,0,"PWSO"
"4362","p_black","4",46,"2",0.867,0.87,0.791,0.927,1.001,0.035,-0.086,"PWSO"
"4363","p_pelagic","4",47,"1",0.85,0.85,0.846,0.855,1,0.002,0,"PWSO"
"4364","p_pelagic","4",47,"2",0.772,0.773,0.701,0.835,1,0.034,-0.029,"PWSO"
"4365","p_yellow","4",47,"1",0.55,0.55,0.535,0.565,1,0.008,0,"PWSO"
"4366","p_yellow","4",47,"2",0.646,0.651,0.478,0.795,1.001,0.082,-0.061,"PWSO"
"4367","p_black","4",47,"1",0.923,0.923,0.898,0.944,1.001,0.012,0,"PWSO"
"4368","p_black","4",47,"2",0.953,0.956,0.911,0.982,1.001,0.018,-0.165,"PWSO"
"4369","p_pelagic","4",48,"1",0.843,0.843,0.839,0.847,1.001,0.002,0,"PWSO"
"4370","p_pelagic","4",48,"2",0.815,0.818,0.737,0.879,1,0.036,-0.083,"PWSO"
"4371","p_yellow","4",48,"1",0.568,0.568,0.554,0.582,1,0.007,0,"PWSO"
"4372","p_yellow","4",48,"2",0.538,0.54,0.326,0.738,1.001,0.107,-0.019,"PWSO"
"4373","p_black","4",48,"1",0.916,0.916,0.89,0.938,1.001,0.012,0,"PWSO"
"4374","p_black","4",48,"2",0.929,0.932,0.874,0.969,1,0.025,-0.12,"PWSO"
"4375","p_pelagic","4",49,"1",0.842,0.842,0.837,0.846,1.001,0.002,0,"PWSO"
"4376","p_pelagic","4",49,"2",0.891,0.893,0.836,0.938,1,0.026,-0.076,"PWSO"
"4377","p_yellow","4",49,"1",0.537,0.537,0.521,0.552,1,0.008,0,"PWSO"
"4378","p_yellow","4",49,"2",0.568,0.572,0.301,0.812,1.001,0.133,-0.03,"PWSO"
"4379","p_black","4",49,"1",0.919,0.919,0.888,0.944,1.001,0.014,0,"PWSO"
"4380","p_black","4",49,"2",0.947,0.949,0.903,0.977,1,0.02,-0.102,"PWSO"
"4381","p_pelagic","4",5,"1",0.546,0.546,0.546,0.546,NA,0,NA,"PWSO"
"4382","p_pelagic","4",5,"2",0.569,0.569,0.569,0.569,NA,0,NA,"PWSO"
"4383","p_yellow","4",5,"1",0.854,0.854,0.854,0.854,NA,0,NA,"PWSO"
"4384","p_yellow","4",5,"2",0.892,0.892,0.892,0.892,NA,0,NA,"PWSO"
"4385","p_black","4",5,"1",0.91,0.91,0.91,0.91,NA,0,NA,"PWSO"
"4386","p_black","4",5,"2",0.95,0.95,0.95,0.95,NA,0,NA,"PWSO"
"4387","p_pelagic","4",6,"1",0.551,0.551,0.551,0.551,NA,0,NA,"PWSO"
"4388","p_pelagic","4",6,"2",0.57,0.57,0.57,0.57,NA,0,NA,"PWSO"
"4389","p_yellow","4",6,"1",0.857,0.857,0.857,0.857,NA,0,NA,"PWSO"
"4390","p_yellow","4",6,"2",0.891,0.891,0.891,0.891,NA,0,NA,"PWSO"
"4391","p_black","4",6,"1",0.91,0.91,0.91,0.91,NA,0,NA,"PWSO"
"4392","p_black","4",6,"2",0.951,0.951,0.951,0.951,NA,0,NA,"PWSO"
"4393","p_pelagic","4",7,"1",0.548,0.548,0.548,0.548,NA,0,NA,"PWSO"
"4394","p_pelagic","4",7,"2",0.568,0.568,0.568,0.568,NA,0,NA,"PWSO"
"4395","p_yellow","4",7,"1",0.856,0.856,0.856,0.856,NA,0,NA,"PWSO"
"4396","p_yellow","4",7,"2",0.894,0.894,0.894,0.894,NA,0,NA,"PWSO"
"4397","p_black","4",7,"1",0.91,0.91,0.91,0.91,NA,0,NA,"PWSO"
"4398","p_black","4",7,"2",0.949,0.949,0.949,0.949,NA,0,NA,"PWSO"
"4399","p_pelagic","4",8,"1",0.545,0.545,0.545,0.545,NA,0,NA,"PWSO"
"4400","p_pelagic","4",8,"2",0.568,0.568,0.568,0.568,NA,0,NA,"PWSO"
"4401","p_yellow","4",8,"1",0.852,0.852,0.852,0.852,NA,0,NA,"PWSO"
"4402","p_yellow","4",8,"2",0.889,0.889,0.889,0.889,NA,0,NA,"PWSO"
"4403","p_black","4",8,"1",0.91,0.91,0.91,0.91,NA,0,NA,"PWSO"
"4404","p_black","4",8,"2",0.949,0.949,0.949,0.949,NA,0,NA,"PWSO"
"4405","p_pelagic","4",9,"1",0.547,0.547,0.547,0.547,NA,0,NA,"PWSO"
"4406","p_pelagic","4",9,"2",0.572,0.572,0.572,0.572,NA,0,NA,"PWSO"
"4407","p_yellow","4",9,"1",0.857,0.857,0.857,0.857,NA,0,NA,"PWSO"
"4408","p_yellow","4",9,"2",0.89,0.89,0.89,0.89,NA,0,NA,"PWSO"
"4409","p_black","4",9,"1",0.908,0.908,0.908,0.908,NA,0,NA,"PWSO"
"4410","p_black","4",9,"2",0.95,0.95,0.95,0.95,NA,0,NA,"PWSO"
"4411","p_pelagic","5",1,"1",0.814,0.814,0.814,0.814,NA,0,NA,"BSAI"
"4412","p_pelagic","5",1,"2",0.911,0.911,0.911,0.911,NA,0,NA,"BSAI"
"4413","p_yellow","5",1,"1",0.531,0.531,0.531,0.531,NA,0,NA,"BSAI"
"4414","p_yellow","5",1,"2",0.723,0.723,0.723,0.723,NA,0,NA,"BSAI"
"4415","p_black","5",1,"1",0.989,0.989,0.989,0.989,NA,0,NA,"BSAI"
"4416","p_black","5",1,"2",0.994,0.994,0.994,0.994,NA,0,NA,"BSAI"
"4417","p_pelagic","5",10,"1",0.82,0.82,0.82,0.82,NA,0,NA,"BSAI"
"4418","p_pelagic","5",10,"2",0.91,0.91,0.91,0.91,NA,0,NA,"BSAI"
"4419","p_yellow","5",10,"1",0.529,0.529,0.529,0.529,NA,0,NA,"BSAI"
"4420","p_yellow","5",10,"2",0.725,0.725,0.725,0.725,NA,0,NA,"BSAI"
"4421","p_black","5",10,"1",0.988,0.988,0.988,0.988,NA,0,NA,"BSAI"
"4422","p_black","5",10,"2",0.994,0.994,0.994,0.994,NA,0,NA,"BSAI"
"4423","p_pelagic","5",11,"1",0.817,0.817,0.817,0.817,NA,0,NA,"BSAI"
"4424","p_pelagic","5",11,"2",0.911,0.911,0.911,0.911,NA,0,NA,"BSAI"
"4425","p_yellow","5",11,"1",0.534,0.534,0.534,0.534,NA,0,NA,"BSAI"
"4426","p_yellow","5",11,"2",0.733,0.733,0.733,0.733,NA,0,NA,"BSAI"
"4427","p_black","5",11,"1",0.989,0.989,0.989,0.989,NA,0,NA,"BSAI"
"4428","p_black","5",11,"2",0.994,0.994,0.994,0.994,NA,0,NA,"BSAI"
"4429","p_pelagic","5",12,"1",0.818,0.818,0.818,0.818,NA,0,NA,"BSAI"
"4430","p_pelagic","5",12,"2",0.915,0.915,0.915,0.915,NA,0,NA,"BSAI"
"4431","p_yellow","5",12,"1",0.521,0.521,0.521,0.521,NA,0,NA,"BSAI"
"4432","p_yellow","5",12,"2",0.72,0.72,0.72,0.72,NA,0,NA,"BSAI"
"4433","p_black","5",12,"1",0.989,0.989,0.989,0.989,NA,0,NA,"BSAI"
"4434","p_black","5",12,"2",0.994,0.994,0.994,0.994,NA,0,NA,"BSAI"
"4435","p_pelagic","5",13,"1",0.818,0.818,0.818,0.818,NA,0,NA,"BSAI"
"4436","p_pelagic","5",13,"2",0.913,0.913,0.913,0.913,NA,0,NA,"BSAI"
"4437","p_yellow","5",13,"1",0.529,0.529,0.529,0.529,NA,0,NA,"BSAI"
"4438","p_yellow","5",13,"2",0.724,0.724,0.724,0.724,NA,0,NA,"BSAI"
"4439","p_black","5",13,"1",0.989,0.989,0.989,0.989,NA,0,NA,"BSAI"
"4440","p_black","5",13,"2",0.994,0.994,0.994,0.994,NA,0,NA,"BSAI"
"4441","p_pelagic","5",14,"1",0.82,0.82,0.82,0.82,NA,0,NA,"BSAI"
"4442","p_pelagic","5",14,"2",0.913,0.913,0.913,0.913,NA,0,NA,"BSAI"
"4443","p_yellow","5",14,"1",0.536,0.536,0.536,0.536,NA,0,NA,"BSAI"
"4444","p_yellow","5",14,"2",0.737,0.737,0.737,0.737,NA,0,NA,"BSAI"
"4445","p_black","5",14,"1",0.989,0.989,0.989,0.989,NA,0,NA,"BSAI"
"4446","p_black","5",14,"2",0.994,0.994,0.994,0.994,NA,0,NA,"BSAI"
"4447","p_pelagic","5",15,"1",0.817,0.817,0.817,0.817,NA,0,NA,"BSAI"
"4448","p_pelagic","5",15,"2",0.912,0.912,0.912,0.912,NA,0,NA,"BSAI"
"4449","p_yellow","5",15,"1",0.527,0.527,0.527,0.527,NA,0,NA,"BSAI"
"4450","p_yellow","5",15,"2",0.723,0.723,0.723,0.723,NA,0,NA,"BSAI"
"4451","p_black","5",15,"1",0.989,0.989,0.989,0.989,NA,0,NA,"BSAI"
"4452","p_black","5",15,"2",0.994,0.994,0.994,0.994,NA,0,NA,"BSAI"
"4453","p_pelagic","5",16,"1",0.819,0.819,0.819,0.819,NA,0,NA,"BSAI"
"4454","p_pelagic","5",16,"2",0.916,0.916,0.916,0.916,NA,0,NA,"BSAI"
"4455","p_yellow","5",16,"1",0.531,0.531,0.531,0.531,NA,0,NA,"BSAI"
"4456","p_yellow","5",16,"2",0.725,0.725,0.725,0.725,NA,0,NA,"BSAI"
"4457","p_black","5",16,"1",0.988,0.988,0.988,0.988,NA,0,NA,"BSAI"
"4458","p_black","5",16,"2",0.994,0.994,0.994,0.994,NA,0,NA,"BSAI"
"4459","p_pelagic","5",17,"1",0.819,0.819,0.819,0.819,NA,0,NA,"BSAI"
"4460","p_pelagic","5",17,"2",0.912,0.912,0.912,0.912,NA,0,NA,"BSAI"
"4461","p_yellow","5",17,"1",0.531,0.531,0.531,0.531,NA,0,NA,"BSAI"
"4462","p_yellow","5",17,"2",0.735,0.735,0.735,0.735,NA,0,NA,"BSAI"
"4463","p_black","5",17,"1",0.989,0.989,0.989,0.989,NA,0,NA,"BSAI"
"4464","p_black","5",17,"2",0.994,0.994,0.994,0.994,NA,0,NA,"BSAI"
"4465","p_pelagic","5",18,"1",0.818,0.818,0.818,0.818,NA,0,NA,"BSAI"
"4466","p_pelagic","5",18,"2",0.914,0.914,0.914,0.914,NA,0,NA,"BSAI"
"4467","p_yellow","5",18,"1",0.533,0.533,0.533,0.533,NA,0,NA,"BSAI"
"4468","p_yellow","5",18,"2",0.72,0.72,0.72,0.72,NA,0,NA,"BSAI"
"4469","p_black","5",18,"1",0.989,0.989,0.989,0.989,NA,0,NA,"BSAI"
"4470","p_black","5",18,"2",0.994,0.994,0.994,0.994,NA,0,NA,"BSAI"
"4471","p_pelagic","5",19,"1",0.816,0.816,0.816,0.816,NA,0,NA,"BSAI"
"4472","p_pelagic","5",19,"2",0.913,0.913,0.913,0.913,NA,0,NA,"BSAI"
"4473","p_yellow","5",19,"1",0.525,0.525,0.525,0.525,NA,0,NA,"BSAI"
"4474","p_yellow","5",19,"2",0.723,0.723,0.723,0.723,NA,0,NA,"BSAI"
"4475","p_black","5",19,"1",0.989,0.989,0.989,0.989,NA,0,NA,"BSAI"
"4476","p_black","5",19,"2",0.994,0.994,0.994,0.994,NA,0,NA,"BSAI"
"4477","p_pelagic","5",2,"1",0.818,0.818,0.818,0.818,NA,0,NA,"BSAI"
"4478","p_pelagic","5",2,"2",0.906,0.906,0.906,0.906,NA,0,NA,"BSAI"
"4479","p_yellow","5",2,"1",0.536,0.536,0.536,0.536,NA,0,NA,"BSAI"
"4480","p_yellow","5",2,"2",0.727,0.727,0.727,0.727,NA,0,NA,"BSAI"
"4481","p_black","5",2,"1",0.989,0.989,0.989,0.989,NA,0,NA,"BSAI"
"4482","p_black","5",2,"2",0.994,0.994,0.994,0.994,NA,0,NA,"BSAI"
"4483","p_pelagic","5",20,"1",0.819,0.819,0.819,0.819,NA,0,NA,"BSAI"
"4484","p_pelagic","5",20,"2",0.91,0.91,0.91,0.91,NA,0,NA,"BSAI"
"4485","p_yellow","5",20,"1",0.53,0.53,0.53,0.53,NA,0,NA,"BSAI"
"4486","p_yellow","5",20,"2",0.727,0.727,0.727,0.727,NA,0,NA,"BSAI"
"4487","p_black","5",20,"1",0.989,0.989,0.989,0.989,NA,0,NA,"BSAI"
"4488","p_black","5",20,"2",0.994,0.994,0.994,0.994,NA,0,NA,"BSAI"
"4489","p_pelagic","5",21,"1",0.816,0.816,0.816,0.816,NA,0,NA,"BSAI"
"4490","p_pelagic","5",21,"2",0.913,0.913,0.913,0.913,NA,0,NA,"BSAI"
"4491","p_yellow","5",21,"1",0.525,0.525,0.525,0.525,NA,0,NA,"BSAI"
"4492","p_yellow","5",21,"2",0.721,0.721,0.721,0.721,NA,0,NA,"BSAI"
"4493","p_black","5",21,"1",0.989,0.989,0.989,0.989,NA,0,NA,"BSAI"
"4494","p_black","5",21,"2",0.994,0.994,0.994,0.994,NA,0,NA,"BSAI"
"4495","p_pelagic","5",22,"1",0.509,0.509,0.509,0.509,NA,0,NA,"BSAI"
"4496","p_pelagic","5",22,"2",0.615,0.69,0.049,0.992,1,0.294,-0.255,"BSAI"
"4497","p_yellow","5",22,"1",0.533,0.533,0.533,0.533,NA,0,NA,"BSAI"
"4498","p_yellow","5",22,"2",0.677,0.766,0,1,1,0.309,-0.288,"BSAI"
"4499","p_black","5",22,"1",0.831,0.949,0.046,1,1,0.255,-0.462,"BSAI"
"4500","p_black","5",22,"2",0.855,0.978,0.039,1,1.019,0.26,-0.472,"BSAI"
"4501","p_pelagic","5",23,"1",0.656,0.656,0.656,0.656,NA,0,NA,"BSAI"
"4502","p_pelagic","5",23,"2",0.621,0.699,0.051,0.992,1,0.293,-0.266,"BSAI"
"4503","p_yellow","5",23,"1",0.533,0.533,0.533,0.533,NA,0,NA,"BSAI"
"4504","p_yellow","5",23,"2",0.676,0.764,0,1,1,0.309,-0.285,"BSAI"
"4505","p_black","5",23,"1",0.829,0.947,0.045,1,1,0.257,-0.46,"BSAI"
"4506","p_black","5",23,"2",0.854,0.978,0.038,1,1.019,0.261,-0.475,"BSAI"
"4507","p_pelagic","5",24,"1",0.831,0.831,0.831,0.831,NA,0,NA,"BSAI"
"4508","p_pelagic","5",24,"2",0.62,0.697,0.051,0.992,1,0.293,-0.263,"BSAI"
"4509","p_yellow","5",24,"1",0.532,0.532,0.532,0.532,NA,0,NA,"BSAI"
"4510","p_yellow","5",24,"2",0.672,0.759,0,1,1,0.31,-0.281,"BSAI"
"4511","p_black","5",24,"1",0.83,0.948,0.046,1,1,0.256,-0.461,"BSAI"
"4512","p_black","5",24,"2",0.856,0.979,0.04,1,1.02,0.259,-0.474,"BSAI"
"4513","p_pelagic","5",25,"1",0.789,0.789,0.789,0.789,NA,0,NA,"BSAI"
"4514","p_pelagic","5",25,"2",0.617,0.694,0.05,0.992,1,0.293,-0.262,"BSAI"
"4515","p_yellow","5",25,"1",0.531,0.531,0.531,0.531,NA,0,NA,"BSAI"
"4516","p_yellow","5",25,"2",0.677,0.767,0,1,1,0.309,-0.291,"BSAI"
"4517","p_black","5",25,"1",0.831,0.949,0.046,1,1,0.255,-0.462,"BSAI"
"4518","p_black","5",25,"2",0.857,0.979,0.04,1,1.02,0.259,-0.471,"BSAI"
"4519","p_pelagic","5",26,"1",0.84,0.84,0.84,0.84,NA,0,NA,"BSAI"
"4520","p_pelagic","5",26,"2",0.619,0.696,0.05,0.992,1,0.293,-0.263,"BSAI"
"4521","p_yellow","5",26,"1",0.529,0.529,0.529,0.529,NA,0,NA,"BSAI"
"4522","p_yellow","5",26,"2",0.676,0.764,0,1,1,0.309,-0.285,"BSAI"
"4523","p_black","5",26,"1",0.828,0.947,0.045,1,1,0.257,-0.463,"BSAI"
"4524","p_black","5",26,"2",0.855,0.978,0.039,1,1.019,0.26,-0.473,"BSAI"
"4525","p_pelagic","5",27,"1",0.87,0.87,0.87,0.87,NA,0,NA,"BSAI"
"4526","p_pelagic","5",27,"2",0.619,0.696,0.05,0.992,1,0.293,-0.263,"BSAI"
"4527","p_yellow","5",27,"1",0.536,0.536,0.536,0.536,NA,0,NA,"BSAI"
"4528","p_yellow","5",27,"2",0.672,0.76,0,1,1,0.31,-0.284,"BSAI"
"4529","p_black","5",27,"1",0.828,0.947,0.045,1,1,0.257,-0.463,"BSAI"
"4530","p_black","5",27,"2",0.855,0.978,0.039,1,1.019,0.26,-0.472,"BSAI"
"4531","p_pelagic","5",28,"1",0.804,0.804,0.804,0.804,NA,0,NA,"BSAI"
"4532","p_pelagic","5",28,"2",0.624,0.703,0.052,0.992,1,0.292,-0.27,"BSAI"
"4533","p_yellow","5",28,"1",0.538,0.538,0.538,0.538,NA,0,NA,"BSAI"
"4534","p_yellow","5",28,"2",0.672,0.759,0,1,1,0.31,-0.281,"BSAI"
"4535","p_black","5",28,"1",0.831,0.948,0.046,1,1,0.256,-0.458,"BSAI"
"4536","p_black","5",28,"2",0.855,0.978,0.039,1,1.019,0.26,-0.473,"BSAI"
"4537","p_pelagic","5",29,"1",0.817,0.817,0.817,0.817,NA,0,NA,"BSAI"
"4538","p_pelagic","5",29,"2",0.621,0.698,0.051,0.992,1,0.293,-0.263,"BSAI"
"4539","p_yellow","5",29,"1",0.538,0.538,0.538,0.538,NA,0,NA,"BSAI"
"4540","p_yellow","5",29,"2",0.674,0.763,0,1,1,0.309,-0.288,"BSAI"
"4541","p_black","5",29,"1",0.831,0.949,0.046,1,1,0.255,-0.462,"BSAI"
"4542","p_black","5",29,"2",0.855,0.978,0.039,1,1.019,0.26,-0.473,"BSAI"
"4543","p_pelagic","5",3,"1",0.82,0.82,0.82,0.82,NA,0,NA,"BSAI"
"4544","p_pelagic","5",3,"2",0.909,0.909,0.909,0.909,NA,0,NA,"BSAI"
"4545","p_yellow","5",3,"1",0.534,0.534,0.534,0.534,NA,0,NA,"BSAI"
"4546","p_yellow","5",3,"2",0.723,0.723,0.723,0.723,NA,0,NA,"BSAI"
"4547","p_black","5",3,"1",0.989,0.989,0.989,0.989,NA,0,NA,"BSAI"
"4548","p_black","5",3,"2",0.994,0.994,0.994,0.994,NA,0,NA,"BSAI"
"4549","p_pelagic","5",30,"1",0.668,0.668,0.668,0.668,NA,0,NA,"BSAI"
"4550","p_pelagic","5",30,"2",0.625,0.705,0.052,0.992,1,0.292,-0.274,"BSAI"
"4551","p_yellow","5",30,"1",0.678,0.678,0.678,0.678,NA,0,NA,"BSAI"
"4552","p_yellow","5",30,"2",0.674,0.762,0,1,1,0.309,-0.284,"BSAI"
"4553","p_black","5",30,"1",0.83,0.948,0.046,1,1,0.256,-0.461,"BSAI"
"4554","p_black","5",30,"2",0.856,0.979,0.04,1,1.02,0.259,-0.474,"BSAI"
"4555","p_pelagic","5",31,"1",0.68,0.68,0.68,0.68,NA,0,NA,"BSAI"
"4556","p_pelagic","5",31,"2",0.621,0.698,0.051,0.992,1,0.293,-0.263,"BSAI"
"4557","p_yellow","5",31,"1",0.588,0.588,0.588,0.588,NA,0,NA,"BSAI"
"4558","p_yellow","5",31,"2",0.674,0.762,0,1,1,0.309,-0.285,"BSAI"
"4559","p_black","5",31,"1",0.829,0.947,0.045,1,1,0.257,-0.46,"BSAI"
"4560","p_black","5",31,"2",0.856,0.979,0.039,1,1.019,0.26,-0.473,"BSAI"
"4561","p_pelagic","5",32,"1",0.765,0.765,0.765,0.765,NA,0,NA,"BSAI"
"4562","p_pelagic","5",32,"2",0.617,0.693,0.05,0.992,1,0.294,-0.259,"BSAI"
"4563","p_yellow","5",32,"1",0.722,0.722,0.722,0.722,NA,0,NA,"BSAI"
"4564","p_yellow","5",32,"2",0.672,0.76,0,1,1,0.31,-0.284,"BSAI"
"4565","p_black","5",32,"1",0.828,0.946,0.044,1,1,0.257,-0.458,"BSAI"
"4566","p_black","5",32,"2",0.855,0.978,0.039,1,1.019,0.26,-0.473,"BSAI"
"4567","p_pelagic","5",33,"1",0.799,0.799,0.799,0.799,NA,0,NA,"BSAI"
"4568","p_pelagic","5",33,"2",0.621,0.699,0.051,0.992,1,0.293,-0.266,"BSAI"
"4569","p_yellow","5",33,"1",0.537,0.537,0.537,0.537,NA,0,NA,"BSAI"
"4570","p_yellow","5",33,"2",0.677,0.766,0,1,1,0.309,-0.288,"BSAI"
"4571","p_black","5",33,"1",0.833,0.95,0.047,1,1,0.254,-0.46,"BSAI"
"4572","p_black","5",33,"2",0.854,0.978,0.038,1,1.019,0.261,-0.475,"BSAI"
"4573","p_pelagic","5",34,"1",0.925,0.925,0.925,0.925,NA,0,NA,"BSAI"
"4574","p_pelagic","5",34,"2",0.62,0.698,0.051,0.992,1,0.293,-0.266,"BSAI"
"4575","p_yellow","5",34,"1",0.545,0.545,0.545,0.545,NA,0,NA,"BSAI"
"4576","p_yellow","5",34,"2",0.677,0.767,0,1,1,0.309,-0.291,"BSAI"
"4577","p_black","5",34,"1",0.828,0.947,0.045,1,1,0.257,-0.463,"BSAI"
"4578","p_black","5",34,"2",0.854,0.978,0.038,1,1.019,0.261,-0.475,"BSAI"
"4579","p_pelagic","5",35,"1",0.625,0.625,0.625,0.625,NA,0,NA,"BSAI"
"4580","p_pelagic","5",35,"2",0.621,0.699,0.051,0.992,1,0.293,-0.266,"BSAI"
"4581","p_yellow","5",35,"1",0.38,0.38,0.38,0.38,NA,0,NA,"BSAI"
"4582","p_yellow","5",35,"2",0.676,0.765,0,1,1,0.309,-0.288,"BSAI"
"4583","p_black","5",35,"1",0.841,0.955,0.053,1,1,0.249,-0.457,"BSAI"
"4584","p_black","5",35,"2",0.86,0.98,0.042,1,1.02,0.257,-0.467,"BSAI"
"4585","p_pelagic","5",36,"1",0.867,0.867,0.867,0.867,NA,0,NA,"BSAI"
"4586","p_pelagic","5",36,"2",0.621,0.699,0.051,0.992,1,0.293,-0.266,"BSAI"
"4587","p_yellow","5",36,"1",0.544,0.544,0.544,0.544,NA,0,NA,"BSAI"
"4588","p_yellow","5",36,"2",0.674,0.762,0,1,1,0.309,-0.284,"BSAI"
"4589","p_black","5",36,"1",0.831,0.949,0.047,1,1,0.255,-0.463,"BSAI"
"4590","p_black","5",36,"2",0.857,0.979,0.04,1,1.02,0.259,-0.471,"BSAI"
"4591","p_pelagic","5",37,"1",0.796,0.796,0.796,0.796,NA,0,NA,"BSAI"
"4592","p_pelagic","5",37,"2",0.622,0.7,0.051,0.992,1,0.293,-0.267,"BSAI"
"4593","p_yellow","5",37,"1",0.543,0.543,0.543,0.543,NA,0,NA,"BSAI"
"4594","p_yellow","5",37,"2",0.674,0.762,0,1,1,0.309,-0.284,"BSAI"
"4595","p_black","5",37,"1",0.829,0.947,0.045,1,1,0.257,-0.46,"BSAI"
"4596","p_black","5",37,"2",0.855,0.978,0.039,1,1.019,0.26,-0.473,"BSAI"
"4597","p_pelagic","5",38,"1",0.915,0.915,0.915,0.915,NA,0,NA,"BSAI"
"4598","p_pelagic","5",38,"2",0.621,0.699,0.051,0.992,1,0.293,-0.266,"BSAI"
"4599","p_yellow","5",38,"1",0.542,0.542,0.542,0.542,NA,0,NA,"BSAI"
"4600","p_yellow","5",38,"2",0.676,0.765,0,1,1,0.309,-0.288,"BSAI"
"4601","p_black","5",38,"1",0.829,0.947,0.045,1,1,0.256,-0.46,"BSAI"
"4602","p_black","5",38,"2",0.853,0.978,0.038,1,1.019,0.262,-0.477,"BSAI"
"4603","p_pelagic","5",39,"1",0.363,0.363,0.363,0.363,NA,0,NA,"BSAI"
"4604","p_pelagic","5",39,"2",0.615,0.691,0.049,0.992,1,0.294,-0.259,"BSAI"
"4605","p_yellow","5",39,"1",0.267,0.267,0.267,0.267,NA,0,NA,"BSAI"
"4606","p_yellow","5",39,"2",0.675,0.764,0,1,1,0.309,-0.288,"BSAI"
"4607","p_black","5",39,"1",0.83,0.948,0.046,1,1,0.256,-0.461,"BSAI"
"4608","p_black","5",39,"2",0.855,0.978,0.039,1,1.019,0.261,-0.472,"BSAI"
"4609","p_pelagic","5",4,"1",0.816,0.816,0.816,0.816,NA,0,NA,"BSAI"
"4610","p_pelagic","5",4,"2",0.908,0.908,0.908,0.908,NA,0,NA,"BSAI"
"4611","p_yellow","5",4,"1",0.531,0.531,0.531,0.531,NA,0,NA,"BSAI"
"4612","p_yellow","5",4,"2",0.727,0.727,0.727,0.727,NA,0,NA,"BSAI"
"4613","p_black","5",4,"1",0.988,0.988,0.988,0.988,NA,0,NA,"BSAI"
"4614","p_black","5",4,"2",0.994,0.994,0.994,0.994,NA,0,NA,"BSAI"
"4615","p_pelagic","5",40,"1",0.767,0.767,0.767,0.767,NA,0,NA,"BSAI"
"4616","p_pelagic","5",40,"2",0.622,0.701,0.051,0.992,1,0.293,-0.27,"BSAI"
"4617","p_yellow","5",40,"1",0.576,0.576,0.576,0.576,NA,0,NA,"BSAI"
"4618","p_yellow","5",40,"2",0.676,0.765,0,1,1,0.309,-0.288,"BSAI"
"4619","p_black","5",40,"1",0.83,0.948,0.046,1,1,0.256,-0.461,"BSAI"
"4620","p_black","5",40,"2",0.855,0.978,0.039,1,1.019,0.26,-0.472,"BSAI"
"4621","p_pelagic","5",41,"1",0.807,0.807,0.807,0.807,NA,0,NA,"BSAI"
"4622","p_pelagic","5",41,"2",0.618,0.695,0.05,0.992,1,0.293,-0.263,"BSAI"
"4623","p_yellow","5",41,"1",0.501,0.501,0.501,0.501,NA,0,NA,"BSAI"
"4624","p_yellow","5",41,"2",0.672,0.758,0,1,1,0.31,-0.278,"BSAI"
"4625","p_black","5",41,"1",0.829,0.948,0.045,1,1,0.256,-0.464,"BSAI"
"4626","p_black","5",41,"2",0.856,0.979,0.039,1,1.019,0.26,-0.473,"BSAI"
"4627","p_pelagic","5",42,"1",0.925,0.925,0.925,0.925,NA,0,NA,"BSAI"
"4628","p_pelagic","5",42,"2",0.62,0.697,0.051,0.992,1,0.293,-0.263,"BSAI"
"4629","p_yellow","5",42,"1",0.463,0.463,0.463,0.463,NA,0,NA,"BSAI"
"4630","p_yellow","5",42,"2",0.675,0.764,0,1,1,0.309,-0.288,"BSAI"
"4631","p_black","5",42,"1",0.831,0.949,0.046,1,1,0.255,-0.462,"BSAI"
"4632","p_black","5",42,"2",0.855,0.978,0.039,1,1.019,0.261,-0.472,"BSAI"
"4633","p_pelagic","5",43,"1",0.943,0.943,0.943,0.943,NA,0,NA,"BSAI"
"4634","p_pelagic","5",43,"2",0.616,0.691,0.049,0.992,1,0.294,-0.255,"BSAI"
"4635","p_yellow","5",43,"1",0.54,0.54,0.54,0.54,NA,0,NA,"BSAI"
"4636","p_yellow","5",43,"2",0.673,0.76,0,1,1,0.31,-0.281,"BSAI"
"4637","p_black","5",43,"1",0.83,0.948,0.046,1,1,0.256,-0.461,"BSAI"
"4638","p_black","5",43,"2",0.857,0.979,0.04,1,1.02,0.259,-0.471,"BSAI"
"4639","p_pelagic","5",44,"1",0.753,0.762,0.56,0.902,1,0.088,-0.102,"BSAI"
"4640","p_pelagic","5",44,"2",0.433,0.403,0.015,0.975,1,0.306,0.098,"BSAI"
"4641","p_yellow","5",44,"1",0.205,0.154,0.009,0.654,1,0.178,0.287,"BSAI"
"4642","p_yellow","5",44,"2",0.499,0.492,0,1,1,0.365,0.019,"BSAI"
"4643","p_black","5",44,"1",0.821,0.948,0.047,1,1,0.266,-0.478,"BSAI"
"4644","p_black","5",44,"2",0.85,0.978,0.033,1,1.015,0.266,-0.482,"BSAI"
"4645","p_pelagic","5",45,"1",0.644,0.645,0.547,0.732,1.001,0.047,-0.021,"BSAI"
"4646","p_pelagic","5",45,"2",0.436,0.405,0.012,0.973,1,0.307,0.101,"BSAI"
"4647","p_yellow","5",45,"1",0.035,0.028,0.004,0.105,1.002,0.027,0.26,"BSAI"
"4648","p_yellow","5",45,"2",0.504,0.494,0,1,1,0.364,0.027,"BSAI"
"4649","p_black","5",45,"1",0.822,0.952,0.042,1,1,0.264,-0.492,"BSAI"
"4650","p_black","5",45,"2",0.852,0.981,0.037,1,1.018,0.264,-0.489,"BSAI"
"4651","p_pelagic","5",46,"1",0.812,0.822,0.63,0.935,1,0.08,-0.125,"BSAI"
"4652","p_pelagic","5",46,"2",0.442,0.42,0.011,0.976,1,0.305,0.072,"BSAI"
"4653","p_yellow","5",46,"1",0.377,0.318,0.014,0.947,1.001,0.287,0.205,"BSAI"
"4654","p_yellow","5",46,"2",0.503,0.507,0,1,1,0.365,-0.011,"BSAI"
"4655","p_black","5",46,"1",0.825,0.95,0.048,1,1,0.262,-0.476,"BSAI"
"4656","p_black","5",46,"2",0.851,0.978,0.032,1,1.016,0.263,-0.483,"BSAI"
"4657","p_pelagic","5",47,"1",0.078,0.074,0.033,0.14,1.004,0.028,0.144,"BSAI"
"4658","p_pelagic","5",47,"2",0.417,0.368,0.012,0.976,1,0.308,0.159,"BSAI"
"4659","p_yellow","5",47,"1",0.507,0.507,0.396,0.617,1,0.057,0,"BSAI"
"4660","p_yellow","5",47,"2",0.493,0.464,0,1,1,0.369,0.079,"BSAI"
"4661","p_black","5",47,"1",0.824,0.951,0.036,1,1,0.262,-0.485,"BSAI"
"4662","p_black","5",47,"2",0.849,0.98,0.036,1,1.018,0.267,-0.491,"BSAI"
"4663","p_pelagic","5",48,"1",0.522,0.525,0.319,0.72,1,0.103,-0.029,"BSAI"
"4664","p_pelagic","5",48,"2",0.414,0.361,0.012,0.974,1,0.311,0.171,"BSAI"
"4665","p_yellow","5",48,"1",0.46,0.459,0.162,0.769,1,0.159,0.006,"BSAI"
"4666","p_yellow","5",48,"2",0.492,0.476,0,1,1,0.371,0.043,"BSAI"
"4667","p_black","5",48,"1",0.823,0.95,0.041,1,1.001,0.265,-0.48,"BSAI"
"4668","p_black","5",48,"2",0.852,0.979,0.039,1,1.02,0.266,-0.478,"BSAI"
"4669","p_pelagic","5",49,"1",0.579,0.59,0.237,0.874,1,0.169,-0.065,"BSAI"
"4670","p_pelagic","5",49,"2",0.436,0.408,0.014,0.975,1,0.303,0.093,"BSAI"
"4671","p_yellow","5",49,"1",0.374,0.313,0.016,0.932,1,0.281,0.217,"BSAI"
"4672","p_yellow","5",49,"2",0.513,0.519,0,1,1,0.362,-0.017,"BSAI"
"4673","p_black","5",49,"1",0.825,0.949,0.045,1,1,0.262,-0.474,"BSAI"
"4674","p_black","5",49,"2",0.85,0.978,0.037,1,1.018,0.266,-0.482,"BSAI"
"4675","p_pelagic","5",5,"1",0.818,0.818,0.818,0.818,NA,0,NA,"BSAI"
"4676","p_pelagic","5",5,"2",0.915,0.915,0.915,0.915,NA,0,NA,"BSAI"
"4677","p_yellow","5",5,"1",0.529,0.529,0.529,0.529,NA,0,NA,"BSAI"
"4678","p_yellow","5",5,"2",0.725,0.725,0.725,0.725,NA,0,NA,"BSAI"
"4679","p_black","5",5,"1",0.989,0.989,0.989,0.989,NA,0,NA,"BSAI"
"4680","p_black","5",5,"2",0.994,0.994,0.994,0.994,NA,0,NA,"BSAI"
"4681","p_pelagic","5",6,"1",0.817,0.817,0.817,0.817,NA,0,NA,"BSAI"
"4682","p_pelagic","5",6,"2",0.915,0.915,0.915,0.915,NA,0,NA,"BSAI"
"4683","p_yellow","5",6,"1",0.531,0.531,0.531,0.531,NA,0,NA,"BSAI"
"4684","p_yellow","5",6,"2",0.732,0.732,0.732,0.732,NA,0,NA,"BSAI"
"4685","p_black","5",6,"1",0.989,0.989,0.989,0.989,NA,0,NA,"BSAI"
"4686","p_black","5",6,"2",0.994,0.994,0.994,0.994,NA,0,NA,"BSAI"
"4687","p_pelagic","5",7,"1",0.818,0.818,0.818,0.818,NA,0,NA,"BSAI"
"4688","p_pelagic","5",7,"2",0.91,0.91,0.91,0.91,NA,0,NA,"BSAI"
"4689","p_yellow","5",7,"1",0.528,0.528,0.528,0.528,NA,0,NA,"BSAI"
"4690","p_yellow","5",7,"2",0.723,0.723,0.723,0.723,NA,0,NA,"BSAI"
"4691","p_black","5",7,"1",0.989,0.989,0.989,0.989,NA,0,NA,"BSAI"
"4692","p_black","5",7,"2",0.994,0.994,0.994,0.994,NA,0,NA,"BSAI"
"4693","p_pelagic","5",8,"1",0.821,0.821,0.821,0.821,NA,0,NA,"BSAI"
"4694","p_pelagic","5",8,"2",0.914,0.914,0.914,0.914,NA,0,NA,"BSAI"
"4695","p_yellow","5",8,"1",0.525,0.525,0.525,0.525,NA,0,NA,"BSAI"
"4696","p_yellow","5",8,"2",0.726,0.726,0.726,0.726,NA,0,NA,"BSAI"
"4697","p_black","5",8,"1",0.988,0.988,0.988,0.988,NA,0,NA,"BSAI"
"4698","p_black","5",8,"2",0.994,0.994,0.994,0.994,NA,0,NA,"BSAI"
"4699","p_pelagic","5",9,"1",0.819,0.819,0.819,0.819,NA,0,NA,"BSAI"
"4700","p_pelagic","5",9,"2",0.909,0.909,0.909,0.909,NA,0,NA,"BSAI"
"4701","p_yellow","5",9,"1",0.523,0.523,0.523,0.523,NA,0,NA,"BSAI"
"4702","p_yellow","5",9,"2",0.721,0.721,0.721,0.721,NA,0,NA,"BSAI"
"4703","p_black","5",9,"1",0.989,0.989,0.989,0.989,NA,0,NA,"BSAI"
"4704","p_black","5",9,"2",0.994,0.994,0.994,0.994,NA,0,NA,"BSAI"
"4705","p_pelagic","6",1,"1",0.797,0.797,0.797,0.797,NA,0,NA,"SOKO2SAP"
"4706","p_pelagic","6",1,"2",0.977,0.977,0.977,0.977,NA,0,NA,"SOKO2SAP"
"4707","p_yellow","6",1,"1",0.692,0.692,0.692,0.692,NA,0,NA,"SOKO2SAP"
"4708","p_yellow","6",1,"2",0.839,0.839,0.839,0.839,NA,0,NA,"SOKO2SAP"
"4709","p_black","6",1,"1",0.987,0.987,0.987,0.987,NA,0,NA,"SOKO2SAP"
"4710","p_black","6",1,"2",0.994,0.994,0.994,0.994,NA,0,NA,"SOKO2SAP"
"4711","p_pelagic","6",10,"1",0.794,0.794,0.794,0.794,NA,0,NA,"SOKO2SAP"
"4712","p_pelagic","6",10,"2",0.978,0.978,0.978,0.978,NA,0,NA,"SOKO2SAP"
"4713","p_yellow","6",10,"1",0.699,0.699,0.699,0.699,NA,0,NA,"SOKO2SAP"
"4714","p_yellow","6",10,"2",0.84,0.84,0.84,0.84,NA,0,NA,"SOKO2SAP"
"4715","p_black","6",10,"1",0.987,0.987,0.987,0.987,NA,0,NA,"SOKO2SAP"
"4716","p_black","6",10,"2",0.993,0.993,0.993,0.993,NA,0,NA,"SOKO2SAP"
"4717","p_pelagic","6",11,"1",0.796,0.796,0.796,0.796,NA,0,NA,"SOKO2SAP"
"4718","p_pelagic","6",11,"2",0.978,0.978,0.978,0.978,NA,0,NA,"SOKO2SAP"
"4719","p_yellow","6",11,"1",0.694,0.694,0.694,0.694,NA,0,NA,"SOKO2SAP"
"4720","p_yellow","6",11,"2",0.841,0.841,0.841,0.841,NA,0,NA,"SOKO2SAP"
"4721","p_black","6",11,"1",0.987,0.987,0.987,0.987,NA,0,NA,"SOKO2SAP"
"4722","p_black","6",11,"2",0.993,0.993,0.993,0.993,NA,0,NA,"SOKO2SAP"
"4723","p_pelagic","6",12,"1",0.797,0.797,0.797,0.797,NA,0,NA,"SOKO2SAP"
"4724","p_pelagic","6",12,"2",0.977,0.977,0.977,0.977,NA,0,NA,"SOKO2SAP"
"4725","p_yellow","6",12,"1",0.697,0.697,0.697,0.697,NA,0,NA,"SOKO2SAP"
"4726","p_yellow","6",12,"2",0.839,0.839,0.839,0.839,NA,0,NA,"SOKO2SAP"
"4727","p_black","6",12,"1",0.986,0.986,0.986,0.986,NA,0,NA,"SOKO2SAP"
"4728","p_black","6",12,"2",0.994,0.994,0.994,0.994,NA,0,NA,"SOKO2SAP"
"4729","p_pelagic","6",13,"1",0.796,0.796,0.796,0.796,NA,0,NA,"SOKO2SAP"
"4730","p_pelagic","6",13,"2",0.977,0.977,0.977,0.977,NA,0,NA,"SOKO2SAP"
"4731","p_yellow","6",13,"1",0.697,0.697,0.697,0.697,NA,0,NA,"SOKO2SAP"
"4732","p_yellow","6",13,"2",0.844,0.844,0.844,0.844,NA,0,NA,"SOKO2SAP"
"4733","p_black","6",13,"1",0.986,0.986,0.986,0.986,NA,0,NA,"SOKO2SAP"
"4734","p_black","6",13,"2",0.993,0.993,0.993,0.993,NA,0,NA,"SOKO2SAP"
"4735","p_pelagic","6",14,"1",0.797,0.797,0.797,0.797,NA,0,NA,"SOKO2SAP"
"4736","p_pelagic","6",14,"2",0.977,0.977,0.977,0.977,NA,0,NA,"SOKO2SAP"
"4737","p_yellow","6",14,"1",0.699,0.699,0.699,0.699,NA,0,NA,"SOKO2SAP"
"4738","p_yellow","6",14,"2",0.838,0.838,0.838,0.838,NA,0,NA,"SOKO2SAP"
"4739","p_black","6",14,"1",0.987,0.987,0.987,0.987,NA,0,NA,"SOKO2SAP"
"4740","p_black","6",14,"2",0.994,0.994,0.994,0.994,NA,0,NA,"SOKO2SAP"
"4741","p_pelagic","6",15,"1",0.796,0.796,0.796,0.796,NA,0,NA,"SOKO2SAP"
"4742","p_pelagic","6",15,"2",0.977,0.977,0.977,0.977,NA,0,NA,"SOKO2SAP"
"4743","p_yellow","6",15,"1",0.703,0.703,0.703,0.703,NA,0,NA,"SOKO2SAP"
"4744","p_yellow","6",15,"2",0.837,0.837,0.837,0.837,NA,0,NA,"SOKO2SAP"
"4745","p_black","6",15,"1",0.987,0.987,0.987,0.987,NA,0,NA,"SOKO2SAP"
"4746","p_black","6",15,"2",0.994,0.994,0.994,0.994,NA,0,NA,"SOKO2SAP"
"4747","p_pelagic","6",16,"1",0.797,0.797,0.797,0.797,NA,0,NA,"SOKO2SAP"
"4748","p_pelagic","6",16,"2",0.979,0.979,0.979,0.979,NA,0,NA,"SOKO2SAP"
"4749","p_yellow","6",16,"1",0.693,0.693,0.693,0.693,NA,0,NA,"SOKO2SAP"
"4750","p_yellow","6",16,"2",0.839,0.839,0.839,0.839,NA,0,NA,"SOKO2SAP"
"4751","p_black","6",16,"1",0.987,0.987,0.987,0.987,NA,0,NA,"SOKO2SAP"
"4752","p_black","6",16,"2",0.993,0.993,0.993,0.993,NA,0,NA,"SOKO2SAP"
"4753","p_pelagic","6",17,"1",0.797,0.797,0.797,0.797,NA,0,NA,"SOKO2SAP"
"4754","p_pelagic","6",17,"2",0.978,0.978,0.978,0.978,NA,0,NA,"SOKO2SAP"
"4755","p_yellow","6",17,"1",0.704,0.704,0.704,0.704,NA,0,NA,"SOKO2SAP"
"4756","p_yellow","6",17,"2",0.838,0.838,0.838,0.838,NA,0,NA,"SOKO2SAP"
"4757","p_black","6",17,"1",0.987,0.987,0.987,0.987,NA,0,NA,"SOKO2SAP"
"4758","p_black","6",17,"2",0.994,0.994,0.994,0.994,NA,0,NA,"SOKO2SAP"
"4759","p_pelagic","6",18,"1",0.793,0.793,0.793,0.793,NA,0,NA,"SOKO2SAP"
"4760","p_pelagic","6",18,"2",0.978,0.978,0.978,0.978,NA,0,NA,"SOKO2SAP"
"4761","p_yellow","6",18,"1",0.698,0.698,0.698,0.698,NA,0,NA,"SOKO2SAP"
"4762","p_yellow","6",18,"2",0.837,0.837,0.837,0.837,NA,0,NA,"SOKO2SAP"
"4763","p_black","6",18,"1",0.987,0.987,0.987,0.987,NA,0,NA,"SOKO2SAP"
"4764","p_black","6",18,"2",0.994,0.994,0.994,0.994,NA,0,NA,"SOKO2SAP"
"4765","p_pelagic","6",19,"1",0.792,0.792,0.792,0.792,NA,0,NA,"SOKO2SAP"
"4766","p_pelagic","6",19,"2",0.978,0.978,0.978,0.978,NA,0,NA,"SOKO2SAP"
"4767","p_yellow","6",19,"1",0.697,0.697,0.697,0.697,NA,0,NA,"SOKO2SAP"
"4768","p_yellow","6",19,"2",0.841,0.841,0.841,0.841,NA,0,NA,"SOKO2SAP"
"4769","p_black","6",19,"1",0.987,0.987,0.987,0.987,NA,0,NA,"SOKO2SAP"
"4770","p_black","6",19,"2",0.994,0.994,0.994,0.994,NA,0,NA,"SOKO2SAP"
"4771","p_pelagic","6",2,"1",0.796,0.796,0.796,0.796,NA,0,NA,"SOKO2SAP"
"4772","p_pelagic","6",2,"2",0.978,0.978,0.978,0.978,NA,0,NA,"SOKO2SAP"
"4773","p_yellow","6",2,"1",0.695,0.695,0.695,0.695,NA,0,NA,"SOKO2SAP"
"4774","p_yellow","6",2,"2",0.837,0.837,0.837,0.837,NA,0,NA,"SOKO2SAP"
"4775","p_black","6",2,"1",0.987,0.987,0.987,0.987,NA,0,NA,"SOKO2SAP"
"4776","p_black","6",2,"2",0.993,0.993,0.993,0.993,NA,0,NA,"SOKO2SAP"
"4777","p_pelagic","6",20,"1",0.796,0.796,0.796,0.796,NA,0,NA,"SOKO2SAP"
"4778","p_pelagic","6",20,"2",0.977,0.977,0.977,0.977,NA,0,NA,"SOKO2SAP"
"4779","p_yellow","6",20,"1",0.693,0.693,0.693,0.693,NA,0,NA,"SOKO2SAP"
"4780","p_yellow","6",20,"2",0.838,0.838,0.838,0.838,NA,0,NA,"SOKO2SAP"
"4781","p_black","6",20,"1",0.986,0.986,0.986,0.986,NA,0,NA,"SOKO2SAP"
"4782","p_black","6",20,"2",0.993,0.993,0.993,0.993,NA,0,NA,"SOKO2SAP"
"4783","p_pelagic","6",21,"1",0.792,0.792,0.792,0.792,NA,0,NA,"SOKO2SAP"
"4784","p_pelagic","6",21,"2",0.977,0.977,0.977,0.977,NA,0,NA,"SOKO2SAP"
"4785","p_yellow","6",21,"1",0.703,0.703,0.703,0.703,NA,0,NA,"SOKO2SAP"
"4786","p_yellow","6",21,"2",0.839,0.839,0.839,0.839,NA,0,NA,"SOKO2SAP"
"4787","p_black","6",21,"1",0.987,0.987,0.987,0.987,NA,0,NA,"SOKO2SAP"
"4788","p_black","6",21,"2",0.993,0.993,0.993,0.993,NA,0,NA,"SOKO2SAP"
"4789","p_pelagic","6",22,"1",0.789,0.789,0.789,0.789,NA,0,NA,"SOKO2SAP"
"4790","p_pelagic","6",22,"2",0.609,0.682,0.047,0.991,1,0.295,-0.248,"SOKO2SAP"
"4791","p_yellow","6",22,"1",0.701,0.701,0.701,0.701,NA,0,NA,"SOKO2SAP"
"4792","p_yellow","6",22,"2",0.797,0.88,0.011,1,1,0.256,-0.324,"SOKO2SAP"
"4793","p_black","6",22,"1",0.987,0.993,0.946,1,1.005,0.015,-0.391,"SOKO2SAP"
"4794","p_black","6",22,"2",0.994,0.998,0.969,1,1.002,0.009,-0.454,"SOKO2SAP"
"4795","p_pelagic","6",23,"1",0.812,0.812,0.812,0.812,NA,0,NA,"SOKO2SAP"
"4796","p_pelagic","6",23,"2",0.609,0.681,0.047,0.991,1,0.295,-0.244,"SOKO2SAP"
"4797","p_yellow","6",23,"1",0.701,0.701,0.701,0.701,NA,0,NA,"SOKO2SAP"
"4798","p_yellow","6",23,"2",0.797,0.88,0.011,1,1,0.256,-0.324,"SOKO2SAP"
"4799","p_black","6",23,"1",0.987,0.993,0.948,1,1.005,0.015,-0.406,"SOKO2SAP"
"4800","p_black","6",23,"2",0.994,0.998,0.969,1,1.002,0.009,-0.448,"SOKO2SAP"
"4801","p_pelagic","6",24,"1",0.347,0.347,0.347,0.347,NA,0,NA,"SOKO2SAP"
"4802","p_pelagic","6",24,"2",0.609,0.681,0.047,0.991,1,0.295,-0.244,"SOKO2SAP"
"4803","p_yellow","6",24,"1",0.676,0.676,0.676,0.676,NA,0,NA,"SOKO2SAP"
"4804","p_yellow","6",24,"2",0.798,0.881,0.011,1,1,0.256,-0.325,"SOKO2SAP"
"4805","p_black","6",24,"1",0.987,0.993,0.947,1,1.005,0.015,-0.394,"SOKO2SAP"
"4806","p_black","6",24,"2",0.994,0.998,0.969,1,1.002,0.009,-0.449,"SOKO2SAP"
"4807","p_pelagic","6",25,"1",0.675,0.675,0.675,0.675,NA,0,NA,"SOKO2SAP"
"4808","p_pelagic","6",25,"2",0.606,0.677,0.046,0.991,1,0.295,-0.24,"SOKO2SAP"
"4809","p_yellow","6",25,"1",0.683,0.683,0.683,0.683,NA,0,NA,"SOKO2SAP"
"4810","p_yellow","6",25,"2",0.796,0.879,0.011,1,1,0.256,-0.324,"SOKO2SAP"
"4811","p_black","6",25,"1",0.987,0.993,0.946,1,1.005,0.015,-0.393,"SOKO2SAP"
"4812","p_black","6",25,"2",0.994,0.998,0.969,1,1.002,0.009,-0.449,"SOKO2SAP"
"4813","p_pelagic","6",26,"1",0.858,0.858,0.858,0.858,NA,0,NA,"SOKO2SAP"
"4814","p_pelagic","6",26,"2",0.606,0.678,0.046,0.991,1,0.295,-0.244,"SOKO2SAP"
"4815","p_yellow","6",26,"1",0.702,0.702,0.702,0.702,NA,0,NA,"SOKO2SAP"
"4816","p_yellow","6",26,"2",0.795,0.879,0.011,1,1,0.256,-0.328,"SOKO2SAP"
"4817","p_black","6",26,"1",0.987,0.993,0.947,1,1.005,0.015,-0.399,"SOKO2SAP"
"4818","p_black","6",26,"2",0.994,0.998,0.969,1,1.002,0.009,-0.447,"SOKO2SAP"
"4819","p_pelagic","6",27,"1",0.773,0.773,0.773,0.773,NA,0,NA,"SOKO2SAP"
"4820","p_pelagic","6",27,"2",0.607,0.679,0.047,0.991,1,0.295,-0.244,"SOKO2SAP"
"4821","p_yellow","6",27,"1",0.697,0.697,0.697,0.697,NA,0,NA,"SOKO2SAP"
"4822","p_yellow","6",27,"2",0.797,0.881,0.011,1,1,0.256,-0.329,"SOKO2SAP"
"4823","p_black","6",27,"1",0.987,0.993,0.947,1,1.005,0.015,-0.395,"SOKO2SAP"
"4824","p_black","6",27,"2",0.994,0.998,0.969,1,1.002,0.009,-0.448,"SOKO2SAP"
"4825","p_pelagic","6",28,"1",0.796,0.796,0.796,0.796,NA,0,NA,"SOKO2SAP"
"4826","p_pelagic","6",28,"2",0.606,0.678,0.046,0.991,1,0.295,-0.244,"SOKO2SAP"
"4827","p_yellow","6",28,"1",0.692,0.692,0.692,0.692,NA,0,NA,"SOKO2SAP"
"4828","p_yellow","6",28,"2",0.795,0.879,0.011,1,1,0.256,-0.328,"SOKO2SAP"
"4829","p_black","6",28,"1",0.987,0.993,0.947,1,1.005,0.015,-0.399,"SOKO2SAP"
"4830","p_black","6",28,"2",0.994,0.998,0.969,1,1.002,0.009,-0.45,"SOKO2SAP"
"4831","p_pelagic","6",29,"1",0.582,0.582,0.582,0.582,NA,0,NA,"SOKO2SAP"
"4832","p_pelagic","6",29,"2",0.605,0.676,0.046,0.991,1,0.295,-0.24,"SOKO2SAP"
"4833","p_yellow","6",29,"1",0.711,0.711,0.711,0.711,NA,0,NA,"SOKO2SAP"
"4834","p_yellow","6",29,"2",0.797,0.881,0.011,1,1,0.256,-0.329,"SOKO2SAP"
"4835","p_black","6",29,"1",0.987,0.993,0.948,1,1.005,0.015,-0.404,"SOKO2SAP"
"4836","p_black","6",29,"2",0.994,0.998,0.97,1,1.002,0.009,-0.465,"SOKO2SAP"
"4837","p_pelagic","6",3,"1",0.795,0.795,0.795,0.795,NA,0,NA,"SOKO2SAP"
"4838","p_pelagic","6",3,"2",0.978,0.978,0.978,0.978,NA,0,NA,"SOKO2SAP"
"4839","p_yellow","6",3,"1",0.698,0.698,0.698,0.698,NA,0,NA,"SOKO2SAP"
"4840","p_yellow","6",3,"2",0.841,0.841,0.841,0.841,NA,0,NA,"SOKO2SAP"
"4841","p_black","6",3,"1",0.987,0.987,0.987,0.987,NA,0,NA,"SOKO2SAP"
"4842","p_black","6",3,"2",0.994,0.994,0.994,0.994,NA,0,NA,"SOKO2SAP"
"4843","p_pelagic","6",30,"1",0.689,0.689,0.689,0.689,NA,0,NA,"SOKO2SAP"
"4844","p_pelagic","6",30,"2",0.609,0.682,0.047,0.991,1,0.295,-0.248,"SOKO2SAP"
"4845","p_yellow","6",30,"1",0.64,0.64,0.64,0.64,NA,0,NA,"SOKO2SAP"
"4846","p_yellow","6",30,"2",0.796,0.88,0.011,1,1,0.256,-0.328,"SOKO2SAP"
"4847","p_black","6",30,"1",0.988,0.993,0.949,1,1.005,0.015,-0.344,"SOKO2SAP"
"4848","p_black","6",30,"2",0.994,0.998,0.97,1,1.002,0.009,-0.46,"SOKO2SAP"
"4849","p_pelagic","6",31,"1",0.862,0.862,0.862,0.862,NA,0,NA,"SOKO2SAP"
"4850","p_pelagic","6",31,"2",0.606,0.677,0.046,0.991,1,0.295,-0.24,"SOKO2SAP"
"4851","p_yellow","6",31,"1",0.861,0.861,0.861,0.861,NA,0,NA,"SOKO2SAP"
"4852","p_yellow","6",31,"2",0.796,0.879,0.011,1,1,0.256,-0.324,"SOKO2SAP"
"4853","p_black","6",31,"1",0.987,0.993,0.946,1,1.005,0.015,-0.391,"SOKO2SAP"
"4854","p_black","6",31,"2",0.994,0.998,0.969,1,1.002,0.009,-0.449,"SOKO2SAP"
"4855","p_pelagic","6",32,"1",0.927,0.927,0.927,0.927,NA,0,NA,"SOKO2SAP"
"4856","p_pelagic","6",32,"2",0.608,0.68,0.047,0.991,1,0.295,-0.244,"SOKO2SAP"
"4857","p_yellow","6",32,"1",0.669,0.669,0.669,0.669,NA,0,NA,"SOKO2SAP"
"4858","p_yellow","6",32,"2",0.796,0.879,0.011,1,1,0.256,-0.324,"SOKO2SAP"
"4859","p_black","6",32,"1",0.987,0.993,0.948,1,1.005,0.015,-0.407,"SOKO2SAP"
"4860","p_black","6",32,"2",0.994,0.998,0.969,1,1.002,0.009,-0.443,"SOKO2SAP"
"4861","p_pelagic","6",33,"1",0.874,0.874,0.874,0.874,NA,0,NA,"SOKO2SAP"
"4862","p_pelagic","6",33,"2",0.608,0.68,0.047,0.991,1,0.295,-0.244,"SOKO2SAP"
"4863","p_yellow","6",33,"1",0.721,0.721,0.721,0.721,NA,0,NA,"SOKO2SAP"
"4864","p_yellow","6",33,"2",0.797,0.881,0.011,1,1,0.256,-0.329,"SOKO2SAP"
"4865","p_black","6",33,"1",0.982,0.991,0.929,1,1.005,0.02,-0.443,"SOKO2SAP"
"4866","p_black","6",33,"2",0.993,0.997,0.962,1,1.002,0.011,-0.368,"SOKO2SAP"
"4867","p_pelagic","6",34,"1",0.602,0.602,0.602,0.602,NA,0,NA,"SOKO2SAP"
"4868","p_pelagic","6",34,"2",0.606,0.677,0.046,0.991,1,0.295,-0.24,"SOKO2SAP"
"4869","p_yellow","6",34,"1",0.277,0.277,0.277,0.277,NA,0,NA,"SOKO2SAP"
"4870","p_yellow","6",34,"2",0.798,0.882,0.011,1,1,0.255,-0.329,"SOKO2SAP"
"4871","p_black","6",34,"1",0.988,0.994,0.951,1,1.005,0.014,-0.43,"SOKO2SAP"
"4872","p_black","6",34,"2",0.994,0.998,0.97,1,1.002,0.009,-0.467,"SOKO2SAP"
"4873","p_pelagic","6",35,"1",0.818,0.818,0.818,0.818,NA,0,NA,"SOKO2SAP"
"4874","p_pelagic","6",35,"2",0.61,0.683,0.047,0.991,1,0.295,-0.248,"SOKO2SAP"
"4875","p_yellow","6",35,"1",0.572,0.572,0.572,0.572,NA,0,NA,"SOKO2SAP"
"4876","p_yellow","6",35,"2",0.795,0.879,0.011,1,1,0.256,-0.328,"SOKO2SAP"
"4877","p_black","6",35,"1",0.987,0.993,0.948,1,1.005,0.015,-0.408,"SOKO2SAP"
"4878","p_black","6",35,"2",0.994,0.998,0.97,1,1.002,0.009,-0.466,"SOKO2SAP"
"4879","p_pelagic","6",36,"1",0.645,0.645,0.645,0.645,NA,0,NA,"SOKO2SAP"
"4880","p_pelagic","6",36,"2",0.607,0.679,0.047,0.991,1,0.295,-0.244,"SOKO2SAP"
"4881","p_yellow","6",36,"1",0.301,0.301,0.301,0.301,NA,0,NA,"SOKO2SAP"
"4882","p_yellow","6",36,"2",0.796,0.879,0.011,1,1,0.256,-0.324,"SOKO2SAP"
"4883","p_black","6",36,"1",0.987,0.993,0.947,1,1.005,0.015,-0.395,"SOKO2SAP"
"4884","p_black","6",36,"2",0.994,0.998,0.969,1,1.002,0.009,-0.451,"SOKO2SAP"
"4885","p_pelagic","6",37,"1",0.802,0.802,0.802,0.802,NA,0,NA,"SOKO2SAP"
"4886","p_pelagic","6",37,"2",0.606,0.678,0.046,0.991,1,0.295,-0.244,"SOKO2SAP"
"4887","p_yellow","6",37,"1",0.528,0.528,0.528,0.528,NA,0,NA,"SOKO2SAP"
"4888","p_yellow","6",37,"2",0.799,0.882,0.011,1,1,0.255,-0.325,"SOKO2SAP"
"4889","p_black","6",37,"1",0.987,0.993,0.946,1,1.005,0.015,-0.39,"SOKO2SAP"
"4890","p_black","6",37,"2",0.994,0.998,0.969,1,1.002,0.009,-0.444,"SOKO2SAP"
"4891","p_pelagic","6",38,"1",0.852,0.852,0.852,0.852,NA,0,NA,"SOKO2SAP"
"4892","p_pelagic","6",38,"2",0.607,0.679,0.047,0.991,1,0.295,-0.244,"SOKO2SAP"
"4893","p_yellow","6",38,"1",0.513,0.513,0.513,0.513,NA,0,NA,"SOKO2SAP"
"4894","p_yellow","6",38,"2",0.796,0.879,0.011,1,1,0.256,-0.324,"SOKO2SAP"
"4895","p_black","6",38,"1",0.988,0.994,0.95,1,1.005,0.014,-0.425,"SOKO2SAP"
"4896","p_black","6",38,"2",0.994,0.998,0.97,1,1.002,0.009,-0.468,"SOKO2SAP"
"4897","p_pelagic","6",39,"1",0.83,0.83,0.83,0.83,NA,0,NA,"SOKO2SAP"
"4898","p_pelagic","6",39,"2",0.607,0.679,0.047,0.991,1,0.295,-0.244,"SOKO2SAP"
"4899","p_yellow","6",39,"1",0.615,0.615,0.615,0.615,NA,0,NA,"SOKO2SAP"
"4900","p_yellow","6",39,"2",0.795,0.879,0.011,1,1,0.256,-0.328,"SOKO2SAP"
"4901","p_black","6",39,"1",0.987,0.993,0.947,1,1.005,0.015,-0.397,"SOKO2SAP"
"4902","p_black","6",39,"2",0.994,0.998,0.969,1,1.002,0.009,-0.447,"SOKO2SAP"
"4903","p_pelagic","6",4,"1",0.792,0.792,0.792,0.792,NA,0,NA,"SOKO2SAP"
"4904","p_pelagic","6",4,"2",0.977,0.977,0.977,0.977,NA,0,NA,"SOKO2SAP"
"4905","p_yellow","6",4,"1",0.696,0.696,0.696,0.696,NA,0,NA,"SOKO2SAP"
"4906","p_yellow","6",4,"2",0.843,0.843,0.843,0.843,NA,0,NA,"SOKO2SAP"
"4907","p_black","6",4,"1",0.987,0.987,0.987,0.987,NA,0,NA,"SOKO2SAP"
"4908","p_black","6",4,"2",0.994,0.994,0.994,0.994,NA,0,NA,"SOKO2SAP"
"4909","p_pelagic","6",40,"1",0.875,0.875,0.875,0.875,NA,0,NA,"SOKO2SAP"
"4910","p_pelagic","6",40,"2",0.606,0.678,0.046,0.991,1,0.295,-0.244,"SOKO2SAP"
"4911","p_yellow","6",40,"1",0.869,0.869,0.869,0.869,NA,0,NA,"SOKO2SAP"
"4912","p_yellow","6",40,"2",0.796,0.879,0.011,1,1,0.256,-0.324,"SOKO2SAP"
"4913","p_black","6",40,"1",0.985,0.992,0.938,1,1.005,0.018,-0.394,"SOKO2SAP"
"4914","p_black","6",40,"2",0.993,0.998,0.966,1,1.002,0.01,-0.508,"SOKO2SAP"
"4915","p_pelagic","6",41,"1",0.914,0.914,0.914,0.914,NA,0,NA,"SOKO2SAP"
"4916","p_pelagic","6",41,"2",0.611,0.685,0.048,0.991,1,0.294,-0.251,"SOKO2SAP"
"4917","p_yellow","6",41,"1",0.829,0.829,0.829,0.829,NA,0,NA,"SOKO2SAP"
"4918","p_yellow","6",41,"2",0.796,0.879,0.011,1,1,0.256,-0.324,"SOKO2SAP"
"4919","p_black","6",41,"1",0.988,0.994,0.952,1,1.005,0.014,-0.437,"SOKO2SAP"
"4920","p_black","6",41,"2",0.995,0.998,0.971,1,1.002,0.008,-0.366,"SOKO2SAP"
"4921","p_pelagic","6",42,"1",0.861,0.861,0.861,0.861,NA,0,NA,"SOKO2SAP"
"4922","p_pelagic","6",42,"2",0.607,0.679,0.047,0.991,1,0.295,-0.244,"SOKO2SAP"
"4923","p_yellow","6",42,"1",0.934,0.934,0.934,0.934,NA,0,NA,"SOKO2SAP"
"4924","p_yellow","6",42,"2",0.796,0.88,0.011,1,1,0.256,-0.328,"SOKO2SAP"
"4925","p_black","6",42,"1",0.988,0.994,0.953,1,1.005,0.013,-0.446,"SOKO2SAP"
"4926","p_black","6",42,"2",0.995,0.998,0.971,1,1.002,0.008,-0.367,"SOKO2SAP"
"4927","p_pelagic","6",43,"1",0.822,0.822,0.822,0.822,NA,0,NA,"SOKO2SAP"
"4928","p_pelagic","6",43,"2",0.605,0.676,0.046,0.991,1,0.295,-0.24,"SOKO2SAP"
"4929","p_yellow","6",43,"1",0.911,0.911,0.911,0.911,NA,0,NA,"SOKO2SAP"
"4930","p_yellow","6",43,"2",0.796,0.879,0.011,1,1,0.256,-0.324,"SOKO2SAP"
"4931","p_black","6",43,"1",0.989,0.994,0.954,1,1.005,0.013,-0.382,"SOKO2SAP"
"4932","p_black","6",43,"2",0.995,0.998,0.972,1,1.002,0.008,-0.376,"SOKO2SAP"
"4933","p_pelagic","6",44,"1",0.853,0.854,0.813,0.889,1,0.019,-0.053,"SOKO2SAP"
"4934","p_pelagic","6",44,"2",0.696,0.801,0.072,0.996,1.001,0.28,-0.375,"SOKO2SAP"
"4935","p_yellow","6",44,"1",0.968,0.973,0.913,0.995,1,0.021,-0.234,"SOKO2SAP"
"4936","p_yellow","6",44,"2",0.872,0.975,0.032,1,1,0.234,-0.44,"SOKO2SAP"
"4937","p_black","6",44,"1",0.984,0.994,0.91,1,1.003,0.027,-0.371,"SOKO2SAP"
"4938","p_black","6",44,"2",0.993,0.998,0.953,1,1,0.014,-0.349,"SOKO2SAP"
"4939","p_pelagic","6",45,"1",0.882,0.883,0.867,0.897,1,0.008,-0.127,"SOKO2SAP"
"4940","p_pelagic","6",45,"2",0.696,0.801,0.066,0.995,1,0.284,-0.37,"SOKO2SAP"
"4941","p_yellow","6",45,"1",0.843,0.844,0.791,0.89,1,0.025,-0.04,"SOKO2SAP"
"4942","p_yellow","6",45,"2",0.87,0.976,0.031,1,1,0.238,-0.446,"SOKO2SAP"
"4943","p_black","6",45,"1",0.984,0.993,0.914,1,1.015,0.028,-0.325,"SOKO2SAP"
"4944","p_black","6",45,"2",0.993,0.998,0.959,1,1.003,0.014,-0.36,"SOKO2SAP"
"4945","p_pelagic","6",46,"1",0.844,0.844,0.823,0.863,1.002,0.01,0,"SOKO2SAP"
"4946","p_pelagic","6",46,"2",0.693,0.792,0.067,0.996,1,0.282,-0.351,"SOKO2SAP"
"4947","p_yellow","6",46,"1",0.911,0.912,0.868,0.945,1.001,0.019,-0.051,"SOKO2SAP"
"4948","p_yellow","6",46,"2",0.87,0.975,0.037,1,1,0.238,-0.441,"SOKO2SAP"
"4949","p_black","6",46,"1",0.984,0.994,0.908,1,1.003,0.026,-0.388,"SOKO2SAP"
"4950","p_black","6",46,"2",0.992,0.998,0.95,1,1.004,0.016,-0.366,"SOKO2SAP"
"4951","p_pelagic","6",47,"1",0.903,0.903,0.888,0.918,1.001,0.008,0,"SOKO2SAP"
"4952","p_pelagic","6",47,"2",0.697,0.803,0.07,0.995,1,0.28,-0.379,"SOKO2SAP"
"4953","p_yellow","6",47,"1",0.911,0.912,0.861,0.951,1,0.023,-0.044,"SOKO2SAP"
"4954","p_yellow","6",47,"2",0.875,0.978,0.024,1,1.003,0.235,-0.439,"SOKO2SAP"
"4955","p_black","6",47,"1",0.984,0.993,0.915,1,1.013,0.026,-0.347,"SOKO2SAP"
"4956","p_black","6",47,"2",0.993,0.998,0.951,1,1.011,0.015,-0.343,"SOKO2SAP"
"4957","p_pelagic","6",48,"1",0.872,0.872,0.841,0.9,1.001,0.015,0,"SOKO2SAP"
"4958","p_pelagic","6",48,"2",0.668,0.758,0.068,0.995,1.001,0.286,-0.315,"SOKO2SAP"
"4959","p_yellow","6",48,"1",0.814,0.816,0.708,0.901,1.001,0.049,-0.041,"SOKO2SAP"
"4960","p_yellow","6",48,"2",0.886,0.977,0.039,1,1.001,0.22,-0.413,"SOKO2SAP"
"4961","p_black","6",48,"1",0.984,0.994,0.913,1,1.004,0.025,-0.394,"SOKO2SAP"
"4962","p_black","6",48,"2",0.992,0.998,0.951,1,1.005,0.017,-0.357,"SOKO2SAP"
"4963","p_pelagic","6",49,"1",0.9,0.9,0.888,0.912,1.001,0.006,0,"SOKO2SAP"
"4964","p_pelagic","6",49,"2",0.696,0.8,0.072,0.996,1,0.283,-0.368,"SOKO2SAP"
"4965","p_yellow","6",49,"1",0.909,0.91,0.87,0.941,1,0.018,-0.056,"SOKO2SAP"
"4966","p_yellow","6",49,"2",0.877,0.976,0.024,1,1,0.232,-0.426,"SOKO2SAP"
"4967","p_black","6",49,"1",0.984,0.994,0.907,1,1.01,0.028,-0.351,"SOKO2SAP"
"4968","p_black","6",49,"2",0.993,0.998,0.952,1,1.006,0.015,-0.328,"SOKO2SAP"
"4969","p_pelagic","6",5,"1",0.796,0.796,0.796,0.796,NA,0,NA,"SOKO2SAP"
"4970","p_pelagic","6",5,"2",0.979,0.979,0.979,0.979,NA,0,NA,"SOKO2SAP"
"4971","p_yellow","6",5,"1",0.699,0.699,0.699,0.699,NA,0,NA,"SOKO2SAP"
"4972","p_yellow","6",5,"2",0.84,0.84,0.84,0.84,NA,0,NA,"SOKO2SAP"
"4973","p_black","6",5,"1",0.986,0.986,0.986,0.986,NA,0,NA,"SOKO2SAP"
"4974","p_black","6",5,"2",0.994,0.994,0.994,0.994,NA,0,NA,"SOKO2SAP"
"4975","p_pelagic","6",6,"1",0.797,0.797,0.797,0.797,NA,0,NA,"SOKO2SAP"
"4976","p_pelagic","6",6,"2",0.978,0.978,0.978,0.978,NA,0,NA,"SOKO2SAP"
"4977","p_yellow","6",6,"1",0.699,0.699,0.699,0.699,NA,0,NA,"SOKO2SAP"
"4978","p_yellow","6",6,"2",0.844,0.844,0.844,0.844,NA,0,NA,"SOKO2SAP"
"4979","p_black","6",6,"1",0.987,0.987,0.987,0.987,NA,0,NA,"SOKO2SAP"
"4980","p_black","6",6,"2",0.993,0.993,0.993,0.993,NA,0,NA,"SOKO2SAP"
"4981","p_pelagic","6",7,"1",0.794,0.794,0.794,0.794,NA,0,NA,"SOKO2SAP"
"4982","p_pelagic","6",7,"2",0.978,0.978,0.978,0.978,NA,0,NA,"SOKO2SAP"
"4983","p_yellow","6",7,"1",0.69,0.69,0.69,0.69,NA,0,NA,"SOKO2SAP"
"4984","p_yellow","6",7,"2",0.842,0.842,0.842,0.842,NA,0,NA,"SOKO2SAP"
"4985","p_black","6",7,"1",0.987,0.987,0.987,0.987,NA,0,NA,"SOKO2SAP"
"4986","p_black","6",7,"2",0.993,0.993,0.993,0.993,NA,0,NA,"SOKO2SAP"
"4987","p_pelagic","6",8,"1",0.795,0.795,0.795,0.795,NA,0,NA,"SOKO2SAP"
"4988","p_pelagic","6",8,"2",0.979,0.979,0.979,0.979,NA,0,NA,"SOKO2SAP"
"4989","p_yellow","6",8,"1",0.701,0.701,0.701,0.701,NA,0,NA,"SOKO2SAP"
"4990","p_yellow","6",8,"2",0.839,0.839,0.839,0.839,NA,0,NA,"SOKO2SAP"
"4991","p_black","6",8,"1",0.987,0.987,0.987,0.987,NA,0,NA,"SOKO2SAP"
"4992","p_black","6",8,"2",0.994,0.994,0.994,0.994,NA,0,NA,"SOKO2SAP"
"4993","p_pelagic","6",9,"1",0.798,0.798,0.798,0.798,NA,0,NA,"SOKO2SAP"
"4994","p_pelagic","6",9,"2",0.979,0.979,0.979,0.979,NA,0,NA,"SOKO2SAP"
"4995","p_yellow","6",9,"1",0.702,0.702,0.702,0.702,NA,0,NA,"SOKO2SAP"
"4996","p_yellow","6",9,"2",0.84,0.84,0.84,0.84,NA,0,NA,"SOKO2SAP"
"4997","p_black","6",9,"1",0.987,0.987,0.987,0.987,NA,0,NA,"SOKO2SAP"
"4998","p_black","6",9,"2",0.993,0.993,0.993,0.993,NA,0,NA,"SOKO2SAP"
"4999","p_pelagic","7",1,"1",0.814,0.814,0.814,0.814,NA,0,NA,"WKMA"
"5000","p_pelagic","7",1,"2",0.959,0.959,0.959,0.959,NA,0,NA,"WKMA"
"5001","p_yellow","7",1,"1",0.758,0.758,0.758,0.758,NA,0,NA,"WKMA"
"5002","p_yellow","7",1,"2",0.889,0.889,0.889,0.889,NA,0,NA,"WKMA"
"5003","p_black","7",1,"1",0.956,0.956,0.956,0.956,NA,0,NA,"WKMA"
"5004","p_black","7",1,"2",0.975,0.975,0.975,0.975,NA,0,NA,"WKMA"
"5005","p_pelagic","7",10,"1",0.811,0.811,0.811,0.811,NA,0,NA,"WKMA"
"5006","p_pelagic","7",10,"2",0.959,0.959,0.959,0.959,NA,0,NA,"WKMA"
"5007","p_yellow","7",10,"1",0.762,0.762,0.762,0.762,NA,0,NA,"WKMA"
"5008","p_yellow","7",10,"2",0.888,0.888,0.888,0.888,NA,0,NA,"WKMA"
"5009","p_black","7",10,"1",0.957,0.957,0.957,0.957,NA,0,NA,"WKMA"
"5010","p_black","7",10,"2",0.976,0.976,0.976,0.976,NA,0,NA,"WKMA"
"5011","p_pelagic","7",11,"1",0.814,0.814,0.814,0.814,NA,0,NA,"WKMA"
"5012","p_pelagic","7",11,"2",0.961,0.961,0.961,0.961,NA,0,NA,"WKMA"
"5013","p_yellow","7",11,"1",0.76,0.76,0.76,0.76,NA,0,NA,"WKMA"
"5014","p_yellow","7",11,"2",0.893,0.893,0.893,0.893,NA,0,NA,"WKMA"
"5015","p_black","7",11,"1",0.955,0.955,0.955,0.955,NA,0,NA,"WKMA"
"5016","p_black","7",11,"2",0.976,0.976,0.976,0.976,NA,0,NA,"WKMA"
"5017","p_pelagic","7",12,"1",0.811,0.811,0.811,0.811,NA,0,NA,"WKMA"
"5018","p_pelagic","7",12,"2",0.958,0.958,0.958,0.958,NA,0,NA,"WKMA"
"5019","p_yellow","7",12,"1",0.76,0.76,0.76,0.76,NA,0,NA,"WKMA"
"5020","p_yellow","7",12,"2",0.896,0.896,0.896,0.896,NA,0,NA,"WKMA"
"5021","p_black","7",12,"1",0.957,0.957,0.957,0.957,NA,0,NA,"WKMA"
"5022","p_black","7",12,"2",0.975,0.975,0.975,0.975,NA,0,NA,"WKMA"
"5023","p_pelagic","7",13,"1",0.811,0.811,0.811,0.811,NA,0,NA,"WKMA"
"5024","p_pelagic","7",13,"2",0.959,0.959,0.959,0.959,NA,0,NA,"WKMA"
"5025","p_yellow","7",13,"1",0.756,0.756,0.756,0.756,NA,0,NA,"WKMA"
"5026","p_yellow","7",13,"2",0.89,0.89,0.89,0.89,NA,0,NA,"WKMA"
"5027","p_black","7",13,"1",0.957,0.957,0.957,0.957,NA,0,NA,"WKMA"
"5028","p_black","7",13,"2",0.976,0.976,0.976,0.976,NA,0,NA,"WKMA"
"5029","p_pelagic","7",14,"1",0.811,0.811,0.811,0.811,NA,0,NA,"WKMA"
"5030","p_pelagic","7",14,"2",0.959,0.959,0.959,0.959,NA,0,NA,"WKMA"
"5031","p_yellow","7",14,"1",0.761,0.761,0.761,0.761,NA,0,NA,"WKMA"
"5032","p_yellow","7",14,"2",0.89,0.89,0.89,0.89,NA,0,NA,"WKMA"
"5033","p_black","7",14,"1",0.958,0.958,0.958,0.958,NA,0,NA,"WKMA"
"5034","p_black","7",14,"2",0.976,0.976,0.976,0.976,NA,0,NA,"WKMA"
"5035","p_pelagic","7",15,"1",0.81,0.81,0.81,0.81,NA,0,NA,"WKMA"
"5036","p_pelagic","7",15,"2",0.959,0.959,0.959,0.959,NA,0,NA,"WKMA"
"5037","p_yellow","7",15,"1",0.761,0.761,0.761,0.761,NA,0,NA,"WKMA"
"5038","p_yellow","7",15,"2",0.888,0.888,0.888,0.888,NA,0,NA,"WKMA"
"5039","p_black","7",15,"1",0.957,0.957,0.957,0.957,NA,0,NA,"WKMA"
"5040","p_black","7",15,"2",0.976,0.976,0.976,0.976,NA,0,NA,"WKMA"
"5041","p_pelagic","7",16,"1",0.81,0.81,0.81,0.81,NA,0,NA,"WKMA"
"5042","p_pelagic","7",16,"2",0.958,0.958,0.958,0.958,NA,0,NA,"WKMA"
"5043","p_yellow","7",16,"1",0.759,0.759,0.759,0.759,NA,0,NA,"WKMA"
"5044","p_yellow","7",16,"2",0.889,0.889,0.889,0.889,NA,0,NA,"WKMA"
"5045","p_black","7",16,"1",0.956,0.956,0.956,0.956,NA,0,NA,"WKMA"
"5046","p_black","7",16,"2",0.976,0.976,0.976,0.976,NA,0,NA,"WKMA"
"5047","p_pelagic","7",17,"1",0.81,0.81,0.81,0.81,NA,0,NA,"WKMA"
"5048","p_pelagic","7",17,"2",0.957,0.957,0.957,0.957,NA,0,NA,"WKMA"
"5049","p_yellow","7",17,"1",0.761,0.761,0.761,0.761,NA,0,NA,"WKMA"
"5050","p_yellow","7",17,"2",0.892,0.892,0.892,0.892,NA,0,NA,"WKMA"
"5051","p_black","7",17,"1",0.957,0.957,0.957,0.957,NA,0,NA,"WKMA"
"5052","p_black","7",17,"2",0.976,0.976,0.976,0.976,NA,0,NA,"WKMA"
"5053","p_pelagic","7",18,"1",0.811,0.811,0.811,0.811,NA,0,NA,"WKMA"
"5054","p_pelagic","7",18,"2",0.959,0.959,0.959,0.959,NA,0,NA,"WKMA"
"5055","p_yellow","7",18,"1",0.758,0.758,0.758,0.758,NA,0,NA,"WKMA"
"5056","p_yellow","7",18,"2",0.89,0.89,0.89,0.89,NA,0,NA,"WKMA"
"5057","p_black","7",18,"1",0.956,0.956,0.956,0.956,NA,0,NA,"WKMA"
"5058","p_black","7",18,"2",0.975,0.975,0.975,0.975,NA,0,NA,"WKMA"
"5059","p_pelagic","7",19,"1",0.812,0.812,0.812,0.812,NA,0,NA,"WKMA"
"5060","p_pelagic","7",19,"2",0.956,0.956,0.956,0.956,NA,0,NA,"WKMA"
"5061","p_yellow","7",19,"1",0.763,0.763,0.763,0.763,NA,0,NA,"WKMA"
"5062","p_yellow","7",19,"2",0.887,0.887,0.887,0.887,NA,0,NA,"WKMA"
"5063","p_black","7",19,"1",0.956,0.956,0.956,0.956,NA,0,NA,"WKMA"
"5064","p_black","7",19,"2",0.975,0.975,0.975,0.975,NA,0,NA,"WKMA"
"5065","p_pelagic","7",2,"1",0.812,0.812,0.812,0.812,NA,0,NA,"WKMA"
"5066","p_pelagic","7",2,"2",0.958,0.958,0.958,0.958,NA,0,NA,"WKMA"
"5067","p_yellow","7",2,"1",0.754,0.754,0.754,0.754,NA,0,NA,"WKMA"
"5068","p_yellow","7",2,"2",0.889,0.889,0.889,0.889,NA,0,NA,"WKMA"
"5069","p_black","7",2,"1",0.956,0.956,0.956,0.956,NA,0,NA,"WKMA"
"5070","p_black","7",2,"2",0.977,0.977,0.977,0.977,NA,0,NA,"WKMA"
"5071","p_pelagic","7",20,"1",0.812,0.812,0.812,0.812,NA,0,NA,"WKMA"
"5072","p_pelagic","7",20,"2",0.959,0.959,0.959,0.959,NA,0,NA,"WKMA"
"5073","p_yellow","7",20,"1",0.762,0.762,0.762,0.762,NA,0,NA,"WKMA"
"5074","p_yellow","7",20,"2",0.892,0.892,0.892,0.892,NA,0,NA,"WKMA"
"5075","p_black","7",20,"1",0.954,0.954,0.954,0.954,NA,0,NA,"WKMA"
"5076","p_black","7",20,"2",0.975,0.975,0.975,0.975,NA,0,NA,"WKMA"
"5077","p_pelagic","7",21,"1",0.829,0.829,0.829,0.829,NA,0,NA,"WKMA"
"5078","p_pelagic","7",21,"2",0.959,0.959,0.959,0.959,NA,0,NA,"WKMA"
"5079","p_yellow","7",21,"1",0.759,0.759,0.759,0.759,NA,0,NA,"WKMA"
"5080","p_yellow","7",21,"2",0.886,0.886,0.886,0.886,NA,0,NA,"WKMA"
"5081","p_black","7",21,"1",0.957,0.957,0.957,0.957,NA,0,NA,"WKMA"
"5082","p_black","7",21,"2",0.975,0.975,0.975,0.975,NA,0,NA,"WKMA"
"5083","p_pelagic","7",22,"1",0.814,0.814,0.814,0.814,NA,0,NA,"WKMA"
"5084","p_pelagic","7",22,"2",0.628,0.708,0.053,0.992,1,0.292,-0.274,"WKMA"
"5085","p_yellow","7",22,"1",0.757,0.757,0.757,0.757,NA,0,NA,"WKMA"
"5086","p_yellow","7",22,"2",0.766,0.889,0,1,1,0.302,-0.407,"WKMA"
"5087","p_black","7",22,"1",0.981,0.99,0.915,1,1.016,0.023,-0.388,"WKMA"
"5088","p_black","7",22,"2",0.991,0.997,0.948,1,1.001,0.014,-0.414,"WKMA"
"5089","p_pelagic","7",23,"1",0.84,0.84,0.84,0.84,NA,0,NA,"WKMA"
"5090","p_pelagic","7",23,"2",0.623,0.702,0.052,0.992,1,0.292,-0.27,"WKMA"
"5091","p_yellow","7",23,"1",0.73,0.73,0.73,0.73,NA,0,NA,"WKMA"
"5092","p_yellow","7",23,"2",0.764,0.887,0,1,1,0.302,-0.407,"WKMA"
"5093","p_black","7",23,"1",0.981,0.99,0.917,1,1.016,0.023,-0.393,"WKMA"
"5094","p_black","7",23,"2",0.99,0.997,0.946,1,1.001,0.015,-0.462,"WKMA"
"5095","p_pelagic","7",24,"1",0.757,0.757,0.757,0.757,NA,0,NA,"WKMA"
"5096","p_pelagic","7",24,"2",0.624,0.702,0.052,0.992,1,0.292,-0.267,"WKMA"
"5097","p_yellow","7",24,"1",0.703,0.703,0.703,0.703,NA,0,NA,"WKMA"
"5098","p_yellow","7",24,"2",0.766,0.889,0,1,1,0.302,-0.407,"WKMA"
"5099","p_black","7",24,"1",0.981,0.99,0.913,1,1.016,0.024,-0.378,"WKMA"
"5100","p_black","7",24,"2",0.991,0.997,0.947,1,1.001,0.015,-0.406,"WKMA"
"5101","p_pelagic","7",25,"1",0.893,0.893,0.893,0.893,NA,0,NA,"WKMA"
"5102","p_pelagic","7",25,"2",0.628,0.709,0.053,0.992,1,0.291,-0.278,"WKMA"
"5103","p_yellow","7",25,"1",0.701,0.701,0.701,0.701,NA,0,NA,"WKMA"
"5104","p_yellow","7",25,"2",0.767,0.891,0,1,1,0.302,-0.411,"WKMA"
"5105","p_black","7",25,"1",0.981,0.99,0.916,1,1.016,0.023,-0.391,"WKMA"
"5106","p_black","7",25,"2",0.991,0.997,0.948,1,1.001,0.014,-0.414,"WKMA"
"5107","p_pelagic","7",26,"1",0.866,0.866,0.866,0.866,NA,0,NA,"WKMA"
"5108","p_pelagic","7",26,"2",0.625,0.704,0.052,0.992,1,0.292,-0.27,"WKMA"
"5109","p_yellow","7",26,"1",0.713,0.713,0.713,0.713,NA,0,NA,"WKMA"
"5110","p_yellow","7",26,"2",0.767,0.89,0,1,1,0.302,-0.407,"WKMA"
"5111","p_black","7",26,"1",0.981,0.99,0.914,1,1.016,0.024,-0.382,"WKMA"
"5112","p_black","7",26,"2",0.991,0.997,0.947,1,1.001,0.015,-0.409,"WKMA"
"5113","p_pelagic","7",27,"1",0.858,0.858,0.858,0.858,NA,0,NA,"WKMA"
"5114","p_pelagic","7",27,"2",0.621,0.699,0.051,0.992,1,0.293,-0.266,"WKMA"
"5115","p_yellow","7",27,"1",0.754,0.754,0.754,0.754,NA,0,NA,"WKMA"
"5116","p_yellow","7",27,"2",0.764,0.888,0,1,1,0.302,-0.41,"WKMA"
"5117","p_black","7",27,"1",0.98,0.99,0.912,1,1.016,0.024,-0.415,"WKMA"
"5118","p_black","7",27,"2",0.99,0.997,0.945,1,1.001,0.015,-0.461,"WKMA"
"5119","p_pelagic","7",28,"1",0.855,0.855,0.855,0.855,NA,0,NA,"WKMA"
"5120","p_pelagic","7",28,"2",0.623,0.701,0.051,0.992,1,0.292,-0.267,"WKMA"
"5121","p_yellow","7",28,"1",0.742,0.742,0.742,0.742,NA,0,NA,"WKMA"
"5122","p_yellow","7",28,"2",0.767,0.891,0,1,1,0.302,-0.411,"WKMA"
"5123","p_black","7",28,"1",0.981,0.99,0.916,1,1.016,0.023,-0.389,"WKMA"
"5124","p_black","7",28,"2",0.991,0.997,0.947,1,1.001,0.015,-0.407,"WKMA"
"5125","p_pelagic","7",29,"1",0.88,0.88,0.88,0.88,NA,0,NA,"WKMA"
"5126","p_pelagic","7",29,"2",0.628,0.708,0.053,0.992,1,0.292,-0.274,"WKMA"
"5127","p_yellow","7",29,"1",0.764,0.764,0.764,0.764,NA,0,NA,"WKMA"
"5128","p_yellow","7",29,"2",0.766,0.889,0,1,1,0.302,-0.407,"WKMA"
"5129","p_black","7",29,"1",0.981,0.99,0.915,1,1.016,0.023,-0.384,"WKMA"
"5130","p_black","7",29,"2",0.991,0.997,0.948,1,1.001,0.014,-0.417,"WKMA"
"5131","p_pelagic","7",3,"1",0.813,0.813,0.813,0.813,NA,0,NA,"WKMA"
"5132","p_pelagic","7",3,"2",0.958,0.958,0.958,0.958,NA,0,NA,"WKMA"
"5133","p_yellow","7",3,"1",0.756,0.756,0.756,0.756,NA,0,NA,"WKMA"
"5134","p_yellow","7",3,"2",0.891,0.891,0.891,0.891,NA,0,NA,"WKMA"
"5135","p_black","7",3,"1",0.956,0.956,0.956,0.956,NA,0,NA,"WKMA"
"5136","p_black","7",3,"2",0.974,0.974,0.974,0.974,NA,0,NA,"WKMA"
"5137","p_pelagic","7",30,"1",0.792,0.792,0.792,0.792,NA,0,NA,"WKMA"
"5138","p_pelagic","7",30,"2",0.623,0.702,0.052,0.992,1,0.292,-0.27,"WKMA"
"5139","p_yellow","7",30,"1",0.762,0.762,0.762,0.762,NA,0,NA,"WKMA"
"5140","p_yellow","7",30,"2",0.765,0.888,0,1,1,0.302,-0.407,"WKMA"
"5141","p_black","7",30,"1",0.981,0.99,0.913,1,1.016,0.024,-0.379,"WKMA"
"5142","p_black","7",30,"2",0.991,0.997,0.949,1,1.001,0.014,-0.419,"WKMA"
"5143","p_pelagic","7",31,"1",0.796,0.796,0.796,0.796,NA,0,NA,"WKMA"
"5144","p_pelagic","7",31,"2",0.625,0.704,0.052,0.992,1,0.292,-0.27,"WKMA"
"5145","p_yellow","7",31,"1",0.722,0.722,0.722,0.722,NA,0,NA,"WKMA"
"5146","p_yellow","7",31,"2",0.767,0.891,0,1,1,0.302,-0.411,"WKMA"
"5147","p_black","7",31,"1",0.981,0.99,0.915,1,1.016,0.023,-0.387,"WKMA"
"5148","p_black","7",31,"2",0.991,0.997,0.948,1,1.001,0.015,-0.41,"WKMA"
"5149","p_pelagic","7",32,"1",0.755,0.755,0.755,0.755,NA,0,NA,"WKMA"
"5150","p_pelagic","7",32,"2",0.627,0.707,0.053,0.992,1,0.292,-0.274,"WKMA"
"5151","p_yellow","7",32,"1",0.709,0.709,0.709,0.709,NA,0,NA,"WKMA"
"5152","p_yellow","7",32,"2",0.768,0.892,0,1,1,0.302,-0.411,"WKMA"
"5153","p_black","7",32,"1",0.981,0.99,0.913,1,1.016,0.024,-0.375,"WKMA"
"5154","p_black","7",32,"2",0.991,0.997,0.948,1,1.001,0.014,-0.417,"WKMA"
"5155","p_pelagic","7",33,"1",0.821,0.821,0.821,0.821,NA,0,NA,"WKMA"
"5156","p_pelagic","7",33,"2",0.625,0.704,0.052,0.992,1,0.292,-0.27,"WKMA"
"5157","p_yellow","7",33,"1",0.749,0.749,0.749,0.749,NA,0,NA,"WKMA"
"5158","p_yellow","7",33,"2",0.767,0.89,0,1,1,0.302,-0.407,"WKMA"
"5159","p_black","7",33,"1",0.981,0.99,0.916,1,1.016,0.023,-0.388,"WKMA"
"5160","p_black","7",33,"2",0.991,0.997,0.947,1,1.001,0.015,-0.404,"WKMA"
"5161","p_pelagic","7",34,"1",0.633,0.633,0.633,0.633,NA,0,NA,"WKMA"
"5162","p_pelagic","7",34,"2",0.626,0.706,0.053,0.992,1,0.292,-0.274,"WKMA"
"5163","p_yellow","7",34,"1",0.672,0.672,0.672,0.672,NA,0,NA,"WKMA"
"5164","p_yellow","7",34,"2",0.766,0.89,0,1,1,0.302,-0.411,"WKMA"
"5165","p_black","7",34,"1",0.981,0.99,0.916,1,1.016,0.023,-0.389,"WKMA"
"5166","p_black","7",34,"2",0.991,0.997,0.948,1,1.001,0.015,-0.411,"WKMA"
"5167","p_pelagic","7",35,"1",0.818,0.818,0.818,0.818,NA,0,NA,"WKMA"
"5168","p_pelagic","7",35,"2",0.625,0.705,0.052,0.992,1,0.292,-0.274,"WKMA"
"5169","p_yellow","7",35,"1",0.658,0.658,0.658,0.658,NA,0,NA,"WKMA"
"5170","p_yellow","7",35,"2",0.767,0.891,0,1,1,0.302,-0.411,"WKMA"
"5171","p_black","7",35,"1",0.984,0.992,0.928,1,1.016,0.02,-0.405,"WKMA"
"5172","p_black","7",35,"2",0.991,0.997,0.952,1,1.001,0.013,-0.445,"WKMA"
"5173","p_pelagic","7",36,"1",0.758,0.758,0.758,0.758,NA,0,NA,"WKMA"
"5174","p_pelagic","7",36,"2",0.623,0.702,0.052,0.992,1,0.292,-0.27,"WKMA"
"5175","p_yellow","7",36,"1",0.788,0.788,0.788,0.788,NA,0,NA,"WKMA"
"5176","p_yellow","7",36,"2",0.765,0.888,0,1,1,0.302,-0.407,"WKMA"
"5177","p_black","7",36,"1",0.981,0.99,0.916,1,1.016,0.023,-0.389,"WKMA"
"5178","p_black","7",36,"2",0.991,0.997,0.946,1,1.001,0.015,-0.401,"WKMA"
"5179","p_pelagic","7",37,"1",0.821,0.821,0.821,0.821,NA,0,NA,"WKMA"
"5180","p_pelagic","7",37,"2",0.622,0.7,0.051,0.992,1,0.293,-0.267,"WKMA"
"5181","p_yellow","7",37,"1",0.782,0.782,0.782,0.782,NA,0,NA,"WKMA"
"5182","p_yellow","7",37,"2",0.768,0.892,0,1,1,0.301,-0.411,"WKMA"
"5183","p_black","7",37,"1",0.98,0.99,0.912,1,1.016,0.024,-0.415,"WKMA"
"5184","p_black","7",37,"2",0.991,0.997,0.946,1,1.001,0.015,-0.4,"WKMA"
"5185","p_pelagic","7",38,"1",0.734,0.734,0.734,0.734,NA,0,NA,"WKMA"
"5186","p_pelagic","7",38,"2",0.624,0.703,0.052,0.992,1,0.292,-0.27,"WKMA"
"5187","p_yellow","7",38,"1",0.636,0.636,0.636,0.636,NA,0,NA,"WKMA"
"5188","p_yellow","7",38,"2",0.766,0.89,0,1,1,0.302,-0.411,"WKMA"
"5189","p_black","7",38,"1",0.981,0.99,0.916,1,1.016,0.023,-0.391,"WKMA"
"5190","p_black","7",38,"2",0.991,0.997,0.947,1,1.001,0.015,-0.405,"WKMA"
"5191","p_pelagic","7",39,"1",0.821,0.821,0.821,0.821,NA,0,NA,"WKMA"
"5192","p_pelagic","7",39,"2",0.624,0.703,0.052,0.992,1,0.292,-0.27,"WKMA"
"5193","p_yellow","7",39,"1",0.774,0.774,0.774,0.774,NA,0,NA,"WKMA"
"5194","p_yellow","7",39,"2",0.765,0.888,0,1,1,0.302,-0.407,"WKMA"
"5195","p_black","7",39,"1",0.98,0.99,0.91,1,1.016,0.025,-0.403,"WKMA"
"5196","p_black","7",39,"2",0.99,0.996,0.942,1,1.001,0.016,-0.371,"WKMA"
"5197","p_pelagic","7",4,"1",0.812,0.812,0.812,0.812,NA,0,NA,"WKMA"
"5198","p_pelagic","7",4,"2",0.96,0.96,0.96,0.96,NA,0,NA,"WKMA"
"5199","p_yellow","7",4,"1",0.76,0.76,0.76,0.76,NA,0,NA,"WKMA"
"5200","p_yellow","7",4,"2",0.888,0.888,0.888,0.888,NA,0,NA,"WKMA"
"5201","p_black","7",4,"1",0.957,0.957,0.957,0.957,NA,0,NA,"WKMA"
"5202","p_black","7",4,"2",0.976,0.976,0.976,0.976,NA,0,NA,"WKMA"
"5203","p_pelagic","7",40,"1",0.792,0.792,0.792,0.792,NA,0,NA,"WKMA"
"5204","p_pelagic","7",40,"2",0.627,0.707,0.053,0.992,1,0.292,-0.274,"WKMA"
"5205","p_yellow","7",40,"1",0.846,0.846,0.846,0.846,NA,0,NA,"WKMA"
"5206","p_yellow","7",40,"2",0.766,0.89,0,1,1,0.302,-0.411,"WKMA"
"5207","p_black","7",40,"1",0.981,0.99,0.913,1,1.016,0.024,-0.379,"WKMA"
"5208","p_black","7",40,"2",0.991,0.997,0.946,1,1.001,0.015,-0.4,"WKMA"
"5209","p_pelagic","7",41,"1",0.794,0.794,0.794,0.794,NA,0,NA,"WKMA"
"5210","p_pelagic","7",41,"2",0.624,0.703,0.052,0.992,1,0.292,-0.27,"WKMA"
"5211","p_yellow","7",41,"1",0.822,0.822,0.822,0.822,NA,0,NA,"WKMA"
"5212","p_yellow","7",41,"2",0.765,0.888,0,1,1,0.302,-0.407,"WKMA"
"5213","p_black","7",41,"1",0.981,0.99,0.916,1,1.016,0.023,-0.391,"WKMA"
"5214","p_black","7",41,"2",0.99,0.997,0.945,1,1.001,0.015,-0.458,"WKMA"
"5215","p_pelagic","7",42,"1",0.835,0.835,0.835,0.835,NA,0,NA,"WKMA"
"5216","p_pelagic","7",42,"2",0.626,0.707,0.053,0.992,1,0.292,-0.278,"WKMA"
"5217","p_yellow","7",42,"1",0.763,0.763,0.763,0.763,NA,0,NA,"WKMA"
"5218","p_yellow","7",42,"2",0.764,0.888,0,1,1,0.302,-0.41,"WKMA"
"5219","p_black","7",42,"1",0.98,0.99,0.909,1,1.016,0.025,-0.399,"WKMA"
"5220","p_black","7",42,"2",0.99,0.997,0.942,1,1.001,0.016,-0.436,"WKMA"
"5221","p_pelagic","7",43,"1",0.812,0.812,0.812,0.812,NA,0,NA,"WKMA"
"5222","p_pelagic","7",43,"2",0.626,0.705,0.052,0.992,1,0.292,-0.271,"WKMA"
"5223","p_yellow","7",43,"1",0.792,0.792,0.792,0.792,NA,0,NA,"WKMA"
"5224","p_yellow","7",43,"2",0.766,0.89,0,1,1,0.302,-0.411,"WKMA"
"5225","p_black","7",43,"1",0.981,0.99,0.914,1,1.016,0.024,-0.383,"WKMA"
"5226","p_black","7",43,"2",0.99,0.997,0.946,1,1.001,0.015,-0.466,"WKMA"
"5227","p_pelagic","7",44,"1",0.857,0.857,0.845,0.867,1,0.006,0,"WKMA"
"5228","p_pelagic","7",44,"2",0.645,0.74,0.047,0.994,1,0.295,-0.322,"WKMA"
"5229","p_yellow","7",44,"1",0.788,0.788,0.752,0.82,1,0.017,0,"WKMA"
"5230","p_yellow","7",44,"2",0.712,0.866,0,1,1,0.33,-0.467,"WKMA"
"5231","p_black","7",44,"1",0.977,0.991,0.87,1,1.013,0.037,-0.383,"WKMA"
"5232","p_black","7",44,"2",0.988,0.997,0.917,1,1.001,0.024,-0.377,"WKMA"
"5233","p_pelagic","7",45,"1",0.87,0.87,0.862,0.877,1,0.004,0,"WKMA"
"5234","p_pelagic","7",45,"2",0.647,0.742,0.056,0.994,1,0.298,-0.319,"WKMA"
"5235","p_yellow","7",45,"1",0.732,0.732,0.703,0.758,1.001,0.014,0,"WKMA"
"5236","p_yellow","7",45,"2",0.716,0.876,0,1,1,0.331,-0.483,"WKMA"
"5237","p_black","7",45,"1",0.976,0.991,0.862,1,1.006,0.041,-0.368,"WKMA"
"5238","p_black","7",45,"2",0.988,0.997,0.923,1,1.014,0.028,-0.321,"WKMA"
"5239","p_pelagic","7",46,"1",0.872,0.872,0.866,0.878,1.001,0.003,0,"WKMA"
"5240","p_pelagic","7",46,"2",0.644,0.735,0.046,0.994,1,0.296,-0.307,"WKMA"
"5241","p_yellow","7",46,"1",0.753,0.753,0.73,0.775,1.001,0.011,0,"WKMA"
"5242","p_yellow","7",46,"2",0.713,0.875,0,1,1,0.333,-0.487,"WKMA"
"5243","p_black","7",46,"1",0.977,0.991,0.881,1,1.009,0.036,-0.384,"WKMA"
"5244","p_black","7",46,"2",0.989,0.997,0.925,1,1.001,0.023,-0.343,"WKMA"
"5245","p_pelagic","7",47,"1",0.861,0.861,0.854,0.868,1,0.004,0,"WKMA"
"5246","p_pelagic","7",47,"2",0.646,0.736,0.054,0.994,1.001,0.294,-0.306,"WKMA"
"5247","p_yellow","7",47,"1",0.704,0.704,0.679,0.728,1,0.012,0,"WKMA"
"5248","p_yellow","7",47,"2",0.716,0.864,0,1,1,0.33,-0.448,"WKMA"
"5249","p_black","7",47,"1",0.977,0.991,0.867,1,1.014,0.037,-0.374,"WKMA"
"5250","p_black","7",47,"2",0.988,0.997,0.919,1,1.013,0.025,-0.364,"WKMA"
"5251","p_pelagic","7",48,"1",0.831,0.831,0.823,0.838,1.001,0.004,0,"WKMA"
"5252","p_pelagic","7",48,"2",0.647,0.733,0.05,0.994,1,0.292,-0.295,"WKMA"
"5253","p_yellow","7",48,"1",0.638,0.638,0.613,0.662,1,0.012,0,"WKMA"
"5254","p_yellow","7",48,"2",0.713,0.868,0,1,1,0.331,-0.468,"WKMA"
"5255","p_black","7",48,"1",0.977,0.991,0.861,1,1.011,0.037,-0.379,"WKMA"
"5256","p_black","7",48,"2",0.989,0.997,0.93,1,1.002,0.025,-0.322,"WKMA"
"5257","p_pelagic","7",49,"1",0.694,0.694,0.684,0.704,1.001,0.005,0,"WKMA"
"5258","p_pelagic","7",49,"2",0.643,0.729,0.048,0.995,1,0.296,-0.29,"WKMA"
"5259","p_yellow","7",49,"1",0.557,0.557,0.538,0.576,1,0.01,0,"WKMA"
"5260","p_yellow","7",49,"2",0.713,0.874,0.001,1,1,0.334,-0.482,"WKMA"
"5261","p_black","7",49,"1",0.977,0.991,0.879,1,1.015,0.036,-0.392,"WKMA"
"5262","p_black","7",49,"2",0.988,0.997,0.922,1,1.002,0.023,-0.389,"WKMA"
"5263","p_pelagic","7",5,"1",0.813,0.813,0.813,0.813,NA,0,NA,"WKMA"
"5264","p_pelagic","7",5,"2",0.958,0.958,0.958,0.958,NA,0,NA,"WKMA"
"5265","p_yellow","7",5,"1",0.762,0.762,0.762,0.762,NA,0,NA,"WKMA"
"5266","p_yellow","7",5,"2",0.888,0.888,0.888,0.888,NA,0,NA,"WKMA"
"5267","p_black","7",5,"1",0.956,0.956,0.956,0.956,NA,0,NA,"WKMA"
"5268","p_black","7",5,"2",0.975,0.975,0.975,0.975,NA,0,NA,"WKMA"
"5269","p_pelagic","7",6,"1",0.813,0.813,0.813,0.813,NA,0,NA,"WKMA"
"5270","p_pelagic","7",6,"2",0.96,0.96,0.96,0.96,NA,0,NA,"WKMA"
"5271","p_yellow","7",6,"1",0.758,0.758,0.758,0.758,NA,0,NA,"WKMA"
"5272","p_yellow","7",6,"2",0.89,0.89,0.89,0.89,NA,0,NA,"WKMA"
"5273","p_black","7",6,"1",0.956,0.956,0.956,0.956,NA,0,NA,"WKMA"
"5274","p_black","7",6,"2",0.976,0.976,0.976,0.976,NA,0,NA,"WKMA"
"5275","p_pelagic","7",7,"1",0.812,0.812,0.812,0.812,NA,0,NA,"WKMA"
"5276","p_pelagic","7",7,"2",0.959,0.959,0.959,0.959,NA,0,NA,"WKMA"
"5277","p_yellow","7",7,"1",0.76,0.76,0.76,0.76,NA,0,NA,"WKMA"
"5278","p_yellow","7",7,"2",0.888,0.888,0.888,0.888,NA,0,NA,"WKMA"
"5279","p_black","7",7,"1",0.956,0.956,0.956,0.956,NA,0,NA,"WKMA"
"5280","p_black","7",7,"2",0.975,0.975,0.975,0.975,NA,0,NA,"WKMA"
"5281","p_pelagic","7",8,"1",0.812,0.812,0.812,0.812,NA,0,NA,"WKMA"
"5282","p_pelagic","7",8,"2",0.96,0.96,0.96,0.96,NA,0,NA,"WKMA"
"5283","p_yellow","7",8,"1",0.763,0.763,0.763,0.763,NA,0,NA,"WKMA"
"5284","p_yellow","7",8,"2",0.893,0.893,0.893,0.893,NA,0,NA,"WKMA"
"5285","p_black","7",8,"1",0.958,0.958,0.958,0.958,NA,0,NA,"WKMA"
"5286","p_black","7",8,"2",0.976,0.976,0.976,0.976,NA,0,NA,"WKMA"
"5287","p_pelagic","7",9,"1",0.815,0.815,0.815,0.815,NA,0,NA,"WKMA"
"5288","p_pelagic","7",9,"2",0.959,0.959,0.959,0.959,NA,0,NA,"WKMA"
"5289","p_yellow","7",9,"1",0.759,0.759,0.759,0.759,NA,0,NA,"WKMA"
"5290","p_yellow","7",9,"2",0.89,0.89,0.89,0.89,NA,0,NA,"WKMA"
"5291","p_black","7",9,"1",0.956,0.956,0.956,0.956,NA,0,NA,"WKMA"
"5292","p_black","7",9,"2",0.976,0.976,0.976,0.976,NA,0,NA,"WKMA"
"5293","p_pelagic","8",1,"1",0.839,0.839,0.839,0.839,NA,0,NA,"afognak"
"5294","p_pelagic","8",1,"2",0.736,0.736,0.736,0.736,NA,0,NA,"afognak"
"5295","p_yellow","8",1,"1",0.744,0.744,0.744,0.744,NA,0,NA,"afognak"
"5296","p_yellow","8",1,"2",0.939,0.939,0.939,0.939,NA,0,NA,"afognak"
"5297","p_black","8",1,"1",0.655,0.655,0.655,0.655,NA,0,NA,"afognak"
"5298","p_black","8",1,"2",0.68,0.68,0.68,0.68,NA,0,NA,"afognak"
"5299","p_pelagic","8",10,"1",0.84,0.84,0.84,0.84,NA,0,NA,"afognak"
"5300","p_pelagic","8",10,"2",0.741,0.741,0.741,0.741,NA,0,NA,"afognak"
"5301","p_yellow","8",10,"1",0.741,0.741,0.741,0.741,NA,0,NA,"afognak"
"5302","p_yellow","8",10,"2",0.939,0.939,0.939,0.939,NA,0,NA,"afognak"
"5303","p_black","8",10,"1",0.655,0.655,0.655,0.655,NA,0,NA,"afognak"
"5304","p_black","8",10,"2",0.684,0.684,0.684,0.684,NA,0,NA,"afognak"
"5305","p_pelagic","8",11,"1",0.839,0.839,0.839,0.839,NA,0,NA,"afognak"
"5306","p_pelagic","8",11,"2",0.739,0.739,0.739,0.739,NA,0,NA,"afognak"
"5307","p_yellow","8",11,"1",0.741,0.741,0.741,0.741,NA,0,NA,"afognak"
"5308","p_yellow","8",11,"2",0.94,0.94,0.94,0.94,NA,0,NA,"afognak"
"5309","p_black","8",11,"1",0.651,0.651,0.651,0.651,NA,0,NA,"afognak"
"5310","p_black","8",11,"2",0.69,0.69,0.69,0.69,NA,0,NA,"afognak"
"5311","p_pelagic","8",12,"1",0.839,0.839,0.839,0.839,NA,0,NA,"afognak"
"5312","p_pelagic","8",12,"2",0.739,0.739,0.739,0.739,NA,0,NA,"afognak"
"5313","p_yellow","8",12,"1",0.745,0.745,0.745,0.745,NA,0,NA,"afognak"
"5314","p_yellow","8",12,"2",0.94,0.94,0.94,0.94,NA,0,NA,"afognak"
"5315","p_black","8",12,"1",0.657,0.657,0.657,0.657,NA,0,NA,"afognak"
"5316","p_black","8",12,"2",0.686,0.686,0.686,0.686,NA,0,NA,"afognak"
"5317","p_pelagic","8",13,"1",0.839,0.839,0.839,0.839,NA,0,NA,"afognak"
"5318","p_pelagic","8",13,"2",0.74,0.74,0.74,0.74,NA,0,NA,"afognak"
"5319","p_yellow","8",13,"1",0.742,0.742,0.742,0.742,NA,0,NA,"afognak"
"5320","p_yellow","8",13,"2",0.94,0.94,0.94,0.94,NA,0,NA,"afognak"
"5321","p_black","8",13,"1",0.655,0.655,0.655,0.655,NA,0,NA,"afognak"
"5322","p_black","8",13,"2",0.683,0.683,0.683,0.683,NA,0,NA,"afognak"
"5323","p_pelagic","8",14,"1",0.841,0.841,0.841,0.841,NA,0,NA,"afognak"
"5324","p_pelagic","8",14,"2",0.739,0.739,0.739,0.739,NA,0,NA,"afognak"
"5325","p_yellow","8",14,"1",0.747,0.747,0.747,0.747,NA,0,NA,"afognak"
"5326","p_yellow","8",14,"2",0.94,0.94,0.94,0.94,NA,0,NA,"afognak"
"5327","p_black","8",14,"1",0.658,0.658,0.658,0.658,NA,0,NA,"afognak"
"5328","p_black","8",14,"2",0.684,0.684,0.684,0.684,NA,0,NA,"afognak"
"5329","p_pelagic","8",15,"1",0.837,0.837,0.837,0.837,NA,0,NA,"afognak"
"5330","p_pelagic","8",15,"2",0.737,0.737,0.737,0.737,NA,0,NA,"afognak"
"5331","p_yellow","8",15,"1",0.742,0.742,0.742,0.742,NA,0,NA,"afognak"
"5332","p_yellow","8",15,"2",0.941,0.941,0.941,0.941,NA,0,NA,"afognak"
"5333","p_black","8",15,"1",0.65,0.65,0.65,0.65,NA,0,NA,"afognak"
"5334","p_black","8",15,"2",0.68,0.68,0.68,0.68,NA,0,NA,"afognak"
"5335","p_pelagic","8",16,"1",0.839,0.839,0.839,0.839,NA,0,NA,"afognak"
"5336","p_pelagic","8",16,"2",0.738,0.738,0.738,0.738,NA,0,NA,"afognak"
"5337","p_yellow","8",16,"1",0.743,0.743,0.743,0.743,NA,0,NA,"afognak"
"5338","p_yellow","8",16,"2",0.94,0.94,0.94,0.94,NA,0,NA,"afognak"
"5339","p_black","8",16,"1",0.652,0.652,0.652,0.652,NA,0,NA,"afognak"
"5340","p_black","8",16,"2",0.691,0.691,0.691,0.691,NA,0,NA,"afognak"
"5341","p_pelagic","8",17,"1",0.841,0.841,0.841,0.841,NA,0,NA,"afognak"
"5342","p_pelagic","8",17,"2",0.741,0.741,0.741,0.741,NA,0,NA,"afognak"
"5343","p_yellow","8",17,"1",0.745,0.745,0.745,0.745,NA,0,NA,"afognak"
"5344","p_yellow","8",17,"2",0.94,0.94,0.94,0.94,NA,0,NA,"afognak"
"5345","p_black","8",17,"1",0.654,0.654,0.654,0.654,NA,0,NA,"afognak"
"5346","p_black","8",17,"2",0.692,0.692,0.692,0.692,NA,0,NA,"afognak"
"5347","p_pelagic","8",18,"1",0.84,0.84,0.84,0.84,NA,0,NA,"afognak"
"5348","p_pelagic","8",18,"2",0.742,0.742,0.742,0.742,NA,0,NA,"afognak"
"5349","p_yellow","8",18,"1",0.744,0.744,0.744,0.744,NA,0,NA,"afognak"
"5350","p_yellow","8",18,"2",0.94,0.94,0.94,0.94,NA,0,NA,"afognak"
"5351","p_black","8",18,"1",0.653,0.653,0.653,0.653,NA,0,NA,"afognak"
"5352","p_black","8",18,"2",0.691,0.691,0.691,0.691,NA,0,NA,"afognak"
"5353","p_pelagic","8",19,"1",0.839,0.839,0.839,0.839,NA,0,NA,"afognak"
"5354","p_pelagic","8",19,"2",0.744,0.744,0.744,0.744,NA,0,NA,"afognak"
"5355","p_yellow","8",19,"1",0.742,0.742,0.742,0.742,NA,0,NA,"afognak"
"5356","p_yellow","8",19,"2",0.941,0.941,0.941,0.941,NA,0,NA,"afognak"
"5357","p_black","8",19,"1",0.655,0.655,0.655,0.655,NA,0,NA,"afognak"
"5358","p_black","8",19,"2",0.686,0.686,0.686,0.686,NA,0,NA,"afognak"
"5359","p_pelagic","8",2,"1",0.839,0.839,0.839,0.839,NA,0,NA,"afognak"
"5360","p_pelagic","8",2,"2",0.74,0.74,0.74,0.74,NA,0,NA,"afognak"
"5361","p_yellow","8",2,"1",0.744,0.744,0.744,0.744,NA,0,NA,"afognak"
"5362","p_yellow","8",2,"2",0.94,0.94,0.94,0.94,NA,0,NA,"afognak"
"5363","p_black","8",2,"1",0.657,0.657,0.657,0.657,NA,0,NA,"afognak"
"5364","p_black","8",2,"2",0.694,0.694,0.694,0.694,NA,0,NA,"afognak"
"5365","p_pelagic","8",20,"1",0.838,0.838,0.838,0.838,NA,0,NA,"afognak"
"5366","p_pelagic","8",20,"2",0.74,0.74,0.74,0.74,NA,0,NA,"afognak"
"5367","p_yellow","8",20,"1",0.744,0.744,0.744,0.744,NA,0,NA,"afognak"
"5368","p_yellow","8",20,"2",0.941,0.941,0.941,0.941,NA,0,NA,"afognak"
"5369","p_black","8",20,"1",0.655,0.655,0.655,0.655,NA,0,NA,"afognak"
"5370","p_black","8",20,"2",0.69,0.69,0.69,0.69,NA,0,NA,"afognak"
"5371","p_pelagic","8",21,"1",0.9,0.9,0.9,0.9,NA,0,NA,"afognak"
"5372","p_pelagic","8",21,"2",0.739,0.739,0.739,0.739,NA,0,NA,"afognak"
"5373","p_yellow","8",21,"1",0.741,0.741,0.741,0.741,NA,0,NA,"afognak"
"5374","p_yellow","8",21,"2",0.941,0.941,0.941,0.941,NA,0,NA,"afognak"
"5375","p_black","8",21,"1",0.885,0.885,0.885,0.885,NA,0,NA,"afognak"
"5376","p_black","8",21,"2",0.684,0.684,0.684,0.684,NA,0,NA,"afognak"
"5377","p_pelagic","8",22,"1",0.817,0.817,0.817,0.817,NA,0,NA,"afognak"
"5378","p_pelagic","8",22,"2",0.743,0.744,0.672,0.805,1,0.034,-0.029,"afognak"
"5379","p_yellow","8",22,"1",0.738,0.738,0.738,0.738,NA,0,NA,"afognak"
"5380","p_yellow","8",22,"2",0.901,0.906,0.804,0.969,1.001,0.043,-0.115,"afognak"
"5381","p_black","8",22,"1",0.818,0.819,0.794,0.842,1,0.012,-0.081,"afognak"
"5382","p_black","8",22,"2",0.81,0.91,0.591,0.929,35.01,0.148,-0.674,"afognak"
"5383","p_pelagic","8",23,"1",0.866,0.866,0.866,0.866,NA,0,NA,"afognak"
"5384","p_pelagic","8",23,"2",0.729,0.73,0.656,0.794,1,0.036,-0.028,"afognak"
"5385","p_yellow","8",23,"1",0.749,0.749,0.749,0.749,NA,0,NA,"afognak"
"5386","p_yellow","8",23,"2",0.902,0.907,0.806,0.97,1.001,0.043,-0.116,"afognak"
"5387","p_black","8",23,"1",0.921,0.921,0.909,0.932,1,0.006,0,"afognak"
"5388","p_black","8",23,"2",0.849,0.933,0.666,0.947,36.129,0.124,-0.679,"afognak"
"5389","p_pelagic","8",24,"1",0.873,0.873,0.873,0.873,NA,0,NA,"afognak"
"5390","p_pelagic","8",24,"2",0.743,0.744,0.672,0.805,1,0.034,-0.029,"afognak"
"5391","p_yellow","8",24,"1",0.745,0.745,0.745,0.745,NA,0,NA,"afognak"
"5392","p_yellow","8",24,"2",0.917,0.922,0.833,0.975,1.001,0.037,-0.135,"afognak"
"5393","p_black","8",24,"1",0.796,0.796,0.769,0.822,1,0.013,0,"afognak"
"5394","p_black","8",24,"2",0.553,0.69,0.242,0.742,22.085,0.215,-0.637,"afognak"
"5395","p_pelagic","8",25,"1",0.872,0.872,0.872,0.872,NA,0,NA,"afognak"
"5396","p_pelagic","8",25,"2",0.727,0.728,0.653,0.792,1,0.036,-0.028,"afognak"
"5397","p_yellow","8",25,"1",0.737,0.737,0.737,0.737,NA,0,NA,"afognak"
"5398","p_yellow","8",25,"2",0.904,0.91,0.81,0.971,1.001,0.042,-0.143,"afognak"
"5399","p_black","8",25,"1",0.794,0.794,0.767,0.82,1,0.014,0,"afognak"
"5400","p_black","8",25,"2",0.85,0.933,0.666,0.947,36.138,0.124,-0.672,"afognak"
"5401","p_pelagic","8",26,"1",0.861,0.861,0.861,0.861,NA,0,NA,"afognak"
"5402","p_pelagic","8",26,"2",0.8,0.802,0.74,0.852,1,0.029,-0.069,"afognak"
"5403","p_yellow","8",26,"1",0.747,0.747,0.747,0.747,NA,0,NA,"afognak"
"5404","p_yellow","8",26,"2",0.904,0.909,0.81,0.97,1.001,0.042,-0.119,"afognak"
"5405","p_black","8",26,"1",0.641,0.641,0.604,0.679,1,0.019,0,"afognak"
"5406","p_black","8",26,"2",0.798,0.902,0.569,0.922,34.566,0.155,-0.67,"afognak"
"5407","p_pelagic","8",27,"1",0.897,0.897,0.897,0.897,NA,0,NA,"afognak"
"5408","p_pelagic","8",27,"2",0.548,0.548,0.461,0.633,1,0.044,0,"afognak"
"5409","p_yellow","8",27,"1",0.713,0.713,0.713,0.713,NA,0,NA,"afognak"
"5410","p_yellow","8",27,"2",0.914,0.919,0.828,0.974,1.001,0.038,-0.13,"afognak"
"5411","p_black","8",27,"1",0.917,0.917,0.904,0.929,1,0.006,0,"afognak"
"5412","p_black","8",27,"2",0.846,0.931,0.66,0.946,36.063,0.126,-0.676,"afognak"
"5413","p_pelagic","8",28,"1",0.689,0.689,0.689,0.689,NA,0,NA,"afognak"
"5414","p_pelagic","8",28,"2",0.784,0.785,0.72,0.838,1,0.031,-0.033,"afognak"
"5415","p_yellow","8",28,"1",0.715,0.715,0.715,0.715,NA,0,NA,"afognak"
"5416","p_yellow","8",28,"2",0.901,0.906,0.804,0.969,1.001,0.043,-0.115,"afognak"
"5417","p_black","8",28,"1",0.796,0.796,0.769,0.822,1,0.013,0,"afognak"
"5418","p_black","8",28,"2",0.86,0.939,0.686,0.952,36.336,0.117,-0.677,"afognak"
"5419","p_pelagic","8",29,"1",0.859,0.859,0.859,0.859,NA,0,NA,"afognak"
"5420","p_pelagic","8",29,"2",0.727,0.728,0.654,0.792,1,0.036,-0.028,"afognak"
"5421","p_yellow","8",29,"1",0.745,0.745,0.745,0.745,NA,0,NA,"afognak"
"5422","p_yellow","8",29,"2",0.902,0.907,0.805,0.97,1.001,0.043,-0.116,"afognak"
"5423","p_black","8",29,"1",0.797,0.797,0.77,0.823,1,0.013,0,"afognak"
"5424","p_black","8",29,"2",0.847,0.931,0.66,0.946,36.067,0.126,-0.668,"afognak"
"5425","p_pelagic","8",3,"1",0.841,0.841,0.841,0.841,NA,0,NA,"afognak"
"5426","p_pelagic","8",3,"2",0.736,0.736,0.736,0.736,NA,0,NA,"afognak"
"5427","p_yellow","8",3,"1",0.737,0.737,0.737,0.737,NA,0,NA,"afognak"
"5428","p_yellow","8",3,"2",0.939,0.939,0.939,0.939,NA,0,NA,"afognak"
"5429","p_black","8",3,"1",0.656,0.656,0.656,0.656,NA,0,NA,"afognak"
"5430","p_black","8",3,"2",0.683,0.683,0.683,0.683,NA,0,NA,"afognak"
"5431","p_pelagic","8",30,"1",0.828,0.828,0.828,0.828,NA,0,NA,"afognak"
"5432","p_pelagic","8",30,"2",0.729,0.73,0.656,0.794,1,0.036,-0.028,"afognak"
"5433","p_yellow","8",30,"1",0.829,0.829,0.829,0.829,NA,0,NA,"afognak"
"5434","p_yellow","8",30,"2",0.905,0.91,0.812,0.971,1.001,0.042,-0.12,"afognak"
"5435","p_black","8",30,"1",0.787,0.787,0.759,0.814,1,0.014,0,"afognak"
"5436","p_black","8",30,"2",0.848,0.932,0.663,0.947,36.106,0.124,-0.675,"afognak"
"5437","p_pelagic","8",31,"1",0.882,0.882,0.882,0.882,NA,0,NA,"afognak"
"5438","p_pelagic","8",31,"2",0.728,0.73,0.655,0.793,1,0.036,-0.056,"afognak"
"5439","p_yellow","8",31,"1",0.715,0.715,0.715,0.715,NA,0,NA,"afognak"
"5440","p_yellow","8",31,"2",0.904,0.909,0.809,0.97,1.001,0.042,-0.118,"afognak"
"5441","p_black","8",31,"1",0.932,0.932,0.922,0.942,1.001,0.005,0,"afognak"
"5442","p_black","8",31,"2",0.847,0.931,0.66,0.946,36.072,0.126,-0.669,"afognak"
"5443","p_pelagic","8",32,"1",0.781,0.781,0.781,0.781,NA,0,NA,"afognak"
"5444","p_pelagic","8",32,"2",0.729,0.73,0.656,0.794,1,0.036,-0.028,"afognak"
"5445","p_yellow","8",32,"1",0.846,0.846,0.846,0.846,NA,0,NA,"afognak"
"5446","p_yellow","8",32,"2",0.905,0.91,0.811,0.971,1.001,0.042,-0.119,"afognak"
"5447","p_black","8",32,"1",0.799,0.799,0.773,0.825,1,0.013,0,"afognak"
"5448","p_black","8",32,"2",0.847,0.932,0.66,0.946,36.072,0.126,-0.677,"afognak"
"5449","p_pelagic","8",33,"1",0.855,0.855,0.855,0.855,NA,0,NA,"afognak"
"5450","p_pelagic","8",33,"2",0.796,0.798,0.736,0.849,1,0.029,-0.068,"afognak"
"5451","p_yellow","8",33,"1",0.837,0.837,0.837,0.837,NA,0,NA,"afognak"
"5452","p_yellow","8",33,"2",0.903,0.908,0.807,0.97,1.001,0.043,-0.117,"afognak"
"5453","p_black","8",33,"1",0.978,0.978,0.975,0.982,1.001,0.002,0,"afognak"
"5454","p_black","8",33,"2",0.647,0.784,0.342,0.824,26.884,0.21,-0.653,"afognak"
"5455","p_pelagic","8",34,"1",0.665,0.665,0.665,0.665,NA,0,NA,"afognak"
"5456","p_pelagic","8",34,"2",0.732,0.734,0.66,0.796,1,0.035,-0.057,"afognak"
"5457","p_yellow","8",34,"1",0.332,0.332,0.332,0.332,NA,0,NA,"afognak"
"5458","p_yellow","8",34,"2",0.907,0.912,0.814,0.971,1.001,0.041,-0.121,"afognak"
"5459","p_black","8",34,"1",0.943,0.943,0.934,0.951,1.001,0.004,0,"afognak"
"5460","p_black","8",34,"2",0.851,0.934,0.669,0.948,36.163,0.123,-0.676,"afognak"
"5461","p_pelagic","8",35,"1",0.842,0.842,0.842,0.842,NA,0,NA,"afognak"
"5462","p_pelagic","8",35,"2",0.75,0.751,0.68,0.811,1,0.034,-0.03,"afognak"
"5463","p_yellow","8",35,"1",0.786,0.786,0.786,0.786,NA,0,NA,"afognak"
"5464","p_yellow","8",35,"2",0.904,0.909,0.81,0.97,1.001,0.042,-0.119,"afognak"
"5465","p_black","8",35,"1",0.83,0.83,0.807,0.852,1,0.012,0,"afognak"
"5466","p_black","8",35,"2",0.743,0.864,0.477,0.891,32.096,0.182,-0.666,"afognak"
"5467","p_pelagic","8",36,"1",0.813,0.813,0.813,0.813,NA,0,NA,"afognak"
"5468","p_pelagic","8",36,"2",0.795,0.797,0.734,0.848,1,0.029,-0.068,"afognak"
"5469","p_yellow","8",36,"1",0.725,0.725,0.725,0.725,NA,0,NA,"afognak"
"5470","p_yellow","8",36,"2",0.91,0.915,0.821,0.972,1.001,0.04,-0.125,"afognak"
"5471","p_black","8",36,"1",0.947,0.947,0.938,0.955,1.001,0.004,0,"afognak"
"5472","p_black","8",36,"2",0.931,0.973,0.838,0.979,36.663,0.062,-0.678,"afognak"
"5473","p_pelagic","8",37,"1",0.81,0.81,0.81,0.81,NA,0,NA,"afognak"
"5474","p_pelagic","8",37,"2",0.855,0.856,0.807,0.894,1,0.022,-0.045,"afognak"
"5475","p_yellow","8",37,"1",0.8,0.8,0.8,0.8,NA,0,NA,"afognak"
"5476","p_yellow","8",37,"2",0.905,0.91,0.81,0.971,1.001,0.042,-0.119,"afognak"
"5477","p_black","8",37,"1",0.594,0.594,0.555,0.633,1,0.02,0,"afognak"
"5478","p_black","8",37,"2",0.702,0.832,0.415,0.865,29.938,0.196,-0.662,"afognak"
"5479","p_pelagic","8",38,"1",0.797,0.797,0.797,0.797,NA,0,NA,"afognak"
"5480","p_pelagic","8",38,"2",0.773,0.774,0.707,0.83,1,0.032,-0.032,"afognak"
"5481","p_yellow","8",38,"1",0.744,0.744,0.744,0.744,NA,0,NA,"afognak"
"5482","p_yellow","8",38,"2",0.908,0.913,0.817,0.972,1.001,0.041,-0.123,"afognak"
"5483","p_black","8",38,"1",0.677,0.677,0.641,0.712,1,0.018,0,"afognak"
"5484","p_black","8",38,"2",0.91,0.964,0.792,0.972,36.757,0.079,-0.685,"afognak"
"5485","p_pelagic","8",39,"1",0.84,0.84,0.84,0.84,NA,0,NA,"afognak"
"5486","p_pelagic","8",39,"2",0.64,0.641,0.557,0.717,1,0.041,-0.024,"afognak"
"5487","p_yellow","8",39,"1",0.673,0.673,0.673,0.673,NA,0,NA,"afognak"
"5488","p_yellow","8",39,"2",0.91,0.915,0.82,0.972,1.001,0.04,-0.125,"afognak"
"5489","p_black","8",39,"1",0.664,0.665,0.628,0.7,1,0.018,-0.054,"afognak"
"5490","p_black","8",39,"2",0.726,0.851,0.45,0.881,31.203,0.188,-0.663,"afognak"
"5491","p_pelagic","8",4,"1",0.839,0.839,0.839,0.839,NA,0,NA,"afognak"
"5492","p_pelagic","8",4,"2",0.735,0.735,0.735,0.735,NA,0,NA,"afognak"
"5493","p_yellow","8",4,"1",0.739,0.739,0.739,0.739,NA,0,NA,"afognak"
"5494","p_yellow","8",4,"2",0.942,0.942,0.942,0.942,NA,0,NA,"afognak"
"5495","p_black","8",4,"1",0.65,0.65,0.65,0.65,NA,0,NA,"afognak"
"5496","p_black","8",4,"2",0.686,0.686,0.686,0.686,NA,0,NA,"afognak"
"5497","p_pelagic","8",40,"1",0.853,0.853,0.853,0.853,NA,0,NA,"afognak"
"5498","p_pelagic","8",40,"2",0.724,0.725,0.651,0.79,1,0.036,-0.028,"afognak"
"5499","p_yellow","8",40,"1",0.717,0.717,0.717,0.717,NA,0,NA,"afognak"
"5500","p_yellow","8",40,"2",0.905,0.91,0.812,0.971,1.001,0.042,-0.12,"afognak"
"5501","p_black","8",40,"1",0.63,0.63,0.592,0.667,1,0.019,0,"afognak"
"5502","p_black","8",40,"2",0.702,0.832,0.415,0.865,29.933,0.197,-0.662,"afognak"
"5503","p_pelagic","8",41,"1",0.885,0.885,0.885,0.885,NA,0,NA,"afognak"
"5504","p_pelagic","8",41,"2",0.73,0.731,0.657,0.794,1,0.035,-0.028,"afognak"
"5505","p_yellow","8",41,"1",0.77,0.77,0.77,0.77,NA,0,NA,"afognak"
"5506","p_yellow","8",41,"2",0.904,0.909,0.809,0.97,1.001,0.042,-0.118,"afognak"
"5507","p_black","8",41,"1",0.815,0.815,0.79,0.839,1,0.012,0,"afognak"
"5508","p_black","8",41,"2",0.82,0.916,0.61,0.934,35.351,0.142,-0.674,"afognak"
"5509","p_pelagic","8",42,"1",0.894,0.894,0.894,0.894,NA,0,NA,"afognak"
"5510","p_pelagic","8",42,"2",0.832,0.833,0.779,0.876,1,0.025,-0.04,"afognak"
"5511","p_yellow","8",42,"1",0.749,0.749,0.749,0.749,NA,0,NA,"afognak"
"5512","p_yellow","8",42,"2",0.845,0.851,0.708,0.949,1,0.063,-0.095,"afognak"
"5513","p_black","8",42,"1",0.749,0.749,0.718,0.779,1,0.016,0,"afognak"
"5514","p_black","8",42,"2",0.804,0.906,0.58,0.926,34.803,0.152,-0.672,"afognak"
"5515","p_pelagic","8",43,"1",0.849,0.849,0.849,0.849,NA,0,NA,"afognak"
"5516","p_pelagic","8",43,"2",0.513,0.513,0.426,0.6,1,0.045,0,"afognak"
"5517","p_yellow","8",43,"1",0.706,0.706,0.706,0.706,NA,0,NA,"afognak"
"5518","p_yellow","8",43,"2",0.927,0.932,0.853,0.978,1.001,0.033,-0.152,"afognak"
"5519","p_black","8",43,"1",0.65,0.65,0.613,0.687,1,0.019,0,"afognak"
"5520","p_black","8",43,"2",0.744,0.865,0.478,0.892,32.133,0.181,-0.667,"afognak"
"5521","p_pelagic","8",44,"1",0.858,0.858,0.848,0.866,1,0.005,0,"afognak"
"5522","p_pelagic","8",44,"2",0.809,0.827,0.566,0.946,1.001,0.1,-0.181,"afognak"
"5523","p_yellow","8",44,"1",0.728,0.728,0.699,0.757,1,0.015,0,"afognak"
"5524","p_yellow","8",44,"2",0.85,0.913,0.377,0.996,1.001,0.169,-0.373,"afognak"
"5525","p_black","8",44,"1",0.746,0.757,0.512,0.906,1.006,0.103,-0.107,"afognak"
"5526","p_black","8",44,"2",0.746,0.844,0.247,0.97,3.278,0.221,-0.443,"afognak"
"5527","p_pelagic","8",45,"1",0.881,0.881,0.875,0.888,1,0.003,0,"afognak"
"5528","p_pelagic","8",45,"2",0.809,0.827,0.575,0.947,1.001,0.099,-0.183,"afognak"
"5529","p_yellow","8",45,"1",0.758,0.758,0.734,0.781,1.001,0.013,0,"afognak"
"5530","p_yellow","8",45,"2",0.849,0.91,0.371,0.995,1,0.167,-0.365,"afognak"
"5531","p_black","8",45,"1",0.36,0.36,0.269,0.46,1.002,0.048,0,"afognak"
"5532","p_black","8",45,"2",0.745,0.844,0.243,0.969,3.36,0.221,-0.447,"afognak"
"5533","p_pelagic","8",46,"1",0.899,0.899,0.893,0.905,1.001,0.003,0,"afognak"
"5534","p_pelagic","8",46,"2",0.809,0.828,0.574,0.946,1,0.098,-0.195,"afognak"
"5535","p_yellow","8",46,"1",0.722,0.722,0.693,0.75,1.003,0.015,0,"afognak"
"5536","p_yellow","8",46,"2",0.842,0.906,0.344,0.995,1.003,0.172,-0.371,"afognak"
"5537","p_black","8",46,"1",0.802,0.818,0.588,0.935,1.001,0.092,-0.174,"afognak"
"5538","p_black","8",46,"2",0.747,0.847,0.241,0.968,3.244,0.22,-0.455,"afognak"
"5539","p_pelagic","8",47,"1",0.897,0.897,0.892,0.903,1,0.003,0,"afognak"
"5540","p_pelagic","8",47,"2",0.532,0.534,0.331,0.72,1,0.099,-0.02,"afognak"
"5541","p_yellow","8",47,"1",0.682,0.683,0.657,0.708,1,0.013,-0.075,"afognak"
"5542","p_yellow","8",47,"2",0.894,0.914,0.69,0.988,1,0.079,-0.253,"afognak"
"5543","p_black","8",47,"1",0.967,0.97,0.924,0.991,1.001,0.017,-0.172,"afognak"
"5544","p_black","8",47,"2",0.835,0.887,0.506,0.974,2.492,0.133,-0.391,"afognak"
"5545","p_pelagic","8",48,"1",0.854,0.854,0.847,0.861,1,0.004,0,"afognak"
"5546","p_pelagic","8",48,"2",0.796,0.815,0.543,0.945,1,0.106,-0.18,"afognak"
"5547","p_yellow","8",48,"1",0.529,0.529,0.504,0.556,1.002,0.013,0,"afognak"
"5548","p_yellow","8",48,"2",0.845,0.91,0.348,0.995,1.002,0.172,-0.378,"afognak"
"5549","p_black","8",48,"1",0.962,0.969,0.887,0.992,1.002,0.028,-0.252,"afognak"
"5550","p_black","8",48,"2",0.745,0.846,0.238,0.97,3.237,0.222,-0.454,"afognak"
"5551","p_pelagic","8",49,"1",0.841,0.841,0.834,0.847,1,0.003,0,"afognak"
"5552","p_pelagic","8",49,"2",0.813,0.817,0.689,0.908,1.001,0.057,-0.07,"afognak"
"5553","p_yellow","8",49,"1",0.508,0.508,0.486,0.53,1.001,0.011,0,"afognak"
"5554","p_yellow","8",49,"2",0.501,0.503,0.178,0.817,1.001,0.169,-0.012,"afognak"
"5555","p_black","8",49,"1",0.613,0.613,0.527,0.694,1,0.044,0,"afognak"
"5556","p_black","8",49,"2",0.921,0.936,0.786,0.984,2.009,0.052,-0.287,"afognak"
"5557","p_pelagic","8",5,"1",0.838,0.838,0.838,0.838,NA,0,NA,"afognak"
"5558","p_pelagic","8",5,"2",0.74,0.74,0.74,0.74,NA,0,NA,"afognak"
"5559","p_yellow","8",5,"1",0.741,0.741,0.741,0.741,NA,0,NA,"afognak"
"5560","p_yellow","8",5,"2",0.939,0.939,0.939,0.939,NA,0,NA,"afognak"
"5561","p_black","8",5,"1",0.653,0.653,0.653,0.653,NA,0,NA,"afognak"
"5562","p_black","8",5,"2",0.687,0.687,0.687,0.687,NA,0,NA,"afognak"
"5563","p_pelagic","8",6,"1",0.841,0.841,0.841,0.841,NA,0,NA,"afognak"
"5564","p_pelagic","8",6,"2",0.738,0.738,0.738,0.738,NA,0,NA,"afognak"
"5565","p_yellow","8",6,"1",0.739,0.739,0.739,0.739,NA,0,NA,"afognak"
"5566","p_yellow","8",6,"2",0.941,0.941,0.941,0.941,NA,0,NA,"afognak"
"5567","p_black","8",6,"1",0.653,0.653,0.653,0.653,NA,0,NA,"afognak"
"5568","p_black","8",6,"2",0.686,0.686,0.686,0.686,NA,0,NA,"afognak"
"5569","p_pelagic","8",7,"1",0.838,0.838,0.838,0.838,NA,0,NA,"afognak"
"5570","p_pelagic","8",7,"2",0.742,0.742,0.742,0.742,NA,0,NA,"afognak"
"5571","p_yellow","8",7,"1",0.739,0.739,0.739,0.739,NA,0,NA,"afognak"
"5572","p_yellow","8",7,"2",0.94,0.94,0.94,0.94,NA,0,NA,"afognak"
"5573","p_black","8",7,"1",0.645,0.645,0.645,0.645,NA,0,NA,"afognak"
"5574","p_black","8",7,"2",0.688,0.688,0.688,0.688,NA,0,NA,"afognak"
"5575","p_pelagic","8",8,"1",0.838,0.838,0.838,0.838,NA,0,NA,"afognak"
"5576","p_pelagic","8",8,"2",0.74,0.74,0.74,0.74,NA,0,NA,"afognak"
"5577","p_yellow","8",8,"1",0.739,0.739,0.739,0.739,NA,0,NA,"afognak"
"5578","p_yellow","8",8,"2",0.94,0.94,0.94,0.94,NA,0,NA,"afognak"
"5579","p_black","8",8,"1",0.652,0.652,0.652,0.652,NA,0,NA,"afognak"
"5580","p_black","8",8,"2",0.686,0.686,0.686,0.686,NA,0,NA,"afognak"
"5581","p_pelagic","8",9,"1",0.841,0.841,0.841,0.841,NA,0,NA,"afognak"
"5582","p_pelagic","8",9,"2",0.739,0.739,0.739,0.739,NA,0,NA,"afognak"
"5583","p_yellow","8",9,"1",0.747,0.747,0.747,0.747,NA,0,NA,"afognak"
"5584","p_yellow","8",9,"2",0.94,0.94,0.94,0.94,NA,0,NA,"afognak"
"5585","p_black","8",9,"1",0.649,0.649,0.649,0.649,NA,0,NA,"afognak"
"5586","p_black","8",9,"2",0.688,0.688,0.688,0.688,NA,0,NA,"afognak"
"5587","p_pelagic","9",1,"1",0.941,0.941,0.941,0.941,NA,0,NA,"eastside"
"5588","p_pelagic","9",1,"2",0.999,0.999,0.999,0.999,NA,0,NA,"eastside"
"5589","p_yellow","9",1,"1",0.636,0.636,0.636,0.636,NA,0,NA,"eastside"
"5590","p_yellow","9",1,"2",0.83,0.83,0.83,0.83,NA,0,NA,"eastside"
"5591","p_black","9",1,"1",0.933,0.933,0.933,0.933,NA,0,NA,"eastside"
"5592","p_black","9",1,"2",0.971,0.971,0.971,0.971,NA,0,NA,"eastside"
"5593","p_pelagic","9",10,"1",0.942,0.942,0.942,0.942,NA,0,NA,"eastside"
"5594","p_pelagic","9",10,"2",0.999,0.999,0.999,0.999,NA,0,NA,"eastside"
"5595","p_yellow","9",10,"1",0.627,0.627,0.627,0.627,NA,0,NA,"eastside"
"5596","p_yellow","9",10,"2",0.823,0.823,0.823,0.823,NA,0,NA,"eastside"
"5597","p_black","9",10,"1",0.933,0.933,0.933,0.933,NA,0,NA,"eastside"
"5598","p_black","9",10,"2",0.971,0.971,0.971,0.971,NA,0,NA,"eastside"
"5599","p_pelagic","9",11,"1",0.942,0.942,0.942,0.942,NA,0,NA,"eastside"
"5600","p_pelagic","9",11,"2",0.999,0.999,0.999,0.999,NA,0,NA,"eastside"
"5601","p_yellow","9",11,"1",0.634,0.634,0.634,0.634,NA,0,NA,"eastside"
"5602","p_yellow","9",11,"2",0.824,0.824,0.824,0.824,NA,0,NA,"eastside"
"5603","p_black","9",11,"1",0.936,0.936,0.936,0.936,NA,0,NA,"eastside"
"5604","p_black","9",11,"2",0.971,0.971,0.971,0.971,NA,0,NA,"eastside"
"5605","p_pelagic","9",12,"1",0.943,0.943,0.943,0.943,NA,0,NA,"eastside"
"5606","p_pelagic","9",12,"2",0.999,0.999,0.999,0.999,NA,0,NA,"eastside"
"5607","p_yellow","9",12,"1",0.635,0.635,0.635,0.635,NA,0,NA,"eastside"
"5608","p_yellow","9",12,"2",0.833,0.833,0.833,0.833,NA,0,NA,"eastside"
"5609","p_black","9",12,"1",0.934,0.934,0.934,0.934,NA,0,NA,"eastside"
"5610","p_black","9",12,"2",0.971,0.971,0.971,0.971,NA,0,NA,"eastside"
"5611","p_pelagic","9",13,"1",0.942,0.942,0.942,0.942,NA,0,NA,"eastside"
"5612","p_pelagic","9",13,"2",0.999,0.999,0.999,0.999,NA,0,NA,"eastside"
"5613","p_yellow","9",13,"1",0.63,0.63,0.63,0.63,NA,0,NA,"eastside"
"5614","p_yellow","9",13,"2",0.831,0.831,0.831,0.831,NA,0,NA,"eastside"
"5615","p_black","9",13,"1",0.935,0.935,0.935,0.935,NA,0,NA,"eastside"
"5616","p_black","9",13,"2",0.971,0.971,0.971,0.971,NA,0,NA,"eastside"
"5617","p_pelagic","9",14,"1",0.946,0.946,0.946,0.946,NA,0,NA,"eastside"
"5618","p_pelagic","9",14,"2",0.999,0.999,0.999,0.999,NA,0,NA,"eastside"
"5619","p_yellow","9",14,"1",0.644,0.644,0.644,0.644,NA,0,NA,"eastside"
"5620","p_yellow","9",14,"2",0.825,0.825,0.825,0.825,NA,0,NA,"eastside"
"5621","p_black","9",14,"1",0.932,0.932,0.932,0.932,NA,0,NA,"eastside"
"5622","p_black","9",14,"2",0.97,0.97,0.97,0.97,NA,0,NA,"eastside"
"5623","p_pelagic","9",15,"1",0.944,0.944,0.944,0.944,NA,0,NA,"eastside"
"5624","p_pelagic","9",15,"2",0.999,0.999,0.999,0.999,NA,0,NA,"eastside"
"5625","p_yellow","9",15,"1",0.639,0.639,0.639,0.639,NA,0,NA,"eastside"
"5626","p_yellow","9",15,"2",0.829,0.829,0.829,0.829,NA,0,NA,"eastside"
"5627","p_black","9",15,"1",0.934,0.934,0.934,0.934,NA,0,NA,"eastside"
"5628","p_black","9",15,"2",0.972,0.972,0.972,0.972,NA,0,NA,"eastside"
"5629","p_pelagic","9",16,"1",0.944,0.944,0.944,0.944,NA,0,NA,"eastside"
"5630","p_pelagic","9",16,"2",0.999,0.999,0.999,0.999,NA,0,NA,"eastside"
"5631","p_yellow","9",16,"1",0.64,0.64,0.64,0.64,NA,0,NA,"eastside"
"5632","p_yellow","9",16,"2",0.828,0.828,0.828,0.828,NA,0,NA,"eastside"
"5633","p_black","9",16,"1",0.935,0.935,0.935,0.935,NA,0,NA,"eastside"
"5634","p_black","9",16,"2",0.97,0.97,0.97,0.97,NA,0,NA,"eastside"
"5635","p_pelagic","9",17,"1",0.945,0.945,0.945,0.945,NA,0,NA,"eastside"
"5636","p_pelagic","9",17,"2",0.999,0.999,0.999,0.999,NA,0,NA,"eastside"
"5637","p_yellow","9",17,"1",0.65,0.65,0.65,0.65,NA,0,NA,"eastside"
"5638","p_yellow","9",17,"2",0.833,0.833,0.833,0.833,NA,0,NA,"eastside"
"5639","p_black","9",17,"1",0.932,0.932,0.932,0.932,NA,0,NA,"eastside"
"5640","p_black","9",17,"2",0.971,0.971,0.971,0.971,NA,0,NA,"eastside"
"5641","p_pelagic","9",18,"1",0.945,0.945,0.945,0.945,NA,0,NA,"eastside"
"5642","p_pelagic","9",18,"2",0.999,0.999,0.999,0.999,NA,0,NA,"eastside"
"5643","p_yellow","9",18,"1",0.649,0.649,0.649,0.649,NA,0,NA,"eastside"
"5644","p_yellow","9",18,"2",0.826,0.826,0.826,0.826,NA,0,NA,"eastside"
"5645","p_black","9",18,"1",0.933,0.933,0.933,0.933,NA,0,NA,"eastside"
"5646","p_black","9",18,"2",0.971,0.971,0.971,0.971,NA,0,NA,"eastside"
"5647","p_pelagic","9",19,"1",0.943,0.943,0.943,0.943,NA,0,NA,"eastside"
"5648","p_pelagic","9",19,"2",0.999,0.999,0.999,0.999,NA,0,NA,"eastside"
"5649","p_yellow","9",19,"1",0.632,0.632,0.632,0.632,NA,0,NA,"eastside"
"5650","p_yellow","9",19,"2",0.826,0.826,0.826,0.826,NA,0,NA,"eastside"
"5651","p_black","9",19,"1",0.932,0.932,0.932,0.932,NA,0,NA,"eastside"
"5652","p_black","9",19,"2",0.97,0.97,0.97,0.97,NA,0,NA,"eastside"
"5653","p_pelagic","9",2,"1",0.942,0.942,0.942,0.942,NA,0,NA,"eastside"
"5654","p_pelagic","9",2,"2",0.999,0.999,0.999,0.999,NA,0,NA,"eastside"
"5655","p_yellow","9",2,"1",0.629,0.629,0.629,0.629,NA,0,NA,"eastside"
"5656","p_yellow","9",2,"2",0.83,0.83,0.83,0.83,NA,0,NA,"eastside"
"5657","p_black","9",2,"1",0.932,0.932,0.932,0.932,NA,0,NA,"eastside"
"5658","p_black","9",2,"2",0.971,0.971,0.971,0.971,NA,0,NA,"eastside"
"5659","p_pelagic","9",20,"1",0.94,0.94,0.94,0.94,NA,0,NA,"eastside"
"5660","p_pelagic","9",20,"2",0.999,0.999,0.999,0.999,NA,0,NA,"eastside"
"5661","p_yellow","9",20,"1",0.626,0.626,0.626,0.626,NA,0,NA,"eastside"
"5662","p_yellow","9",20,"2",0.822,0.822,0.822,0.822,NA,0,NA,"eastside"
"5663","p_black","9",20,"1",0.935,0.935,0.935,0.935,NA,0,NA,"eastside"
"5664","p_black","9",20,"2",0.971,0.971,0.971,0.971,NA,0,NA,"eastside"
"5665","p_pelagic","9",21,"1",0.945,0.945,0.945,0.945,NA,0,NA,"eastside"
"5666","p_pelagic","9",21,"2",0.999,0.999,0.999,0.999,NA,0,NA,"eastside"
"5667","p_yellow","9",21,"1",0.622,0.622,0.622,0.622,NA,0,NA,"eastside"
"5668","p_yellow","9",21,"2",0.831,0.831,0.831,0.831,NA,0,NA,"eastside"
"5669","p_black","9",21,"1",0.943,0.943,0.943,0.943,NA,0,NA,"eastside"
"5670","p_black","9",21,"2",0.972,0.972,0.972,0.972,NA,0,NA,"eastside"
"5671","p_pelagic","9",22,"1",0.887,0.887,0.887,0.887,NA,0,NA,"eastside"
"5672","p_pelagic","9",22,"2",0.99,0.995,0.958,1,1.003,0.012,-0.423,"eastside"
"5673","p_yellow","9",22,"1",0.633,0.633,0.633,0.633,NA,0,NA,"eastside"
"5674","p_yellow","9",22,"2",0.718,0.819,0.001,1,1,0.306,-0.33,"eastside"
"5675","p_black","9",22,"1",0.921,0.921,0.896,0.941,1,0.011,0,"eastside"
"5676","p_black","9",22,"2",0.982,0.983,0.954,0.998,1.041,0.012,-0.086,"eastside"
"5677","p_pelagic","9",23,"1",0.891,0.891,0.891,0.891,NA,0,NA,"eastside"
"5678","p_pelagic","9",23,"2",0.99,0.995,0.958,1,1.003,0.012,-0.424,"eastside"
"5679","p_yellow","9",23,"1",0.509,0.509,0.509,0.509,NA,0,NA,"eastside"
"5680","p_yellow","9",23,"2",0.713,0.812,0.001,1,1,0.307,-0.323,"eastside"
"5681","p_black","9",23,"1",0.94,0.941,0.921,0.956,1,0.009,-0.114,"eastside"
"5682","p_black","9",23,"2",0.983,0.984,0.956,0.998,1.041,0.011,-0.09,"eastside"
"5683","p_pelagic","9",24,"1",0.941,0.941,0.941,0.941,NA,0,NA,"eastside"
"5684","p_pelagic","9",24,"2",0.991,0.995,0.958,1,1.003,0.012,-0.341,"eastside"
"5685","p_yellow","9",24,"1",0.535,0.535,0.535,0.535,NA,0,NA,"eastside"
"5686","p_yellow","9",24,"2",0.715,0.816,0.001,1,1,0.306,-0.33,"eastside"
"5687","p_black","9",24,"1",0.943,0.944,0.925,0.958,1,0.008,-0.12,"eastside"
"5688","p_black","9",24,"2",0.985,0.987,0.963,0.999,1.041,0.009,-0.216,"eastside"
"5689","p_pelagic","9",25,"1",0.867,0.867,0.867,0.867,NA,0,NA,"eastside"
"5690","p_pelagic","9",25,"2",0.991,0.995,0.959,1,1.003,0.012,-0.345,"eastside"
"5691","p_yellow","9",25,"1",0.548,0.548,0.548,0.548,NA,0,NA,"eastside"
"5692","p_yellow","9",25,"2",0.718,0.819,0.001,1,1,0.306,-0.33,"eastside"
"5693","p_black","9",25,"1",0.938,0.938,0.918,0.954,1,0.009,0,"eastside"
"5694","p_black","9",25,"2",0.985,0.986,0.962,0.999,1.041,0.01,-0.104,"eastside"
"5695","p_pelagic","9",26,"1",0.936,0.936,0.936,0.936,NA,0,NA,"eastside"
"5696","p_pelagic","9",26,"2",0.991,0.995,0.958,1,1.003,0.012,-0.341,"eastside"
"5697","p_yellow","9",26,"1",0.604,0.604,0.604,0.604,NA,0,NA,"eastside"
"5698","p_yellow","9",26,"2",0.716,0.816,0.001,1,1,0.306,-0.326,"eastside"
"5699","p_black","9",26,"1",0.932,0.933,0.911,0.95,1,0.01,-0.101,"eastside"
"5700","p_black","9",26,"2",0.982,0.984,0.955,0.998,1.041,0.011,-0.177,"eastside"
"5701","p_pelagic","9",27,"1",0.956,0.956,0.956,0.956,NA,0,NA,"eastside"
"5702","p_pelagic","9",27,"2",0.991,0.995,0.959,1,1.003,0.012,-0.346,"eastside"
"5703","p_yellow","9",27,"1",0.628,0.628,0.628,0.628,NA,0,NA,"eastside"
"5704","p_yellow","9",27,"2",0.716,0.816,0.001,1,1,0.306,-0.326,"eastside"
"5705","p_black","9",27,"1",0.931,0.932,0.91,0.949,1,0.01,-0.101,"eastside"
"5706","p_black","9",27,"2",0.984,0.985,0.959,0.998,1.041,0.01,-0.098,"eastside"
"5707","p_pelagic","9",28,"1",0.941,0.941,0.941,0.941,NA,0,NA,"eastside"
"5708","p_pelagic","9",28,"2",0.991,0.995,0.958,1,1.003,0.012,-0.343,"eastside"
"5709","p_yellow","9",28,"1",0.648,0.648,0.648,0.648,NA,0,NA,"eastside"
"5710","p_yellow","9",28,"2",0.718,0.819,0.001,1,1,0.306,-0.33,"eastside"
"5711","p_black","9",28,"1",0.938,0.939,0.919,0.955,1,0.009,-0.111,"eastside"
"5712","p_black","9",28,"2",0.982,0.984,0.956,0.998,1.041,0.011,-0.18,"eastside"
"5713","p_pelagic","9",29,"1",0.915,0.915,0.915,0.915,NA,0,NA,"eastside"
"5714","p_pelagic","9",29,"2",0.991,0.995,0.958,1,1.003,0.012,-0.342,"eastside"
"5715","p_yellow","9",29,"1",0.65,0.65,0.65,0.65,NA,0,NA,"eastside"
"5716","p_yellow","9",29,"2",0.717,0.819,0.001,1,1,0.306,-0.333,"eastside"
"5717","p_black","9",29,"1",0.929,0.93,0.907,0.948,1,0.01,-0.098,"eastside"
"5718","p_black","9",29,"2",0.982,0.984,0.956,0.998,1.041,0.011,-0.18,"eastside"
"5719","p_pelagic","9",3,"1",0.943,0.943,0.943,0.943,NA,0,NA,"eastside"
"5720","p_pelagic","9",3,"2",0.999,0.999,0.999,0.999,NA,0,NA,"eastside"
"5721","p_yellow","9",3,"1",0.632,0.632,0.632,0.632,NA,0,NA,"eastside"
"5722","p_yellow","9",3,"2",0.834,0.834,0.834,0.834,NA,0,NA,"eastside"
"5723","p_black","9",3,"1",0.933,0.933,0.933,0.933,NA,0,NA,"eastside"
"5724","p_black","9",3,"2",0.971,0.971,0.971,0.971,NA,0,NA,"eastside"
"5725","p_pelagic","9",30,"1",0.898,0.898,0.898,0.898,NA,0,NA,"eastside"
"5726","p_pelagic","9",30,"2",0.991,0.995,0.958,1,1.003,0.012,-0.341,"eastside"
"5727","p_yellow","9",30,"1",0.765,0.765,0.765,0.765,NA,0,NA,"eastside"
"5728","p_yellow","9",30,"2",0.716,0.817,0.001,1,1,0.306,-0.33,"eastside"
"5729","p_black","9",30,"1",0.854,0.855,0.813,0.889,1,0.019,-0.052,"eastside"
"5730","p_black","9",30,"2",0.983,0.984,0.956,0.998,1.041,0.011,-0.091,"eastside"
"5731","p_pelagic","9",31,"1",0.952,0.952,0.952,0.952,NA,0,NA,"eastside"
"5732","p_pelagic","9",31,"2",0.99,0.995,0.958,1,1.003,0.012,-0.422,"eastside"
"5733","p_yellow","9",31,"1",0.632,0.632,0.632,0.632,NA,0,NA,"eastside"
"5734","p_yellow","9",31,"2",0.717,0.818,0.001,1,1,0.306,-0.33,"eastside"
"5735","p_black","9",31,"1",0.962,0.963,0.95,0.972,1,0.006,-0.177,"eastside"
"5736","p_black","9",31,"2",0.982,0.984,0.955,0.998,1.041,0.011,-0.177,"eastside"
"5737","p_pelagic","9",32,"1",0.909,0.909,0.909,0.909,NA,0,NA,"eastside"
"5738","p_pelagic","9",32,"2",0.99,0.995,0.958,1,1.003,0.012,-0.419,"eastside"
"5739","p_yellow","9",32,"1",0.655,0.655,0.655,0.655,NA,0,NA,"eastside"
"5740","p_yellow","9",32,"2",0.717,0.818,0.001,1,1,0.306,-0.33,"eastside"
"5741","p_black","9",32,"1",0.931,0.931,0.909,0.949,1,0.01,0,"eastside"
"5742","p_black","9",32,"2",0.982,0.983,0.955,0.998,1.041,0.011,-0.087,"eastside"
"5743","p_pelagic","9",33,"1",0.976,0.976,0.976,0.976,NA,0,NA,"eastside"
"5744","p_pelagic","9",33,"2",0.991,0.995,0.958,1,1.003,0.012,-0.341,"eastside"
"5745","p_yellow","9",33,"1",0.619,0.619,0.619,0.619,NA,0,NA,"eastside"
"5746","p_yellow","9",33,"2",0.718,0.82,0.001,1,1,0.306,-0.333,"eastside"
"5747","p_black","9",33,"1",0.966,0.966,0.955,0.975,1,0.005,0,"eastside"
"5748","p_black","9",33,"2",0.972,0.974,0.931,0.997,1.041,0.018,-0.114,"eastside"
"5749","p_pelagic","9",34,"1",0.661,0.661,0.661,0.661,NA,0,NA,"eastside"
"5750","p_pelagic","9",34,"2",0.991,0.995,0.959,1,1.003,0.012,-0.344,"eastside"
"5751","p_yellow","9",34,"1",0.092,0.092,0.092,0.092,NA,0,NA,"eastside"
"5752","p_yellow","9",34,"2",0.716,0.816,0.001,1,1,0.306,-0.326,"eastside"
"5753","p_black","9",34,"1",0.93,0.931,0.909,0.949,1,0.01,-0.099,"eastside"
"5754","p_black","9",34,"2",0.982,0.984,0.956,0.998,1.041,0.011,-0.178,"eastside"
"5755","p_pelagic","9",35,"1",0.962,0.962,0.962,0.962,NA,0,NA,"eastside"
"5756","p_pelagic","9",35,"2",0.991,0.995,0.959,1,1.003,0.012,-0.343,"eastside"
"5757","p_yellow","9",35,"1",0.545,0.545,0.545,0.545,NA,0,NA,"eastside"
"5758","p_yellow","9",35,"2",0.717,0.818,0.001,1,1,0.306,-0.33,"eastside"
"5759","p_black","9",35,"1",0.932,0.933,0.911,0.95,1,0.01,-0.102,"eastside"
"5760","p_black","9",35,"2",0.983,0.984,0.956,0.998,1.041,0.011,-0.091,"eastside"
"5761","p_pelagic","9",36,"1",0.937,0.937,0.937,0.937,NA,0,NA,"eastside"
"5762","p_pelagic","9",36,"2",0.991,0.995,0.959,1,1.003,0.012,-0.345,"eastside"
"5763","p_yellow","9",36,"1",0.354,0.354,0.354,0.354,NA,0,NA,"eastside"
"5764","p_yellow","9",36,"2",0.716,0.817,0.001,1,1,0.306,-0.33,"eastside"
"5765","p_black","9",36,"1",0.881,0.881,0.846,0.91,1,0.016,0,"eastside"
"5766","p_black","9",36,"2",0.982,0.984,0.955,0.998,1.041,0.011,-0.176,"eastside"
"5767","p_pelagic","9",37,"1",0.944,0.944,0.944,0.944,NA,0,NA,"eastside"
"5768","p_pelagic","9",37,"2",0.99,0.995,0.958,1,1.003,0.012,-0.424,"eastside"
"5769","p_yellow","9",37,"1",0.442,0.442,0.442,0.442,NA,0,NA,"eastside"
"5770","p_yellow","9",37,"2",0.719,0.821,0.001,1,1,0.306,-0.334,"eastside"
"5771","p_black","9",37,"1",0.875,0.875,0.838,0.906,1,0.017,0,"eastside"
"5772","p_black","9",37,"2",0.968,0.971,0.922,0.997,1.042,0.02,-0.152,"eastside"
"5773","p_pelagic","9",38,"1",0.953,0.953,0.953,0.953,NA,0,NA,"eastside"
"5774","p_pelagic","9",38,"2",0.991,0.995,0.958,1,1.003,0.012,-0.341,"eastside"
"5775","p_yellow","9",38,"1",0.776,0.776,0.776,0.776,NA,0,NA,"eastside"
"5776","p_yellow","9",38,"2",0.717,0.817,0.001,1,1,0.306,-0.327,"eastside"
"5777","p_black","9",38,"1",0.945,0.945,0.927,0.959,1,0.008,0,"eastside"
"5778","p_black","9",38,"2",0.985,0.986,0.962,0.999,1.041,0.01,-0.105,"eastside"
"5779","p_pelagic","9",39,"1",0.947,0.947,0.947,0.947,NA,0,NA,"eastside"
"5780","p_pelagic","9",39,"2",0.991,0.995,0.959,1,1.003,0.012,-0.345,"eastside"
"5781","p_yellow","9",39,"1",0.938,0.938,0.938,0.938,NA,0,NA,"eastside"
"5782","p_yellow","9",39,"2",0.717,0.817,0.001,1,1,0.306,-0.327,"eastside"
"5783","p_black","9",39,"1",0.881,0.882,0.846,0.91,1,0.016,-0.061,"eastside"
"5784","p_black","9",39,"2",0.986,0.988,0.966,0.999,1.041,0.009,-0.232,"eastside"
"5785","p_pelagic","9",4,"1",0.942,0.942,0.942,0.942,NA,0,NA,"eastside"
"5786","p_pelagic","9",4,"2",0.999,0.999,0.999,0.999,NA,0,NA,"eastside"
"5787","p_yellow","9",4,"1",0.633,0.633,0.633,0.633,NA,0,NA,"eastside"
"5788","p_yellow","9",4,"2",0.833,0.833,0.833,0.833,NA,0,NA,"eastside"
"5789","p_black","9",4,"1",0.932,0.932,0.932,0.932,NA,0,NA,"eastside"
"5790","p_black","9",4,"2",0.971,0.971,0.971,0.971,NA,0,NA,"eastside"
"5791","p_pelagic","9",40,"1",0.953,0.953,0.953,0.953,NA,0,NA,"eastside"
"5792","p_pelagic","9",40,"2",0.99,0.995,0.958,1,1.003,0.012,-0.42,"eastside"
"5793","p_yellow","9",40,"1",0.587,0.587,0.587,0.587,NA,0,NA,"eastside"
"5794","p_yellow","9",40,"2",0.717,0.819,0.001,1,1,0.306,-0.333,"eastside"
"5795","p_black","9",40,"1",0.889,0.89,0.857,0.917,1,0.015,-0.065,"eastside"
"5796","p_black","9",40,"2",0.971,0.973,0.928,0.997,1.041,0.018,-0.11,"eastside"
"5797","p_pelagic","9",41,"1",0.985,0.985,0.985,0.985,NA,0,NA,"eastside"
"5798","p_pelagic","9",41,"2",0.991,0.995,0.959,1,1.003,0.011,-0.351,"eastside"
"5799","p_yellow","9",41,"1",0.669,0.669,0.669,0.669,NA,0,NA,"eastside"
"5800","p_yellow","9",41,"2",0.716,0.817,0.001,1,1,0.306,-0.33,"eastside"
"5801","p_black","9",41,"1",0.926,0.926,0.903,0.945,1,0.011,0,"eastside"
"5802","p_black","9",41,"2",0.982,0.983,0.955,0.998,1.041,0.011,-0.087,"eastside"
"5803","p_pelagic","9",42,"1",0.943,0.943,0.943,0.943,NA,0,NA,"eastside"
"5804","p_pelagic","9",42,"2",0.99,0.995,0.958,1,1.003,0.012,-0.422,"eastside"
"5805","p_yellow","9",42,"1",0.452,0.452,0.452,0.452,NA,0,NA,"eastside"
"5806","p_yellow","9",42,"2",0.717,0.818,0.001,1,1,0.306,-0.33,"eastside"
"5807","p_black","9",42,"1",0.955,0.955,0.94,0.967,1,0.007,0,"eastside"
"5808","p_black","9",42,"2",0.984,0.986,0.961,0.999,1.041,0.01,-0.202,"eastside"
"5809","p_pelagic","9",43,"1",0.979,0.979,0.979,0.979,NA,0,NA,"eastside"
"5810","p_pelagic","9",43,"2",0.99,0.995,0.958,1,1.003,0.012,-0.42,"eastside"
"5811","p_yellow","9",43,"1",0.908,0.908,0.908,0.908,NA,0,NA,"eastside"
"5812","p_yellow","9",43,"2",0.717,0.818,0.001,1,1,0.306,-0.33,"eastside"
"5813","p_black","9",43,"1",0.952,0.953,0.937,0.965,1,0.007,-0.141,"eastside"
"5814","p_black","9",43,"2",0.984,0.985,0.96,0.998,1.041,0.01,-0.099,"eastside"
"5815","p_pelagic","9",44,"1",0.954,0.954,0.943,0.964,1,0.005,0,"eastside"
"5816","p_pelagic","9",44,"2",0.989,0.995,0.941,1,1,0.017,-0.348,"eastside"
"5817","p_yellow","9",44,"1",0.667,0.668,0.559,0.771,1,0.055,-0.018,"eastside"
"5818","p_yellow","9",44,"2",0.754,0.909,0.001,1,1,0.316,-0.49,"eastside"
"5819","p_black","9",44,"1",0.95,0.961,0.851,0.99,1.003,0.037,-0.298,"eastside"
"5820","p_black","9",44,"2",0.977,0.985,0.913,0.999,1.01,0.025,-0.32,"eastside"
"5821","p_pelagic","9",45,"1",0.936,0.937,0.928,0.945,1.001,0.004,-0.223,"eastside"
"5822","p_pelagic","9",45,"2",0.989,0.995,0.941,1,1.003,0.018,-0.333,"eastside"
"5823","p_yellow","9",45,"1",0.885,0.887,0.837,0.926,1.001,0.023,-0.089,"eastside"
"5824","p_yellow","9",45,"2",0.757,0.914,0.001,1,1,0.315,-0.498,"eastside"
"5825","p_black","9",45,"1",0.657,0.66,0.472,0.815,1.003,0.089,-0.034,"eastside"
"5826","p_black","9",45,"2",0.977,0.985,0.906,0.999,1.016,0.026,-0.311,"eastside"
"5827","p_pelagic","9",46,"1",0.933,0.933,0.921,0.943,1,0.006,0,"eastside"
"5828","p_pelagic","9",46,"2",0.989,0.995,0.943,1,1.008,0.017,-0.353,"eastside"
"5829","p_yellow","9",46,"1",0.792,0.794,0.718,0.856,1.001,0.035,-0.056,"eastside"
"5830","p_yellow","9",46,"2",0.756,0.914,0.001,1,1,0.318,-0.497,"eastside"
"5831","p_black","9",46,"1",0.973,0.976,0.931,0.994,1,0.017,-0.182,"eastside"
"5832","p_black","9",46,"2",0.977,0.985,0.911,0.999,1.016,0.026,-0.307,"eastside"
"5833","p_pelagic","9",47,"1",0.962,0.962,0.954,0.969,1.001,0.004,0,"eastside"
"5834","p_pelagic","9",47,"2",0.989,0.995,0.94,1,1.01,0.018,-0.343,"eastside"
"5835","p_yellow","9",47,"1",0.871,0.874,0.796,0.93,1.001,0.034,-0.089,"eastside"
"5836","p_yellow","9",47,"2",0.75,0.906,0.001,1,1.001,0.315,-0.495,"eastside"
"5837","p_black","9",47,"1",0.895,0.9,0.796,0.96,1.002,0.042,-0.118,"eastside"
"5838","p_black","9",47,"2",0.979,0.985,0.916,0.999,1.015,0.023,-0.265,"eastside"
"5839","p_pelagic","9",48,"1",0.961,0.961,0.953,0.968,1,0.004,0,"eastside"
"5840","p_pelagic","9",48,"2",0.989,0.995,0.943,1,1,0.016,-0.364,"eastside"
"5841","p_yellow","9",48,"1",0.731,0.732,0.638,0.808,1.002,0.044,-0.023,"eastside"
"5842","p_yellow","9",48,"2",0.762,0.922,0.001,1,1,0.315,-0.508,"eastside"
"5843","p_black","9",48,"1",0.953,0.962,0.863,0.99,1.001,0.034,-0.261,"eastside"
"5844","p_black","9",48,"2",0.977,0.985,0.909,0.999,1.018,0.024,-0.332,"eastside"
"5845","p_pelagic","9",49,"1",0.905,0.906,0.896,0.915,1,0.005,-0.219,"eastside"
"5846","p_pelagic","9",49,"2",0.99,0.996,0.946,1,1.021,0.018,-0.341,"eastside"
"5847","p_yellow","9",49,"1",0.554,0.554,0.503,0.604,1.001,0.025,0,"eastside"
"5848","p_yellow","9",49,"2",0.755,0.913,0.001,1,1.001,0.318,-0.496,"eastside"
"5849","p_black","9",49,"1",0.928,0.932,0.857,0.973,1.002,0.03,-0.134,"eastside"
"5850","p_black","9",49,"2",0.977,0.985,0.913,0.999,1.027,0.024,-0.328,"eastside"
"5851","p_pelagic","9",5,"1",0.944,0.944,0.944,0.944,NA,0,NA,"eastside"
"5852","p_pelagic","9",5,"2",0.999,0.999,0.999,0.999,NA,0,NA,"eastside"
"5853","p_yellow","9",5,"1",0.631,0.631,0.631,0.631,NA,0,NA,"eastside"
"5854","p_yellow","9",5,"2",0.835,0.835,0.835,0.835,NA,0,NA,"eastside"
"5855","p_black","9",5,"1",0.935,0.935,0.935,0.935,NA,0,NA,"eastside"
"5856","p_black","9",5,"2",0.97,0.97,0.97,0.97,NA,0,NA,"eastside"
"5857","p_pelagic","9",6,"1",0.942,0.942,0.942,0.942,NA,0,NA,"eastside"
"5858","p_pelagic","9",6,"2",0.999,0.999,0.999,0.999,NA,0,NA,"eastside"
"5859","p_yellow","9",6,"1",0.635,0.635,0.635,0.635,NA,0,NA,"eastside"
"5860","p_yellow","9",6,"2",0.828,0.828,0.828,0.828,NA,0,NA,"eastside"
"5861","p_black","9",6,"1",0.933,0.933,0.933,0.933,NA,0,NA,"eastside"
"5862","p_black","9",6,"2",0.971,0.971,0.971,0.971,NA,0,NA,"eastside"
"5863","p_pelagic","9",7,"1",0.942,0.942,0.942,0.942,NA,0,NA,"eastside"
"5864","p_pelagic","9",7,"2",0.999,0.999,0.999,0.999,NA,0,NA,"eastside"
"5865","p_yellow","9",7,"1",0.633,0.633,0.633,0.633,NA,0,NA,"eastside"
"5866","p_yellow","9",7,"2",0.827,0.827,0.827,0.827,NA,0,NA,"eastside"
"5867","p_black","9",7,"1",0.933,0.933,0.933,0.933,NA,0,NA,"eastside"
"5868","p_black","9",7,"2",0.971,0.971,0.971,0.971,NA,0,NA,"eastside"
"5869","p_pelagic","9",8,"1",0.943,0.943,0.943,0.943,NA,0,NA,"eastside"
"5870","p_pelagic","9",8,"2",0.999,0.999,0.999,0.999,NA,0,NA,"eastside"
"5871","p_yellow","9",8,"1",0.634,0.634,0.634,0.634,NA,0,NA,"eastside"
"5872","p_yellow","9",8,"2",0.825,0.825,0.825,0.825,NA,0,NA,"eastside"
"5873","p_black","9",8,"1",0.933,0.933,0.933,0.933,NA,0,NA,"eastside"
"5874","p_black","9",8,"2",0.972,0.972,0.972,0.972,NA,0,NA,"eastside"
"5875","p_pelagic","9",9,"1",0.943,0.943,0.943,0.943,NA,0,NA,"eastside"
"5876","p_pelagic","9",9,"2",0.999,0.999,0.999,0.999,NA,0,NA,"eastside"
"5877","p_yellow","9",9,"1",0.628,0.628,0.628,0.628,NA,0,NA,"eastside"
"5878","p_yellow","9",9,"2",0.829,0.829,0.829,0.829,NA,0,NA,"eastside"
"5879","p_black","9",9,"1",0.933,0.933,0.933,0.933,NA,0,NA,"eastside"
"5880","p_black","9",9,"2",0.971,0.971,0.971,0.971,NA,0,NA,"eastside"
