"YEAR","CFMU","Assemblage","USER","RelCat","avg_WtKg","SE_WtKg","var_WtKg","P_Rel","PcatSurface","PcatDRM","Mort_rate"
2019,"CI","Black","Charter",3,0.90952380952381,0.0385283164807693,0.0623461091753775,0.0336538461538462,0.571428571428571,0.428571428571429,0.0136028678782302
2019,"CI","Black","Charter",1,0.90952380952381,0.0385283164807693,0.0623461091753775,0.586538461538462,0.983606557377049,0.0163934426229508,0
2019,"CI","Black","Charter",2,0.90952380952381,0.0385283164807693,0.0623461091753775,0.379807692307692,0.481012658227848,0.518987341772152,0.0320426425324609
2025,"CI","Black","Charter",3,2.04166666666667,0.187268375452035,0.210416666666667,0.0336538461538462,0.571428571428571,0.428571428571429,0.0136028678782302
2025,"CI","Black","Charter",1,2.04166666666667,0.187268375452035,0.210416666666667,0.586538461538462,0.983606557377049,0.0163934426229508,0
2025,"CI","Black","Charter",2,2.04166666666667,0.187268375452035,0.210416666666667,0.379807692307692,0.481012658227848,0.518987341772152,0.0320426425324609
2024,"CI","Black","Charter",3,2.04782608695652,0.0754848502210639,0.262106280193237,0.0336538461538462,0.571428571428571,0.428571428571429,0.0136028678782302
2024,"CI","Black","Charter",1,2.04782608695652,0.0754848502210639,0.262106280193237,0.586538461538462,0.983606557377049,0.0163934426229508,0
2024,"CI","Black","Charter",2,2.04782608695652,0.0754848502210639,0.262106280193237,0.379807692307692,0.481012658227848,0.518987341772152,0.0320426425324609
2006,"CI","Black","Charter",3,2.38888888888889,0.206454490845134,0.383611111111111,0.0336538461538462,1,0,0.0573557692307692
2006,"CI","Black","Charter",1,2.38888888888889,0.206454490845134,0.383611111111111,0.586538461538462,1,0,0.0573557692307692
2006,"CI","Black","Charter",2,2.38888888888889,0.206454490845134,0.383611111111111,0.379807692307692,1,0,0.0573557692307692
2000,"CI","Black","Charter",3,2.175,0.0995525704626168,0.0792857142857143,0.0336538461538462,1,0,0.0573557692307692
2000,"CI","Black","Charter",1,2.175,0.0995525704626168,0.0792857142857143,0.586538461538462,1,0,0.0573557692307692
2000,"CI","Black","Charter",2,2.175,0.0995525704626168,0.0792857142857143,0.379807692307692,1,0,0.0573557692307692
2016,"CI","Black","Charter",3,1.65,0.0499999999999999,0.00499999999999999,0.0336538461538462,0.571428571428571,0.428571428571429,0.0136028678782302
2016,"CI","Black","Charter",1,1.65,0.0499999999999999,0.00499999999999999,0.586538461538462,0.983606557377049,0.0163934426229508,0
2016,"CI","Black","Charter",2,1.65,0.0499999999999999,0.00499999999999999,0.379807692307692,0.481012658227848,0.518987341772152,0.0320426425324609
2004,"CI","Black","Charter",3,2.05,0.272335577306137,0.296666666666667,0.0336538461538462,1,0,0.0573557692307692
2004,"CI","Black","Charter",1,2.05,0.272335577306137,0.296666666666667,0.586538461538462,1,0,0.0573557692307692
2004,"CI","Black","Charter",2,2.05,0.272335577306137,0.296666666666667,0.379807692307692,1,0,0.0573557692307692
2010,"CI","Black","Charter",3,2.02857142857143,0.19360525095482,0.262380952380952,0.0336538461538462,1,0,0.0573557692307692
2010,"CI","Black","Charter",1,2.02857142857143,0.19360525095482,0.262380952380952,0.586538461538462,1,0,0.0573557692307692
2010,"CI","Black","Charter",2,2.02857142857143,0.19360525095482,0.262380952380952,0.379807692307692,1,0,0.0573557692307692
2001,"CI","Black","Charter",3,1.95,0.0921954445729289,0.051,0.0336538461538462,1,0,0.0573557692307692
2001,"CI","Black","Charter",1,1.95,0.0921954445729289,0.051,0.586538461538462,1,0,0.0573557692307692
2001,"CI","Black","Charter",2,1.95,0.0921954445729289,0.051,0.379807692307692,1,0,0.0573557692307692
2015,"CI","Black","Charter",3,1.2,0,0,0.0336538461538462,0.571428571428571,0.428571428571429,0.0136028678782302
2015,"CI","Black","Charter",1,1.2,0,0,0.586538461538462,0.983606557377049,0.0163934426229508,0
2015,"CI","Black","Charter",2,1.2,0,0,0.379807692307692,0.481012658227848,0.518987341772152,0.0320426425324609
2005,"CI","Black","Charter",3,2.43809523809524,0.103619310223757,0.22547619047619,0.0336538461538462,1,0,0.0573557692307692
2005,"CI","Black","Charter",1,2.43809523809524,0.103619310223757,0.22547619047619,0.586538461538462,1,0,0.0573557692307692
2005,"CI","Black","Charter",2,2.43809523809524,0.103619310223757,0.22547619047619,0.379807692307692,1,0,0.0573557692307692
2008,"CI","Black","Charter",3,2.5,0.1,0.02,0.0336538461538462,1,0,0.0573557692307692
2008,"CI","Black","Charter",1,2.5,0.1,0.02,0.586538461538462,1,0,0.0573557692307692
2008,"CI","Black","Charter",2,2.5,0.1,0.02,0.379807692307692,1,0,0.0573557692307692
2003,"CI","Black","Charter",3,2.42,0.120922380981447,0.146222222222222,0.0336538461538462,1,0,0.0573557692307692
2003,"CI","Black","Charter",1,2.42,0.120922380981447,0.146222222222222,0.586538461538462,1,0,0.0573557692307692
2003,"CI","Black","Charter",2,2.42,0.120922380981447,0.146222222222222,0.379807692307692,1,0,0.0573557692307692
2012,"CI","Black","Charter",3,2.48571428571429,0.103114756757821,0.223285714285714,0.0336538461538462,1,0,0.0573557692307692
2012,"CI","Black","Charter",1,2.48571428571429,0.103114756757821,0.223285714285714,0.586538461538462,1,0,0.0573557692307692
2012,"CI","Black","Charter",2,2.48571428571429,0.103114756757821,0.223285714285714,0.379807692307692,1,0,0.0573557692307692
2007,"CI","Black","Charter",3,2.63333333333333,0.23392781412697,0.4925,0.0336538461538462,1,0,0.0573557692307692
2007,"CI","Black","Charter",1,2.63333333333333,0.23392781412697,0.4925,0.586538461538462,1,0,0.0573557692307692
2007,"CI","Black","Charter",2,2.63333333333333,0.23392781412697,0.4925,0.379807692307692,1,0,0.0573557692307692
2009,"CI","Black","Charter",3,1.725,0.239356776939084,0.229166666666667,0.0336538461538462,1,0,0.0573557692307692
2009,"CI","Black","Charter",1,1.725,0.239356776939084,0.229166666666667,0.586538461538462,1,0,0.0573557692307692
2009,"CI","Black","Charter",2,1.725,0.239356776939084,0.229166666666667,0.379807692307692,1,0,0.0573557692307692
2018,"CI","Black","Charter",3,1.40909090909091,0.192714612015737,0.817056277056277,0.0336538461538462,0.571428571428571,0.428571428571429,0.0136028678782302
2018,"CI","Black","Charter",1,1.40909090909091,0.192714612015737,0.817056277056277,0.586538461538462,0.983606557377049,0.0163934426229508,0
2018,"CI","Black","Charter",2,1.40909090909091,0.192714612015737,0.817056277056277,0.379807692307692,0.481012658227848,0.518987341772152,0.0320426425324609
2022,"CI","Black","Charter",3,1.80588235294118,0.0609185740506117,0.0630882352941177,0.0336538461538462,0.571428571428571,0.428571428571429,0.0136028678782302
2022,"CI","Black","Charter",1,1.80588235294118,0.0609185740506117,0.0630882352941177,0.586538461538462,0.983606557377049,0.0163934426229508,0
2022,"CI","Black","Charter",2,1.80588235294118,0.0609185740506117,0.0630882352941177,0.379807692307692,0.481012658227848,0.518987341772152,0.0320426425324609
2014,"CI","Black","Charter",3,2.425,0.252899848424892,0.255833333333333,0.0336538461538462,0.571428571428571,0.428571428571429,0.0136028678782302
2014,"CI","Black","Charter",1,2.425,0.252899848424892,0.255833333333333,0.586538461538462,0.983606557377049,0.0163934426229508,0
2014,"CI","Black","Charter",2,2.425,0.252899848424892,0.255833333333333,0.379807692307692,0.481012658227848,0.518987341772152,0.0320426425324609
2002,"CI","Black","Charter",3,2.125,0.278013788626871,0.309166666666667,0.0336538461538462,1,0,0.0573557692307692
2002,"CI","Black","Charter",1,2.125,0.278013788626871,0.309166666666667,0.586538461538462,1,0,0.0573557692307692
2002,"CI","Black","Charter",2,2.125,0.278013788626871,0.309166666666667,0.379807692307692,1,0,0.0573557692307692
2023,"CI","Black","Charter",3,2.11428571428571,0.0923981329139631,0.179285714285714,0.0336538461538462,0.571428571428571,0.428571428571429,0.0136028678782302
2023,"CI","Black","Charter",1,2.11428571428571,0.0923981329139631,0.179285714285714,0.586538461538462,0.983606557377049,0.0163934426229508,0
2023,"CI","Black","Charter",2,2.11428571428571,0.0923981329139631,0.179285714285714,0.379807692307692,0.481012658227848,0.518987341772152,0.0320426425324609
1999,"CI","Black","Charter",3,3.8,NA,NA,0.0336538461538462,1,0,0.0573557692307692
1999,"CI","Black","Charter",1,3.8,NA,NA,0.586538461538462,1,0,0.0573557692307692
1999,"CI","Black","Charter",2,3.8,NA,NA,0.379807692307692,1,0,0.0573557692307692
2024,"CI","Yelloweye","Charter",2,6.42857142857143,0.987954665846924,6.83238095238095,0.117694517863964,0.274910463222484,0.725089536777516,0.27233134854105
2024,"CI","Yelloweye","Charter",3,6.42857142857143,0.987954665846924,6.83238095238095,0.36822980993928,0.274910463222484,0.725089536777516,0.27233134854105
2003,"CI","Yelloweye","Charter",2,7.775,0.303795435559303,0.369166666666667,0.117694517863964,1,0,0.927756353809389
2003,"CI","Yelloweye","Charter",3,7.775,0.303795435559303,0.369166666666667,0.36822980993928,1,0,0.927756353809389
2009,"CI","Yelloweye","Charter",2,5.29166666666667,0.537172498299469,3.46265151515152,0.117694517863964,1,0,0.927756353809389
2009,"CI","Yelloweye","Charter",3,5.29166666666667,0.537172498299469,3.46265151515152,0.36822980993928,1,0,0.927756353809389
2002,"CI","Yelloweye","Charter",2,3.86666666666667,0.617341972581738,1.14333333333333,0.117694517863964,1,0,0.927756353809389
2002,"CI","Yelloweye","Charter",3,3.86666666666667,0.617341972581738,1.14333333333333,0.36822980993928,1,0,0.927756353809389
2018,"CI","Yelloweye","Charter",2,4.32727272727273,0.256228204072041,0.722181818181818,0.117694517863964,0.274910463222484,0.725089536777516,0.27233134854105
2018,"CI","Yelloweye","Charter",3,4.32727272727273,0.256228204072041,0.722181818181818,0.36822980993928,0.274910463222484,0.725089536777516,0.27233134854105
2003,"CI","Black","Private",1,1.9,NA,NA,0.823874755381605,1,0,0.0331898238747554
2003,"CI","Black","Private",3,1.9,NA,NA,0.0234833659491194,1,0,0.0331898238747554
2003,"CI","Black","Private",4,1.9,NA,NA,0.00978473581213307,1,0,0.0331898238747554
2003,"CI","Black","Private",2,1.9,NA,NA,0.142857142857143,1,0,0.0331898238747554
2005,"CI","Black","Private",1,2.55,0.119489655526233,0.142777777777778,0.823874755381605,1,0,0.0331898238747554
2005,"CI","Black","Private",3,2.55,0.119489655526233,0.142777777777778,0.0234833659491194,1,0,0.0331898238747554
2005,"CI","Black","Private",4,2.55,0.119489655526233,0.142777777777778,0.00978473581213307,1,0,0.0331898238747554
2005,"CI","Black","Private",2,2.55,0.119489655526233,0.142777777777778,0.142857142857143,1,0,0.0331898238747554
2016,"CI","Black","Private",1,1.8,0.16532795690183,0.164,0.823874755381605,0.992874109263658,0.00712589073634207,0
2016,"CI","Black","Private",3,1.8,0.16532795690183,0.164,0.0234833659491194,0.666666666666667,0.333333333333333,0.0627513227513228
2016,"CI","Black","Private",4,1.8,0.16532795690183,0.164,0.00978473581213307,1,0,0.00793650793650794
2016,"CI","Black","Private",2,1.8,0.16532795690183,0.164,0.142857142857143,1,0,0.0173809523809524
2012,"CI","Black","Private",1,2.47272727272727,0.148991097410006,0.244181818181818,0.823874755381605,1,0,0.0331898238747554
2012,"CI","Black","Private",3,2.47272727272727,0.148991097410006,0.244181818181818,0.0234833659491194,1,0,0.0331898238747554
2012,"CI","Black","Private",4,2.47272727272727,0.148991097410006,0.244181818181818,0.00978473581213307,1,0,0.0331898238747554
2012,"CI","Black","Private",2,2.47272727272727,0.148991097410006,0.244181818181818,0.142857142857143,1,0,0.0331898238747554
2001,"CI","Black","Private",1,2.33333333333333,0.260341655863555,0.406666666666667,0.823874755381605,1,0,0.0331898238747554
2001,"CI","Black","Private",3,2.33333333333333,0.260341655863555,0.406666666666667,0.0234833659491194,1,0,0.0331898238747554
2001,"CI","Black","Private",4,2.33333333333333,0.260341655863555,0.406666666666667,0.00978473581213307,1,0,0.0331898238747554
2001,"CI","Black","Private",2,2.33333333333333,0.260341655863555,0.406666666666667,0.142857142857143,1,0,0.0331898238747554
2009,"CI","Black","Private",1,2.06,0.193907194296653,0.188,0.823874755381605,1,0,0.0331898238747554
2009,"CI","Black","Private",3,2.06,0.193907194296653,0.188,0.0234833659491194,1,0,0.0331898238747554
2009,"CI","Black","Private",4,2.06,0.193907194296653,0.188,0.00978473581213307,1,0,0.0331898238747554
2009,"CI","Black","Private",2,2.06,0.193907194296653,0.188,0.142857142857143,1,0,0.0331898238747554
1999,"CI","Black","Private",1,2.5,0.5,0.5,0.823874755381605,1,0,0.0331898238747554
1999,"CI","Black","Private",3,2.5,0.5,0.5,0.0234833659491194,1,0,0.0331898238747554
1999,"CI","Black","Private",4,2.5,0.5,0.5,0.00978473581213307,1,0,0.0331898238747554
1999,"CI","Black","Private",2,2.5,0.5,0.5,0.142857142857143,1,0,0.0331898238747554
1995,"CI","Black","Private",1,2.25,0.25,0.125,0.823874755381605,1,0,0.0331898238747554
1995,"CI","Black","Private",3,2.25,0.25,0.125,0.0234833659491194,1,0,0.0331898238747554
1995,"CI","Black","Private",4,2.25,0.25,0.125,0.00978473581213307,1,0,0.0331898238747554
1995,"CI","Black","Private",2,2.25,0.25,0.125,0.142857142857143,1,0,0.0331898238747554
2011,"CI","Black","Private",1,2.2,0.182574185835055,0.133333333333333,0.823874755381605,1,0,0.0331898238747554
2011,"CI","Black","Private",3,2.2,0.182574185835055,0.133333333333333,0.0234833659491194,1,0,0.0331898238747554
2011,"CI","Black","Private",4,2.2,0.182574185835055,0.133333333333333,0.00978473581213307,1,0,0.0331898238747554
2011,"CI","Black","Private",2,2.2,0.182574185835055,0.133333333333333,0.142857142857143,1,0,0.0331898238747554
2018,"CI","Black","Private",1,0.986666666666667,0.076778574452444,0.265272727272727,0.823874755381605,0.992874109263658,0.00712589073634207,0
2018,"CI","Black","Private",3,0.986666666666667,0.076778574452444,0.265272727272727,0.0234833659491194,0.666666666666667,0.333333333333333,0.0627513227513228
2018,"CI","Black","Private",4,0.986666666666667,0.076778574452444,0.265272727272727,0.00978473581213307,1,0,0.00793650793650794
2018,"CI","Black","Private",2,0.986666666666667,0.076778574452444,0.265272727272727,0.142857142857143,1,0,0.0173809523809524
2024,"CI","Black","Private",1,1.2,0.3,0.18,0.823874755381605,0.992874109263658,0.00712589073634207,0
2024,"CI","Black","Private",3,1.2,0.3,0.18,0.0234833659491194,0.666666666666667,0.333333333333333,0.0627513227513228
2024,"CI","Black","Private",4,1.2,0.3,0.18,0.00978473581213307,1,0,0.00793650793650794
2024,"CI","Black","Private",2,1.2,0.3,0.18,0.142857142857143,1,0,0.0173809523809524
2019,"CI","Black","Private",1,1.0448275862069,0.0436241413500031,0.220755622188906,0.823874755381605,0.992874109263658,0.00712589073634207,0
2019,"CI","Black","Private",3,1.0448275862069,0.0436241413500031,0.220755622188906,0.0234833659491194,0.666666666666667,0.333333333333333,0.0627513227513228
2019,"CI","Black","Private",4,1.0448275862069,0.0436241413500031,0.220755622188906,0.00978473581213307,1,0,0.00793650793650794
2019,"CI","Black","Private",2,1.0448275862069,0.0436241413500031,0.220755622188906,0.142857142857143,1,0,0.0173809523809524
2000,"CI","Black","Private",1,2.2,NA,NA,0.823874755381605,1,0,0.0331898238747554
2000,"CI","Black","Private",3,2.2,NA,NA,0.0234833659491194,1,0,0.0331898238747554
2000,"CI","Black","Private",4,2.2,NA,NA,0.00978473581213307,1,0,0.0331898238747554
2000,"CI","Black","Private",2,2.2,NA,NA,0.142857142857143,1,0,0.0331898238747554
2025,"CI","Black","Private",1,2.286,0.160429631510724,0.643441666666667,0.823874755381605,0.992874109263658,0.00712589073634207,0
2025,"CI","Black","Private",3,2.286,0.160429631510724,0.643441666666667,0.0234833659491194,0.666666666666667,0.333333333333333,0.0627513227513228
2025,"CI","Black","Private",4,2.286,0.160429631510724,0.643441666666667,0.00978473581213307,1,0,0.00793650793650794
2025,"CI","Black","Private",2,2.286,0.160429631510724,0.643441666666667,0.142857142857143,1,0,0.0173809523809524
2020,"CI","Black","Private",1,1,0.0700649049745371,0.054,0.823874755381605,0.992874109263658,0.00712589073634207,0
2020,"CI","Black","Private",3,1,0.0700649049745371,0.054,0.0234833659491194,0.666666666666667,0.333333333333333,0.0627513227513228
2020,"CI","Black","Private",4,1,0.0700649049745371,0.054,0.00978473581213307,1,0,0.00793650793650794
2020,"CI","Black","Private",2,1,0.0700649049745371,0.054,0.142857142857143,1,0,0.0173809523809524
2013,"CI","Black","Private",1,2.23333333333333,0.145296631451356,0.0633333333333333,0.823874755381605,0.992874109263658,0.00712589073634207,0
2013,"CI","Black","Private",3,2.23333333333333,0.145296631451356,0.0633333333333333,0.0234833659491194,0.666666666666667,0.333333333333333,0.0627513227513228
2013,"CI","Black","Private",4,2.23333333333333,0.145296631451356,0.0633333333333333,0.00978473581213307,1,0,0.00793650793650794
2013,"CI","Black","Private",2,2.23333333333333,0.145296631451356,0.0633333333333333,0.142857142857143,1,0,0.0173809523809524
2002,"CI","Black","Private",1,1.85,0.15,0.045,0.823874755381605,1,0,0.0331898238747554
2002,"CI","Black","Private",3,1.85,0.15,0.045,0.0234833659491194,1,0,0.0331898238747554
2002,"CI","Black","Private",4,1.85,0.15,0.045,0.00978473581213307,1,0,0.0331898238747554
2002,"CI","Black","Private",2,1.85,0.15,0.045,0.142857142857143,1,0,0.0331898238747554
2021,"CI","Black","Private",1,1.13684210526316,0.0799160840275816,0.121345029239766,0.823874755381605,0.992874109263658,0.00712589073634207,0
2021,"CI","Black","Private",3,1.13684210526316,0.0799160840275816,0.121345029239766,0.0234833659491194,0.666666666666667,0.333333333333333,0.0627513227513228
2021,"CI","Black","Private",4,1.13684210526316,0.0799160840275816,0.121345029239766,0.00978473581213307,1,0,0.00793650793650794
2021,"CI","Black","Private",2,1.13684210526316,0.0799160840275816,0.121345029239766,0.142857142857143,1,0,0.0173809523809524
2015,"CI","Black","Private",1,1.70909090909091,0.225410552892654,0.558909090909091,0.823874755381605,0.992874109263658,0.00712589073634207,0
2015,"CI","Black","Private",3,1.70909090909091,0.225410552892654,0.558909090909091,0.0234833659491194,0.666666666666667,0.333333333333333,0.0627513227513228
2015,"CI","Black","Private",4,1.70909090909091,0.225410552892654,0.558909090909091,0.00978473581213307,1,0,0.00793650793650794
2015,"CI","Black","Private",2,1.70909090909091,0.225410552892654,0.558909090909091,0.142857142857143,1,0,0.0173809523809524
2008,"CI","Black","Private",1,1.74545454545455,0.210783661762755,0.488727272727273,0.823874755381605,1,0,0.0331898238747554
2008,"CI","Black","Private",3,1.74545454545455,0.210783661762755,0.488727272727273,0.0234833659491194,1,0,0.0331898238747554
2008,"CI","Black","Private",4,1.74545454545455,0.210783661762755,0.488727272727273,0.00978473581213307,1,0,0.0331898238747554
2008,"CI","Black","Private",2,1.74545454545455,0.210783661762755,0.488727272727273,0.142857142857143,1,0,0.0331898238747554
2017,"CI","Black","Private",1,1.88,0.208593171295494,0.435111111111111,0.823874755381605,0.992874109263658,0.00712589073634207,0
2017,"CI","Black","Private",3,1.88,0.208593171295494,0.435111111111111,0.0234833659491194,0.666666666666667,0.333333333333333,0.0627513227513228
2017,"CI","Black","Private",4,1.88,0.208593171295494,0.435111111111111,0.00978473581213307,1,0,0.00793650793650794
2017,"CI","Black","Private",2,1.88,0.208593171295494,0.435111111111111,0.142857142857143,1,0,0.0173809523809524
2022,"CI","Black","Private",1,1.68,0.146287388383278,0.107,0.823874755381605,0.992874109263658,0.00712589073634207,0
2022,"CI","Black","Private",3,1.68,0.146287388383278,0.107,0.0234833659491194,0.666666666666667,0.333333333333333,0.0627513227513228
2022,"CI","Black","Private",4,1.68,0.146287388383278,0.107,0.00978473581213307,1,0,0.00793650793650794
2022,"CI","Black","Private",2,1.68,0.146287388383278,0.107,0.142857142857143,1,0,0.0173809523809524
1998,"CI","Black","Private",1,2,NA,NA,0.823874755381605,1,0,0.0331898238747554
1998,"CI","Black","Private",3,2,NA,NA,0.0234833659491194,1,0,0.0331898238747554
1998,"CI","Black","Private",4,2,NA,NA,0.00978473581213307,1,0,0.0331898238747554
1998,"CI","Black","Private",2,2,NA,NA,0.142857142857143,1,0,0.0331898238747554
2023,"CI","Black","Private",1,2.16666666666667,0.2185812841434,0.143333333333333,0.823874755381605,0.992874109263658,0.00712589073634207,0
2023,"CI","Black","Private",3,2.16666666666667,0.2185812841434,0.143333333333333,0.0234833659491194,0.666666666666667,0.333333333333333,0.0627513227513228
2023,"CI","Black","Private",4,2.16666666666667,0.2185812841434,0.143333333333333,0.00978473581213307,1,0,0.00793650793650794
2023,"CI","Black","Private",2,2.16666666666667,0.2185812841434,0.143333333333333,0.142857142857143,1,0,0.0173809523809524
2007,"CI","Black","Private",1,2.31666666666667,0.338049963434073,0.685666666666667,0.823874755381605,1,0,0.0331898238747554
2007,"CI","Black","Private",3,2.31666666666667,0.338049963434073,0.685666666666667,0.0234833659491194,1,0,0.0331898238747554
2007,"CI","Black","Private",4,2.31666666666667,0.338049963434073,0.685666666666667,0.00978473581213307,1,0,0.0331898238747554
2007,"CI","Black","Private",2,2.31666666666667,0.338049963434073,0.685666666666667,0.142857142857143,1,0,0.0331898238747554
2014,"CI","Black","Private",1,2.04285714285714,0.197988312929109,0.548791208791209,0.823874755381605,0.992874109263658,0.00712589073634207,0
2014,"CI","Black","Private",3,2.04285714285714,0.197988312929109,0.548791208791209,0.0234833659491194,0.666666666666667,0.333333333333333,0.0627513227513228
2014,"CI","Black","Private",4,2.04285714285714,0.197988312929109,0.548791208791209,0.00978473581213307,1,0,0.00793650793650794
2014,"CI","Black","Private",2,2.04285714285714,0.197988312929109,0.548791208791209,0.142857142857143,1,0,0.0173809523809524
2004,"CI","Black","Private",1,2.5,0.461880215351701,0.64,0.823874755381605,1,0,0.0331898238747554
2004,"CI","Black","Private",3,2.5,0.461880215351701,0.64,0.0234833659491194,1,0,0.0331898238747554
2004,"CI","Black","Private",4,2.5,0.461880215351701,0.64,0.00978473581213307,1,0,0.0331898238747554
2004,"CI","Black","Private",2,2.5,0.461880215351701,0.64,0.142857142857143,1,0,0.0331898238747554
2006,"CI","Black","Private",1,1.9,0.3,0.18,0.823874755381605,1,0,0.0331898238747554
2006,"CI","Black","Private",3,1.9,0.3,0.18,0.0234833659491194,1,0,0.0331898238747554
2006,"CI","Black","Private",4,1.9,0.3,0.18,0.00978473581213307,1,0,0.0331898238747554
2006,"CI","Black","Private",2,1.9,0.3,0.18,0.142857142857143,1,0,0.0331898238747554
1997,"CI","Black","Private",1,1.3,0.3,0.18,0.823874755381605,1,0,0.0331898238747554
1997,"CI","Black","Private",3,1.3,0.3,0.18,0.0234833659491194,1,0,0.0331898238747554
1997,"CI","Black","Private",4,1.3,0.3,0.18,0.00978473581213307,1,0,0.0331898238747554
1997,"CI","Black","Private",2,1.3,0.3,0.18,0.142857142857143,1,0,0.0331898238747554
2010,"CI","Black","Private",1,2.1125,0.140497627500728,0.315833333333333,0.823874755381605,1,0,0.0331898238747554
2010,"CI","Black","Private",3,2.1125,0.140497627500728,0.315833333333333,0.0234833659491194,1,0,0.0331898238747554
2010,"CI","Black","Private",4,2.1125,0.140497627500728,0.315833333333333,0.00978473581213307,1,0,0.0331898238747554
2010,"CI","Black","Private",2,2.1125,0.140497627500728,0.315833333333333,0.142857142857143,1,0,0.0331898238747554
2004,"CI","Yelloweye","Private",4,4.1,NA,NA,0.439649847903206,1,0,0.886890104707329
2004,"CI","Yelloweye","Private",2,4.1,NA,NA,0.230360625481728,1,0,0.886890104707329
2021,"CI","Yelloweye","Private",4,2.55,1.65,5.445,0.439649847903206,0.251680555914637,0.748319444085363,0.248725556652691
2021,"CI","Yelloweye","Private",2,2.55,1.65,5.445,0.230360625481728,0.251680555914637,0.748319444085363,0.248725556652691
2011,"CI","Yelloweye","Private",4,0.9,NA,NA,0.439649847903206,1,0,0.886890104707329
2011,"CI","Yelloweye","Private",2,0.9,NA,NA,0.230360625481728,1,0,0.886890104707329
2006,"CI","Yelloweye","Private",4,3.8,NA,NA,0.439649847903206,1,0,0.886890104707329
2006,"CI","Yelloweye","Private",2,3.8,NA,NA,0.230360625481728,1,0,0.886890104707329
2005,"CI","Yelloweye","Private",4,5.1,NA,NA,0.439649847903206,1,0,0.886890104707329
2005,"CI","Yelloweye","Private",2,5.1,NA,NA,0.230360625481728,1,0,0.886890104707329
2023,"CI","Yelloweye","Private",4,3.2,NA,NA,0.439649847903206,0.251680555914637,0.748319444085363,0.248725556652691
2023,"CI","Yelloweye","Private",2,3.2,NA,NA,0.230360625481728,0.251680555914637,0.748319444085363,0.248725556652691
2014,"CI","Yelloweye","Private",4,0.8,NA,NA,0.439649847903206,0.251680555914637,0.748319444085363,0.248725556652691
2014,"CI","Yelloweye","Private",2,0.8,NA,NA,0.230360625481728,0.251680555914637,0.748319444085363,0.248725556652691
2018,"CI","Yelloweye","Private",4,1.95,0.25,0.125,0.439649847903206,0.251680555914637,0.748319444085363,0.248725556652691
2018,"CI","Yelloweye","Private",2,1.95,0.25,0.125,0.230360625481728,0.251680555914637,0.748319444085363,0.248725556652691
1997,"CI","Yelloweye","Private",4,2.25,0.55,0.605,0.439649847903206,1,0,0.886890104707329
1997,"CI","Yelloweye","Private",2,2.25,0.55,0.605,0.230360625481728,1,0,0.886890104707329
2013,"CI","Yelloweye","Private",4,3.3,0.862167810425171,2.23,0.439649847903206,0.251680555914637,0.748319444085363,0.248725556652691
2013,"CI","Yelloweye","Private",2,3.3,0.862167810425171,2.23,0.230360625481728,0.251680555914637,0.748319444085363,0.248725556652691
1993,"NG","Black","Charter",3,1.77826086956522,0.0797740192035388,0.292739130434783,0.0473208072372999,1,0,0.0811412665274878
1993,"NG","Black","Charter",4,1.77826086956522,0.0797740192035388,0.292739130434783,0.0285316631871955,1,0,0.0811412665274878
1993,"NG","Black","Charter",2,1.77826086956522,0.0797740192035388,0.292739130434783,0.34794711203897,1,0,0.0811412665274878
1993,"NG","Black","Charter",1,1.77826086956522,0.0797740192035388,0.292739130434783,0.576200417536534,1,0,0.0811412665274878
1999,"NG","Black","Charter",3,1.91550387596899,0.0540336352280075,0.376632751937985,0.0473208072372999,1,0,0.0811412665274878
1999,"NG","Black","Charter",4,1.91550387596899,0.0540336352280075,0.376632751937985,0.0285316631871955,1,0,0.0811412665274878
1999,"NG","Black","Charter",2,1.91550387596899,0.0540336352280075,0.376632751937985,0.34794711203897,1,0,0.0811412665274878
1999,"NG","Black","Charter",1,1.91550387596899,0.0540336352280075,0.376632751937985,0.576200417536534,1,0,0.0811412665274878
2020,"NG","Black","Charter",3,1.92091503267974,0.048308626783587,0.357059683522532,0.0473208072372999,0.323529411764706,0.676470588235294,0.0637810622357392
2020,"NG","Black","Charter",4,1.92091503267974,0.048308626783587,0.357059683522532,0.0285316631871955,0.0731707317073171,0.926829268292683,0.0904435295478878
2020,"NG","Black","Charter",2,1.92091503267974,0.048308626783587,0.357059683522532,0.34794711203897,0.912,0.088,0.0399503849156308
2020,"NG","Black","Charter",1,1.92091503267974,0.048308626783587,0.357059683522532,0.576200417536534,0.966183574879227,0.033816425120773,0
2006,"NG","Black","Charter",3,2.27924944812362,0.0243781141520439,0.269214479673367,0.0473208072372999,1,0,0.0811412665274878
2006,"NG","Black","Charter",4,2.27924944812362,0.0243781141520439,0.269214479673367,0.0285316631871955,1,0,0.0811412665274878
2006,"NG","Black","Charter",2,2.27924944812362,0.0243781141520439,0.269214479673367,0.34794711203897,1,0,0.0811412665274878
2006,"NG","Black","Charter",1,2.27924944812362,0.0243781141520439,0.269214479673367,0.576200417536534,1,0,0.0811412665274878
2013,"NG","Black","Charter",3,1.96666666666667,0.067146097533448,0.392248062015504,0.0473208072372999,0.323529411764706,0.676470588235294,0.0637810622357392
2013,"NG","Black","Charter",4,1.96666666666667,0.067146097533448,0.392248062015504,0.0285316631871955,0.0731707317073171,0.926829268292683,0.0904435295478878
2013,"NG","Black","Charter",2,1.96666666666667,0.067146097533448,0.392248062015504,0.34794711203897,0.912,0.088,0.0399503849156308
2013,"NG","Black","Charter",1,1.96666666666667,0.067146097533448,0.392248062015504,0.576200417536534,0.966183574879227,0.033816425120773,0
2018,"NG","Black","Charter",3,1.80062893081761,0.0672955974842767,0.720062893081761,0.0473208072372999,0.323529411764706,0.676470588235294,0.0637810622357392
2018,"NG","Black","Charter",4,1.80062893081761,0.0672955974842767,0.720062893081761,0.0285316631871955,0.0731707317073171,0.926829268292683,0.0904435295478878
2018,"NG","Black","Charter",2,1.80062893081761,0.0672955974842767,0.720062893081761,0.34794711203897,0.912,0.088,0.0399503849156308
2018,"NG","Black","Charter",1,1.80062893081761,0.0672955974842767,0.720062893081761,0.576200417536534,0.966183574879227,0.033816425120773,0
2004,"NG","Black","Charter",3,2.09141221374046,0.02653016151542,0.368817122297958,0.0473208072372999,1,0,0.0811412665274878
2004,"NG","Black","Charter",4,2.09141221374046,0.02653016151542,0.368817122297958,0.0285316631871955,1,0,0.0811412665274878
2004,"NG","Black","Charter",2,2.09141221374046,0.02653016151542,0.368817122297958,0.34794711203897,1,0,0.0811412665274878
2004,"NG","Black","Charter",1,2.09141221374046,0.02653016151542,0.368817122297958,0.576200417536534,1,0,0.0811412665274878
2024,"NG","Black","Charter",3,1.65877551020408,0.0341835011954933,0.286285379725661,0.0473208072372999,0.323529411764706,0.676470588235294,0.0637810622357392
2024,"NG","Black","Charter",4,1.65877551020408,0.0341835011954933,0.286285379725661,0.0285316631871955,0.0731707317073171,0.926829268292683,0.0904435295478878
2024,"NG","Black","Charter",2,1.65877551020408,0.0341835011954933,0.286285379725661,0.34794711203897,0.912,0.088,0.0399503849156308
2024,"NG","Black","Charter",1,1.65877551020408,0.0341835011954933,0.286285379725661,0.576200417536534,0.966183574879227,0.033816425120773,0
2010,"NG","Black","Charter",3,2.43934426229508,0.0564803053973415,0.38918303752879,0.0473208072372999,1,0,0.0811412665274878
2010,"NG","Black","Charter",4,2.43934426229508,0.0564803053973415,0.38918303752879,0.0285316631871955,1,0,0.0811412665274878
2010,"NG","Black","Charter",2,2.43934426229508,0.0564803053973415,0.38918303752879,0.34794711203897,1,0,0.0811412665274878
2010,"NG","Black","Charter",1,2.43934426229508,0.0564803053973415,0.38918303752879,0.576200417536534,1,0,0.0811412665274878
2002,"NG","Black","Charter",3,2.29583333333333,0.0457697163921401,0.301660839160839,0.0473208072372999,1,0,0.0811412665274878
2002,"NG","Black","Charter",4,2.29583333333333,0.0457697163921401,0.301660839160839,0.0285316631871955,1,0,0.0811412665274878
2002,"NG","Black","Charter",2,2.29583333333333,0.0457697163921401,0.301660839160839,0.34794711203897,1,0,0.0811412665274878
2002,"NG","Black","Charter",1,2.29583333333333,0.0457697163921401,0.301660839160839,0.576200417536534,1,0,0.0811412665274878
1994,"NG","Black","Charter",3,1.68446601941748,0.0471490114579795,0.228972015990862,0.0473208072372999,1,0,0.0811412665274878
1994,"NG","Black","Charter",4,1.68446601941748,0.0471490114579795,0.228972015990862,0.0285316631871955,1,0,0.0811412665274878
1994,"NG","Black","Charter",2,1.68446601941748,0.0471490114579795,0.228972015990862,0.34794711203897,1,0,0.0811412665274878
1994,"NG","Black","Charter",1,1.68446601941748,0.0471490114579795,0.228972015990862,0.576200417536534,1,0,0.0811412665274878
2025,"NG","Black","Charter",3,1.806875,0.0358754163629335,0.205927279874214,0.0473208072372999,0.323529411764706,0.676470588235294,0.0637810622357392
2025,"NG","Black","Charter",4,1.806875,0.0358754163629335,0.205927279874214,0.0285316631871955,0.0731707317073171,0.926829268292683,0.0904435295478878
2025,"NG","Black","Charter",2,1.806875,0.0358754163629335,0.205927279874214,0.34794711203897,0.912,0.088,0.0399503849156308
2025,"NG","Black","Charter",1,1.806875,0.0358754163629335,0.205927279874214,0.576200417536534,0.966183574879227,0.033816425120773,0
2005,"NG","Black","Charter",3,2.10477941176471,0.0365707317751924,0.363777810939874,0.0473208072372999,1,0,0.0811412665274878
2005,"NG","Black","Charter",4,2.10477941176471,0.0365707317751924,0.363777810939874,0.0285316631871955,1,0,0.0811412665274878
2005,"NG","Black","Charter",2,2.10477941176471,0.0365707317751924,0.363777810939874,0.34794711203897,1,0,0.0811412665274878
2005,"NG","Black","Charter",1,2.10477941176471,0.0365707317751924,0.363777810939874,0.576200417536534,1,0,0.0811412665274878
2019,"NG","Black","Charter",3,1.7911877394636,0.0507285169454801,0.671652814618332,0.0473208072372999,0.323529411764706,0.676470588235294,0.0637810622357392
2019,"NG","Black","Charter",4,1.7911877394636,0.0507285169454801,0.671652814618332,0.0285316631871955,0.0731707317073171,0.926829268292683,0.0904435295478878
2019,"NG","Black","Charter",2,1.7911877394636,0.0507285169454801,0.671652814618332,0.34794711203897,0.912,0.088,0.0399503849156308
2019,"NG","Black","Charter",1,1.7911877394636,0.0507285169454801,0.671652814618332,0.576200417536534,0.966183574879227,0.033816425120773,0
2023,"NG","Black","Charter",3,1.452,0.039685863250476,0.196870967741935,0.0473208072372999,0.323529411764706,0.676470588235294,0.0637810622357392
2023,"NG","Black","Charter",4,1.452,0.039685863250476,0.196870967741935,0.0285316631871955,0.0731707317073171,0.926829268292683,0.0904435295478878
2023,"NG","Black","Charter",2,1.452,0.039685863250476,0.196870967741935,0.34794711203897,0.912,0.088,0.0399503849156308
2023,"NG","Black","Charter",1,1.452,0.039685863250476,0.196870967741935,0.576200417536534,0.966183574879227,0.033816425120773,0
2009,"NG","Black","Charter",3,2.32210526315789,0.0505682435338638,0.485857978279031,0.0473208072372999,1,0,0.0811412665274878
2009,"NG","Black","Charter",4,2.32210526315789,0.0505682435338638,0.485857978279031,0.0285316631871955,1,0,0.0811412665274878
2009,"NG","Black","Charter",2,2.32210526315789,0.0505682435338638,0.485857978279031,0.34794711203897,1,0,0.0811412665274878
2009,"NG","Black","Charter",1,2.32210526315789,0.0505682435338638,0.485857978279031,0.576200417536534,1,0,0.0811412665274878
2016,"NG","Black","Charter",3,2.10552147239264,0.0467309870444597,0.355956979474362,0.0473208072372999,0.323529411764706,0.676470588235294,0.0637810622357392
2016,"NG","Black","Charter",4,2.10552147239264,0.0467309870444597,0.355956979474362,0.0285316631871955,0.0731707317073171,0.926829268292683,0.0904435295478878
2016,"NG","Black","Charter",2,2.10552147239264,0.0467309870444597,0.355956979474362,0.34794711203897,0.912,0.088,0.0399503849156308
2016,"NG","Black","Charter",1,2.10552147239264,0.0467309870444597,0.355956979474362,0.576200417536534,0.966183574879227,0.033816425120773,0
2000,"NG","Black","Charter",3,1.88714285714286,0.0588686093073928,0.242585921325052,0.0473208072372999,1,0,0.0811412665274878
2000,"NG","Black","Charter",4,1.88714285714286,0.0588686093073928,0.242585921325052,0.0285316631871955,1,0,0.0811412665274878
2000,"NG","Black","Charter",2,1.88714285714286,0.0588686093073928,0.242585921325052,0.34794711203897,1,0,0.0811412665274878
2000,"NG","Black","Charter",1,1.88714285714286,0.0588686093073928,0.242585921325052,0.576200417536534,1,0,0.0811412665274878
2017,"NG","Black","Charter",3,1.68333333333333,0.343915364265364,0.709666666666667,0.0473208072372999,0.323529411764706,0.676470588235294,0.0637810622357392
2017,"NG","Black","Charter",4,1.68333333333333,0.343915364265364,0.709666666666667,0.0285316631871955,0.0731707317073171,0.926829268292683,0.0904435295478878
2017,"NG","Black","Charter",2,1.68333333333333,0.343915364265364,0.709666666666667,0.34794711203897,0.912,0.088,0.0399503849156308
2017,"NG","Black","Charter",1,1.68333333333333,0.343915364265364,0.709666666666667,0.576200417536534,0.966183574879227,0.033816425120773,0
2021,"NG","Black","Charter",3,1.40664206642066,0.0350575084034078,0.333066830668307,0.0473208072372999,0.323529411764706,0.676470588235294,0.0637810622357392
2021,"NG","Black","Charter",4,1.40664206642066,0.0350575084034078,0.333066830668307,0.0285316631871955,0.0731707317073171,0.926829268292683,0.0904435295478878
2021,"NG","Black","Charter",2,1.40664206642066,0.0350575084034078,0.333066830668307,0.34794711203897,0.912,0.088,0.0399503849156308
2021,"NG","Black","Charter",1,1.40664206642066,0.0350575084034078,0.333066830668307,0.576200417536534,0.966183574879227,0.033816425120773,0
1995,"NG","Black","Charter",3,1.85206611570248,0.0427063000357812,0.220683195592286,0.0473208072372999,1,0,0.0811412665274878
1995,"NG","Black","Charter",4,1.85206611570248,0.0427063000357812,0.220683195592286,0.0285316631871955,1,0,0.0811412665274878
1995,"NG","Black","Charter",2,1.85206611570248,0.0427063000357812,0.220683195592286,0.34794711203897,1,0,0.0811412665274878
1995,"NG","Black","Charter",1,1.85206611570248,0.0427063000357812,0.220683195592286,0.576200417536534,1,0,0.0811412665274878
2001,"NG","Black","Charter",3,2.23913043478261,0.154092925410136,0.546126482213439,0.0473208072372999,1,0,0.0811412665274878
2001,"NG","Black","Charter",4,2.23913043478261,0.154092925410136,0.546126482213439,0.0285316631871955,1,0,0.0811412665274878
2001,"NG","Black","Charter",2,2.23913043478261,0.154092925410136,0.546126482213439,0.34794711203897,1,0,0.0811412665274878
2001,"NG","Black","Charter",1,2.23913043478261,0.154092925410136,0.546126482213439,0.576200417536534,1,0,0.0811412665274878
2007,"NG","Black","Charter",3,2.28718662952646,0.030726645644875,0.338941504178273,0.0473208072372999,1,0,0.0811412665274878
2007,"NG","Black","Charter",4,2.28718662952646,0.030726645644875,0.338941504178273,0.0285316631871955,1,0,0.0811412665274878
2007,"NG","Black","Charter",2,2.28718662952646,0.030726645644875,0.338941504178273,0.34794711203897,1,0,0.0811412665274878
2007,"NG","Black","Charter",1,2.28718662952646,0.030726645644875,0.338941504178273,0.576200417536534,1,0,0.0811412665274878
1998,"NG","Black","Charter",3,2.0015873015873,0.0842876862155938,0.44757808499744,0.0473208072372999,1,0,0.0811412665274878
1998,"NG","Black","Charter",4,2.0015873015873,0.0842876862155938,0.44757808499744,0.0285316631871955,1,0,0.0811412665274878
1998,"NG","Black","Charter",2,2.0015873015873,0.0842876862155938,0.44757808499744,0.34794711203897,1,0,0.0811412665274878
1998,"NG","Black","Charter",1,2.0015873015873,0.0842876862155938,0.44757808499744,0.576200417536534,1,0,0.0811412665274878
2003,"NG","Black","Charter",3,2.05909090909091,0.0356664898287754,0.39180633698549,0.0473208072372999,1,0,0.0811412665274878
2003,"NG","Black","Charter",4,2.05909090909091,0.0356664898287754,0.39180633698549,0.0285316631871955,1,0,0.0811412665274878
2003,"NG","Black","Charter",2,2.05909090909091,0.0356664898287754,0.39180633698549,0.34794711203897,1,0,0.0811412665274878
2003,"NG","Black","Charter",1,2.05909090909091,0.0356664898287754,0.39180633698549,0.576200417536534,1,0,0.0811412665274878
1996,"NG","Black","Charter",3,1.92578125,0.0546468405515924,0.382243479330709,0.0473208072372999,1,0,0.0811412665274878
1996,"NG","Black","Charter",4,1.92578125,0.0546468405515924,0.382243479330709,0.0285316631871955,1,0,0.0811412665274878
1996,"NG","Black","Charter",2,1.92578125,0.0546468405515924,0.382243479330709,0.34794711203897,1,0,0.0811412665274878
1996,"NG","Black","Charter",1,1.92578125,0.0546468405515924,0.382243479330709,0.576200417536534,1,0,0.0811412665274878
2008,"NG","Black","Charter",3,2.48880952380952,0.029093729180586,0.355506932605978,0.0473208072372999,1,0,0.0811412665274878
2008,"NG","Black","Charter",4,2.48880952380952,0.029093729180586,0.355506932605978,0.0285316631871955,1,0,0.0811412665274878
2008,"NG","Black","Charter",2,2.48880952380952,0.029093729180586,0.355506932605978,0.34794711203897,1,0,0.0811412665274878
2008,"NG","Black","Charter",1,2.48880952380952,0.029093729180586,0.355506932605978,0.576200417536534,1,0,0.0811412665274878
2015,"NG","Black","Charter",3,1.99848484848485,0.0855120985249291,0.482613053613054,0.0473208072372999,0.323529411764706,0.676470588235294,0.0637810622357392
2015,"NG","Black","Charter",4,1.99848484848485,0.0855120985249291,0.482613053613054,0.0285316631871955,0.0731707317073171,0.926829268292683,0.0904435295478878
2015,"NG","Black","Charter",2,1.99848484848485,0.0855120985249291,0.482613053613054,0.34794711203897,0.912,0.088,0.0399503849156308
2015,"NG","Black","Charter",1,1.99848484848485,0.0855120985249291,0.482613053613054,0.576200417536534,0.966183574879227,0.033816425120773,0
1997,"NG","Black","Charter",3,1.87735849056604,0.0815151116121809,0.352169811320755,0.0473208072372999,1,0,0.0811412665274878
1997,"NG","Black","Charter",4,1.87735849056604,0.0815151116121809,0.352169811320755,0.0285316631871955,1,0,0.0811412665274878
1997,"NG","Black","Charter",2,1.87735849056604,0.0815151116121809,0.352169811320755,0.34794711203897,1,0,0.0811412665274878
1997,"NG","Black","Charter",1,1.87735849056604,0.0815151116121809,0.352169811320755,0.576200417536534,1,0,0.0811412665274878
2012,"NG","Black","Charter",3,2.26758620689655,0.046184731917381,0.309289272030651,0.0473208072372999,1,0,0.0811412665274878
2012,"NG","Black","Charter",4,2.26758620689655,0.046184731917381,0.309289272030651,0.0285316631871955,1,0,0.0811412665274878
2012,"NG","Black","Charter",2,2.26758620689655,0.046184731917381,0.309289272030651,0.34794711203897,1,0,0.0811412665274878
2012,"NG","Black","Charter",1,2.26758620689655,0.046184731917381,0.309289272030651,0.576200417536534,1,0,0.0811412665274878
2014,"NG","Black","Charter",3,2.206,0.111991617762132,0.62710612244898,0.0473208072372999,0.323529411764706,0.676470588235294,0.0637810622357392
2014,"NG","Black","Charter",4,2.206,0.111991617762132,0.62710612244898,0.0285316631871955,0.0731707317073171,0.926829268292683,0.0904435295478878
2014,"NG","Black","Charter",2,2.206,0.111991617762132,0.62710612244898,0.34794711203897,0.912,0.088,0.0399503849156308
2014,"NG","Black","Charter",1,2.206,0.111991617762132,0.62710612244898,0.576200417536534,0.966183574879227,0.033816425120773,0
2022,"NG","Black","Charter",3,1.38916666666667,0.0332648791524968,0.265572524407252,0.0473208072372999,0.323529411764706,0.676470588235294,0.0637810622357392
2022,"NG","Black","Charter",4,1.38916666666667,0.0332648791524968,0.265572524407252,0.0285316631871955,0.0731707317073171,0.926829268292683,0.0904435295478878
2022,"NG","Black","Charter",2,1.38916666666667,0.0332648791524968,0.265572524407252,0.34794711203897,0.912,0.088,0.0399503849156308
2022,"NG","Black","Charter",1,1.38916666666667,0.0332648791524968,0.265572524407252,0.576200417536534,0.966183574879227,0.033816425120773,0
2011,"NG","Black","Charter",3,2.17241379310345,0.0720788497232339,0.301330913490623,0.0473208072372999,1,0,0.0811412665274878
2011,"NG","Black","Charter",4,2.17241379310345,0.0720788497232339,0.301330913490623,0.0285316631871955,1,0,0.0811412665274878
2011,"NG","Black","Charter",2,2.17241379310345,0.0720788497232339,0.301330913490623,0.34794711203897,1,0,0.0811412665274878
2011,"NG","Black","Charter",1,2.17241379310345,0.0720788497232339,0.301330913490623,0.576200417536534,1,0,0.0811412665274878
2002,"NG","Yelloweye","Charter",2,4.74893617021277,0.310483975707884,4.53081406105458,0.0837004405286344,1,0,0.953303964757709
2002,"NG","Yelloweye","Charter",4,4.74893617021277,0.310483975707884,4.53081406105458,0.625550660792952,1,0,0.953303964757709
2002,"NG","Yelloweye","Charter",3,4.74893617021277,0.310483975707884,4.53081406105458,0.286343612334802,1,0,0.953303964757709
2002,"NG","Yelloweye","Charter",1,4.74893617021277,0.310483975707884,4.53081406105458,0.00440528634361234,1,0,0.953303964757709
2005,"NG","Yelloweye","Charter",2,4.42061855670103,0.161347273760202,2.52519544673539,0.0837004405286344,1,0,0.953303964757709
2005,"NG","Yelloweye","Charter",4,4.42061855670103,0.161347273760202,2.52519544673539,0.625550660792952,1,0,0.953303964757709
2005,"NG","Yelloweye","Charter",3,4.42061855670103,0.161347273760202,2.52519544673539,0.286343612334802,1,0,0.953303964757709
2005,"NG","Yelloweye","Charter",1,4.42061855670103,0.161347273760202,2.52519544673539,0.00440528634361234,1,0,0.953303964757709
2003,"NG","Yelloweye","Charter",2,5.35510204081633,0.303887247827085,4.52502551020408,0.0837004405286344,1,0,0.953303964757709
2003,"NG","Yelloweye","Charter",4,5.35510204081633,0.303887247827085,4.52502551020408,0.625550660792952,1,0,0.953303964757709
2003,"NG","Yelloweye","Charter",3,5.35510204081633,0.303887247827085,4.52502551020408,0.286343612334802,1,0,0.953303964757709
2003,"NG","Yelloweye","Charter",1,5.35510204081633,0.303887247827085,4.52502551020408,0.00440528634361234,1,0,0.953303964757709
2023,"NG","Yelloweye","Charter",2,4.18181818181818,0.491381847078153,5.31203463203463,0.0837004405286344,0,1,0.000855855855855856
2023,"NG","Yelloweye","Charter",4,4.18181818181818,0.491381847078153,5.31203463203463,0.625550660792952,0,1,0.127927927927928
2023,"NG","Yelloweye","Charter",3,4.18181818181818,0.491381847078153,5.31203463203463,0.286343612334802,0.0615384615384615,0.938461538461538,0.0488555786555787
2023,"NG","Yelloweye","Charter",1,4.18181818181818,0.491381847078153,5.31203463203463,0.00440528634361234,1,0,0
1999,"NG","Yelloweye","Charter",2,3.86835443037975,0.183129280415937,2.64937033430704,0.0837004405286344,1,0,0.953303964757709
1999,"NG","Yelloweye","Charter",4,3.86835443037975,0.183129280415937,2.64937033430704,0.625550660792952,1,0,0.953303964757709
1999,"NG","Yelloweye","Charter",3,3.86835443037975,0.183129280415937,2.64937033430704,0.286343612334802,1,0,0.953303964757709
1999,"NG","Yelloweye","Charter",1,3.86835443037975,0.183129280415937,2.64937033430704,0.00440528634361234,1,0,0.953303964757709
2012,"NG","Yelloweye","Charter",2,3.46153846153846,0.530304515994743,3.65589743589744,0.0837004405286344,1,0,0.953303964757709
2012,"NG","Yelloweye","Charter",4,3.46153846153846,0.530304515994743,3.65589743589744,0.625550660792952,1,0,0.953303964757709
2012,"NG","Yelloweye","Charter",3,3.46153846153846,0.530304515994743,3.65589743589744,0.286343612334802,1,0,0.953303964757709
2012,"NG","Yelloweye","Charter",1,3.46153846153846,0.530304515994743,3.65589743589744,0.00440528634361234,1,0,0.953303964757709
2016,"NG","Yelloweye","Charter",2,4.87222222222222,0.54249517666333,5.29741830065359,0.0837004405286344,0,1,0.000855855855855856
2016,"NG","Yelloweye","Charter",4,4.87222222222222,0.54249517666333,5.29741830065359,0.625550660792952,0,1,0.127927927927928
2016,"NG","Yelloweye","Charter",3,4.87222222222222,0.54249517666333,5.29741830065359,0.286343612334802,0.0615384615384615,0.938461538461538,0.0488555786555787
2016,"NG","Yelloweye","Charter",1,4.87222222222222,0.54249517666333,5.29741830065359,0.00440528634361234,1,0,0
1998,"NG","Yelloweye","Charter",2,4.28888888888889,0.464764251778576,3.8881045751634,0.0837004405286344,1,0,0.953303964757709
1998,"NG","Yelloweye","Charter",4,4.28888888888889,0.464764251778576,3.8881045751634,0.625550660792952,1,0,0.953303964757709
1998,"NG","Yelloweye","Charter",3,4.28888888888889,0.464764251778576,3.8881045751634,0.286343612334802,1,0,0.953303964757709
1998,"NG","Yelloweye","Charter",1,4.28888888888889,0.464764251778576,3.8881045751634,0.00440528634361234,1,0,0.953303964757709
2024,"NG","Yelloweye","Charter",2,3.76578947368421,0.252421454222439,2.42123044096728,0.0837004405286344,0,1,0.000855855855855856
2024,"NG","Yelloweye","Charter",4,3.76578947368421,0.252421454222439,2.42123044096728,0.625550660792952,0,1,0.127927927927928
2024,"NG","Yelloweye","Charter",3,3.76578947368421,0.252421454222439,2.42123044096728,0.286343612334802,0.0615384615384615,0.938461538461538,0.0488555786555787
2024,"NG","Yelloweye","Charter",1,3.76578947368421,0.252421454222439,2.42123044096728,0.00440528634361234,1,0,0
2017,"NG","Yelloweye","Charter",2,1.3,NA,NA,0.0837004405286344,0,1,0.000855855855855856
2017,"NG","Yelloweye","Charter",4,1.3,NA,NA,0.625550660792952,0,1,0.127927927927928
2017,"NG","Yelloweye","Charter",3,1.3,NA,NA,0.286343612334802,0.0615384615384615,0.938461538461538,0.0488555786555787
2017,"NG","Yelloweye","Charter",1,1.3,NA,NA,0.00440528634361234,1,0,0
1993,"NG","Yelloweye","Charter",2,3.05555555555556,0.401424931100003,1.45027777777778,0.0837004405286344,1,0,0.953303964757709
1993,"NG","Yelloweye","Charter",4,3.05555555555556,0.401424931100003,1.45027777777778,0.625550660792952,1,0,0.953303964757709
1993,"NG","Yelloweye","Charter",3,3.05555555555556,0.401424931100003,1.45027777777778,0.286343612334802,1,0,0.953303964757709
1993,"NG","Yelloweye","Charter",1,3.05555555555556,0.401424931100003,1.45027777777778,0.00440528634361234,1,0,0.953303964757709
2020,"NG","Yelloweye","Charter",2,3.84782608695652,0.235450829362903,2.55010628019324,0.0837004405286344,0,1,0.000855855855855856
2020,"NG","Yelloweye","Charter",4,3.84782608695652,0.235450829362903,2.55010628019324,0.625550660792952,0,1,0.127927927927928
2020,"NG","Yelloweye","Charter",3,3.84782608695652,0.235450829362903,2.55010628019324,0.286343612334802,0.0615384615384615,0.938461538461538,0.0488555786555787
2020,"NG","Yelloweye","Charter",1,3.84782608695652,0.235450829362903,2.55010628019324,0.00440528634361234,1,0,0
2008,"NG","Yelloweye","Charter",2,4.44683544303797,0.196321539432899,3.04482960077897,0.0837004405286344,1,0,0.953303964757709
2008,"NG","Yelloweye","Charter",4,4.44683544303797,0.196321539432899,3.04482960077897,0.625550660792952,1,0,0.953303964757709
2008,"NG","Yelloweye","Charter",3,4.44683544303797,0.196321539432899,3.04482960077897,0.286343612334802,1,0,0.953303964757709
2008,"NG","Yelloweye","Charter",1,4.44683544303797,0.196321539432899,3.04482960077897,0.00440528634361234,1,0,0.953303964757709
1997,"NG","Yelloweye","Charter",2,4.33921568627451,0.27346833248753,3.81403137254902,0.0837004405286344,1,0,0.953303964757709
1997,"NG","Yelloweye","Charter",4,4.33921568627451,0.27346833248753,3.81403137254902,0.625550660792952,1,0,0.953303964757709
1997,"NG","Yelloweye","Charter",3,4.33921568627451,0.27346833248753,3.81403137254902,0.286343612334802,1,0,0.953303964757709
1997,"NG","Yelloweye","Charter",1,4.33921568627451,0.27346833248753,3.81403137254902,0.00440528634361234,1,0,0.953303964757709
2022,"NG","Yelloweye","Charter",2,3.8962962962963,0.407531708569408,4.48421652421652,0.0837004405286344,0,1,0.000855855855855856
2022,"NG","Yelloweye","Charter",4,3.8962962962963,0.407531708569408,4.48421652421652,0.625550660792952,0,1,0.127927927927928
2022,"NG","Yelloweye","Charter",3,3.8962962962963,0.407531708569408,4.48421652421652,0.286343612334802,0.0615384615384615,0.938461538461538,0.0488555786555787
2022,"NG","Yelloweye","Charter",1,3.8962962962963,0.407531708569408,4.48421652421652,0.00440528634361234,1,0,0
2019,"NG","Yelloweye","Charter",2,3.92352941176471,0.277193048540488,3.91863529411765,0.0837004405286344,0,1,0.000855855855855856
2019,"NG","Yelloweye","Charter",4,3.92352941176471,0.277193048540488,3.91863529411765,0.625550660792952,0,1,0.127927927927928
2019,"NG","Yelloweye","Charter",3,3.92352941176471,0.277193048540488,3.91863529411765,0.286343612334802,0.0615384615384615,0.938461538461538,0.0488555786555787
2019,"NG","Yelloweye","Charter",1,3.92352941176471,0.277193048540488,3.91863529411765,0.00440528634361234,1,0,0
2025,"NG","Yelloweye","Charter",2,3.46,0.285657137141714,2.04,0.0837004405286344,0,1,0.000855855855855856
2025,"NG","Yelloweye","Charter",4,3.46,0.285657137141714,2.04,0.625550660792952,0,1,0.127927927927928
2025,"NG","Yelloweye","Charter",3,3.46,0.285657137141714,2.04,0.286343612334802,0.0615384615384615,0.938461538461538,0.0488555786555787
2025,"NG","Yelloweye","Charter",1,3.46,0.285657137141714,2.04,0.00440528634361234,1,0,0
2006,"NG","Yelloweye","Charter",2,4.40891089108911,0.20061341085198,4.0648198019802,0.0837004405286344,1,0,0.953303964757709
2006,"NG","Yelloweye","Charter",4,4.40891089108911,0.20061341085198,4.0648198019802,0.625550660792952,1,0,0.953303964757709
2006,"NG","Yelloweye","Charter",3,4.40891089108911,0.20061341085198,4.0648198019802,0.286343612334802,1,0,0.953303964757709
2006,"NG","Yelloweye","Charter",1,4.40891089108911,0.20061341085198,4.0648198019802,0.00440528634361234,1,0,0.953303964757709
2013,"NG","Yelloweye","Charter",2,4.32,0.303800488548168,1.84589473684211,0.0837004405286344,0,1,0.000855855855855856
2013,"NG","Yelloweye","Charter",4,4.32,0.303800488548168,1.84589473684211,0.625550660792952,0,1,0.127927927927928
2013,"NG","Yelloweye","Charter",3,4.32,0.303800488548168,1.84589473684211,0.286343612334802,0.0615384615384615,0.938461538461538,0.0488555786555787
2013,"NG","Yelloweye","Charter",1,4.32,0.303800488548168,1.84589473684211,0.00440528634361234,1,0,0
2001,"NG","Yelloweye","Charter",2,5.11162790697674,0.357659571095921,5.50057585825028,0.0837004405286344,1,0,0.953303964757709
2001,"NG","Yelloweye","Charter",4,5.11162790697674,0.357659571095921,5.50057585825028,0.625550660792952,1,0,0.953303964757709
2001,"NG","Yelloweye","Charter",3,5.11162790697674,0.357659571095921,5.50057585825028,0.286343612334802,1,0,0.953303964757709
2001,"NG","Yelloweye","Charter",1,5.11162790697674,0.357659571095921,5.50057585825028,0.00440528634361234,1,0,0.953303964757709
2015,"NG","Yelloweye","Charter",2,5.62222222222222,0.673460750687113,4.08194444444444,0.0837004405286344,0,1,0.000855855855855856
2015,"NG","Yelloweye","Charter",4,5.62222222222222,0.673460750687113,4.08194444444444,0.625550660792952,0,1,0.127927927927928
2015,"NG","Yelloweye","Charter",3,5.62222222222222,0.673460750687113,4.08194444444444,0.286343612334802,0.0615384615384615,0.938461538461538,0.0488555786555787
2015,"NG","Yelloweye","Charter",1,5.62222222222222,0.673460750687113,4.08194444444444,0.00440528634361234,1,0,0
2014,"NG","Yelloweye","Charter",2,3.69285714285714,0.606418443074146,5.14840659340659,0.0837004405286344,0,1,0.000855855855855856
2014,"NG","Yelloweye","Charter",4,3.69285714285714,0.606418443074146,5.14840659340659,0.625550660792952,0,1,0.127927927927928
2014,"NG","Yelloweye","Charter",3,3.69285714285714,0.606418443074146,5.14840659340659,0.286343612334802,0.0615384615384615,0.938461538461538,0.0488555786555787
2014,"NG","Yelloweye","Charter",1,3.69285714285714,0.606418443074146,5.14840659340659,0.00440528634361234,1,0,0
2007,"NG","Yelloweye","Charter",2,5.16585365853659,0.397133167996758,6.46630487804878,0.0837004405286344,1,0,0.953303964757709
2007,"NG","Yelloweye","Charter",4,5.16585365853659,0.397133167996758,6.46630487804878,0.625550660792952,1,0,0.953303964757709
2007,"NG","Yelloweye","Charter",3,5.16585365853659,0.397133167996758,6.46630487804878,0.286343612334802,1,0,0.953303964757709
2007,"NG","Yelloweye","Charter",1,5.16585365853659,0.397133167996758,6.46630487804878,0.00440528634361234,1,0,0.953303964757709
2000,"NG","Yelloweye","Charter",2,4.79649122807018,0.262148020521638,3.91713032581454,0.0837004405286344,1,0,0.953303964757709
2000,"NG","Yelloweye","Charter",4,4.79649122807018,0.262148020521638,3.91713032581454,0.625550660792952,1,0,0.953303964757709
2000,"NG","Yelloweye","Charter",3,4.79649122807018,0.262148020521638,3.91713032581454,0.286343612334802,1,0,0.953303964757709
2000,"NG","Yelloweye","Charter",1,4.79649122807018,0.262148020521638,3.91713032581454,0.00440528634361234,1,0,0.953303964757709
2004,"NG","Yelloweye","Charter",2,4.40588235294118,0.178589135168709,4.33759477124183,0.0837004405286344,1,0,0.953303964757709
2004,"NG","Yelloweye","Charter",4,4.40588235294118,0.178589135168709,4.33759477124183,0.625550660792952,1,0,0.953303964757709
2004,"NG","Yelloweye","Charter",3,4.40588235294118,0.178589135168709,4.33759477124183,0.286343612334802,1,0,0.953303964757709
2004,"NG","Yelloweye","Charter",1,4.40588235294118,0.178589135168709,4.33759477124183,0.00440528634361234,1,0,0.953303964757709
1995,"NG","Yelloweye","Charter",2,3.57234042553191,0.238727394717333,2.67856614246068,0.0837004405286344,1,0,0.953303964757709
1995,"NG","Yelloweye","Charter",4,3.57234042553191,0.238727394717333,2.67856614246068,0.625550660792952,1,0,0.953303964757709
1995,"NG","Yelloweye","Charter",3,3.57234042553191,0.238727394717333,2.67856614246068,0.286343612334802,1,0,0.953303964757709
1995,"NG","Yelloweye","Charter",1,3.57234042553191,0.238727394717333,2.67856614246068,0.00440528634361234,1,0,0.953303964757709
2021,"NG","Yelloweye","Charter",2,2.81538461538462,0.308579490204952,2.47575384615385,0.0837004405286344,0,1,0.000855855855855856
2021,"NG","Yelloweye","Charter",4,2.81538461538462,0.308579490204952,2.47575384615385,0.625550660792952,0,1,0.127927927927928
2021,"NG","Yelloweye","Charter",3,2.81538461538462,0.308579490204952,2.47575384615385,0.286343612334802,0.0615384615384615,0.938461538461538,0.0488555786555787
2021,"NG","Yelloweye","Charter",1,2.81538461538462,0.308579490204952,2.47575384615385,0.00440528634361234,1,0,0
1996,"NG","Yelloweye","Charter",2,4.46,1.08332820511607,11.736,0.0837004405286344,1,0,0.953303964757709
1996,"NG","Yelloweye","Charter",4,4.46,1.08332820511607,11.736,0.625550660792952,1,0,0.953303964757709
1996,"NG","Yelloweye","Charter",3,4.46,1.08332820511607,11.736,0.286343612334802,1,0,0.953303964757709
1996,"NG","Yelloweye","Charter",1,4.46,1.08332820511607,11.736,0.00440528634361234,1,0,0.953303964757709
2018,"NG","Yelloweye","Charter",2,3.85208333333333,0.241999457521909,2.81105939716312,0.0837004405286344,0,1,0.000855855855855856
2018,"NG","Yelloweye","Charter",4,3.85208333333333,0.241999457521909,2.81105939716312,0.625550660792952,0,1,0.127927927927928
2018,"NG","Yelloweye","Charter",3,3.85208333333333,0.241999457521909,2.81105939716312,0.286343612334802,0.0615384615384615,0.938461538461538,0.0488555786555787
2018,"NG","Yelloweye","Charter",1,3.85208333333333,0.241999457521909,2.81105939716312,0.00440528634361234,1,0,0
2011,"NG","Yelloweye","Charter",2,4.13636363636364,0.417555525744648,3.83575757575758,0.0837004405286344,1,0,0.953303964757709
2011,"NG","Yelloweye","Charter",4,4.13636363636364,0.417555525744648,3.83575757575758,0.625550660792952,1,0,0.953303964757709
2011,"NG","Yelloweye","Charter",3,4.13636363636364,0.417555525744648,3.83575757575758,0.286343612334802,1,0,0.953303964757709
2011,"NG","Yelloweye","Charter",1,4.13636363636364,0.417555525744648,3.83575757575758,0.00440528634361234,1,0,0.953303964757709
1994,"NG","Yelloweye","Charter",2,3.63684210526316,0.267783901519871,1.36245614035088,0.0837004405286344,1,0,0.953303964757709
1994,"NG","Yelloweye","Charter",4,3.63684210526316,0.267783901519871,1.36245614035088,0.625550660792952,1,0,0.953303964757709
1994,"NG","Yelloweye","Charter",3,3.63684210526316,0.267783901519871,1.36245614035088,0.286343612334802,1,0,0.953303964757709
1994,"NG","Yelloweye","Charter",1,3.63684210526316,0.267783901519871,1.36245614035088,0.00440528634361234,1,0,0.953303964757709
2009,"NG","Yelloweye","Charter",2,4.37777777777778,0.413459033780905,7.69267676767677,0.0837004405286344,1,0,0.953303964757709
2009,"NG","Yelloweye","Charter",4,4.37777777777778,0.413459033780905,7.69267676767677,0.625550660792952,1,0,0.953303964757709
2009,"NG","Yelloweye","Charter",3,4.37777777777778,0.413459033780905,7.69267676767677,0.286343612334802,1,0,0.953303964757709
2009,"NG","Yelloweye","Charter",1,4.37777777777778,0.413459033780905,7.69267676767677,0.00440528634361234,1,0,0.953303964757709
2010,"NG","Yelloweye","Charter",2,4.77391304347826,0.243215869655452,2.72108212560387,0.0837004405286344,1,0,0.953303964757709
2010,"NG","Yelloweye","Charter",4,4.77391304347826,0.243215869655452,2.72108212560387,0.625550660792952,1,0,0.953303964757709
2010,"NG","Yelloweye","Charter",3,4.77391304347826,0.243215869655452,2.72108212560387,0.286343612334802,1,0,0.953303964757709
2010,"NG","Yelloweye","Charter",1,4.77391304347826,0.243215869655452,2.72108212560387,0.00440528634361234,1,0,0.953303964757709
2004,"NG","Black","Private",4,1.99307958477509,0.0354174993404983,0.362521386005383,0.0248447204968944,1,0,0.0714526147064716
2004,"NG","Black","Private",2,1.99307958477509,0.0354174993404983,0.362521386005383,0.290723301943498,1,0,0.0714526147064716
2004,"NG","Black","Private",1,1.99307958477509,0.0354174993404983,0.362521386005383,0.636746143057504,1,0,0.0714526147064716
2004,"NG","Black","Private",3,1.99307958477509,0.0354174993404983,0.362521386005383,0.0476858345021038,1,0,0.0714526147064716
1999,"NG","Black","Private",4,1.74827586206897,0.139282175369798,0.562586206896552,0.0248447204968944,1,0,0.0714526147064716
1999,"NG","Black","Private",2,1.74827586206897,0.139282175369798,0.562586206896552,0.290723301943498,1,0,0.0714526147064716
1999,"NG","Black","Private",1,1.74827586206897,0.139282175369798,0.562586206896552,0.636746143057504,1,0,0.0714526147064716
1999,"NG","Black","Private",3,1.74827586206897,0.139282175369798,0.562586206896552,0.0476858345021038,1,0,0.0714526147064716
2000,"NG","Black","Private",4,1.36538461538462,0.121267956030286,0.382353846153846,0.0248447204968944,1,0,0.0714526147064716
2000,"NG","Black","Private",2,1.36538461538462,0.121267956030286,0.382353846153846,0.290723301943498,1,0,0.0714526147064716
2000,"NG","Black","Private",1,1.36538461538462,0.121267956030286,0.382353846153846,0.636746143057504,1,0,0.0714526147064716
2000,"NG","Black","Private",3,1.36538461538462,0.121267956030286,0.382353846153846,0.0476858345021038,1,0,0.0714526147064716
2017,"NG","Black","Private",4,2,0.274367960552572,0.6775,0.0248447204968944,0.403225806451613,0.596774193548387,0.03231716458149
2017,"NG","Black","Private",2,2,0.274367960552572,0.6775,0.290723301943498,0.81736733287388,0.18263266712612,0.0297328832523394
2017,"NG","Black","Private",1,2,0.274367960552572,0.6775,0.636746143057504,0.959408432976715,0.040591567023285,0
2017,"NG","Black","Private",3,2,0.274367960552572,0.6775,0.0476858345021038,0.373949579831933,0.626050420168067,0.0495306644199811
2021,"NG","Black","Private",4,1.50263157894737,0.0778431550407844,0.460526315789474,0.0248447204968944,0.403225806451613,0.596774193548387,0.03231716458149
2021,"NG","Black","Private",2,1.50263157894737,0.0778431550407844,0.460526315789474,0.290723301943498,0.81736733287388,0.18263266712612,0.0297328832523394
2021,"NG","Black","Private",1,1.50263157894737,0.0778431550407844,0.460526315789474,0.636746143057504,0.959408432976715,0.040591567023285,0
2021,"NG","Black","Private",3,1.50263157894737,0.0778431550407844,0.460526315789474,0.0476858345021038,0.373949579831933,0.626050420168067,0.0495306644199811
2018,"NG","Black","Private",4,2.18512396694215,0.0837372674999233,0.848443526170799,0.0248447204968944,0.403225806451613,0.596774193548387,0.03231716458149
2018,"NG","Black","Private",2,2.18512396694215,0.0837372674999233,0.848443526170799,0.290723301943498,0.81736733287388,0.18263266712612,0.0297328832523394
2018,"NG","Black","Private",1,2.18512396694215,0.0837372674999233,0.848443526170799,0.636746143057504,0.959408432976715,0.040591567023285,0
2018,"NG","Black","Private",3,2.18512396694215,0.0837372674999233,0.848443526170799,0.0476858345021038,0.373949579831933,0.626050420168067,0.0495306644199811
2010,"NG","Black","Private",4,2.14411764705882,0.0652277274976032,0.433974956319161,0.0248447204968944,1,0,0.0714526147064716
2010,"NG","Black","Private",2,2.14411764705882,0.0652277274976032,0.433974956319161,0.290723301943498,1,0,0.0714526147064716
2010,"NG","Black","Private",1,2.14411764705882,0.0652277274976032,0.433974956319161,0.636746143057504,1,0,0.0714526147064716
2010,"NG","Black","Private",3,2.14411764705882,0.0652277274976032,0.433974956319161,0.0476858345021038,1,0,0.0714526147064716
2019,"NG","Black","Private",4,1.52330097087379,0.0740470763082154,0.564745859508852,0.0248447204968944,0.403225806451613,0.596774193548387,0.03231716458149
2019,"NG","Black","Private",2,1.52330097087379,0.0740470763082154,0.564745859508852,0.290723301943498,0.81736733287388,0.18263266712612,0.0297328832523394
2019,"NG","Black","Private",1,1.52330097087379,0.0740470763082154,0.564745859508852,0.636746143057504,0.959408432976715,0.040591567023285,0
2019,"NG","Black","Private",3,1.52330097087379,0.0740470763082154,0.564745859508852,0.0476858345021038,0.373949579831933,0.626050420168067,0.0495306644199811
1993,"NG","Black","Private",4,1.92083333333333,0.11408571127406,0.312373188405797,0.0248447204968944,1,0,0.0714526147064716
1993,"NG","Black","Private",2,1.92083333333333,0.11408571127406,0.312373188405797,0.290723301943498,1,0,0.0714526147064716
1993,"NG","Black","Private",1,1.92083333333333,0.11408571127406,0.312373188405797,0.636746143057504,1,0,0.0714526147064716
1993,"NG","Black","Private",3,1.92083333333333,0.11408571127406,0.312373188405797,0.0476858345021038,1,0,0.0714526147064716
2025,"NG","Black","Private",4,1.83174603174603,0.0503863921531493,0.159943676395289,0.0248447204968944,0.403225806451613,0.596774193548387,0.03231716458149
2025,"NG","Black","Private",2,1.83174603174603,0.0503863921531493,0.159943676395289,0.290723301943498,0.81736733287388,0.18263266712612,0.0297328832523394
2025,"NG","Black","Private",1,1.83174603174603,0.0503863921531493,0.159943676395289,0.636746143057504,0.959408432976715,0.040591567023285,0
2025,"NG","Black","Private",3,1.83174603174603,0.0503863921531493,0.159943676395289,0.0476858345021038,0.373949579831933,0.626050420168067,0.0495306644199811
2009,"NG","Black","Private",4,2.12628205128205,0.0483996337671067,0.365433829611249,0.0248447204968944,1,0,0.0714526147064716
2009,"NG","Black","Private",2,2.12628205128205,0.0483996337671067,0.365433829611249,0.290723301943498,1,0,0.0714526147064716
2009,"NG","Black","Private",1,2.12628205128205,0.0483996337671067,0.365433829611249,0.636746143057504,1,0,0.0714526147064716
2009,"NG","Black","Private",3,2.12628205128205,0.0483996337671067,0.365433829611249,0.0476858345021038,1,0,0.0714526147064716
2020,"NG","Black","Private",4,1.75833333333333,0.0868675443767158,0.54330985915493,0.0248447204968944,0.403225806451613,0.596774193548387,0.03231716458149
2020,"NG","Black","Private",2,1.75833333333333,0.0868675443767158,0.54330985915493,0.290723301943498,0.81736733287388,0.18263266712612,0.0297328832523394
2020,"NG","Black","Private",1,1.75833333333333,0.0868675443767158,0.54330985915493,0.636746143057504,0.959408432976715,0.040591567023285,0
2020,"NG","Black","Private",3,1.75833333333333,0.0868675443767158,0.54330985915493,0.0476858345021038,0.373949579831933,0.626050420168067,0.0495306644199811
2013,"NG","Black","Private",4,1.34,0.193907194296653,0.188,0.0248447204968944,0.403225806451613,0.596774193548387,0.03231716458149
2013,"NG","Black","Private",2,1.34,0.193907194296653,0.188,0.290723301943498,0.81736733287388,0.18263266712612,0.0297328832523394
2013,"NG","Black","Private",1,1.34,0.193907194296653,0.188,0.636746143057504,0.959408432976715,0.040591567023285,0
2013,"NG","Black","Private",3,1.34,0.193907194296653,0.188,0.0476858345021038,0.373949579831933,0.626050420168067,0.0495306644199811
2003,"NG","Black","Private",4,1.8938679245283,0.0439137651240199,0.408824778681928,0.0248447204968944,1,0,0.0714526147064716
2003,"NG","Black","Private",2,1.8938679245283,0.0439137651240199,0.408824778681928,0.290723301943498,1,0,0.0714526147064716
2003,"NG","Black","Private",1,1.8938679245283,0.0439137651240199,0.408824778681928,0.636746143057504,1,0,0.0714526147064716
2003,"NG","Black","Private",3,1.8938679245283,0.0439137651240199,0.408824778681928,0.0476858345021038,1,0,0.0714526147064716
1994,"NG","Black","Private",4,1.66666666666667,0.0960575511872785,0.221449275362319,0.0248447204968944,1,0,0.0714526147064716
1994,"NG","Black","Private",2,1.66666666666667,0.0960575511872785,0.221449275362319,0.290723301943498,1,0,0.0714526147064716
1994,"NG","Black","Private",1,1.66666666666667,0.0960575511872785,0.221449275362319,0.636746143057504,1,0,0.0714526147064716
1994,"NG","Black","Private",3,1.66666666666667,0.0960575511872785,0.221449275362319,0.0476858345021038,1,0,0.0714526147064716
2001,"NG","Black","Private",4,1.95609756097561,0.0686142256180768,0.193024390243902,0.0248447204968944,1,0,0.0714526147064716
2001,"NG","Black","Private",2,1.95609756097561,0.0686142256180768,0.193024390243902,0.290723301943498,1,0,0.0714526147064716
2001,"NG","Black","Private",1,1.95609756097561,0.0686142256180768,0.193024390243902,0.636746143057504,1,0,0.0714526147064716
2001,"NG","Black","Private",3,1.95609756097561,0.0686142256180768,0.193024390243902,0.0476858345021038,1,0,0.0714526147064716
2024,"NG","Black","Private",4,1.72727272727273,0.0563317737829376,0.279247648902821,0.0248447204968944,0.403225806451613,0.596774193548387,0.03231716458149
2024,"NG","Black","Private",2,1.72727272727273,0.0563317737829376,0.279247648902821,0.290723301943498,0.81736733287388,0.18263266712612,0.0297328832523394
2024,"NG","Black","Private",1,1.72727272727273,0.0563317737829376,0.279247648902821,0.636746143057504,0.959408432976715,0.040591567023285,0
2024,"NG","Black","Private",3,1.72727272727273,0.0563317737829376,0.279247648902821,0.0476858345021038,0.373949579831933,0.626050420168067,0.0495306644199811
2006,"NG","Black","Private",4,2.13652694610778,0.0447710130038886,0.334742082100859,0.0248447204968944,1,0,0.0714526147064716
2006,"NG","Black","Private",2,2.13652694610778,0.0447710130038886,0.334742082100859,0.290723301943498,1,0,0.0714526147064716
2006,"NG","Black","Private",1,2.13652694610778,0.0447710130038886,0.334742082100859,0.636746143057504,1,0,0.0714526147064716
2006,"NG","Black","Private",3,2.13652694610778,0.0447710130038886,0.334742082100859,0.0476858345021038,1,0,0.0714526147064716
2015,"NG","Black","Private",4,1.65529411764706,0.0554711392482977,0.261549019607843,0.0248447204968944,0.403225806451613,0.596774193548387,0.03231716458149
2015,"NG","Black","Private",2,1.65529411764706,0.0554711392482977,0.261549019607843,0.290723301943498,0.81736733287388,0.18263266712612,0.0297328832523394
2015,"NG","Black","Private",1,1.65529411764706,0.0554711392482977,0.261549019607843,0.636746143057504,0.959408432976715,0.040591567023285,0
2015,"NG","Black","Private",3,1.65529411764706,0.0554711392482977,0.261549019607843,0.0476858345021038,0.373949579831933,0.626050420168067,0.0495306644199811
2011,"NG","Black","Private",4,2.25,0.25,0.125,0.0248447204968944,1,0,0.0714526147064716
2011,"NG","Black","Private",2,2.25,0.25,0.125,0.290723301943498,1,0,0.0714526147064716
2011,"NG","Black","Private",1,2.25,0.25,0.125,0.636746143057504,1,0,0.0714526147064716
2011,"NG","Black","Private",3,2.25,0.25,0.125,0.0476858345021038,1,0,0.0714526147064716
2005,"NG","Black","Private",4,2.10865384615385,0.0505221166774325,0.265458364451083,0.0248447204968944,1,0,0.0714526147064716
2005,"NG","Black","Private",2,2.10865384615385,0.0505221166774325,0.265458364451083,0.290723301943498,1,0,0.0714526147064716
2005,"NG","Black","Private",1,2.10865384615385,0.0505221166774325,0.265458364451083,0.636746143057504,1,0,0.0714526147064716
2005,"NG","Black","Private",3,2.10865384615385,0.0505221166774325,0.265458364451083,0.0476858345021038,1,0,0.0714526147064716
2008,"NG","Black","Private",4,2.02636363636364,0.0580999867607281,0.371316930775646,0.0248447204968944,1,0,0.0714526147064716
2008,"NG","Black","Private",2,2.02636363636364,0.0580999867607281,0.371316930775646,0.290723301943498,1,0,0.0714526147064716
2008,"NG","Black","Private",1,2.02636363636364,0.0580999867607281,0.371316930775646,0.636746143057504,1,0,0.0714526147064716
2008,"NG","Black","Private",3,2.02636363636364,0.0580999867607281,0.371316930775646,0.0476858345021038,1,0,0.0714526147064716
1997,"NG","Black","Private",4,2.01,0.0808248294846608,0.326632653061224,0.0248447204968944,1,0,0.0714526147064716
1997,"NG","Black","Private",2,2.01,0.0808248294846608,0.326632653061224,0.290723301943498,1,0,0.0714526147064716
1997,"NG","Black","Private",1,2.01,0.0808248294846608,0.326632653061224,0.636746143057504,1,0,0.0714526147064716
1997,"NG","Black","Private",3,2.01,0.0808248294846608,0.326632653061224,0.0476858345021038,1,0,0.0714526147064716
2012,"NG","Black","Private",4,2.15882352941176,0.218628550071976,0.812573529411765,0.0248447204968944,1,0,0.0714526147064716
2012,"NG","Black","Private",2,2.15882352941176,0.218628550071976,0.812573529411765,0.290723301943498,1,0,0.0714526147064716
2012,"NG","Black","Private",1,2.15882352941176,0.218628550071976,0.812573529411765,0.636746143057504,1,0,0.0714526147064716
2012,"NG","Black","Private",3,2.15882352941176,0.218628550071976,0.812573529411765,0.0476858345021038,1,0,0.0714526147064716
2016,"NG","Black","Private",4,2.04716981132075,0.0606928892371612,0.195232220609579,0.0248447204968944,0.403225806451613,0.596774193548387,0.03231716458149
2016,"NG","Black","Private",2,2.04716981132075,0.0606928892371612,0.195232220609579,0.290723301943498,0.81736733287388,0.18263266712612,0.0297328832523394
2016,"NG","Black","Private",1,2.04716981132075,0.0606928892371612,0.195232220609579,0.636746143057504,0.959408432976715,0.040591567023285,0
2016,"NG","Black","Private",3,2.04716981132075,0.0606928892371612,0.195232220609579,0.0476858345021038,0.373949579831933,0.626050420168067,0.0495306644199811
2023,"NG","Black","Private",4,1.34459459459459,0.0698849186747087,0.361408737504628,0.0248447204968944,0.403225806451613,0.596774193548387,0.03231716458149
2023,"NG","Black","Private",2,1.34459459459459,0.0698849186747087,0.361408737504628,0.290723301943498,0.81736733287388,0.18263266712612,0.0297328832523394
2023,"NG","Black","Private",1,1.34459459459459,0.0698849186747087,0.361408737504628,0.636746143057504,0.959408432976715,0.040591567023285,0
2023,"NG","Black","Private",3,1.34459459459459,0.0698849186747087,0.361408737504628,0.0476858345021038,0.373949579831933,0.626050420168067,0.0495306644199811
1998,"NG","Black","Private",4,1.70957446808511,0.0705092945959964,0.467326698695951,0.0248447204968944,1,0,0.0714526147064716
1998,"NG","Black","Private",2,1.70957446808511,0.0705092945959964,0.467326698695951,0.290723301943498,1,0,0.0714526147064716
1998,"NG","Black","Private",1,1.70957446808511,0.0705092945959964,0.467326698695951,0.636746143057504,1,0,0.0714526147064716
1998,"NG","Black","Private",3,1.70957446808511,0.0705092945959964,0.467326698695951,0.0476858345021038,1,0,0.0714526147064716
1995,"NG","Black","Private",4,2.06538461538462,0.133697972793136,0.464753846153846,0.0248447204968944,1,0,0.0714526147064716
1995,"NG","Black","Private",2,2.06538461538462,0.133697972793136,0.464753846153846,0.290723301943498,1,0,0.0714526147064716
1995,"NG","Black","Private",1,2.06538461538462,0.133697972793136,0.464753846153846,0.636746143057504,1,0,0.0714526147064716
1995,"NG","Black","Private",3,2.06538461538462,0.133697972793136,0.464753846153846,0.0476858345021038,1,0,0.0714526147064716
1996,"NG","Black","Private",4,1.836,0.139866603114062,0.489066666666667,0.0248447204968944,1,0,0.0714526147064716
1996,"NG","Black","Private",2,1.836,0.139866603114062,0.489066666666667,0.290723301943498,1,0,0.0714526147064716
1996,"NG","Black","Private",1,1.836,0.139866603114062,0.489066666666667,0.636746143057504,1,0,0.0714526147064716
1996,"NG","Black","Private",3,1.836,0.139866603114062,0.489066666666667,0.0476858345021038,1,0,0.0714526147064716
2022,"NG","Black","Private",4,1.33723404255319,0.0592985775994248,0.330534202699611,0.0248447204968944,0.403225806451613,0.596774193548387,0.03231716458149
2022,"NG","Black","Private",2,1.33723404255319,0.0592985775994248,0.330534202699611,0.290723301943498,0.81736733287388,0.18263266712612,0.0297328832523394
2022,"NG","Black","Private",1,1.33723404255319,0.0592985775994248,0.330534202699611,0.636746143057504,0.959408432976715,0.040591567023285,0
2022,"NG","Black","Private",3,1.33723404255319,0.0592985775994248,0.330534202699611,0.0476858345021038,0.373949579831933,0.626050420168067,0.0495306644199811
2002,"NG","Black","Private",4,2.0093023255814,0.0358949284567042,0.277015866116062,0.0248447204968944,1,0,0.0714526147064716
2002,"NG","Black","Private",2,2.0093023255814,0.0358949284567042,0.277015866116062,0.290723301943498,1,0,0.0714526147064716
2002,"NG","Black","Private",1,2.0093023255814,0.0358949284567042,0.277015866116062,0.636746143057504,1,0,0.0714526147064716
2002,"NG","Black","Private",3,2.0093023255814,0.0358949284567042,0.277015866116062,0.0476858345021038,1,0,0.0714526147064716
2007,"NG","Black","Private",4,2.30705128205128,0.0684709049890113,0.731369313482217,0.0248447204968944,1,0,0.0714526147064716
2007,"NG","Black","Private",2,2.30705128205128,0.0684709049890113,0.731369313482217,0.290723301943498,1,0,0.0714526147064716
2007,"NG","Black","Private",1,2.30705128205128,0.0684709049890113,0.731369313482217,0.636746143057504,1,0,0.0714526147064716
2007,"NG","Black","Private",3,2.30705128205128,0.0684709049890113,0.731369313482217,0.0476858345021038,1,0,0.0714526147064716
2000,"NG","Yelloweye","Private",2,3.07777777777778,0.399227649404926,1.43444444444444,0.251412429378531,1,0,0.87774011299435
2000,"NG","Yelloweye","Private",1,3.07777777777778,0.399227649404926,1.43444444444444,0.0310734463276836,1,0,0.87774011299435
2000,"NG","Yelloweye","Private",3,3.07777777777778,0.399227649404926,1.43444444444444,0.26271186440678,1,0,0.87774011299435
2000,"NG","Yelloweye","Private",4,3.07777777777778,0.399227649404926,1.43444444444444,0.454802259887006,1,0,0.87774011299435
2012,"NG","Yelloweye","Private",2,5.20666666666667,0.420709906463855,2.65495238095238,0.251412429378531,1,0,0.87774011299435
2012,"NG","Yelloweye","Private",1,5.20666666666667,0.420709906463855,2.65495238095238,0.0310734463276836,1,0,0.87774011299435
2012,"NG","Yelloweye","Private",3,5.20666666666667,0.420709906463855,2.65495238095238,0.26271186440678,1,0,0.87774011299435
2012,"NG","Yelloweye","Private",4,5.20666666666667,0.420709906463855,2.65495238095238,0.454802259887006,1,0,0.87774011299435
2019,"NG","Yelloweye","Private",2,3.12982456140351,0.259396891983464,3.83534461152882,0.251412429378531,0.213483146067416,0.786516853932584,0.0635120131456233
2019,"NG","Yelloweye","Private",1,3.12982456140351,0.259396891983464,3.83534461152882,0.0310734463276836,0.818181818181818,0.181818181818182,1.18063754427391e-05
2019,"NG","Yelloweye","Private",3,3.12982456140351,0.259396891983464,3.83534461152882,0.26271186440678,0.0860215053763441,0.913978494623656,0.0165849893444564
2019,"NG","Yelloweye","Private",4,3.12982456140351,0.259396891983464,3.83534461152882,0.454802259887006,0.062111801242236,0.937888198757764,0.105464330430574
2016,"NG","Yelloweye","Private",2,3.26842105263158,0.420668684593469,3.36228070175439,0.251412429378531,0.213483146067416,0.786516853932584,0.0635120131456233
2016,"NG","Yelloweye","Private",1,3.26842105263158,0.420668684593469,3.36228070175439,0.0310734463276836,0.818181818181818,0.181818181818182,1.18063754427391e-05
2016,"NG","Yelloweye","Private",3,3.26842105263158,0.420668684593469,3.36228070175439,0.26271186440678,0.0860215053763441,0.913978494623656,0.0165849893444564
2016,"NG","Yelloweye","Private",4,3.26842105263158,0.420668684593469,3.36228070175439,0.454802259887006,0.062111801242236,0.937888198757764,0.105464330430574
2005,"NG","Yelloweye","Private",2,3.33703703703704,0.276689225120293,2.06703703703704,0.251412429378531,1,0,0.87774011299435
2005,"NG","Yelloweye","Private",1,3.33703703703704,0.276689225120293,2.06703703703704,0.0310734463276836,1,0,0.87774011299435
2005,"NG","Yelloweye","Private",3,3.33703703703704,0.276689225120293,2.06703703703704,0.26271186440678,1,0,0.87774011299435
2005,"NG","Yelloweye","Private",4,3.33703703703704,0.276689225120293,2.06703703703704,0.454802259887006,1,0,0.87774011299435
2025,"NG","Yelloweye","Private",2,5.08333333333333,0.509728586919777,3.11787878787879,0.251412429378531,0.213483146067416,0.786516853932584,0.0635120131456233
2025,"NG","Yelloweye","Private",1,5.08333333333333,0.509728586919777,3.11787878787879,0.0310734463276836,0.818181818181818,0.181818181818182,1.18063754427391e-05
2025,"NG","Yelloweye","Private",3,5.08333333333333,0.509728586919777,3.11787878787879,0.26271186440678,0.0860215053763441,0.913978494623656,0.0165849893444564
2025,"NG","Yelloweye","Private",4,5.08333333333333,0.509728586919777,3.11787878787879,0.454802259887006,0.062111801242236,0.937888198757764,0.105464330430574
2008,"NG","Yelloweye","Private",2,3.30526315789474,0.343228027131822,2.23830409356725,0.251412429378531,1,0,0.87774011299435
2008,"NG","Yelloweye","Private",1,3.30526315789474,0.343228027131822,2.23830409356725,0.0310734463276836,1,0,0.87774011299435
2008,"NG","Yelloweye","Private",3,3.30526315789474,0.343228027131822,2.23830409356725,0.26271186440678,1,0,0.87774011299435
2008,"NG","Yelloweye","Private",4,3.30526315789474,0.343228027131822,2.23830409356725,0.454802259887006,1,0,0.87774011299435
2003,"NG","Yelloweye","Private",2,3.78214285714286,0.304379565475514,2.59411375661376,0.251412429378531,1,0,0.87774011299435
2003,"NG","Yelloweye","Private",1,3.78214285714286,0.304379565475514,2.59411375661376,0.0310734463276836,1,0,0.87774011299435
2003,"NG","Yelloweye","Private",3,3.78214285714286,0.304379565475514,2.59411375661376,0.26271186440678,1,0,0.87774011299435
2003,"NG","Yelloweye","Private",4,3.78214285714286,0.304379565475514,2.59411375661376,0.454802259887006,1,0,0.87774011299435
2013,"NG","Yelloweye","Private",2,10.3,NA,NA,0.251412429378531,0.213483146067416,0.786516853932584,0.0635120131456233
2013,"NG","Yelloweye","Private",1,10.3,NA,NA,0.0310734463276836,0.818181818181818,0.181818181818182,1.18063754427391e-05
2013,"NG","Yelloweye","Private",3,10.3,NA,NA,0.26271186440678,0.0860215053763441,0.913978494623656,0.0165849893444564
2013,"NG","Yelloweye","Private",4,10.3,NA,NA,0.454802259887006,0.062111801242236,0.937888198757764,0.105464330430574
2020,"NG","Yelloweye","Private",2,4.11176470588235,0.282677694997748,2.71682709447415,0.251412429378531,0.213483146067416,0.786516853932584,0.0635120131456233
2020,"NG","Yelloweye","Private",1,4.11176470588235,0.282677694997748,2.71682709447415,0.0310734463276836,0.818181818181818,0.181818181818182,1.18063754427391e-05
2020,"NG","Yelloweye","Private",3,4.11176470588235,0.282677694997748,2.71682709447415,0.26271186440678,0.0860215053763441,0.913978494623656,0.0165849893444564
2020,"NG","Yelloweye","Private",4,4.11176470588235,0.282677694997748,2.71682709447415,0.454802259887006,0.062111801242236,0.937888198757764,0.105464330430574
1995,"NG","Yelloweye","Private",2,2.78333333333333,0.255686951159937,1.17676470588235,0.251412429378531,1,0,0.87774011299435
1995,"NG","Yelloweye","Private",1,2.78333333333333,0.255686951159937,1.17676470588235,0.0310734463276836,1,0,0.87774011299435
1995,"NG","Yelloweye","Private",3,2.78333333333333,0.255686951159937,1.17676470588235,0.26271186440678,1,0,0.87774011299435
1995,"NG","Yelloweye","Private",4,2.78333333333333,0.255686951159937,1.17676470588235,0.454802259887006,1,0,0.87774011299435
2022,"NG","Yelloweye","Private",2,3.26153846153846,0.372892103308798,3.61526153846154,0.251412429378531,0.213483146067416,0.786516853932584,0.0635120131456233
2022,"NG","Yelloweye","Private",1,3.26153846153846,0.372892103308798,3.61526153846154,0.0310734463276836,0.818181818181818,0.181818181818182,1.18063754427391e-05
2022,"NG","Yelloweye","Private",3,3.26153846153846,0.372892103308798,3.61526153846154,0.26271186440678,0.0860215053763441,0.913978494623656,0.0165849893444564
2022,"NG","Yelloweye","Private",4,3.26153846153846,0.372892103308798,3.61526153846154,0.454802259887006,0.062111801242236,0.937888198757764,0.105464330430574
2015,"NG","Yelloweye","Private",2,4.32727272727273,0.527617442176864,3.06218181818182,0.251412429378531,0.213483146067416,0.786516853932584,0.0635120131456233
2015,"NG","Yelloweye","Private",1,4.32727272727273,0.527617442176864,3.06218181818182,0.0310734463276836,0.818181818181818,0.181818181818182,1.18063754427391e-05
2015,"NG","Yelloweye","Private",3,4.32727272727273,0.527617442176864,3.06218181818182,0.26271186440678,0.0860215053763441,0.913978494623656,0.0165849893444564
2015,"NG","Yelloweye","Private",4,4.32727272727273,0.527617442176864,3.06218181818182,0.454802259887006,0.062111801242236,0.937888198757764,0.105464330430574
2023,"NG","Yelloweye","Private",2,3.81666666666667,0.623751277806833,4.66878787878788,0.251412429378531,0.213483146067416,0.786516853932584,0.0635120131456233
2023,"NG","Yelloweye","Private",1,3.81666666666667,0.623751277806833,4.66878787878788,0.0310734463276836,0.818181818181818,0.181818181818182,1.18063754427391e-05
2023,"NG","Yelloweye","Private",3,3.81666666666667,0.623751277806833,4.66878787878788,0.26271186440678,0.0860215053763441,0.913978494623656,0.0165849893444564
2023,"NG","Yelloweye","Private",4,3.81666666666667,0.623751277806833,4.66878787878788,0.454802259887006,0.062111801242236,0.937888198757764,0.105464330430574
2006,"NG","Yelloweye","Private",2,3.43018867924528,0.247521603426837,3.24714804063861,0.251412429378531,1,0,0.87774011299435
2006,"NG","Yelloweye","Private",1,3.43018867924528,0.247521603426837,3.24714804063861,0.0310734463276836,1,0,0.87774011299435
2006,"NG","Yelloweye","Private",3,3.43018867924528,0.247521603426837,3.24714804063861,0.26271186440678,1,0,0.87774011299435
2006,"NG","Yelloweye","Private",4,3.43018867924528,0.247521603426837,3.24714804063861,0.454802259887006,1,0,0.87774011299435
2002,"NG","Yelloweye","Private",2,2.31538461538462,0.224991781572456,0.658076923076923,0.251412429378531,1,0,0.87774011299435
2002,"NG","Yelloweye","Private",1,2.31538461538462,0.224991781572456,0.658076923076923,0.0310734463276836,1,0,0.87774011299435
2002,"NG","Yelloweye","Private",3,2.31538461538462,0.224991781572456,0.658076923076923,0.26271186440678,1,0,0.87774011299435
2002,"NG","Yelloweye","Private",4,2.31538461538462,0.224991781572456,0.658076923076923,0.454802259887006,1,0,0.87774011299435
2009,"NG","Yelloweye","Private",2,4.02692307692308,0.448263579477957,5.22444615384615,0.251412429378531,1,0,0.87774011299435
2009,"NG","Yelloweye","Private",1,4.02692307692308,0.448263579477957,5.22444615384615,0.0310734463276836,1,0,0.87774011299435
2009,"NG","Yelloweye","Private",3,4.02692307692308,0.448263579477957,5.22444615384615,0.26271186440678,1,0,0.87774011299435
2009,"NG","Yelloweye","Private",4,4.02692307692308,0.448263579477957,5.22444615384615,0.454802259887006,1,0,0.87774011299435
2004,"NG","Yelloweye","Private",2,3.4325,0.166571676517112,2.21968987341772,0.251412429378531,1,0,0.87774011299435
2004,"NG","Yelloweye","Private",1,3.4325,0.166571676517112,2.21968987341772,0.0310734463276836,1,0,0.87774011299435
2004,"NG","Yelloweye","Private",3,3.4325,0.166571676517112,2.21968987341772,0.26271186440678,1,0,0.87774011299435
2004,"NG","Yelloweye","Private",4,3.4325,0.166571676517112,2.21968987341772,0.454802259887006,1,0,0.87774011299435
2024,"NG","Yelloweye","Private",2,3.66734693877551,0.342477316333869,5.74724489795918,0.251412429378531,0.213483146067416,0.786516853932584,0.0635120131456233
2024,"NG","Yelloweye","Private",1,3.66734693877551,0.342477316333869,5.74724489795918,0.0310734463276836,0.818181818181818,0.181818181818182,1.18063754427391e-05
2024,"NG","Yelloweye","Private",3,3.66734693877551,0.342477316333869,5.74724489795918,0.26271186440678,0.0860215053763441,0.913978494623656,0.0165849893444564
2024,"NG","Yelloweye","Private",4,3.66734693877551,0.342477316333869,5.74724489795918,0.454802259887006,0.062111801242236,0.937888198757764,0.105464330430574
2007,"NG","Yelloweye","Private",2,4.03571428571429,0.366313476566362,3.75719576719577,0.251412429378531,1,0,0.87774011299435
2007,"NG","Yelloweye","Private",1,4.03571428571429,0.366313476566362,3.75719576719577,0.0310734463276836,1,0,0.87774011299435
2007,"NG","Yelloweye","Private",3,4.03571428571429,0.366313476566362,3.75719576719577,0.26271186440678,1,0,0.87774011299435
2007,"NG","Yelloweye","Private",4,4.03571428571429,0.366313476566362,3.75719576719577,0.454802259887006,1,0,0.87774011299435
1994,"NG","Yelloweye","Private",2,2.15,0.35,0.245,0.251412429378531,1,0,0.87774011299435
1994,"NG","Yelloweye","Private",1,2.15,0.35,0.245,0.0310734463276836,1,0,0.87774011299435
1994,"NG","Yelloweye","Private",3,2.15,0.35,0.245,0.26271186440678,1,0,0.87774011299435
1994,"NG","Yelloweye","Private",4,2.15,0.35,0.245,0.454802259887006,1,0,0.87774011299435
1993,"NG","Yelloweye","Private",2,4.2,0.867467578644874,3.7625,0.251412429378531,1,0,0.87774011299435
1993,"NG","Yelloweye","Private",1,4.2,0.867467578644874,3.7625,0.0310734463276836,1,0,0.87774011299435
1993,"NG","Yelloweye","Private",3,4.2,0.867467578644874,3.7625,0.26271186440678,1,0,0.87774011299435
1993,"NG","Yelloweye","Private",4,4.2,0.867467578644874,3.7625,0.454802259887006,1,0,0.87774011299435
1996,"NG","Yelloweye","Private",2,4.36666666666667,0.913479307069648,2.50333333333333,0.251412429378531,1,0,0.87774011299435
1996,"NG","Yelloweye","Private",1,4.36666666666667,0.913479307069648,2.50333333333333,0.0310734463276836,1,0,0.87774011299435
1996,"NG","Yelloweye","Private",3,4.36666666666667,0.913479307069648,2.50333333333333,0.26271186440678,1,0,0.87774011299435
1996,"NG","Yelloweye","Private",4,4.36666666666667,0.913479307069648,2.50333333333333,0.454802259887006,1,0,0.87774011299435
2011,"NG","Yelloweye","Private",2,5.6,2.6,13.52,0.251412429378531,1,0,0.87774011299435
2011,"NG","Yelloweye","Private",1,5.6,2.6,13.52,0.0310734463276836,1,0,0.87774011299435
2011,"NG","Yelloweye","Private",3,5.6,2.6,13.52,0.26271186440678,1,0,0.87774011299435
2011,"NG","Yelloweye","Private",4,5.6,2.6,13.52,0.454802259887006,1,0,0.87774011299435
1999,"NG","Yelloweye","Private",2,2.7,0.420472811987785,3.18235294117647,0.251412429378531,1,0,0.87774011299435
1999,"NG","Yelloweye","Private",1,2.7,0.420472811987785,3.18235294117647,0.0310734463276836,1,0,0.87774011299435
1999,"NG","Yelloweye","Private",3,2.7,0.420472811987785,3.18235294117647,0.26271186440678,1,0,0.87774011299435
1999,"NG","Yelloweye","Private",4,2.7,0.420472811987785,3.18235294117647,0.454802259887006,1,0,0.87774011299435
1997,"NG","Yelloweye","Private",2,2.84615384615385,0.328480453427633,1.40269230769231,0.251412429378531,1,0,0.87774011299435
1997,"NG","Yelloweye","Private",1,2.84615384615385,0.328480453427633,1.40269230769231,0.0310734463276836,1,0,0.87774011299435
1997,"NG","Yelloweye","Private",3,2.84615384615385,0.328480453427633,1.40269230769231,0.26271186440678,1,0,0.87774011299435
1997,"NG","Yelloweye","Private",4,2.84615384615385,0.328480453427633,1.40269230769231,0.454802259887006,1,0,0.87774011299435
2001,"NG","Yelloweye","Private",2,3.72083333333333,0.312190668158137,2.33911231884058,0.251412429378531,1,0,0.87774011299435
2001,"NG","Yelloweye","Private",1,3.72083333333333,0.312190668158137,2.33911231884058,0.0310734463276836,1,0,0.87774011299435
2001,"NG","Yelloweye","Private",3,3.72083333333333,0.312190668158137,2.33911231884058,0.26271186440678,1,0,0.87774011299435
2001,"NG","Yelloweye","Private",4,3.72083333333333,0.312190668158137,2.33911231884058,0.454802259887006,1,0,0.87774011299435
2010,"NG","Yelloweye","Private",2,3.65,0.27660820084407,2.44838709677419,0.251412429378531,1,0,0.87774011299435
2010,"NG","Yelloweye","Private",1,3.65,0.27660820084407,2.44838709677419,0.0310734463276836,1,0,0.87774011299435
2010,"NG","Yelloweye","Private",3,3.65,0.27660820084407,2.44838709677419,0.26271186440678,1,0,0.87774011299435
2010,"NG","Yelloweye","Private",4,3.65,0.27660820084407,2.44838709677419,0.454802259887006,1,0,0.87774011299435
2021,"NG","Yelloweye","Private",2,3.64210526315789,0.374034100258727,2.65812865497076,0.251412429378531,0.213483146067416,0.786516853932584,0.0635120131456233
2021,"NG","Yelloweye","Private",1,3.64210526315789,0.374034100258727,2.65812865497076,0.0310734463276836,0.818181818181818,0.181818181818182,1.18063754427391e-05
2021,"NG","Yelloweye","Private",3,3.64210526315789,0.374034100258727,2.65812865497076,0.26271186440678,0.0860215053763441,0.913978494623656,0.0165849893444564
2021,"NG","Yelloweye","Private",4,3.64210526315789,0.374034100258727,2.65812865497076,0.454802259887006,0.062111801242236,0.937888198757764,0.105464330430574
2018,"NG","Yelloweye","Private",2,3.32407407407407,0.225069834417401,2.73544723969252,0.251412429378531,0.213483146067416,0.786516853932584,0.0635120131456233
2018,"NG","Yelloweye","Private",1,3.32407407407407,0.225069834417401,2.73544723969252,0.0310734463276836,0.818181818181818,0.181818181818182,1.18063754427391e-05
2018,"NG","Yelloweye","Private",3,3.32407407407407,0.225069834417401,2.73544723969252,0.26271186440678,0.0860215053763441,0.913978494623656,0.0165849893444564
2018,"NG","Yelloweye","Private",4,3.32407407407407,0.225069834417401,2.73544723969252,0.454802259887006,0.062111801242236,0.937888198757764,0.105464330430574
1998,"NG","Yelloweye","Private",2,4.00909090909091,0.585344427814559,3.76890909090909,0.251412429378531,1,0,0.87774011299435
1998,"NG","Yelloweye","Private",1,4.00909090909091,0.585344427814559,3.76890909090909,0.0310734463276836,1,0,0.87774011299435
1998,"NG","Yelloweye","Private",3,4.00909090909091,0.585344427814559,3.76890909090909,0.26271186440678,1,0,0.87774011299435
1998,"NG","Yelloweye","Private",4,4.00909090909091,0.585344427814559,3.76890909090909,0.454802259887006,1,0,0.87774011299435
2004,"NORTHEAST","Black","Charter",4,2.39561403508772,0.0478604546456699,0.261131035553485,0.0121827411167513,1,0,0.102060913705584
2004,"NORTHEAST","Black","Charter",1,2.39561403508772,0.0478604546456699,0.261131035553485,0.504568527918782,1,0,0.102060913705584
2004,"NORTHEAST","Black","Charter",2,2.39561403508772,0.0478604546456699,0.261131035553485,0.334010152284264,1,0,0.102060913705584
2004,"NORTHEAST","Black","Charter",3,2.39561403508772,0.0478604546456699,0.261131035553485,0.149238578680203,1,0,0.102060913705584
2013,"NORTHEAST","Black","Charter",4,2.24344262295082,0.037432506487547,0.341890980233421,0.0121827411167513,1,0,0.0102783725910064
2013,"NORTHEAST","Black","Charter",1,2.24344262295082,0.037432506487547,0.341890980233421,0.504568527918782,1,0,0
2013,"NORTHEAST","Black","Charter",2,2.24344262295082,0.037432506487547,0.341890980233421,0.334010152284264,0.917933130699088,0.0820668693009119,0.0373544783533715
2013,"NORTHEAST","Black","Charter",3,2.24344262295082,0.037432506487547,0.341890980233421,0.149238578680203,0.836734693877551,0.163265306122449,0.0623843670230405
2021,"NORTHEAST","Black","Charter",4,1.77448979591837,0.0304361951883213,0.272350421397228,0.0121827411167513,1,0,0.0102783725910064
2021,"NORTHEAST","Black","Charter",1,1.77448979591837,0.0304361951883213,0.272350421397228,0.504568527918782,1,0,0
2021,"NORTHEAST","Black","Charter",2,1.77448979591837,0.0304361951883213,0.272350421397228,0.334010152284264,0.917933130699088,0.0820668693009119,0.0373544783533715
2021,"NORTHEAST","Black","Charter",3,1.77448979591837,0.0304361951883213,0.272350421397228,0.149238578680203,0.836734693877551,0.163265306122449,0.0623843670230405
2024,"NORTHEAST","Black","Charter",4,1.94477611940299,0.0486490297569155,0.158570782451379,0.0121827411167513,1,0,0.0102783725910064
2024,"NORTHEAST","Black","Charter",1,1.94477611940299,0.0486490297569155,0.158570782451379,0.504568527918782,1,0,0
2024,"NORTHEAST","Black","Charter",2,1.94477611940299,0.0486490297569155,0.158570782451379,0.334010152284264,0.917933130699088,0.0820668693009119,0.0373544783533715
2024,"NORTHEAST","Black","Charter",3,1.94477611940299,0.0486490297569155,0.158570782451379,0.149238578680203,0.836734693877551,0.163265306122449,0.0623843670230405
1993,"NORTHEAST","Black","Charter",4,2.125,0.125,0.03125,0.0121827411167513,1,0,0.102060913705584
1993,"NORTHEAST","Black","Charter",1,2.125,0.125,0.03125,0.504568527918782,1,0,0.102060913705584
1993,"NORTHEAST","Black","Charter",2,2.125,0.125,0.03125,0.334010152284264,1,0,0.102060913705584
1993,"NORTHEAST","Black","Charter",3,2.125,0.125,0.03125,0.149238578680203,1,0,0.102060913705584
2010,"NORTHEAST","Black","Charter",4,2.11818181818182,0.115851144160538,0.147636363636364,0.0121827411167513,1,0,0.102060913705584
2010,"NORTHEAST","Black","Charter",1,2.11818181818182,0.115851144160538,0.147636363636364,0.504568527918782,1,0,0.102060913705584
2010,"NORTHEAST","Black","Charter",2,2.11818181818182,0.115851144160538,0.147636363636364,0.334010152284264,1,0,0.102060913705584
2010,"NORTHEAST","Black","Charter",3,2.11818181818182,0.115851144160538,0.147636363636364,0.149238578680203,1,0,0.102060913705584
2005,"NORTHEAST","Black","Charter",4,2.14220183486239,0.0481088777131375,0.252276588515121,0.0121827411167513,1,0,0.102060913705584
2005,"NORTHEAST","Black","Charter",1,2.14220183486239,0.0481088777131375,0.252276588515121,0.504568527918782,1,0,0.102060913705584
2005,"NORTHEAST","Black","Charter",2,2.14220183486239,0.0481088777131375,0.252276588515121,0.334010152284264,1,0,0.102060913705584
2005,"NORTHEAST","Black","Charter",3,2.14220183486239,0.0481088777131375,0.252276588515121,0.149238578680203,1,0,0.102060913705584
2023,"NORTHEAST","Black","Charter",4,1.9459595959596,0.0378469161235328,0.283613033892222,0.0121827411167513,1,0,0.0102783725910064
2023,"NORTHEAST","Black","Charter",1,1.9459595959596,0.0378469161235328,0.283613033892222,0.504568527918782,1,0,0
2023,"NORTHEAST","Black","Charter",2,1.9459595959596,0.0378469161235328,0.283613033892222,0.334010152284264,0.917933130699088,0.0820668693009119,0.0373544783533715
2023,"NORTHEAST","Black","Charter",3,1.9459595959596,0.0378469161235328,0.283613033892222,0.149238578680203,0.836734693877551,0.163265306122449,0.0623843670230405
2018,"NORTHEAST","Black","Charter",4,2.08755020080321,0.0363983262386424,0.329884700090685,0.0121827411167513,1,0,0.0102783725910064
2018,"NORTHEAST","Black","Charter",1,2.08755020080321,0.0363983262386424,0.329884700090685,0.504568527918782,1,0,0
2018,"NORTHEAST","Black","Charter",2,2.08755020080321,0.0363983262386424,0.329884700090685,0.334010152284264,0.917933130699088,0.0820668693009119,0.0373544783533715
2018,"NORTHEAST","Black","Charter",3,2.08755020080321,0.0363983262386424,0.329884700090685,0.149238578680203,0.836734693877551,0.163265306122449,0.0623843670230405
2012,"NORTHEAST","Black","Charter",4,2.20277777777778,0.045371783166876,0.222328660436137,0.0121827411167513,1,0,0.102060913705584
2012,"NORTHEAST","Black","Charter",1,2.20277777777778,0.045371783166876,0.222328660436137,0.504568527918782,1,0,0.102060913705584
2012,"NORTHEAST","Black","Charter",2,2.20277777777778,0.045371783166876,0.222328660436137,0.334010152284264,1,0,0.102060913705584
2012,"NORTHEAST","Black","Charter",3,2.20277777777778,0.045371783166876,0.222328660436137,0.149238578680203,1,0,0.102060913705584
2016,"NORTHEAST","Black","Charter",4,2.090625,0.0455640165193758,0.265738188976378,0.0121827411167513,1,0,0.0102783725910064
2016,"NORTHEAST","Black","Charter",1,2.090625,0.0455640165193758,0.265738188976378,0.504568527918782,1,0,0
2016,"NORTHEAST","Black","Charter",2,2.090625,0.0455640165193758,0.265738188976378,0.334010152284264,0.917933130699088,0.0820668693009119,0.0373544783533715
2016,"NORTHEAST","Black","Charter",3,2.090625,0.0455640165193758,0.265738188976378,0.149238578680203,0.836734693877551,0.163265306122449,0.0623843670230405
2001,"NORTHEAST","Black","Charter",4,2.2,0.133128047094055,0.4608,0.0121827411167513,1,0,0.102060913705584
2001,"NORTHEAST","Black","Charter",1,2.2,0.133128047094055,0.4608,0.504568527918782,1,0,0.102060913705584
2001,"NORTHEAST","Black","Charter",2,2.2,0.133128047094055,0.4608,0.334010152284264,1,0,0.102060913705584
2001,"NORTHEAST","Black","Charter",3,2.2,0.133128047094055,0.4608,0.149238578680203,1,0,0.102060913705584
2000,"NORTHEAST","Black","Charter",4,2.24074074074074,0.0773969785365591,0.161737891737892,0.0121827411167513,1,0,0.102060913705584
2000,"NORTHEAST","Black","Charter",1,2.24074074074074,0.0773969785365591,0.161737891737892,0.504568527918782,1,0,0.102060913705584
2000,"NORTHEAST","Black","Charter",2,2.24074074074074,0.0773969785365591,0.161737891737892,0.334010152284264,1,0,0.102060913705584
2000,"NORTHEAST","Black","Charter",3,2.24074074074074,0.0773969785365591,0.161737891737892,0.149238578680203,1,0,0.102060913705584
2020,"NORTHEAST","Black","Charter",4,2.31481481481481,0.0966383753658099,0.504304682040531,0.0121827411167513,1,0,0.0102783725910064
2020,"NORTHEAST","Black","Charter",1,2.31481481481481,0.0966383753658099,0.504304682040531,0.504568527918782,1,0,0
2020,"NORTHEAST","Black","Charter",2,2.31481481481481,0.0966383753658099,0.504304682040531,0.334010152284264,0.917933130699088,0.0820668693009119,0.0373544783533715
2020,"NORTHEAST","Black","Charter",3,2.31481481481481,0.0966383753658099,0.504304682040531,0.149238578680203,0.836734693877551,0.163265306122449,0.0623843670230405
2017,"NORTHEAST","Black","Charter",4,1.88201438848921,0.0422894460346698,0.248587217182776,0.0121827411167513,1,0,0.0102783725910064
2017,"NORTHEAST","Black","Charter",1,1.88201438848921,0.0422894460346698,0.248587217182776,0.504568527918782,1,0,0
2017,"NORTHEAST","Black","Charter",2,1.88201438848921,0.0422894460346698,0.248587217182776,0.334010152284264,0.917933130699088,0.0820668693009119,0.0373544783533715
2017,"NORTHEAST","Black","Charter",3,1.88201438848921,0.0422894460346698,0.248587217182776,0.149238578680203,0.836734693877551,0.163265306122449,0.0623843670230405
1995,"NORTHEAST","Black","Charter",4,2.06206896551724,0.0970518363733252,0.273152709359606,0.0121827411167513,1,0,0.102060913705584
1995,"NORTHEAST","Black","Charter",1,2.06206896551724,0.0970518363733252,0.273152709359606,0.504568527918782,1,0,0.102060913705584
1995,"NORTHEAST","Black","Charter",2,2.06206896551724,0.0970518363733252,0.273152709359606,0.334010152284264,1,0,0.102060913705584
1995,"NORTHEAST","Black","Charter",3,2.06206896551724,0.0970518363733252,0.273152709359606,0.149238578680203,1,0,0.102060913705584
1998,"NORTHEAST","Black","Charter",4,1.5675,0.109039365980059,0.475583333333333,0.0121827411167513,1,0,0.102060913705584
1998,"NORTHEAST","Black","Charter",1,1.5675,0.109039365980059,0.475583333333333,0.504568527918782,1,0,0.102060913705584
1998,"NORTHEAST","Black","Charter",2,1.5675,0.109039365980059,0.475583333333333,0.334010152284264,1,0,0.102060913705584
1998,"NORTHEAST","Black","Charter",3,1.5675,0.109039365980059,0.475583333333333,0.149238578680203,1,0,0.102060913705584
2003,"NORTHEAST","Black","Charter",4,2.16911764705882,0.0787929503800468,0.422166374012291,0.0121827411167513,1,0,0.102060913705584
2003,"NORTHEAST","Black","Charter",1,2.16911764705882,0.0787929503800468,0.422166374012291,0.504568527918782,1,0,0.102060913705584
2003,"NORTHEAST","Black","Charter",2,2.16911764705882,0.0787929503800468,0.422166374012291,0.334010152284264,1,0,0.102060913705584
2003,"NORTHEAST","Black","Charter",3,2.16911764705882,0.0787929503800468,0.422166374012291,0.149238578680203,1,0,0.102060913705584
2008,"NORTHEAST","Black","Charter",4,2.52421052631579,0.0460953729031078,0.201854423292273,0.0121827411167513,1,0,0.102060913705584
2008,"NORTHEAST","Black","Charter",1,2.52421052631579,0.0460953729031078,0.201854423292273,0.504568527918782,1,0,0.102060913705584
2008,"NORTHEAST","Black","Charter",2,2.52421052631579,0.0460953729031078,0.201854423292273,0.334010152284264,1,0,0.102060913705584
2008,"NORTHEAST","Black","Charter",3,2.52421052631579,0.0460953729031078,0.201854423292273,0.149238578680203,1,0,0.102060913705584
2011,"NORTHEAST","Black","Charter",4,2.45492957746479,0.0581328781215037,0.239939637826962,0.0121827411167513,1,0,0.102060913705584
2011,"NORTHEAST","Black","Charter",1,2.45492957746479,0.0581328781215037,0.239939637826962,0.504568527918782,1,0,0.102060913705584
2011,"NORTHEAST","Black","Charter",2,2.45492957746479,0.0581328781215037,0.239939637826962,0.334010152284264,1,0,0.102060913705584
2011,"NORTHEAST","Black","Charter",3,2.45492957746479,0.0581328781215037,0.239939637826962,0.149238578680203,1,0,0.102060913705584
2009,"NORTHEAST","Black","Charter",4,2.45660377358491,0.082746286906564,0.36288824383164,0.0121827411167513,1,0,0.102060913705584
2009,"NORTHEAST","Black","Charter",1,2.45660377358491,0.082746286906564,0.36288824383164,0.504568527918782,1,0,0.102060913705584
2009,"NORTHEAST","Black","Charter",2,2.45660377358491,0.082746286906564,0.36288824383164,0.334010152284264,1,0,0.102060913705584
2009,"NORTHEAST","Black","Charter",3,2.45660377358491,0.082746286906564,0.36288824383164,0.149238578680203,1,0,0.102060913705584
2006,"NORTHEAST","Black","Charter",4,2.26631578947368,0.0402292012941531,0.153746920492721,0.0121827411167513,1,0,0.102060913705584
2006,"NORTHEAST","Black","Charter",1,2.26631578947368,0.0402292012941531,0.153746920492721,0.504568527918782,1,0,0.102060913705584
2006,"NORTHEAST","Black","Charter",2,2.26631578947368,0.0402292012941531,0.153746920492721,0.334010152284264,1,0,0.102060913705584
2006,"NORTHEAST","Black","Charter",3,2.26631578947368,0.0402292012941531,0.153746920492721,0.149238578680203,1,0,0.102060913705584
2025,"NORTHEAST","Black","Charter",4,1.9984693877551,0.0764104324126242,1.14435661957091,0.0121827411167513,1,0,0.0102783725910064
2025,"NORTHEAST","Black","Charter",1,1.9984693877551,0.0764104324126242,1.14435661957091,0.504568527918782,1,0,0
2025,"NORTHEAST","Black","Charter",2,1.9984693877551,0.0764104324126242,1.14435661957091,0.334010152284264,0.917933130699088,0.0820668693009119,0.0373544783533715
2025,"NORTHEAST","Black","Charter",3,1.9984693877551,0.0764104324126242,1.14435661957091,0.149238578680203,0.836734693877551,0.163265306122449,0.0623843670230405
2007,"NORTHEAST","Black","Charter",4,2.63617021276596,0.0776877649593203,0.283663274745606,0.0121827411167513,1,0,0.102060913705584
2007,"NORTHEAST","Black","Charter",1,2.63617021276596,0.0776877649593203,0.283663274745606,0.504568527918782,1,0,0.102060913705584
2007,"NORTHEAST","Black","Charter",2,2.63617021276596,0.0776877649593203,0.283663274745606,0.334010152284264,1,0,0.102060913705584
2007,"NORTHEAST","Black","Charter",3,2.63617021276596,0.0776877649593203,0.283663274745606,0.149238578680203,1,0,0.102060913705584
2002,"NORTHEAST","Black","Charter",4,2.43333333333333,0.0680461231384809,0.194471544715447,0.0121827411167513,1,0,0.102060913705584
2002,"NORTHEAST","Black","Charter",1,2.43333333333333,0.0680461231384809,0.194471544715447,0.504568527918782,1,0,0.102060913705584
2002,"NORTHEAST","Black","Charter",2,2.43333333333333,0.0680461231384809,0.194471544715447,0.334010152284264,1,0,0.102060913705584
2002,"NORTHEAST","Black","Charter",3,2.43333333333333,0.0680461231384809,0.194471544715447,0.149238578680203,1,0,0.102060913705584
2014,"NORTHEAST","Black","Charter",4,2.29879032258065,0.0348014473666504,0.300362903225806,0.0121827411167513,1,0,0.0102783725910064
2014,"NORTHEAST","Black","Charter",1,2.29879032258065,0.0348014473666504,0.300362903225806,0.504568527918782,1,0,0
2014,"NORTHEAST","Black","Charter",2,2.29879032258065,0.0348014473666504,0.300362903225806,0.334010152284264,0.917933130699088,0.0820668693009119,0.0373544783533715
2014,"NORTHEAST","Black","Charter",3,2.29879032258065,0.0348014473666504,0.300362903225806,0.149238578680203,0.836734693877551,0.163265306122449,0.0623843670230405
2022,"NORTHEAST","Black","Charter",4,1.72173913043478,0.0478011168432865,0.262768878718535,0.0121827411167513,1,0,0.0102783725910064
2022,"NORTHEAST","Black","Charter",1,1.72173913043478,0.0478011168432865,0.262768878718535,0.504568527918782,1,0,0
2022,"NORTHEAST","Black","Charter",2,1.72173913043478,0.0478011168432865,0.262768878718535,0.334010152284264,0.917933130699088,0.0820668693009119,0.0373544783533715
2022,"NORTHEAST","Black","Charter",3,1.72173913043478,0.0478011168432865,0.262768878718535,0.149238578680203,0.836734693877551,0.163265306122449,0.0623843670230405
2019,"NORTHEAST","Black","Charter",4,2.34027777777778,0.048744129250678,0.34214257964258,0.0121827411167513,1,0,0.0102783725910064
2019,"NORTHEAST","Black","Charter",1,2.34027777777778,0.048744129250678,0.34214257964258,0.504568527918782,1,0,0
2019,"NORTHEAST","Black","Charter",2,2.34027777777778,0.048744129250678,0.34214257964258,0.334010152284264,0.917933130699088,0.0820668693009119,0.0373544783533715
2019,"NORTHEAST","Black","Charter",3,2.34027777777778,0.048744129250678,0.34214257964258,0.149238578680203,0.836734693877551,0.163265306122449,0.0623843670230405
1994,"NORTHEAST","Black","Charter",4,1.95,0.0783257341805401,0.220857142857143,0.0121827411167513,1,0,0.102060913705584
1994,"NORTHEAST","Black","Charter",1,1.95,0.0783257341805401,0.220857142857143,0.504568527918782,1,0,0.102060913705584
1994,"NORTHEAST","Black","Charter",2,1.95,0.0783257341805401,0.220857142857143,0.334010152284264,1,0,0.102060913705584
1994,"NORTHEAST","Black","Charter",3,1.95,0.0783257341805401,0.220857142857143,0.149238578680203,1,0,0.102060913705584
1999,"NORTHEAST","Black","Charter",4,1.95833333333333,0.0773209890879272,0.0717424242424243,0.0121827411167513,1,0,0.102060913705584
1999,"NORTHEAST","Black","Charter",1,1.95833333333333,0.0773209890879272,0.0717424242424243,0.504568527918782,1,0,0.102060913705584
1999,"NORTHEAST","Black","Charter",2,1.95833333333333,0.0773209890879272,0.0717424242424243,0.334010152284264,1,0,0.102060913705584
1999,"NORTHEAST","Black","Charter",3,1.95833333333333,0.0773209890879272,0.0717424242424243,0.149238578680203,1,0,0.102060913705584
2017,"NORTHEAST","Yelloweye","Charter",2,3.6,NA,NA,0.117694517863964,0.274910463222484,0.725089536777516,0.27233134854105
2006,"NORTHEAST","Yelloweye","Charter",2,4.40344827586207,0.225388704123171,1.47320197044335,0.117694517863964,1,0,0.927756353809389
2000,"NORTHEAST","Yelloweye","Charter",2,4.48,0.49030602688525,1.202,0.117694517863964,1,0,0.927756353809389
2018,"NORTHEAST","Yelloweye","Charter",2,4.58333333333333,1.03968478128924,6.48566666666667,0.117694517863964,0.274910463222484,0.725089536777516,0.27233134854105
1998,"NORTHEAST","Yelloweye","Charter",2,5.4,0.886002257333467,3.925,0.117694517863964,1,0,0.927756353809389
2013,"NORTHEAST","Yelloweye","Charter",2,4.04736842105263,0.383151629021451,2.78929824561403,0.117694517863964,0.274910463222484,0.725089536777516,0.27233134854105
2005,"NORTHEAST","Yelloweye","Charter",2,6.04411764705882,0.376189525765107,4.81163101604278,0.117694517863964,1,0,0.927756353809389
2019,"NORTHEAST","Yelloweye","Charter",2,5.66363636363636,0.836146216799292,7.69054545454545,0.117694517863964,0.274910463222484,0.725089536777516,0.27233134854105
2008,"NORTHEAST","Yelloweye","Charter",2,5.05625,0.654024002490225,6.84395833333333,0.117694517863964,1,0,0.927756353809389
2014,"NORTHEAST","Yelloweye","Charter",2,4.08333333333333,0.469014655927453,2.63969696969697,0.117694517863964,0.274910463222484,0.725089536777516,0.27233134854105
2009,"NORTHEAST","Yelloweye","Charter",2,3.55625,0.629481847103897,6.33995833333333,0.117694517863964,1,0,0.927756353809389
2020,"NORTHEAST","Yelloweye","Charter",2,1.96666666666667,0.166666666666667,0.0833333333333333,0.117694517863964,0.274910463222484,0.725089536777516,0.27233134854105
2023,"NORTHEAST","Yelloweye","Charter",2,3.725,0.749861098248647,2.24916666666667,0.117694517863964,0.274910463222484,0.725089536777516,0.27233134854105
2025,"NORTHEAST","Yelloweye","Charter",2,2.21904761904762,0.355341488847201,2.65161904761905,0.117694517863964,0.274910463222484,0.725089536777516,0.27233134854105
2010,"NORTHEAST","Yelloweye","Charter",2,4.64,0.911372591205156,4.153,0.117694517863964,1,0,0.927756353809389
2024,"NORTHEAST","Yelloweye","Charter",2,0.966666666666667,0.120185042515466,0.0433333333333333,0.117694517863964,0.274910463222484,0.725089536777516,0.27233134854105
2004,"NORTHEAST","Yelloweye","Charter",2,5.05333333333333,0.453438363183299,3.08409523809524,0.117694517863964,1,0,0.927756353809389
2001,"NORTHEAST","Yelloweye","Charter",2,6.08,1.04517941043631,5.462,0.117694517863964,1,0,0.927756353809389
2015,"NORTHEAST","Yelloweye","Charter",2,3.63333333333333,0.796520209689902,1.90333333333333,0.117694517863964,0.274910463222484,0.725089536777516,0.27233134854105
2011,"NORTHEAST","Yelloweye","Charter",2,6.125,0.495605690039975,0.9825,0.117694517863964,1,0,0.927756353809389
2002,"NORTHEAST","Yelloweye","Charter",2,3.2,NA,NA,0.117694517863964,1,0,0.927756353809389
2003,"NORTHEAST","Yelloweye","Charter",2,5.3125,0.646539552430586,3.34410714285714,0.117694517863964,1,0,0.927756353809389
2016,"NORTHEAST","Yelloweye","Charter",2,3.975,0.964689069078737,3.7225,0.117694517863964,0.274910463222484,0.725089536777516,0.27233134854105
2021,"NORTHEAST","Yelloweye","Charter",2,3.5625,0.382163717721682,1.16839285714286,0.117694517863964,0.274910463222484,0.725089536777516,0.27233134854105
2022,"NORTHEAST","Yelloweye","Charter",2,1.85,0.0499999999999999,0.00499999999999999,0.117694517863964,0.274910463222484,0.725089536777516,0.27233134854105
2012,"NORTHEAST","Yelloweye","Charter",2,1.85,0.262995563967658,0.276666666666667,0.117694517863964,1,0,0.927756353809389
2024,"NORTHEAST","Black","Private",4,1.86486486486486,0.063932234231388,0.151231231231231,0.0129763130792997,0.952380952380952,0.0476190476190477,0.010777964936808
2024,"NORTHEAST","Black","Private",2,1.86486486486486,0.063932234231388,0.151231231231231,0.509577754891864,0.845594179466451,0.154405820533549,0.0536963845552584
2024,"NORTHEAST","Black","Private",3,1.86486486486486,0.063932234231388,0.151231231231231,0.106076210092688,0.74368932038835,0.25631067961165,0.0415591610792394
2024,"NORTHEAST","Black","Private",1,1.86486486486486,0.063932234231388,0.151231231231231,0.371369721936148,0.968386023294509,0.0316139767054908,0
2012,"NORTHEAST","Black","Private",4,2.16571428571429,0.0816780785976835,0.233495798319328,0.0129763130792997,1,0,0.108657054582904
2012,"NORTHEAST","Black","Private",2,2.16571428571429,0.0816780785976835,0.233495798319328,0.509577754891864,1,0,0.108657054582904
2012,"NORTHEAST","Black","Private",3,2.16571428571429,0.0816780785976835,0.233495798319328,0.106076210092688,1,0,0.108657054582904
2012,"NORTHEAST","Black","Private",1,2.16571428571429,0.0816780785976835,0.233495798319328,0.371369721936148,1,0,0.108657054582904
2010,"NORTHEAST","Black","Private",4,2.34285714285714,0.170233932683043,0.202857142857143,0.0129763130792997,1,0,0.108657054582904
2010,"NORTHEAST","Black","Private",2,2.34285714285714,0.170233932683043,0.202857142857143,0.509577754891864,1,0,0.108657054582904
2010,"NORTHEAST","Black","Private",3,2.34285714285714,0.170233932683043,0.202857142857143,0.106076210092688,1,0,0.108657054582904
2010,"NORTHEAST","Black","Private",1,2.34285714285714,0.170233932683043,0.202857142857143,0.371369721936148,1,0,0.108657054582904
2011,"NORTHEAST","Black","Private",4,2.06315789473684,0.0795493617456465,0.120233918128655,0.0129763130792997,1,0,0.108657054582904
2011,"NORTHEAST","Black","Private",2,2.06315789473684,0.0795493617456465,0.120233918128655,0.509577754891864,1,0,0.108657054582904
2011,"NORTHEAST","Black","Private",3,2.06315789473684,0.0795493617456465,0.120233918128655,0.106076210092688,1,0,0.108657054582904
2011,"NORTHEAST","Black","Private",1,2.06315789473684,0.0795493617456465,0.120233918128655,0.371369721936148,1,0,0.108657054582904
2000,"NORTHEAST","Black","Private",4,2.02058823529412,0.0682002044134992,0.316286215978929,0.0129763130792997,1,0,0.108657054582904
2000,"NORTHEAST","Black","Private",2,2.02058823529412,0.0682002044134992,0.316286215978929,0.509577754891864,1,0,0.108657054582904
2000,"NORTHEAST","Black","Private",3,2.02058823529412,0.0682002044134992,0.316286215978929,0.106076210092688,1,0,0.108657054582904
2000,"NORTHEAST","Black","Private",1,2.02058823529412,0.0682002044134992,0.316286215978929,0.371369721936148,1,0,0.108657054582904
2006,"NORTHEAST","Black","Private",4,1.51627906976744,0.15008045950462,0.968538205980066,0.0129763130792997,1,0,0.108657054582904
2006,"NORTHEAST","Black","Private",2,1.51627906976744,0.15008045950462,0.968538205980066,0.509577754891864,1,0,0.108657054582904
2006,"NORTHEAST","Black","Private",3,1.51627906976744,0.15008045950462,0.968538205980066,0.106076210092688,1,0,0.108657054582904
2006,"NORTHEAST","Black","Private",1,1.51627906976744,0.15008045950462,0.968538205980066,0.371369721936148,1,0,0.108657054582904
2019,"NORTHEAST","Black","Private",4,2.3,0.149041734877107,0.510909090909091,0.0129763130792997,0.952380952380952,0.0476190476190477,0.010777964936808
2019,"NORTHEAST","Black","Private",2,2.3,0.149041734877107,0.510909090909091,0.509577754891864,0.845594179466451,0.154405820533549,0.0536963845552584
2019,"NORTHEAST","Black","Private",3,2.3,0.149041734877107,0.510909090909091,0.106076210092688,0.74368932038835,0.25631067961165,0.0415591610792394
2019,"NORTHEAST","Black","Private",1,2.3,0.149041734877107,0.510909090909091,0.371369721936148,0.968386023294509,0.0316139767054908,0
2016,"NORTHEAST","Black","Private",4,2.01666666666667,0.177795138041261,0.189666666666667,0.0129763130792997,0.952380952380952,0.0476190476190477,0.010777964936808
2016,"NORTHEAST","Black","Private",2,2.01666666666667,0.177795138041261,0.189666666666667,0.509577754891864,0.845594179466451,0.154405820533549,0.0536963845552584
2016,"NORTHEAST","Black","Private",3,2.01666666666667,0.177795138041261,0.189666666666667,0.106076210092688,0.74368932038835,0.25631067961165,0.0415591610792394
2016,"NORTHEAST","Black","Private",1,2.01666666666667,0.177795138041261,0.189666666666667,0.371369721936148,0.968386023294509,0.0316139767054908,0
2004,"NORTHEAST","Black","Private",4,2.1421875,0.0626705881300588,0.251366567460317,0.0129763130792997,1,0,0.108657054582904
2004,"NORTHEAST","Black","Private",2,2.1421875,0.0626705881300588,0.251366567460317,0.509577754891864,1,0,0.108657054582904
2004,"NORTHEAST","Black","Private",3,2.1421875,0.0626705881300588,0.251366567460317,0.106076210092688,1,0,0.108657054582904
2004,"NORTHEAST","Black","Private",1,2.1421875,0.0626705881300588,0.251366567460317,0.371369721936148,1,0,0.108657054582904
1993,"NORTHEAST","Black","Private",4,1.84090909090909,0.122811418964603,0.165909090909091,0.0129763130792997,1,0,0.108657054582904
1993,"NORTHEAST","Black","Private",2,1.84090909090909,0.122811418964603,0.165909090909091,0.509577754891864,1,0,0.108657054582904
1993,"NORTHEAST","Black","Private",3,1.84090909090909,0.122811418964603,0.165909090909091,0.106076210092688,1,0,0.108657054582904
1993,"NORTHEAST","Black","Private",1,1.84090909090909,0.122811418964603,0.165909090909091,0.371369721936148,1,0,0.108657054582904
2005,"NORTHEAST","Black","Private",4,2.07391304347826,0.0600032740621715,0.248427109974425,0.0129763130792997,1,0,0.108657054582904
2005,"NORTHEAST","Black","Private",2,2.07391304347826,0.0600032740621715,0.248427109974425,0.509577754891864,1,0,0.108657054582904
2005,"NORTHEAST","Black","Private",3,2.07391304347826,0.0600032740621715,0.248427109974425,0.106076210092688,1,0,0.108657054582904
2005,"NORTHEAST","Black","Private",1,2.07391304347826,0.0600032740621715,0.248427109974425,0.371369721936148,1,0,0.108657054582904
2018,"NORTHEAST","Black","Private",4,1.83920454545455,0.0527181579392273,0.489139935064935,0.0129763130792997,0.952380952380952,0.0476190476190477,0.010777964936808
2018,"NORTHEAST","Black","Private",2,1.83920454545455,0.0527181579392273,0.489139935064935,0.509577754891864,0.845594179466451,0.154405820533549,0.0536963845552584
2018,"NORTHEAST","Black","Private",3,1.83920454545455,0.0527181579392273,0.489139935064935,0.106076210092688,0.74368932038835,0.25631067961165,0.0415591610792394
2018,"NORTHEAST","Black","Private",1,1.83920454545455,0.0527181579392273,0.489139935064935,0.371369721936148,0.968386023294509,0.0316139767054908,0
1996,"NORTHEAST","Black","Private",4,1.8,0.2,0.08,0.0129763130792997,1,0,0.108657054582904
1996,"NORTHEAST","Black","Private",2,1.8,0.2,0.08,0.509577754891864,1,0,0.108657054582904
1996,"NORTHEAST","Black","Private",3,1.8,0.2,0.08,0.106076210092688,1,0,0.108657054582904
1996,"NORTHEAST","Black","Private",1,1.8,0.2,0.08,0.371369721936148,1,0,0.108657054582904
2013,"NORTHEAST","Black","Private",4,1.87575757575758,0.10298851648164,0.350018939393939,0.0129763130792997,0.952380952380952,0.0476190476190477,0.010777964936808
2013,"NORTHEAST","Black","Private",2,1.87575757575758,0.10298851648164,0.350018939393939,0.509577754891864,0.845594179466451,0.154405820533549,0.0536963845552584
2013,"NORTHEAST","Black","Private",3,1.87575757575758,0.10298851648164,0.350018939393939,0.106076210092688,0.74368932038835,0.25631067961165,0.0415591610792394
2013,"NORTHEAST","Black","Private",1,1.87575757575758,0.10298851648164,0.350018939393939,0.371369721936148,0.968386023294509,0.0316139767054908,0
2017,"NORTHEAST","Black","Private",4,1.92446043165468,0.0463993010481063,0.299252424147638,0.0129763130792997,0.952380952380952,0.0476190476190477,0.010777964936808
2017,"NORTHEAST","Black","Private",2,1.92446043165468,0.0463993010481063,0.299252424147638,0.509577754891864,0.845594179466451,0.154405820533549,0.0536963845552584
2017,"NORTHEAST","Black","Private",3,1.92446043165468,0.0463993010481063,0.299252424147638,0.106076210092688,0.74368932038835,0.25631067961165,0.0415591610792394
2017,"NORTHEAST","Black","Private",1,1.92446043165468,0.0463993010481063,0.299252424147638,0.371369721936148,0.968386023294509,0.0316139767054908,0
2025,"NORTHEAST","Black","Private",4,1.83428571428571,0.0623008230846336,0.135848739495798,0.0129763130792997,0.952380952380952,0.0476190476190477,0.010777964936808
2025,"NORTHEAST","Black","Private",2,1.83428571428571,0.0623008230846336,0.135848739495798,0.509577754891864,0.845594179466451,0.154405820533549,0.0536963845552584
2025,"NORTHEAST","Black","Private",3,1.83428571428571,0.0623008230846336,0.135848739495798,0.106076210092688,0.74368932038835,0.25631067961165,0.0415591610792394
2025,"NORTHEAST","Black","Private",1,1.83428571428571,0.0623008230846336,0.135848739495798,0.371369721936148,0.968386023294509,0.0316139767054908,0
2003,"NORTHEAST","Black","Private",4,2.20909090909091,0.0602183019188033,0.35899814471243,0.0129763130792997,1,0,0.108657054582904
2003,"NORTHEAST","Black","Private",2,2.20909090909091,0.0602183019188033,0.35899814471243,0.509577754891864,1,0,0.108657054582904
2003,"NORTHEAST","Black","Private",3,2.20909090909091,0.0602183019188033,0.35899814471243,0.106076210092688,1,0,0.108657054582904
2003,"NORTHEAST","Black","Private",1,2.20909090909091,0.0602183019188033,0.35899814471243,0.371369721936148,1,0,0.108657054582904
2023,"NORTHEAST","Black","Private",4,1.91724137931034,0.0394204279703569,0.225325670498084,0.0129763130792997,0.952380952380952,0.0476190476190477,0.010777964936808
2023,"NORTHEAST","Black","Private",2,1.91724137931034,0.0394204279703569,0.225325670498084,0.509577754891864,0.845594179466451,0.154405820533549,0.0536963845552584
2023,"NORTHEAST","Black","Private",3,1.91724137931034,0.0394204279703569,0.225325670498084,0.106076210092688,0.74368932038835,0.25631067961165,0.0415591610792394
2023,"NORTHEAST","Black","Private",1,1.91724137931034,0.0394204279703569,0.225325670498084,0.371369721936148,0.968386023294509,0.0316139767054908,0
1995,"NORTHEAST","Black","Private",4,2.01052631578947,0.14467037282869,0.39766081871345,0.0129763130792997,1,0,0.108657054582904
1995,"NORTHEAST","Black","Private",2,2.01052631578947,0.14467037282869,0.39766081871345,0.509577754891864,1,0,0.108657054582904
1995,"NORTHEAST","Black","Private",3,2.01052631578947,0.14467037282869,0.39766081871345,0.106076210092688,1,0,0.108657054582904
1995,"NORTHEAST","Black","Private",1,2.01052631578947,0.14467037282869,0.39766081871345,0.371369721936148,1,0,0.108657054582904
2022,"NORTHEAST","Black","Private",4,1.65909090909091,0.063572151233495,0.177822410147992,0.0129763130792997,0.952380952380952,0.0476190476190477,0.010777964936808
2022,"NORTHEAST","Black","Private",2,1.65909090909091,0.063572151233495,0.177822410147992,0.509577754891864,0.845594179466451,0.154405820533549,0.0536963845552584
2022,"NORTHEAST","Black","Private",3,1.65909090909091,0.063572151233495,0.177822410147992,0.106076210092688,0.74368932038835,0.25631067961165,0.0415591610792394
2022,"NORTHEAST","Black","Private",1,1.65909090909091,0.063572151233495,0.177822410147992,0.371369721936148,0.968386023294509,0.0316139767054908,0
2020,"NORTHEAST","Black","Private",4,1.75,0.25,0.25,0.0129763130792997,0.952380952380952,0.0476190476190477,0.010777964936808
2020,"NORTHEAST","Black","Private",2,1.75,0.25,0.25,0.509577754891864,0.845594179466451,0.154405820533549,0.0536963845552584
2020,"NORTHEAST","Black","Private",3,1.75,0.25,0.25,0.106076210092688,0.74368932038835,0.25631067961165,0.0415591610792394
2020,"NORTHEAST","Black","Private",1,1.75,0.25,0.25,0.371369721936148,0.968386023294509,0.0316139767054908,0
2001,"NORTHEAST","Black","Private",4,1.97674418604651,0.0963243188965199,0.398970099667774,0.0129763130792997,1,0,0.108657054582904
2001,"NORTHEAST","Black","Private",2,1.97674418604651,0.0963243188965199,0.398970099667774,0.509577754891864,1,0,0.108657054582904
2001,"NORTHEAST","Black","Private",3,1.97674418604651,0.0963243188965199,0.398970099667774,0.106076210092688,1,0,0.108657054582904
2001,"NORTHEAST","Black","Private",1,1.97674418604651,0.0963243188965199,0.398970099667774,0.371369721936148,1,0,0.108657054582904
2009,"NORTHEAST","Black","Private",4,2.13529411764706,0.128607124171032,0.281176470588235,0.0129763130792997,1,0,0.108657054582904
2009,"NORTHEAST","Black","Private",2,2.13529411764706,0.128607124171032,0.281176470588235,0.509577754891864,1,0,0.108657054582904
2009,"NORTHEAST","Black","Private",3,2.13529411764706,0.128607124171032,0.281176470588235,0.106076210092688,1,0,0.108657054582904
2009,"NORTHEAST","Black","Private",1,2.13529411764706,0.128607124171032,0.281176470588235,0.371369721936148,1,0,0.108657054582904
2008,"NORTHEAST","Black","Private",4,2.36279069767442,0.0643584280620106,0.178106312292359,0.0129763130792997,1,0,0.108657054582904
2008,"NORTHEAST","Black","Private",2,2.36279069767442,0.0643584280620106,0.178106312292359,0.509577754891864,1,0,0.108657054582904
2008,"NORTHEAST","Black","Private",3,2.36279069767442,0.0643584280620106,0.178106312292359,0.106076210092688,1,0,0.108657054582904
2008,"NORTHEAST","Black","Private",1,2.36279069767442,0.0643584280620106,0.178106312292359,0.371369721936148,1,0,0.108657054582904
1994,"NORTHEAST","Black","Private",4,1.91851851851852,0.153870948724748,0.639259259259259,0.0129763130792997,1,0,0.108657054582904
1994,"NORTHEAST","Black","Private",2,1.91851851851852,0.153870948724748,0.639259259259259,0.509577754891864,1,0,0.108657054582904
1994,"NORTHEAST","Black","Private",3,1.91851851851852,0.153870948724748,0.639259259259259,0.106076210092688,1,0,0.108657054582904
1994,"NORTHEAST","Black","Private",1,1.91851851851852,0.153870948724748,0.639259259259259,0.371369721936148,1,0,0.108657054582904
2002,"NORTHEAST","Black","Private",4,2.0875,0.0722889648870728,0.334444444444444,0.0129763130792997,1,0,0.108657054582904
2002,"NORTHEAST","Black","Private",2,2.0875,0.0722889648870728,0.334444444444444,0.509577754891864,1,0,0.108657054582904
2002,"NORTHEAST","Black","Private",3,2.0875,0.0722889648870728,0.334444444444444,0.106076210092688,1,0,0.108657054582904
2002,"NORTHEAST","Black","Private",1,2.0875,0.0722889648870728,0.334444444444444,0.371369721936148,1,0,0.108657054582904
1999,"NORTHEAST","Black","Private",4,2.10357142857143,0.074798166314766,0.156653439153439,0.0129763130792997,1,0,0.108657054582904
1999,"NORTHEAST","Black","Private",2,2.10357142857143,0.074798166314766,0.156653439153439,0.509577754891864,1,0,0.108657054582904
1999,"NORTHEAST","Black","Private",3,2.10357142857143,0.074798166314766,0.156653439153439,0.106076210092688,1,0,0.108657054582904
1999,"NORTHEAST","Black","Private",1,2.10357142857143,0.074798166314766,0.156653439153439,0.371369721936148,1,0,0.108657054582904
2015,"NORTHEAST","Black","Private",4,2.20454545454545,0.0700887726301416,0.108073593073593,0.0129763130792997,0.952380952380952,0.0476190476190477,0.010777964936808
2015,"NORTHEAST","Black","Private",2,2.20454545454545,0.0700887726301416,0.108073593073593,0.509577754891864,0.845594179466451,0.154405820533549,0.0536963845552584
2015,"NORTHEAST","Black","Private",3,2.20454545454545,0.0700887726301416,0.108073593073593,0.106076210092688,0.74368932038835,0.25631067961165,0.0415591610792394
2015,"NORTHEAST","Black","Private",1,2.20454545454545,0.0700887726301416,0.108073593073593,0.371369721936148,0.968386023294509,0.0316139767054908,0
2014,"NORTHEAST","Black","Private",4,2.68421052631579,0.113751333876823,0.245847953216374,0.0129763130792997,0.952380952380952,0.0476190476190477,0.010777964936808
2014,"NORTHEAST","Black","Private",2,2.68421052631579,0.113751333876823,0.245847953216374,0.509577754891864,0.845594179466451,0.154405820533549,0.0536963845552584
2014,"NORTHEAST","Black","Private",3,2.68421052631579,0.113751333876823,0.245847953216374,0.106076210092688,0.74368932038835,0.25631067961165,0.0415591610792394
2014,"NORTHEAST","Black","Private",1,2.68421052631579,0.113751333876823,0.245847953216374,0.371369721936148,0.968386023294509,0.0316139767054908,0
2021,"NORTHEAST","Black","Private",4,1.70530973451327,0.0462199556968814,0.24140012642225,0.0129763130792997,0.952380952380952,0.0476190476190477,0.010777964936808
2021,"NORTHEAST","Black","Private",2,1.70530973451327,0.0462199556968814,0.24140012642225,0.509577754891864,0.845594179466451,0.154405820533549,0.0536963845552584
2021,"NORTHEAST","Black","Private",3,1.70530973451327,0.0462199556968814,0.24140012642225,0.106076210092688,0.74368932038835,0.25631067961165,0.0415591610792394
2021,"NORTHEAST","Black","Private",1,1.70530973451327,0.0462199556968814,0.24140012642225,0.371369721936148,0.968386023294509,0.0316139767054908,0
2007,"NORTHEAST","Black","Private",4,2.4,0.104125430434442,0.216842105263158,0.0129763130792997,1,0,0.108657054582904
2007,"NORTHEAST","Black","Private",2,2.4,0.104125430434442,0.216842105263158,0.509577754891864,1,0,0.108657054582904
2007,"NORTHEAST","Black","Private",3,2.4,0.104125430434442,0.216842105263158,0.106076210092688,1,0,0.108657054582904
2007,"NORTHEAST","Black","Private",1,2.4,0.104125430434442,0.216842105263158,0.371369721936148,1,0,0.108657054582904
1998,"NORTHEAST","Black","Private",4,1.875,0.0925943732022521,0.342948717948718,0.0129763130792997,1,0,0.108657054582904
1998,"NORTHEAST","Black","Private",2,1.875,0.0925943732022521,0.342948717948718,0.509577754891864,1,0,0.108657054582904
1998,"NORTHEAST","Black","Private",3,1.875,0.0925943732022521,0.342948717948718,0.106076210092688,1,0,0.108657054582904
1998,"NORTHEAST","Black","Private",1,1.875,0.0925943732022521,0.342948717948718,0.371369721936148,1,0,0.108657054582904
2017,"NORTHEAST","Yelloweye","Private",1,3.06,0.391918358845309,0.768,0.0386207490179508,0.251680555914637,0.748319444085363,0.248725556652691
2017,"NORTHEAST","Yelloweye","Private",2,3.06,0.391918358845309,0.768,0.230360625481728,0.251680555914637,0.748319444085363,0.248725556652691
2017,"NORTHEAST","Yelloweye","Private",4,3.06,0.391918358845309,0.768,0.439649847903206,0.251680555914637,0.748319444085363,0.248725556652691
2017,"NORTHEAST","Yelloweye","Private",3,3.06,0.391918358845309,0.768,0.304242360603099,0.251680555914637,0.748319444085363,0.248725556652691
1998,"NORTHEAST","Yelloweye","Private",1,5.66666666666667,0.405517502019881,0.493333333333334,0.0386207490179508,1,0,0.886890104707329
1998,"NORTHEAST","Yelloweye","Private",2,5.66666666666667,0.405517502019881,0.493333333333334,0.230360625481728,1,0,0.886890104707329
1998,"NORTHEAST","Yelloweye","Private",4,5.66666666666667,0.405517502019881,0.493333333333334,0.439649847903206,1,0,0.886890104707329
1998,"NORTHEAST","Yelloweye","Private",3,5.66666666666667,0.405517502019881,0.493333333333334,0.304242360603099,1,0,0.886890104707329
1994,"NORTHEAST","Yelloweye","Private",1,3.7,NA,NA,0.0386207490179508,1,0,0.886890104707329
1994,"NORTHEAST","Yelloweye","Private",2,3.7,NA,NA,0.230360625481728,1,0,0.886890104707329
1994,"NORTHEAST","Yelloweye","Private",4,3.7,NA,NA,0.439649847903206,1,0,0.886890104707329
1994,"NORTHEAST","Yelloweye","Private",3,3.7,NA,NA,0.304242360603099,1,0,0.886890104707329
2025,"NORTHEAST","Yelloweye","Private",1,5.5,4,32,0.0386207490179508,0.251680555914637,0.748319444085363,0.248725556652691
2025,"NORTHEAST","Yelloweye","Private",2,5.5,4,32,0.230360625481728,0.251680555914637,0.748319444085363,0.248725556652691
2025,"NORTHEAST","Yelloweye","Private",4,5.5,4,32,0.439649847903206,0.251680555914637,0.748319444085363,0.248725556652691
2025,"NORTHEAST","Yelloweye","Private",3,5.5,4,32,0.304242360603099,0.251680555914637,0.748319444085363,0.248725556652691
2020,"NORTHEAST","Yelloweye","Private",1,10.1,NA,NA,0.0386207490179508,0.251680555914637,0.748319444085363,0.248725556652691
2020,"NORTHEAST","Yelloweye","Private",2,10.1,NA,NA,0.230360625481728,0.251680555914637,0.748319444085363,0.248725556652691
2020,"NORTHEAST","Yelloweye","Private",4,10.1,NA,NA,0.439649847903206,0.251680555914637,0.748319444085363,0.248725556652691
2020,"NORTHEAST","Yelloweye","Private",3,10.1,NA,NA,0.304242360603099,0.251680555914637,0.748319444085363,0.248725556652691
2006,"NORTHEAST","Yelloweye","Private",1,6.375,1.44185933202006,8.31583333333333,0.0386207490179508,1,0,0.886890104707329
2006,"NORTHEAST","Yelloweye","Private",2,6.375,1.44185933202006,8.31583333333333,0.230360625481728,1,0,0.886890104707329
2006,"NORTHEAST","Yelloweye","Private",4,6.375,1.44185933202006,8.31583333333333,0.439649847903206,1,0,0.886890104707329
2006,"NORTHEAST","Yelloweye","Private",3,6.375,1.44185933202006,8.31583333333333,0.304242360603099,1,0,0.886890104707329
2009,"NORTHEAST","Yelloweye","Private",1,5.25,0.75,1.125,0.0386207490179508,1,0,0.886890104707329
2009,"NORTHEAST","Yelloweye","Private",2,5.25,0.75,1.125,0.230360625481728,1,0,0.886890104707329
2009,"NORTHEAST","Yelloweye","Private",4,5.25,0.75,1.125,0.439649847903206,1,0,0.886890104707329
2009,"NORTHEAST","Yelloweye","Private",3,5.25,0.75,1.125,0.304242360603099,1,0,0.886890104707329
2007,"NORTHEAST","Yelloweye","Private",1,6.2,NA,NA,0.0386207490179508,1,0,0.886890104707329
2007,"NORTHEAST","Yelloweye","Private",2,6.2,NA,NA,0.230360625481728,1,0,0.886890104707329
2007,"NORTHEAST","Yelloweye","Private",4,6.2,NA,NA,0.439649847903206,1,0,0.886890104707329
2007,"NORTHEAST","Yelloweye","Private",3,6.2,NA,NA,0.304242360603099,1,0,0.886890104707329
2021,"NORTHEAST","Yelloweye","Private",1,1.7,NA,NA,0.0386207490179508,0.251680555914637,0.748319444085363,0.248725556652691
2021,"NORTHEAST","Yelloweye","Private",2,1.7,NA,NA,0.230360625481728,0.251680555914637,0.748319444085363,0.248725556652691
2021,"NORTHEAST","Yelloweye","Private",4,1.7,NA,NA,0.439649847903206,0.251680555914637,0.748319444085363,0.248725556652691
2021,"NORTHEAST","Yelloweye","Private",3,1.7,NA,NA,0.304242360603099,0.251680555914637,0.748319444085363,0.248725556652691
2019,"NORTHEAST","Yelloweye","Private",1,4.4,0.529150262212918,0.84,0.0386207490179508,0.251680555914637,0.748319444085363,0.248725556652691
2019,"NORTHEAST","Yelloweye","Private",2,4.4,0.529150262212918,0.84,0.230360625481728,0.251680555914637,0.748319444085363,0.248725556652691
2019,"NORTHEAST","Yelloweye","Private",4,4.4,0.529150262212918,0.84,0.439649847903206,0.251680555914637,0.748319444085363,0.248725556652691
2019,"NORTHEAST","Yelloweye","Private",3,4.4,0.529150262212918,0.84,0.304242360603099,0.251680555914637,0.748319444085363,0.248725556652691
2016,"NORTHEAST","Yelloweye","Private",1,5,NA,NA,0.0386207490179508,0.251680555914637,0.748319444085363,0.248725556652691
2016,"NORTHEAST","Yelloweye","Private",2,5,NA,NA,0.230360625481728,0.251680555914637,0.748319444085363,0.248725556652691
2016,"NORTHEAST","Yelloweye","Private",4,5,NA,NA,0.439649847903206,0.251680555914637,0.748319444085363,0.248725556652691
2016,"NORTHEAST","Yelloweye","Private",3,5,NA,NA,0.304242360603099,0.251680555914637,0.748319444085363,0.248725556652691
2018,"NORTHEAST","Yelloweye","Private",1,3.43333333333333,0.776172947508765,3.61466666666667,0.0386207490179508,0.251680555914637,0.748319444085363,0.248725556652691
2018,"NORTHEAST","Yelloweye","Private",2,3.43333333333333,0.776172947508765,3.61466666666667,0.230360625481728,0.251680555914637,0.748319444085363,0.248725556652691
2018,"NORTHEAST","Yelloweye","Private",4,3.43333333333333,0.776172947508765,3.61466666666667,0.439649847903206,0.251680555914637,0.748319444085363,0.248725556652691
2018,"NORTHEAST","Yelloweye","Private",3,3.43333333333333,0.776172947508765,3.61466666666667,0.304242360603099,0.251680555914637,0.748319444085363,0.248725556652691
2023,"NORTHEAST","Yelloweye","Private",1,6.1,3.3,21.78,0.0386207490179508,0.251680555914637,0.748319444085363,0.248725556652691
2023,"NORTHEAST","Yelloweye","Private",2,6.1,3.3,21.78,0.230360625481728,0.251680555914637,0.748319444085363,0.248725556652691
2023,"NORTHEAST","Yelloweye","Private",4,6.1,3.3,21.78,0.439649847903206,0.251680555914637,0.748319444085363,0.248725556652691
2023,"NORTHEAST","Yelloweye","Private",3,6.1,3.3,21.78,0.304242360603099,0.251680555914637,0.748319444085363,0.248725556652691
2002,"NORTHEAST","Yelloweye","Private",1,5.25555555555556,0.954392056510774,8.19777777777778,0.0386207490179508,1,0,0.886890104707329
2002,"NORTHEAST","Yelloweye","Private",2,5.25555555555556,0.954392056510774,8.19777777777778,0.230360625481728,1,0,0.886890104707329
2002,"NORTHEAST","Yelloweye","Private",4,5.25555555555556,0.954392056510774,8.19777777777778,0.439649847903206,1,0,0.886890104707329
2002,"NORTHEAST","Yelloweye","Private",3,5.25555555555556,0.954392056510774,8.19777777777778,0.304242360603099,1,0,0.886890104707329
2015,"NORTHEAST","Yelloweye","Private",1,4.16,0.372290209379726,0.693,0.0386207490179508,0.251680555914637,0.748319444085363,0.248725556652691
2015,"NORTHEAST","Yelloweye","Private",2,4.16,0.372290209379726,0.693,0.230360625481728,0.251680555914637,0.748319444085363,0.248725556652691
2015,"NORTHEAST","Yelloweye","Private",4,4.16,0.372290209379726,0.693,0.439649847903206,0.251680555914637,0.748319444085363,0.248725556652691
2015,"NORTHEAST","Yelloweye","Private",3,4.16,0.372290209379726,0.693,0.304242360603099,0.251680555914637,0.748319444085363,0.248725556652691
2014,"NORTHEAST","Yelloweye","Private",1,3.1,NA,NA,0.0386207490179508,0.251680555914637,0.748319444085363,0.248725556652691
2014,"NORTHEAST","Yelloweye","Private",2,3.1,NA,NA,0.230360625481728,0.251680555914637,0.748319444085363,0.248725556652691
2014,"NORTHEAST","Yelloweye","Private",4,3.1,NA,NA,0.439649847903206,0.251680555914637,0.748319444085363,0.248725556652691
2014,"NORTHEAST","Yelloweye","Private",3,3.1,NA,NA,0.304242360603099,0.251680555914637,0.748319444085363,0.248725556652691
2004,"NORTHEAST","Yelloweye","Private",1,5.66666666666667,0.338296385503074,0.343333333333333,0.0386207490179508,1,0,0.886890104707329
2004,"NORTHEAST","Yelloweye","Private",2,5.66666666666667,0.338296385503074,0.343333333333333,0.230360625481728,1,0,0.886890104707329
2004,"NORTHEAST","Yelloweye","Private",4,5.66666666666667,0.338296385503074,0.343333333333333,0.439649847903206,1,0,0.886890104707329
2004,"NORTHEAST","Yelloweye","Private",3,5.66666666666667,0.338296385503074,0.343333333333333,0.304242360603099,1,0,0.886890104707329
1995,"NORTHEAST","Yelloweye","Private",1,5.5,0.665832811847939,3.10333333333333,0.0386207490179508,1,0,0.886890104707329
1995,"NORTHEAST","Yelloweye","Private",2,5.5,0.665832811847939,3.10333333333333,0.230360625481728,1,0,0.886890104707329
1995,"NORTHEAST","Yelloweye","Private",4,5.5,0.665832811847939,3.10333333333333,0.439649847903206,1,0,0.886890104707329
1995,"NORTHEAST","Yelloweye","Private",3,5.5,0.665832811847939,3.10333333333333,0.304242360603099,1,0,0.886890104707329
2013,"PWSI","Black","Charter",3,2.76111111111111,0.055350775626458,0.165440251572327,0.014344262295082,0.142857142857143,0.857142857142857,0.0239140740140492
2013,"PWSI","Black","Charter",4,2.76111111111111,0.055350775626458,0.165440251572327,0.0573770491803279,0.392857142857143,0.607142857142857,0.0698322098364641
2013,"PWSI","Black","Charter",2,2.76111111111111,0.055350775626458,0.165440251572327,0.219262295081967,0.598130841121495,0.401869158878505,0.0212279115444599
2013,"PWSI","Black","Charter",1,2.76111111111111,0.055350775626458,0.165440251572327,0.709016393442623,0.997109826589595,0.00289017341040465,0
2003,"PWSI","Black","Charter",3,2.68775510204082,0.0469401476212519,0.215930990953082,0.014344262295082,1,0,0.0772336065573771
2003,"PWSI","Black","Charter",4,2.68775510204082,0.0469401476212519,0.215930990953082,0.0573770491803279,1,0,0.0772336065573771
2003,"PWSI","Black","Charter",2,2.68775510204082,0.0469401476212519,0.215930990953082,0.219262295081967,1,0,0.0772336065573771
2003,"PWSI","Black","Charter",1,2.68775510204082,0.0469401476212519,0.215930990953082,0.709016393442623,1,0,0.0772336065573771
2019,"PWSI","Black","Charter",3,2.10674157303371,0.0853371274042444,0.648135852911134,0.014344262295082,0.142857142857143,0.857142857142857,0.0239140740140492
2019,"PWSI","Black","Charter",4,2.10674157303371,0.0853371274042444,0.648135852911134,0.0573770491803279,0.392857142857143,0.607142857142857,0.0698322098364641
2019,"PWSI","Black","Charter",2,2.10674157303371,0.0853371274042444,0.648135852911134,0.219262295081967,0.598130841121495,0.401869158878505,0.0212279115444599
2019,"PWSI","Black","Charter",1,2.10674157303371,0.0853371274042444,0.648135852911134,0.709016393442623,0.997109826589595,0.00289017341040465,0
2000,"PWSI","Black","Charter",3,1.9,0.105949499492389,0.258181818181818,0.014344262295082,1,0,0.0772336065573771
2000,"PWSI","Black","Charter",4,1.9,0.105949499492389,0.258181818181818,0.0573770491803279,1,0,0.0772336065573771
2000,"PWSI","Black","Charter",2,1.9,0.105949499492389,0.258181818181818,0.219262295081967,1,0,0.0772336065573771
2000,"PWSI","Black","Charter",1,1.9,0.105949499492389,0.258181818181818,0.709016393442623,1,0,0.0772336065573771
2001,"PWSI","Black","Charter",3,2.4375,0.103176452908513,0.255489130434783,0.014344262295082,1,0,0.0772336065573771
2001,"PWSI","Black","Charter",4,2.4375,0.103176452908513,0.255489130434783,0.0573770491803279,1,0,0.0772336065573771
2001,"PWSI","Black","Charter",2,2.4375,0.103176452908513,0.255489130434783,0.219262295081967,1,0,0.0772336065573771
2001,"PWSI","Black","Charter",1,2.4375,0.103176452908513,0.255489130434783,0.709016393442623,1,0,0.0772336065573771
2006,"PWSI","Black","Charter",3,2.45,0.0775454836494608,0.432957746478873,0.014344262295082,1,0,0.0772336065573771
2006,"PWSI","Black","Charter",4,2.45,0.0775454836494608,0.432957746478873,0.0573770491803279,1,0,0.0772336065573771
2006,"PWSI","Black","Charter",2,2.45,0.0775454836494608,0.432957746478873,0.219262295081967,1,0,0.0772336065573771
2006,"PWSI","Black","Charter",1,2.45,0.0775454836494608,0.432957746478873,0.709016393442623,1,0,0.0772336065573771
2016,"PWSI","Black","Charter",3,2.04666666666667,0.0915412364991755,0.377090909090909,0.014344262295082,0.142857142857143,0.857142857142857,0.0239140740140492
2016,"PWSI","Black","Charter",4,2.04666666666667,0.0915412364991755,0.377090909090909,0.0573770491803279,0.392857142857143,0.607142857142857,0.0698322098364641
2016,"PWSI","Black","Charter",2,2.04666666666667,0.0915412364991755,0.377090909090909,0.219262295081967,0.598130841121495,0.401869158878505,0.0212279115444599
2016,"PWSI","Black","Charter",1,2.04666666666667,0.0915412364991755,0.377090909090909,0.709016393442623,0.997109826589595,0.00289017341040465,0
1994,"PWSI","Black","Charter",3,2.08108108108108,0.110066717266472,0.448243243243243,0.014344262295082,1,0,0.0772336065573771
1994,"PWSI","Black","Charter",4,2.08108108108108,0.110066717266472,0.448243243243243,0.0573770491803279,1,0,0.0772336065573771
1994,"PWSI","Black","Charter",2,2.08108108108108,0.110066717266472,0.448243243243243,0.219262295081967,1,0,0.0772336065573771
1994,"PWSI","Black","Charter",1,2.08108108108108,0.110066717266472,0.448243243243243,0.709016393442623,1,0,0.0772336065573771
2023,"PWSI","Black","Charter",3,1.63857142857143,0.063873997895989,0.285592132505176,0.014344262295082,0.142857142857143,0.857142857142857,0.0239140740140492
2023,"PWSI","Black","Charter",4,1.63857142857143,0.063873997895989,0.285592132505176,0.0573770491803279,0.392857142857143,0.607142857142857,0.0698322098364641
2023,"PWSI","Black","Charter",2,1.63857142857143,0.063873997895989,0.285592132505176,0.219262295081967,0.598130841121495,0.401869158878505,0.0212279115444599
2023,"PWSI","Black","Charter",1,1.63857142857143,0.063873997895989,0.285592132505176,0.709016393442623,0.997109826589595,0.00289017341040465,0
1993,"PWSI","Black","Charter",3,2.12222222222222,0.173827642746245,0.271944444444444,0.014344262295082,1,0,0.0772336065573771
1993,"PWSI","Black","Charter",4,2.12222222222222,0.173827642746245,0.271944444444444,0.0573770491803279,1,0,0.0772336065573771
1993,"PWSI","Black","Charter",2,2.12222222222222,0.173827642746245,0.271944444444444,0.219262295081967,1,0,0.0772336065573771
1993,"PWSI","Black","Charter",1,2.12222222222222,0.173827642746245,0.271944444444444,0.709016393442623,1,0,0.0772336065573771
2025,"PWSI","Black","Charter",3,1.72133333333333,0.0515452511189238,0.199268468468468,0.014344262295082,0.142857142857143,0.857142857142857,0.0239140740140492
2025,"PWSI","Black","Charter",4,1.72133333333333,0.0515452511189238,0.199268468468468,0.0573770491803279,0.392857142857143,0.607142857142857,0.0698322098364641
2025,"PWSI","Black","Charter",2,1.72133333333333,0.0515452511189238,0.199268468468468,0.219262295081967,0.598130841121495,0.401869158878505,0.0212279115444599
2025,"PWSI","Black","Charter",1,1.72133333333333,0.0515452511189238,0.199268468468468,0.709016393442623,0.997109826589595,0.00289017341040465,0
2012,"PWSI","Black","Charter",3,2.40819672131148,0.073599680815981,0.330431693989071,0.014344262295082,1,0,0.0772336065573771
2012,"PWSI","Black","Charter",4,2.40819672131148,0.073599680815981,0.330431693989071,0.0573770491803279,1,0,0.0772336065573771
2012,"PWSI","Black","Charter",2,2.40819672131148,0.073599680815981,0.330431693989071,0.219262295081967,1,0,0.0772336065573771
2012,"PWSI","Black","Charter",1,2.40819672131148,0.073599680815981,0.330431693989071,0.709016393442623,1,0,0.0772336065573771
2009,"PWSI","Black","Charter",3,2.51607142857143,0.0807745292933379,0.365373376623377,0.014344262295082,1,0,0.0772336065573771
2009,"PWSI","Black","Charter",4,2.51607142857143,0.0807745292933379,0.365373376623377,0.0573770491803279,1,0,0.0772336065573771
2009,"PWSI","Black","Charter",2,2.51607142857143,0.0807745292933379,0.365373376623377,0.219262295081967,1,0,0.0772336065573771
2009,"PWSI","Black","Charter",1,2.51607142857143,0.0807745292933379,0.365373376623377,0.709016393442623,1,0,0.0772336065573771
2024,"PWSI","Black","Charter",3,1.68853503184713,0.0343623008893819,0.185380532418749,0.014344262295082,0.142857142857143,0.857142857142857,0.0239140740140492
2024,"PWSI","Black","Charter",4,1.68853503184713,0.0343623008893819,0.185380532418749,0.0573770491803279,0.392857142857143,0.607142857142857,0.0698322098364641
2024,"PWSI","Black","Charter",2,1.68853503184713,0.0343623008893819,0.185380532418749,0.219262295081967,0.598130841121495,0.401869158878505,0.0212279115444599
2024,"PWSI","Black","Charter",1,1.68853503184713,0.0343623008893819,0.185380532418749,0.709016393442623,0.997109826589595,0.00289017341040465,0
2022,"PWSI","Black","Charter",3,1.98116591928251,0.0399573806553411,0.35604007595039,0.014344262295082,0.142857142857143,0.857142857142857,0.0239140740140492
2022,"PWSI","Black","Charter",4,1.98116591928251,0.0399573806553411,0.35604007595039,0.0573770491803279,0.392857142857143,0.607142857142857,0.0698322098364641
2022,"PWSI","Black","Charter",2,1.98116591928251,0.0399573806553411,0.35604007595039,0.219262295081967,0.598130841121495,0.401869158878505,0.0212279115444599
2022,"PWSI","Black","Charter",1,1.98116591928251,0.0399573806553411,0.35604007595039,0.709016393442623,0.997109826589595,0.00289017341040465,0
2020,"PWSI","Black","Charter",3,2.00512820512821,0.0822773069022904,0.528025308025308,0.014344262295082,0.142857142857143,0.857142857142857,0.0239140740140492
2020,"PWSI","Black","Charter",4,2.00512820512821,0.0822773069022904,0.528025308025308,0.0573770491803279,0.392857142857143,0.607142857142857,0.0698322098364641
2020,"PWSI","Black","Charter",2,2.00512820512821,0.0822773069022904,0.528025308025308,0.219262295081967,0.598130841121495,0.401869158878505,0.0212279115444599
2020,"PWSI","Black","Charter",1,2.00512820512821,0.0822773069022904,0.528025308025308,0.709016393442623,0.997109826589595,0.00289017341040465,0
1999,"PWSI","Black","Charter",3,1.7375,0.0904522654157461,0.196358695652174,0.014344262295082,1,0,0.0772336065573771
1999,"PWSI","Black","Charter",4,1.7375,0.0904522654157461,0.196358695652174,0.0573770491803279,1,0,0.0772336065573771
1999,"PWSI","Black","Charter",2,1.7375,0.0904522654157461,0.196358695652174,0.219262295081967,1,0,0.0772336065573771
1999,"PWSI","Black","Charter",1,1.7375,0.0904522654157461,0.196358695652174,0.709016393442623,1,0,0.0772336065573771
2011,"PWSI","Black","Charter",3,2.775,0.205649377987551,0.169166666666667,0.014344262295082,1,0,0.0772336065573771
2011,"PWSI","Black","Charter",4,2.775,0.205649377987551,0.169166666666667,0.0573770491803279,1,0,0.0772336065573771
2011,"PWSI","Black","Charter",2,2.775,0.205649377987551,0.169166666666667,0.219262295081967,1,0,0.0772336065573771
2011,"PWSI","Black","Charter",1,2.775,0.205649377987551,0.169166666666667,0.709016393442623,1,0,0.0772336065573771
1995,"PWSI","Black","Charter",3,2.30769230769231,0.10828590981425,0.152435897435897,0.014344262295082,1,0,0.0772336065573771
1995,"PWSI","Black","Charter",4,2.30769230769231,0.10828590981425,0.152435897435897,0.0573770491803279,1,0,0.0772336065573771
1995,"PWSI","Black","Charter",2,2.30769230769231,0.10828590981425,0.152435897435897,0.219262295081967,1,0,0.0772336065573771
1995,"PWSI","Black","Charter",1,2.30769230769231,0.10828590981425,0.152435897435897,0.709016393442623,1,0,0.0772336065573771
2007,"PWSI","Black","Charter",3,2.41827956989247,0.0414773144027653,0.319988375472246,0.014344262295082,1,0,0.0772336065573771
2007,"PWSI","Black","Charter",4,2.41827956989247,0.0414773144027653,0.319988375472246,0.0573770491803279,1,0,0.0772336065573771
2007,"PWSI","Black","Charter",2,2.41827956989247,0.0414773144027653,0.319988375472246,0.219262295081967,1,0,0.0772336065573771
2007,"PWSI","Black","Charter",1,2.41827956989247,0.0414773144027653,0.319988375472246,0.709016393442623,1,0,0.0772336065573771
2002,"PWSI","Black","Charter",3,2.355,0.0487368698818021,0.142516949152542,0.014344262295082,1,0,0.0772336065573771
2002,"PWSI","Black","Charter",4,2.355,0.0487368698818021,0.142516949152542,0.0573770491803279,1,0,0.0772336065573771
2002,"PWSI","Black","Charter",2,2.355,0.0487368698818021,0.142516949152542,0.219262295081967,1,0,0.0772336065573771
2002,"PWSI","Black","Charter",1,2.355,0.0487368698818021,0.142516949152542,0.709016393442623,1,0,0.0772336065573771
1997,"PWSI","Black","Charter",3,2.58235294117647,0.171119861268104,0.497794117647059,0.014344262295082,1,0,0.0772336065573771
1997,"PWSI","Black","Charter",4,2.58235294117647,0.171119861268104,0.497794117647059,0.0573770491803279,1,0,0.0772336065573771
1997,"PWSI","Black","Charter",2,2.58235294117647,0.171119861268104,0.497794117647059,0.219262295081967,1,0,0.0772336065573771
1997,"PWSI","Black","Charter",1,2.58235294117647,0.171119861268104,0.497794117647059,0.709016393442623,1,0,0.0772336065573771
2014,"PWSI","Black","Charter",3,2.56612903225806,0.0574148829725205,0.408762129556779,0.014344262295082,0.142857142857143,0.857142857142857,0.0239140740140492
2014,"PWSI","Black","Charter",4,2.56612903225806,0.0574148829725205,0.408762129556779,0.0573770491803279,0.392857142857143,0.607142857142857,0.0698322098364641
2014,"PWSI","Black","Charter",2,2.56612903225806,0.0574148829725205,0.408762129556779,0.219262295081967,0.598130841121495,0.401869158878505,0.0212279115444599
2014,"PWSI","Black","Charter",1,2.56612903225806,0.0574148829725205,0.408762129556779,0.709016393442623,0.997109826589595,0.00289017341040465,0
2005,"PWSI","Black","Charter",3,2.48842105263158,0.0598404589955572,0.340183650615901,0.014344262295082,1,0,0.0772336065573771
2005,"PWSI","Black","Charter",4,2.48842105263158,0.0598404589955572,0.340183650615901,0.0573770491803279,1,0,0.0772336065573771
2005,"PWSI","Black","Charter",2,2.48842105263158,0.0598404589955572,0.340183650615901,0.219262295081967,1,0,0.0772336065573771
2005,"PWSI","Black","Charter",1,2.48842105263158,0.0598404589955572,0.340183650615901,0.709016393442623,1,0,0.0772336065573771
2015,"PWSI","Black","Charter",3,1.99210526315789,0.0710019312288556,0.383136842105263,0.014344262295082,0.142857142857143,0.857142857142857,0.0239140740140492
2015,"PWSI","Black","Charter",4,1.99210526315789,0.0710019312288556,0.383136842105263,0.0573770491803279,0.392857142857143,0.607142857142857,0.0698322098364641
2015,"PWSI","Black","Charter",2,1.99210526315789,0.0710019312288556,0.383136842105263,0.219262295081967,0.598130841121495,0.401869158878505,0.0212279115444599
2015,"PWSI","Black","Charter",1,1.99210526315789,0.0710019312288556,0.383136842105263,0.709016393442623,0.997109826589595,0.00289017341040465,0
2021,"PWSI","Black","Charter",3,2.0188679245283,0.0541057034649238,0.310307277628032,0.014344262295082,0.142857142857143,0.857142857142857,0.0239140740140492
2021,"PWSI","Black","Charter",4,2.0188679245283,0.0541057034649238,0.310307277628032,0.0573770491803279,0.392857142857143,0.607142857142857,0.0698322098364641
2021,"PWSI","Black","Charter",2,2.0188679245283,0.0541057034649238,0.310307277628032,0.219262295081967,0.598130841121495,0.401869158878505,0.0212279115444599
2021,"PWSI","Black","Charter",1,2.0188679245283,0.0541057034649238,0.310307277628032,0.709016393442623,0.997109826589595,0.00289017341040465,0
2010,"PWSI","Black","Charter",3,2.72820512820513,0.0890759822095462,0.30944669365722,0.014344262295082,1,0,0.0772336065573771
2010,"PWSI","Black","Charter",4,2.72820512820513,0.0890759822095462,0.30944669365722,0.0573770491803279,1,0,0.0772336065573771
2010,"PWSI","Black","Charter",2,2.72820512820513,0.0890759822095462,0.30944669365722,0.219262295081967,1,0,0.0772336065573771
2010,"PWSI","Black","Charter",1,2.72820512820513,0.0890759822095462,0.30944669365722,0.709016393442623,1,0,0.0772336065573771
2004,"PWSI","Black","Charter",3,2.48081395348837,0.0411758881136922,0.291618047055624,0.014344262295082,1,0,0.0772336065573771
2004,"PWSI","Black","Charter",4,2.48081395348837,0.0411758881136922,0.291618047055624,0.0573770491803279,1,0,0.0772336065573771
2004,"PWSI","Black","Charter",2,2.48081395348837,0.0411758881136922,0.291618047055624,0.219262295081967,1,0,0.0772336065573771
2004,"PWSI","Black","Charter",1,2.48081395348837,0.0411758881136922,0.291618047055624,0.709016393442623,1,0,0.0772336065573771
1998,"PWSI","Black","Charter",3,2.11333333333333,0.148070605504804,0.657747126436782,0.014344262295082,1,0,0.0772336065573771
1998,"PWSI","Black","Charter",4,2.11333333333333,0.148070605504804,0.657747126436782,0.0573770491803279,1,0,0.0772336065573771
1998,"PWSI","Black","Charter",2,2.11333333333333,0.148070605504804,0.657747126436782,0.219262295081967,1,0,0.0772336065573771
1998,"PWSI","Black","Charter",1,2.11333333333333,0.148070605504804,0.657747126436782,0.709016393442623,1,0,0.0772336065573771
2008,"PWSI","Black","Charter",3,2.49690721649485,0.0642237151270763,0.400094501718213,0.014344262295082,1,0,0.0772336065573771
2008,"PWSI","Black","Charter",4,2.49690721649485,0.0642237151270763,0.400094501718213,0.0573770491803279,1,0,0.0772336065573771
2008,"PWSI","Black","Charter",2,2.49690721649485,0.0642237151270763,0.400094501718213,0.219262295081967,1,0,0.0772336065573771
2008,"PWSI","Black","Charter",1,2.49690721649485,0.0642237151270763,0.400094501718213,0.709016393442623,1,0,0.0772336065573771
2018,"PWSI","Black","Charter",3,2.17674418604651,0.108438897845364,0.505636766334441,0.014344262295082,0.142857142857143,0.857142857142857,0.0239140740140492
2018,"PWSI","Black","Charter",4,2.17674418604651,0.108438897845364,0.505636766334441,0.0573770491803279,0.392857142857143,0.607142857142857,0.0698322098364641
2018,"PWSI","Black","Charter",2,2.17674418604651,0.108438897845364,0.505636766334441,0.219262295081967,0.598130841121495,0.401869158878505,0.0212279115444599
2018,"PWSI","Black","Charter",1,2.17674418604651,0.108438897845364,0.505636766334441,0.709016393442623,0.997109826589595,0.00289017341040465,0
2012,"PWSI","Yelloweye","Charter",1,3.60612244897959,0.222623659805775,2.42850340136054,0.0232558139534884,1,0,0.916744186046512
2012,"PWSI","Yelloweye","Charter",2,3.60612244897959,0.222623659805775,2.42850340136054,0.13953488372093,1,0,0.916744186046512
2012,"PWSI","Yelloweye","Charter",4,3.60612244897959,0.222623659805775,2.42850340136054,0.534883720930233,1,0,0.916744186046512
2012,"PWSI","Yelloweye","Charter",3,3.60612244897959,0.222623659805775,2.42850340136054,0.302325581395349,1,0,0.916744186046512
1995,"PWSI","Yelloweye","Charter",1,3.57916666666667,0.290488043024316,2.02519927536232,0.0232558139534884,1,0,0.916744186046512
1995,"PWSI","Yelloweye","Charter",2,3.57916666666667,0.290488043024316,2.02519927536232,0.13953488372093,1,0,0.916744186046512
1995,"PWSI","Yelloweye","Charter",4,3.57916666666667,0.290488043024316,2.02519927536232,0.534883720930233,1,0,0.916744186046512
1995,"PWSI","Yelloweye","Charter",3,3.57916666666667,0.290488043024316,2.02519927536232,0.302325581395349,1,0,0.916744186046512
1998,"PWSI","Yelloweye","Charter",1,3.19655172413793,0.222805817873641,1.43963054187192,0.0232558139534884,1,0,0.916744186046512
1998,"PWSI","Yelloweye","Charter",2,3.19655172413793,0.222805817873641,1.43963054187192,0.13953488372093,1,0,0.916744186046512
1998,"PWSI","Yelloweye","Charter",4,3.19655172413793,0.222805817873641,1.43963054187192,0.534883720930233,1,0,0.916744186046512
1998,"PWSI","Yelloweye","Charter",3,3.19655172413793,0.222805817873641,1.43963054187192,0.302325581395349,1,0,0.916744186046512
2022,"PWSI","Yelloweye","Charter",1,2.56923076923077,0.252481178629478,1.65741538461538,0.0232558139534884,1,0,0
2022,"PWSI","Yelloweye","Charter",2,2.56923076923077,0.252481178629478,1.65741538461538,0.13953488372093,0.333333333333333,0.666666666666667,0.117350427350427
2022,"PWSI","Yelloweye","Charter",4,2.56923076923077,0.252481178629478,1.65741538461538,0.534883720930233,0.0434782608695652,0.956521739130435,0.118784838350056
2022,"PWSI","Yelloweye","Charter",3,2.56923076923077,0.252481178629478,1.65741538461538,0.302325581395349,0,1,0.00333333333333333
2023,"PWSI","Yelloweye","Charter",1,2.82352941176471,0.314774593928257,1.68441176470588,0.0232558139534884,1,0,0
2023,"PWSI","Yelloweye","Charter",2,2.82352941176471,0.314774593928257,1.68441176470588,0.13953488372093,0.333333333333333,0.666666666666667,0.117350427350427
2023,"PWSI","Yelloweye","Charter",4,2.82352941176471,0.314774593928257,1.68441176470588,0.534883720930233,0.0434782608695652,0.956521739130435,0.118784838350056
2023,"PWSI","Yelloweye","Charter",3,2.82352941176471,0.314774593928257,1.68441176470588,0.302325581395349,0,1,0.00333333333333333
2005,"PWSI","Yelloweye","Charter",1,3.13820224719101,0.137265964053669,1.67693309499489,0.0232558139534884,1,0,0.916744186046512
2005,"PWSI","Yelloweye","Charter",2,3.13820224719101,0.137265964053669,1.67693309499489,0.13953488372093,1,0,0.916744186046512
2005,"PWSI","Yelloweye","Charter",4,3.13820224719101,0.137265964053669,1.67693309499489,0.534883720930233,1,0,0.916744186046512
2005,"PWSI","Yelloweye","Charter",3,3.13820224719101,0.137265964053669,1.67693309499489,0.302325581395349,1,0,0.916744186046512
1999,"PWSI","Yelloweye","Charter",1,3.07567567567568,0.24391715121684,2.20133633633634,0.0232558139534884,1,0,0.916744186046512
1999,"PWSI","Yelloweye","Charter",2,3.07567567567568,0.24391715121684,2.20133633633634,0.13953488372093,1,0,0.916744186046512
1999,"PWSI","Yelloweye","Charter",4,3.07567567567568,0.24391715121684,2.20133633633634,0.534883720930233,1,0,0.916744186046512
1999,"PWSI","Yelloweye","Charter",3,3.07567567567568,0.24391715121684,2.20133633633634,0.302325581395349,1,0,0.916744186046512
2006,"PWSI","Yelloweye","Charter",1,3.57983193277311,0.127606452355329,1.93772539524284,0.0232558139534884,1,0,0.916744186046512
2006,"PWSI","Yelloweye","Charter",2,3.57983193277311,0.127606452355329,1.93772539524284,0.13953488372093,1,0,0.916744186046512
2006,"PWSI","Yelloweye","Charter",4,3.57983193277311,0.127606452355329,1.93772539524284,0.534883720930233,1,0,0.916744186046512
2006,"PWSI","Yelloweye","Charter",3,3.57983193277311,0.127606452355329,1.93772539524284,0.302325581395349,1,0,0.916744186046512
1993,"PWSI","Yelloweye","Charter",1,4.735,0.519831703534904,2.70225,0.0232558139534884,1,0,0.916744186046512
1993,"PWSI","Yelloweye","Charter",2,4.735,0.519831703534904,2.70225,0.13953488372093,1,0,0.916744186046512
1993,"PWSI","Yelloweye","Charter",4,4.735,0.519831703534904,2.70225,0.534883720930233,1,0,0.916744186046512
1993,"PWSI","Yelloweye","Charter",3,4.735,0.519831703534904,2.70225,0.302325581395349,1,0,0.916744186046512
2025,"PWSI","Yelloweye","Charter",1,2.41875,0.367674986684345,2.16295833333333,0.0232558139534884,1,0,0
2025,"PWSI","Yelloweye","Charter",2,2.41875,0.367674986684345,2.16295833333333,0.13953488372093,0.333333333333333,0.666666666666667,0.117350427350427
2025,"PWSI","Yelloweye","Charter",4,2.41875,0.367674986684345,2.16295833333333,0.534883720930233,0.0434782608695652,0.956521739130435,0.118784838350056
2025,"PWSI","Yelloweye","Charter",3,2.41875,0.367674986684345,2.16295833333333,0.302325581395349,0,1,0.00333333333333333
2002,"PWSI","Yelloweye","Charter",1,3.17717391304348,0.152813268511387,2.14837434304826,0.0232558139534884,1,0,0.916744186046512
2002,"PWSI","Yelloweye","Charter",2,3.17717391304348,0.152813268511387,2.14837434304826,0.13953488372093,1,0,0.916744186046512
2002,"PWSI","Yelloweye","Charter",4,3.17717391304348,0.152813268511387,2.14837434304826,0.534883720930233,1,0,0.916744186046512
2002,"PWSI","Yelloweye","Charter",3,3.17717391304348,0.152813268511387,2.14837434304826,0.302325581395349,1,0,0.916744186046512
2008,"PWSI","Yelloweye","Charter",1,3.48428571428571,0.177626818362535,2.2085900621118,0.0232558139534884,1,0,0.916744186046512
2008,"PWSI","Yelloweye","Charter",2,3.48428571428571,0.177626818362535,2.2085900621118,0.13953488372093,1,0,0.916744186046512
2008,"PWSI","Yelloweye","Charter",4,3.48428571428571,0.177626818362535,2.2085900621118,0.534883720930233,1,0,0.916744186046512
2008,"PWSI","Yelloweye","Charter",3,3.48428571428571,0.177626818362535,2.2085900621118,0.302325581395349,1,0,0.916744186046512
2020,"PWSI","Yelloweye","Charter",1,3.70444444444444,0.223696122243149,2.25179797979798,0.0232558139534884,1,0,0
2020,"PWSI","Yelloweye","Charter",2,3.70444444444444,0.223696122243149,2.25179797979798,0.13953488372093,0.333333333333333,0.666666666666667,0.117350427350427
2020,"PWSI","Yelloweye","Charter",4,3.70444444444444,0.223696122243149,2.25179797979798,0.534883720930233,0.0434782608695652,0.956521739130435,0.118784838350056
2020,"PWSI","Yelloweye","Charter",3,3.70444444444444,0.223696122243149,2.25179797979798,0.302325581395349,0,1,0.00333333333333333
2011,"PWSI","Yelloweye","Charter",1,2.675,0.231457055241469,1.07144736842105,0.0232558139534884,1,0,0.916744186046512
2011,"PWSI","Yelloweye","Charter",2,2.675,0.231457055241469,1.07144736842105,0.13953488372093,1,0,0.916744186046512
2011,"PWSI","Yelloweye","Charter",4,2.675,0.231457055241469,1.07144736842105,0.534883720930233,1,0,0.916744186046512
2011,"PWSI","Yelloweye","Charter",3,2.675,0.231457055241469,1.07144736842105,0.302325581395349,1,0,0.916744186046512
2019,"PWSI","Yelloweye","Charter",1,3.86666666666667,0.162928439953486,2.07056277056277,0.0232558139534884,1,0,0
2019,"PWSI","Yelloweye","Charter",2,3.86666666666667,0.162928439953486,2.07056277056277,0.13953488372093,0.333333333333333,0.666666666666667,0.117350427350427
2019,"PWSI","Yelloweye","Charter",4,3.86666666666667,0.162928439953486,2.07056277056277,0.534883720930233,0.0434782608695652,0.956521739130435,0.118784838350056
2019,"PWSI","Yelloweye","Charter",3,3.86666666666667,0.162928439953486,2.07056277056277,0.302325581395349,0,1,0.00333333333333333
2009,"PWSI","Yelloweye","Charter",1,3.22352941176471,0.209959627030291,1.49882352941176,0.0232558139534884,1,0,0.916744186046512
2009,"PWSI","Yelloweye","Charter",2,3.22352941176471,0.209959627030291,1.49882352941176,0.13953488372093,1,0,0.916744186046512
2009,"PWSI","Yelloweye","Charter",4,3.22352941176471,0.209959627030291,1.49882352941176,0.534883720930233,1,0,0.916744186046512
2009,"PWSI","Yelloweye","Charter",3,3.22352941176471,0.209959627030291,1.49882352941176,0.302325581395349,1,0,0.916744186046512
2021,"PWSI","Yelloweye","Charter",1,2.93636363636364,0.449701462037514,2.22454545454545,0.0232558139534884,1,0,0
2021,"PWSI","Yelloweye","Charter",2,2.93636363636364,0.449701462037514,2.22454545454545,0.13953488372093,0.333333333333333,0.666666666666667,0.117350427350427
2021,"PWSI","Yelloweye","Charter",4,2.93636363636364,0.449701462037514,2.22454545454545,0.534883720930233,0.0434782608695652,0.956521739130435,0.118784838350056
2021,"PWSI","Yelloweye","Charter",3,2.93636363636364,0.449701462037514,2.22454545454545,0.302325581395349,0,1,0.00333333333333333
2010,"PWSI","Yelloweye","Charter",1,3.15434782608696,0.288937860389672,3.84031400966184,0.0232558139534884,1,0,0.916744186046512
2010,"PWSI","Yelloweye","Charter",2,3.15434782608696,0.288937860389672,3.84031400966184,0.13953488372093,1,0,0.916744186046512
2010,"PWSI","Yelloweye","Charter",4,3.15434782608696,0.288937860389672,3.84031400966184,0.534883720930233,1,0,0.916744186046512
2010,"PWSI","Yelloweye","Charter",3,3.15434782608696,0.288937860389672,3.84031400966184,0.302325581395349,1,0,0.916744186046512
2003,"PWSI","Yelloweye","Charter",1,2.88682170542636,0.103531278304697,1.38271560077519,0.0232558139534884,1,0,0.916744186046512
2003,"PWSI","Yelloweye","Charter",2,2.88682170542636,0.103531278304697,1.38271560077519,0.13953488372093,1,0,0.916744186046512
2003,"PWSI","Yelloweye","Charter",4,2.88682170542636,0.103531278304697,1.38271560077519,0.534883720930233,1,0,0.916744186046512
2003,"PWSI","Yelloweye","Charter",3,2.88682170542636,0.103531278304697,1.38271560077519,0.302325581395349,1,0,0.916744186046512
2018,"PWSI","Yelloweye","Charter",1,2.82941176470588,0.26543373886608,2.39547237076649,0.0232558139534884,1,0,0
2018,"PWSI","Yelloweye","Charter",2,2.82941176470588,0.26543373886608,2.39547237076649,0.13953488372093,0.333333333333333,0.666666666666667,0.117350427350427
2018,"PWSI","Yelloweye","Charter",4,2.82941176470588,0.26543373886608,2.39547237076649,0.534883720930233,0.0434782608695652,0.956521739130435,0.118784838350056
2018,"PWSI","Yelloweye","Charter",3,2.82941176470588,0.26543373886608,2.39547237076649,0.302325581395349,0,1,0.00333333333333333
2004,"PWSI","Yelloweye","Charter",1,2.9736,0.123550402409235,1.90808774193548,0.0232558139534884,1,0,0.916744186046512
2004,"PWSI","Yelloweye","Charter",2,2.9736,0.123550402409235,1.90808774193548,0.13953488372093,1,0,0.916744186046512
2004,"PWSI","Yelloweye","Charter",4,2.9736,0.123550402409235,1.90808774193548,0.534883720930233,1,0,0.916744186046512
2004,"PWSI","Yelloweye","Charter",3,2.9736,0.123550402409235,1.90808774193548,0.302325581395349,1,0,0.916744186046512
2016,"PWSI","Yelloweye","Charter",1,4.44444444444444,0.682949304916858,4.19777777777778,0.0232558139534884,1,0,0
2016,"PWSI","Yelloweye","Charter",2,4.44444444444444,0.682949304916858,4.19777777777778,0.13953488372093,0.333333333333333,0.666666666666667,0.117350427350427
2016,"PWSI","Yelloweye","Charter",4,4.44444444444444,0.682949304916858,4.19777777777778,0.534883720930233,0.0434782608695652,0.956521739130435,0.118784838350056
2016,"PWSI","Yelloweye","Charter",3,4.44444444444444,0.682949304916858,4.19777777777778,0.302325581395349,0,1,0.00333333333333333
2024,"PWSI","Yelloweye","Charter",1,2.49090909090909,0.316358411660097,1.10090909090909,0.0232558139534884,1,0,0
2024,"PWSI","Yelloweye","Charter",2,2.49090909090909,0.316358411660097,1.10090909090909,0.13953488372093,0.333333333333333,0.666666666666667,0.117350427350427
2024,"PWSI","Yelloweye","Charter",4,2.49090909090909,0.316358411660097,1.10090909090909,0.534883720930233,0.0434782608695652,0.956521739130435,0.118784838350056
2024,"PWSI","Yelloweye","Charter",3,2.49090909090909,0.316358411660097,1.10090909090909,0.302325581395349,0,1,0.00333333333333333
2015,"PWSI","Yelloweye","Charter",1,3.55,0.238316746778047,2.27179487179487,0.0232558139534884,1,0,0
2015,"PWSI","Yelloweye","Charter",2,3.55,0.238316746778047,2.27179487179487,0.13953488372093,0.333333333333333,0.666666666666667,0.117350427350427
2015,"PWSI","Yelloweye","Charter",4,3.55,0.238316746778047,2.27179487179487,0.534883720930233,0.0434782608695652,0.956521739130435,0.118784838350056
2015,"PWSI","Yelloweye","Charter",3,3.55,0.238316746778047,2.27179487179487,0.302325581395349,0,1,0.00333333333333333
2014,"PWSI","Yelloweye","Charter",1,3.82333333333333,0.312780755108564,2.93495402298851,0.0232558139534884,1,0,0
2014,"PWSI","Yelloweye","Charter",2,3.82333333333333,0.312780755108564,2.93495402298851,0.13953488372093,0.333333333333333,0.666666666666667,0.117350427350427
2014,"PWSI","Yelloweye","Charter",4,3.82333333333333,0.312780755108564,2.93495402298851,0.534883720930233,0.0434782608695652,0.956521739130435,0.118784838350056
2014,"PWSI","Yelloweye","Charter",3,3.82333333333333,0.312780755108564,2.93495402298851,0.302325581395349,0,1,0.00333333333333333
2013,"PWSI","Yelloweye","Charter",1,3.29183673469388,0.254530993506803,3.17451530612245,0.0232558139534884,1,0,0
2013,"PWSI","Yelloweye","Charter",2,3.29183673469388,0.254530993506803,3.17451530612245,0.13953488372093,0.333333333333333,0.666666666666667,0.117350427350427
2013,"PWSI","Yelloweye","Charter",4,3.29183673469388,0.254530993506803,3.17451530612245,0.534883720930233,0.0434782608695652,0.956521739130435,0.118784838350056
2013,"PWSI","Yelloweye","Charter",3,3.29183673469388,0.254530993506803,3.17451530612245,0.302325581395349,0,1,0.00333333333333333
1996,"PWSI","Yelloweye","Charter",1,3.5,0.343996124009172,0.473333333333333,0.0232558139534884,1,0,0.916744186046512
1996,"PWSI","Yelloweye","Charter",2,3.5,0.343996124009172,0.473333333333333,0.13953488372093,1,0,0.916744186046512
1996,"PWSI","Yelloweye","Charter",4,3.5,0.343996124009172,0.473333333333333,0.534883720930233,1,0,0.916744186046512
1996,"PWSI","Yelloweye","Charter",3,3.5,0.343996124009172,0.473333333333333,0.302325581395349,1,0,0.916744186046512
2000,"PWSI","Yelloweye","Charter",1,3.18,0.215055201043356,1.61870588235294,0.0232558139534884,1,0,0.916744186046512
2000,"PWSI","Yelloweye","Charter",2,3.18,0.215055201043356,1.61870588235294,0.13953488372093,1,0,0.916744186046512
2000,"PWSI","Yelloweye","Charter",4,3.18,0.215055201043356,1.61870588235294,0.534883720930233,1,0,0.916744186046512
2000,"PWSI","Yelloweye","Charter",3,3.18,0.215055201043356,1.61870588235294,0.302325581395349,1,0,0.916744186046512
1994,"PWSI","Yelloweye","Charter",1,2.71875,0.208329565568766,2.0832579787234,0.0232558139534884,1,0,0.916744186046512
1994,"PWSI","Yelloweye","Charter",2,2.71875,0.208329565568766,2.0832579787234,0.13953488372093,1,0,0.916744186046512
1994,"PWSI","Yelloweye","Charter",4,2.71875,0.208329565568766,2.0832579787234,0.534883720930233,1,0,0.916744186046512
1994,"PWSI","Yelloweye","Charter",3,2.71875,0.208329565568766,2.0832579787234,0.302325581395349,1,0,0.916744186046512
2007,"PWSI","Yelloweye","Charter",1,3.58269230769231,0.195513809556631,1.98773378582202,0.0232558139534884,1,0,0.916744186046512
2007,"PWSI","Yelloweye","Charter",2,3.58269230769231,0.195513809556631,1.98773378582202,0.13953488372093,1,0,0.916744186046512
2007,"PWSI","Yelloweye","Charter",4,3.58269230769231,0.195513809556631,1.98773378582202,0.534883720930233,1,0,0.916744186046512
2007,"PWSI","Yelloweye","Charter",3,3.58269230769231,0.195513809556631,1.98773378582202,0.302325581395349,1,0,0.916744186046512
1997,"PWSI","Yelloweye","Charter",1,3.42941176470588,0.322189739708921,1.76470588235294,0.0232558139534884,1,0,0.916744186046512
1997,"PWSI","Yelloweye","Charter",2,3.42941176470588,0.322189739708921,1.76470588235294,0.13953488372093,1,0,0.916744186046512
1997,"PWSI","Yelloweye","Charter",4,3.42941176470588,0.322189739708921,1.76470588235294,0.534883720930233,1,0,0.916744186046512
1997,"PWSI","Yelloweye","Charter",3,3.42941176470588,0.322189739708921,1.76470588235294,0.302325581395349,1,0,0.916744186046512
2001,"PWSI","Yelloweye","Charter",1,2.69583333333333,0.185272425766515,1.64764184397163,0.0232558139534884,1,0,0.916744186046512
2001,"PWSI","Yelloweye","Charter",2,2.69583333333333,0.185272425766515,1.64764184397163,0.13953488372093,1,0,0.916744186046512
2001,"PWSI","Yelloweye","Charter",4,2.69583333333333,0.185272425766515,1.64764184397163,0.534883720930233,1,0,0.916744186046512
2001,"PWSI","Yelloweye","Charter",3,2.69583333333333,0.185272425766515,1.64764184397163,0.302325581395349,1,0,0.916744186046512
1997,"PWSI","Black","Private",4,1.23333333333333,0.635959467611297,1.21333333333333,0.0533584431889517,1,0,0.130433145009416
1997,"PWSI","Black","Private",3,1.23333333333333,0.635959467611297,1.21333333333333,0.118016321406152,1,0,0.130433145009416
1997,"PWSI","Black","Private",2,1.23333333333333,0.635959467611297,1.21333333333333,0.387005649717514,1,0,0.130433145009416
1997,"PWSI","Black","Private",1,1.23333333333333,0.635959467611297,1.21333333333333,0.441619585687382,1,0,0.130433145009416
2011,"PWSI","Black","Private",4,2.11379310344828,0.115298299981383,0.38551724137931,0.0533584431889517,1,0,0.130433145009416
2011,"PWSI","Black","Private",3,2.11379310344828,0.115298299981383,0.38551724137931,0.118016321406152,1,0,0.130433145009416
2011,"PWSI","Black","Private",2,2.11379310344828,0.115298299981383,0.38551724137931,0.387005649717514,1,0,0.130433145009416
2011,"PWSI","Black","Private",1,2.11379310344828,0.115298299981383,0.38551724137931,0.441619585687382,1,0,0.130433145009416
2007,"PWSI","Black","Private",4,2.4031746031746,0.0757271713125735,0.361280081925243,0.0533584431889517,1,0,0.130433145009416
2007,"PWSI","Black","Private",3,2.4031746031746,0.0757271713125735,0.361280081925243,0.118016321406152,1,0,0.130433145009416
2007,"PWSI","Black","Private",2,2.4031746031746,0.0757271713125735,0.361280081925243,0.387005649717514,1,0,0.130433145009416
2007,"PWSI","Black","Private",1,2.4031746031746,0.0757271713125735,0.361280081925243,0.441619585687382,1,0,0.130433145009416
2024,"PWSI","Black","Private",4,1.79722222222222,0.0929657823304002,0.311134920634921,0.0533584431889517,0.147058823529412,0.852941176470588,0.0587221513310281
2024,"PWSI","Black","Private",3,1.79722222222222,0.0929657823304002,0.311134920634921,0.118016321406152,0.406914893617021,0.593085106382979,0.0569911855697633
2024,"PWSI","Black","Private",2,1.79722222222222,0.0929657823304002,0.311134920634921,0.387005649717514,0.652879156528792,0.347120843471208,0.0340281767826031
2024,"PWSI","Black","Private",1,1.79722222222222,0.0929657823304002,0.311134920634921,0.441619585687382,0.953802416488984,0.0461975835110163,0
2004,"PWSI","Black","Private",4,2.12,0.463033476111609,1.072,0.0533584431889517,1,0,0.130433145009416
2004,"PWSI","Black","Private",3,2.12,0.463033476111609,1.072,0.118016321406152,1,0,0.130433145009416
2004,"PWSI","Black","Private",2,2.12,0.463033476111609,1.072,0.387005649717514,1,0,0.130433145009416
2004,"PWSI","Black","Private",1,2.12,0.463033476111609,1.072,0.441619585687382,1,0,0.130433145009416
2015,"PWSI","Black","Private",4,2.61666666666667,0.227180789485183,0.309666666666667,0.0533584431889517,0.147058823529412,0.852941176470588,0.0587221513310281
2015,"PWSI","Black","Private",3,2.61666666666667,0.227180789485183,0.309666666666667,0.118016321406152,0.406914893617021,0.593085106382979,0.0569911855697633
2015,"PWSI","Black","Private",2,2.61666666666667,0.227180789485183,0.309666666666667,0.387005649717514,0.652879156528792,0.347120843471208,0.0340281767826031
2015,"PWSI","Black","Private",1,2.61666666666667,0.227180789485183,0.309666666666667,0.441619585687382,0.953802416488984,0.0461975835110163,0
2010,"PWSI","Black","Private",4,2.73214285714286,0.0648083080608145,0.352809810671256,0.0533584431889517,1,0,0.130433145009416
2010,"PWSI","Black","Private",3,2.73214285714286,0.0648083080608145,0.352809810671256,0.118016321406152,1,0,0.130433145009416
2010,"PWSI","Black","Private",2,2.73214285714286,0.0648083080608145,0.352809810671256,0.387005649717514,1,0,0.130433145009416
2010,"PWSI","Black","Private",1,2.73214285714286,0.0648083080608145,0.352809810671256,0.441619585687382,1,0,0.130433145009416
2019,"PWSI","Black","Private",4,2.2734693877551,0.113830025681423,0.634906462585034,0.0533584431889517,0.147058823529412,0.852941176470588,0.0587221513310281
2019,"PWSI","Black","Private",3,2.2734693877551,0.113830025681423,0.634906462585034,0.118016321406152,0.406914893617021,0.593085106382979,0.0569911855697633
2019,"PWSI","Black","Private",2,2.2734693877551,0.113830025681423,0.634906462585034,0.387005649717514,0.652879156528792,0.347120843471208,0.0340281767826031
2019,"PWSI","Black","Private",1,2.2734693877551,0.113830025681423,0.634906462585034,0.441619585687382,0.953802416488984,0.0461975835110163,0
2001,"PWSI","Black","Private",4,2.015,0.0722841614740048,0.209,0.0533584431889517,1,0,0.130433145009416
2001,"PWSI","Black","Private",3,2.015,0.0722841614740048,0.209,0.118016321406152,1,0,0.130433145009416
2001,"PWSI","Black","Private",2,2.015,0.0722841614740048,0.209,0.387005649717514,1,0,0.130433145009416
2001,"PWSI","Black","Private",1,2.015,0.0722841614740048,0.209,0.441619585687382,1,0,0.130433145009416
2014,"PWSI","Black","Private",4,2.25806451612903,0.122586304340221,0.465849462365591,0.0533584431889517,0.147058823529412,0.852941176470588,0.0587221513310281
2014,"PWSI","Black","Private",3,2.25806451612903,0.122586304340221,0.465849462365591,0.118016321406152,0.406914893617021,0.593085106382979,0.0569911855697633
2014,"PWSI","Black","Private",2,2.25806451612903,0.122586304340221,0.465849462365591,0.387005649717514,0.652879156528792,0.347120843471208,0.0340281767826031
2014,"PWSI","Black","Private",1,2.25806451612903,0.122586304340221,0.465849462365591,0.441619585687382,0.953802416488984,0.0461975835110163,0
2012,"PWSI","Black","Private",4,2.76666666666667,0.247767812455308,0.5525,0.0533584431889517,1,0,0.130433145009416
2012,"PWSI","Black","Private",3,2.76666666666667,0.247767812455308,0.5525,0.118016321406152,1,0,0.130433145009416
2012,"PWSI","Black","Private",2,2.76666666666667,0.247767812455308,0.5525,0.387005649717514,1,0,0.130433145009416
2012,"PWSI","Black","Private",1,2.76666666666667,0.247767812455308,0.5525,0.441619585687382,1,0,0.130433145009416
2009,"PWSI","Black","Private",4,2.13050847457627,0.0586848977636472,0.203191116306254,0.0533584431889517,1,0,0.130433145009416
2009,"PWSI","Black","Private",3,2.13050847457627,0.0586848977636472,0.203191116306254,0.118016321406152,1,0,0.130433145009416
2009,"PWSI","Black","Private",2,2.13050847457627,0.0586848977636472,0.203191116306254,0.387005649717514,1,0,0.130433145009416
2009,"PWSI","Black","Private",1,2.13050847457627,0.0586848977636472,0.203191116306254,0.441619585687382,1,0,0.130433145009416
2005,"PWSI","Black","Private",4,2.5,0,0,0.0533584431889517,1,0,0.130433145009416
2005,"PWSI","Black","Private",3,2.5,0,0,0.118016321406152,1,0,0.130433145009416
2005,"PWSI","Black","Private",2,2.5,0,0,0.387005649717514,1,0,0.130433145009416
2005,"PWSI","Black","Private",1,2.5,0,0,0.441619585687382,1,0,0.130433145009416
2008,"PWSI","Black","Private",4,2.31346153846154,0.120551424291031,0.755697586726998,0.0533584431889517,1,0,0.130433145009416
2008,"PWSI","Black","Private",3,2.31346153846154,0.120551424291031,0.755697586726998,0.118016321406152,1,0,0.130433145009416
2008,"PWSI","Black","Private",2,2.31346153846154,0.120551424291031,0.755697586726998,0.387005649717514,1,0,0.130433145009416
2008,"PWSI","Black","Private",1,2.31346153846154,0.120551424291031,0.755697586726998,0.441619585687382,1,0,0.130433145009416
2006,"PWSI","Black","Private",4,2.24090909090909,0.120003443476764,0.316818181818182,0.0533584431889517,1,0,0.130433145009416
2006,"PWSI","Black","Private",3,2.24090909090909,0.120003443476764,0.316818181818182,0.118016321406152,1,0,0.130433145009416
2006,"PWSI","Black","Private",2,2.24090909090909,0.120003443476764,0.316818181818182,0.387005649717514,1,0,0.130433145009416
2006,"PWSI","Black","Private",1,2.24090909090909,0.120003443476764,0.316818181818182,0.441619585687382,1,0,0.130433145009416
2018,"PWSI","Black","Private",4,2.23809523809524,0.0832312299664216,0.14547619047619,0.0533584431889517,0.147058823529412,0.852941176470588,0.0587221513310281
2018,"PWSI","Black","Private",3,2.23809523809524,0.0832312299664216,0.14547619047619,0.118016321406152,0.406914893617021,0.593085106382979,0.0569911855697633
2018,"PWSI","Black","Private",2,2.23809523809524,0.0832312299664216,0.14547619047619,0.387005649717514,0.652879156528792,0.347120843471208,0.0340281767826031
2018,"PWSI","Black","Private",1,2.23809523809524,0.0832312299664216,0.14547619047619,0.441619585687382,0.953802416488984,0.0461975835110163,0
1999,"PWSI","Black","Private",4,2.13333333333333,0.466666666666667,0.653333333333333,0.0533584431889517,1,0,0.130433145009416
1999,"PWSI","Black","Private",3,2.13333333333333,0.466666666666667,0.653333333333333,0.118016321406152,1,0,0.130433145009416
1999,"PWSI","Black","Private",2,2.13333333333333,0.466666666666667,0.653333333333333,0.387005649717514,1,0,0.130433145009416
1999,"PWSI","Black","Private",1,2.13333333333333,0.466666666666667,0.653333333333333,0.441619585687382,1,0,0.130433145009416
2017,"PWSI","Black","Private",4,2.5,NA,NA,0.0533584431889517,0.147058823529412,0.852941176470588,0.0587221513310281
2017,"PWSI","Black","Private",3,2.5,NA,NA,0.118016321406152,0.406914893617021,0.593085106382979,0.0569911855697633
2017,"PWSI","Black","Private",2,2.5,NA,NA,0.387005649717514,0.652879156528792,0.347120843471208,0.0340281767826031
2017,"PWSI","Black","Private",1,2.5,NA,NA,0.441619585687382,0.953802416488984,0.0461975835110163,0
2020,"PWSI","Black","Private",4,2.736,0.0964157663455516,0.2324,0.0533584431889517,0.147058823529412,0.852941176470588,0.0587221513310281
2020,"PWSI","Black","Private",3,2.736,0.0964157663455516,0.2324,0.118016321406152,0.406914893617021,0.593085106382979,0.0569911855697633
2020,"PWSI","Black","Private",2,2.736,0.0964157663455516,0.2324,0.387005649717514,0.652879156528792,0.347120843471208,0.0340281767826031
2020,"PWSI","Black","Private",1,2.736,0.0964157663455516,0.2324,0.441619585687382,0.953802416488984,0.0461975835110163,0
2002,"PWSI","Black","Private",4,2.14473684210526,0.100049587166521,0.380376955903272,0.0533584431889517,1,0,0.130433145009416
2002,"PWSI","Black","Private",3,2.14473684210526,0.100049587166521,0.380376955903272,0.118016321406152,1,0,0.130433145009416
2002,"PWSI","Black","Private",2,2.14473684210526,0.100049587166521,0.380376955903272,0.387005649717514,1,0,0.130433145009416
2002,"PWSI","Black","Private",1,2.14473684210526,0.100049587166521,0.380376955903272,0.441619585687382,1,0,0.130433145009416
2021,"PWSI","Black","Private",4,2.16666666666667,0.187082869338697,0.315,0.0533584431889517,0.147058823529412,0.852941176470588,0.0587221513310281
2021,"PWSI","Black","Private",3,2.16666666666667,0.187082869338697,0.315,0.118016321406152,0.406914893617021,0.593085106382979,0.0569911855697633
2021,"PWSI","Black","Private",2,2.16666666666667,0.187082869338697,0.315,0.387005649717514,0.652879156528792,0.347120843471208,0.0340281767826031
2021,"PWSI","Black","Private",1,2.16666666666667,0.187082869338697,0.315,0.441619585687382,0.953802416488984,0.0461975835110163,0
2022,"PWSI","Black","Private",4,1.92083333333333,0.0968674513967236,0.225199275362319,0.0533584431889517,0.147058823529412,0.852941176470588,0.0587221513310281
2022,"PWSI","Black","Private",3,1.92083333333333,0.0968674513967236,0.225199275362319,0.118016321406152,0.406914893617021,0.593085106382979,0.0569911855697633
2022,"PWSI","Black","Private",2,1.92083333333333,0.0968674513967236,0.225199275362319,0.387005649717514,0.652879156528792,0.347120843471208,0.0340281767826031
2022,"PWSI","Black","Private",1,1.92083333333333,0.0968674513967236,0.225199275362319,0.441619585687382,0.953802416488984,0.0461975835110163,0
1998,"PWSI","Black","Private",4,1,NA,NA,0.0533584431889517,1,0,0.130433145009416
1998,"PWSI","Black","Private",3,1,NA,NA,0.118016321406152,1,0,0.130433145009416
1998,"PWSI","Black","Private",2,1,NA,NA,0.387005649717514,1,0,0.130433145009416
1998,"PWSI","Black","Private",1,1,NA,NA,0.441619585687382,1,0,0.130433145009416
2025,"PWSI","Black","Private",4,2.05625,0.0673659852980516,0.217832446808511,0.0533584431889517,0.147058823529412,0.852941176470588,0.0587221513310281
2025,"PWSI","Black","Private",3,2.05625,0.0673659852980516,0.217832446808511,0.118016321406152,0.406914893617021,0.593085106382979,0.0569911855697633
2025,"PWSI","Black","Private",2,2.05625,0.0673659852980516,0.217832446808511,0.387005649717514,0.652879156528792,0.347120843471208,0.0340281767826031
2025,"PWSI","Black","Private",1,2.05625,0.0673659852980516,0.217832446808511,0.441619585687382,0.953802416488984,0.0461975835110163,0
1996,"PWSI","Black","Private",4,2.14285714285714,0.244810074933847,0.419523809523809,0.0533584431889517,1,0,0.130433145009416
1996,"PWSI","Black","Private",3,2.14285714285714,0.244810074933847,0.419523809523809,0.118016321406152,1,0,0.130433145009416
1996,"PWSI","Black","Private",2,2.14285714285714,0.244810074933847,0.419523809523809,0.387005649717514,1,0,0.130433145009416
1996,"PWSI","Black","Private",1,2.14285714285714,0.244810074933847,0.419523809523809,0.441619585687382,1,0,0.130433145009416
2003,"PWSI","Black","Private",4,2.52432432432432,0.0743748122268208,0.20466966966967,0.0533584431889517,1,0,0.130433145009416
2003,"PWSI","Black","Private",3,2.52432432432432,0.0743748122268208,0.20466966966967,0.118016321406152,1,0,0.130433145009416
2003,"PWSI","Black","Private",2,2.52432432432432,0.0743748122268208,0.20466966966967,0.387005649717514,1,0,0.130433145009416
2003,"PWSI","Black","Private",1,2.52432432432432,0.0743748122268208,0.20466966966967,0.441619585687382,1,0,0.130433145009416
2013,"PWSI","Black","Private",4,2.39879518072289,0.0789196442187824,0.516949750220394,0.0533584431889517,0.147058823529412,0.852941176470588,0.0587221513310281
2013,"PWSI","Black","Private",3,2.39879518072289,0.0789196442187824,0.516949750220394,0.118016321406152,0.406914893617021,0.593085106382979,0.0569911855697633
2013,"PWSI","Black","Private",2,2.39879518072289,0.0789196442187824,0.516949750220394,0.387005649717514,0.652879156528792,0.347120843471208,0.0340281767826031
2013,"PWSI","Black","Private",1,2.39879518072289,0.0789196442187824,0.516949750220394,0.441619585687382,0.953802416488984,0.0461975835110163,0
2023,"PWSI","Black","Private",4,2.154,0.0600142840140102,0.180085714285714,0.0533584431889517,0.147058823529412,0.852941176470588,0.0587221513310281
2023,"PWSI","Black","Private",3,2.154,0.0600142840140102,0.180085714285714,0.118016321406152,0.406914893617021,0.593085106382979,0.0569911855697633
2023,"PWSI","Black","Private",2,2.154,0.0600142840140102,0.180085714285714,0.387005649717514,0.652879156528792,0.347120843471208,0.0340281767826031
2023,"PWSI","Black","Private",1,2.154,0.0600142840140102,0.180085714285714,0.441619585687382,0.953802416488984,0.0461975835110163,0
1999,"PWSI","Yelloweye","Private",2,2.40689655172414,0.236608374781656,1.62352216748768,0.199445983379501,1,0,0.87477377654663
1999,"PWSI","Yelloweye","Private",3,2.40689655172414,0.236608374781656,1.62352216748768,0.320406278855032,1,0,0.87477377654663
1999,"PWSI","Yelloweye","Private",4,2.40689655172414,0.236608374781656,1.62352216748768,0.433979686057248,1,0,0.87477377654663
1999,"PWSI","Yelloweye","Private",1,2.40689655172414,0.236608374781656,1.62352216748768,0.0461680517082179,1,0,0.87477377654663
1998,"PWSI","Yelloweye","Private",2,1.945,0.195134906100747,0.761552631578947,0.199445983379501,1,0,0.87477377654663
1998,"PWSI","Yelloweye","Private",3,1.945,0.195134906100747,0.761552631578947,0.320406278855032,1,0,0.87477377654663
1998,"PWSI","Yelloweye","Private",4,1.945,0.195134906100747,0.761552631578947,0.433979686057248,1,0,0.87477377654663
1998,"PWSI","Yelloweye","Private",1,1.945,0.195134906100747,0.761552631578947,0.0461680517082179,1,0,0.87477377654663
2019,"PWSI","Yelloweye","Private",2,2.76585365853659,0.195267476220395,1.56330487804878,0.199445983379501,0.226851851851852,0.773148148148148,0.0543115404400127
2019,"PWSI","Yelloweye","Private",3,2.76585365853659,0.195267476220395,1.56330487804878,0.320406278855032,0.115273775216138,0.884726224783862,0.032386819244065
2019,"PWSI","Yelloweye","Private",4,2.76585365853659,0.195267476220395,1.56330487804878,0.433979686057248,0.0319148936170213,0.968085106382979,0.0973760071404448
2019,"PWSI","Yelloweye","Private",1,2.76585365853659,0.195267476220395,1.56330487804878,0.0461680517082179,0.86,0.14,1.04700854700855e-05
2012,"PWSI","Yelloweye","Private",2,2.62295081967213,0.106852470753541,0.696464480874317,0.199445983379501,1,0,0.87477377654663
2012,"PWSI","Yelloweye","Private",3,2.62295081967213,0.106852470753541,0.696464480874317,0.320406278855032,1,0,0.87477377654663
2012,"PWSI","Yelloweye","Private",4,2.62295081967213,0.106852470753541,0.696464480874317,0.433979686057248,1,0,0.87477377654663
2012,"PWSI","Yelloweye","Private",1,2.62295081967213,0.106852470753541,0.696464480874317,0.0461680517082179,1,0,0.87477377654663
2005,"PWSI","Yelloweye","Private",2,2.47222222222222,0.0989896461271736,1.05828660436137,0.199445983379501,1,0,0.87477377654663
2005,"PWSI","Yelloweye","Private",3,2.47222222222222,0.0989896461271736,1.05828660436137,0.320406278855032,1,0,0.87477377654663
2005,"PWSI","Yelloweye","Private",4,2.47222222222222,0.0989896461271736,1.05828660436137,0.433979686057248,1,0,0.87477377654663
2005,"PWSI","Yelloweye","Private",1,2.47222222222222,0.0989896461271736,1.05828660436137,0.0461680517082179,1,0,0.87477377654663
2015,"PWSI","Yelloweye","Private",2,2.42876712328767,0.170531440033157,2.12291095890411,0.199445983379501,0.226851851851852,0.773148148148148,0.0543115404400127
2015,"PWSI","Yelloweye","Private",3,2.42876712328767,0.170531440033157,2.12291095890411,0.320406278855032,0.115273775216138,0.884726224783862,0.032386819244065
2015,"PWSI","Yelloweye","Private",4,2.42876712328767,0.170531440033157,2.12291095890411,0.433979686057248,0.0319148936170213,0.968085106382979,0.0973760071404448
2015,"PWSI","Yelloweye","Private",1,2.42876712328767,0.170531440033157,2.12291095890411,0.0461680517082179,0.86,0.14,1.04700854700855e-05
1995,"PWSI","Yelloweye","Private",2,2.6,NA,NA,0.199445983379501,1,0,0.87477377654663
1995,"PWSI","Yelloweye","Private",3,2.6,NA,NA,0.320406278855032,1,0,0.87477377654663
1995,"PWSI","Yelloweye","Private",4,2.6,NA,NA,0.433979686057248,1,0,0.87477377654663
1995,"PWSI","Yelloweye","Private",1,2.6,NA,NA,0.0461680517082179,1,0,0.87477377654663
2000,"PWSI","Yelloweye","Private",2,2.0093023255814,0.144742255877949,0.900863787375415,0.199445983379501,1,0,0.87477377654663
2000,"PWSI","Yelloweye","Private",3,2.0093023255814,0.144742255877949,0.900863787375415,0.320406278855032,1,0,0.87477377654663
2000,"PWSI","Yelloweye","Private",4,2.0093023255814,0.144742255877949,0.900863787375415,0.433979686057248,1,0,0.87477377654663
2000,"PWSI","Yelloweye","Private",1,2.0093023255814,0.144742255877949,0.900863787375415,0.0461680517082179,1,0,0.87477377654663
2009,"PWSI","Yelloweye","Private",2,2.59642857142857,0.136547853277164,2.08827541827542,0.199445983379501,1,0,0.87477377654663
2009,"PWSI","Yelloweye","Private",3,2.59642857142857,0.136547853277164,2.08827541827542,0.320406278855032,1,0,0.87477377654663
2009,"PWSI","Yelloweye","Private",4,2.59642857142857,0.136547853277164,2.08827541827542,0.433979686057248,1,0,0.87477377654663
2009,"PWSI","Yelloweye","Private",1,2.59642857142857,0.136547853277164,2.08827541827542,0.0461680517082179,1,0,0.87477377654663
2018,"PWSI","Yelloweye","Private",2,3.6,0.388203238505251,2.86333333333333,0.199445983379501,0.226851851851852,0.773148148148148,0.0543115404400127
2018,"PWSI","Yelloweye","Private",3,3.6,0.388203238505251,2.86333333333333,0.320406278855032,0.115273775216138,0.884726224783862,0.032386819244065
2018,"PWSI","Yelloweye","Private",4,3.6,0.388203238505251,2.86333333333333,0.433979686057248,0.0319148936170213,0.968085106382979,0.0973760071404448
2018,"PWSI","Yelloweye","Private",1,3.6,0.388203238505251,2.86333333333333,0.0461680517082179,0.86,0.14,1.04700854700855e-05
2001,"PWSI","Yelloweye","Private",2,1.94137931034483,0.152316941248835,1.34562613430127,0.199445983379501,1,0,0.87477377654663
2001,"PWSI","Yelloweye","Private",3,1.94137931034483,0.152316941248835,1.34562613430127,0.320406278855032,1,0,0.87477377654663
2001,"PWSI","Yelloweye","Private",4,1.94137931034483,0.152316941248835,1.34562613430127,0.433979686057248,1,0,0.87477377654663
2001,"PWSI","Yelloweye","Private",1,1.94137931034483,0.152316941248835,1.34562613430127,0.0461680517082179,1,0,0.87477377654663
2002,"PWSI","Yelloweye","Private",2,2.87017543859649,0.216791436683515,2.67891604010025,0.199445983379501,1,0,0.87477377654663
2002,"PWSI","Yelloweye","Private",3,2.87017543859649,0.216791436683515,2.67891604010025,0.320406278855032,1,0,0.87477377654663
2002,"PWSI","Yelloweye","Private",4,2.87017543859649,0.216791436683515,2.67891604010025,0.433979686057248,1,0,0.87477377654663
2002,"PWSI","Yelloweye","Private",1,2.87017543859649,0.216791436683515,2.67891604010025,0.0461680517082179,1,0,0.87477377654663
2008,"PWSI","Yelloweye","Private",2,2.88240740740741,0.129459754934247,1.81006143994462,0.199445983379501,1,0,0.87477377654663
2008,"PWSI","Yelloweye","Private",3,2.88240740740741,0.129459754934247,1.81006143994462,0.320406278855032,1,0,0.87477377654663
2008,"PWSI","Yelloweye","Private",4,2.88240740740741,0.129459754934247,1.81006143994462,0.433979686057248,1,0,0.87477377654663
2008,"PWSI","Yelloweye","Private",1,2.88240740740741,0.129459754934247,1.81006143994462,0.0461680517082179,1,0,0.87477377654663
2020,"PWSI","Yelloweye","Private",2,3.10882352941176,0.172760312618442,1.01476827094474,0.199445983379501,0.226851851851852,0.773148148148148,0.0543115404400127
2020,"PWSI","Yelloweye","Private",3,3.10882352941176,0.172760312618442,1.01476827094474,0.320406278855032,0.115273775216138,0.884726224783862,0.032386819244065
2020,"PWSI","Yelloweye","Private",4,3.10882352941176,0.172760312618442,1.01476827094474,0.433979686057248,0.0319148936170213,0.968085106382979,0.0973760071404448
2020,"PWSI","Yelloweye","Private",1,3.10882352941176,0.172760312618442,1.01476827094474,0.0461680517082179,0.86,0.14,1.04700854700855e-05
2024,"PWSI","Yelloweye","Private",2,2.385,0.238997357395652,1.14239473684211,0.199445983379501,0.226851851851852,0.773148148148148,0.0543115404400127
2024,"PWSI","Yelloweye","Private",3,2.385,0.238997357395652,1.14239473684211,0.320406278855032,0.115273775216138,0.884726224783862,0.032386819244065
2024,"PWSI","Yelloweye","Private",4,2.385,0.238997357395652,1.14239473684211,0.433979686057248,0.0319148936170213,0.968085106382979,0.0973760071404448
2024,"PWSI","Yelloweye","Private",1,2.385,0.238997357395652,1.14239473684211,0.0461680517082179,0.86,0.14,1.04700854700855e-05
2003,"PWSI","Yelloweye","Private",2,2.59821428571429,0.121054077487754,1.64125804375804,0.199445983379501,1,0,0.87477377654663
2003,"PWSI","Yelloweye","Private",3,2.59821428571429,0.121054077487754,1.64125804375804,0.320406278855032,1,0,0.87477377654663
2003,"PWSI","Yelloweye","Private",4,2.59821428571429,0.121054077487754,1.64125804375804,0.433979686057248,1,0,0.87477377654663
2003,"PWSI","Yelloweye","Private",1,2.59821428571429,0.121054077487754,1.64125804375804,0.0461680517082179,1,0,0.87477377654663
2014,"PWSI","Yelloweye","Private",2,2.90392156862745,0.201989337406681,2.08078431372549,0.199445983379501,0.226851851851852,0.773148148148148,0.0543115404400127
2014,"PWSI","Yelloweye","Private",3,2.90392156862745,0.201989337406681,2.08078431372549,0.320406278855032,0.115273775216138,0.884726224783862,0.032386819244065
2014,"PWSI","Yelloweye","Private",4,2.90392156862745,0.201989337406681,2.08078431372549,0.433979686057248,0.0319148936170213,0.968085106382979,0.0973760071404448
2014,"PWSI","Yelloweye","Private",1,2.90392156862745,0.201989337406681,2.08078431372549,0.0461680517082179,0.86,0.14,1.04700854700855e-05
2016,"PWSI","Yelloweye","Private",2,3,NA,NA,0.199445983379501,0.226851851851852,0.773148148148148,0.0543115404400127
2016,"PWSI","Yelloweye","Private",3,3,NA,NA,0.320406278855032,0.115273775216138,0.884726224783862,0.032386819244065
2016,"PWSI","Yelloweye","Private",4,3,NA,NA,0.433979686057248,0.0319148936170213,0.968085106382979,0.0973760071404448
2016,"PWSI","Yelloweye","Private",1,3,NA,NA,0.0461680517082179,0.86,0.14,1.04700854700855e-05
2022,"PWSI","Yelloweye","Private",2,3.00425531914894,0.202367062080431,1.92476410730805,0.199445983379501,0.226851851851852,0.773148148148148,0.0543115404400127
2022,"PWSI","Yelloweye","Private",3,3.00425531914894,0.202367062080431,1.92476410730805,0.320406278855032,0.115273775216138,0.884726224783862,0.032386819244065
2022,"PWSI","Yelloweye","Private",4,3.00425531914894,0.202367062080431,1.92476410730805,0.433979686057248,0.0319148936170213,0.968085106382979,0.0973760071404448
2022,"PWSI","Yelloweye","Private",1,3.00425531914894,0.202367062080431,1.92476410730805,0.0461680517082179,0.86,0.14,1.04700854700855e-05
2021,"PWSI","Yelloweye","Private",2,2.23684210526316,0.286765642472521,1.56245614035088,0.199445983379501,0.226851851851852,0.773148148148148,0.0543115404400127
2021,"PWSI","Yelloweye","Private",3,2.23684210526316,0.286765642472521,1.56245614035088,0.320406278855032,0.115273775216138,0.884726224783862,0.032386819244065
2021,"PWSI","Yelloweye","Private",4,2.23684210526316,0.286765642472521,1.56245614035088,0.433979686057248,0.0319148936170213,0.968085106382979,0.0973760071404448
2021,"PWSI","Yelloweye","Private",1,2.23684210526316,0.286765642472521,1.56245614035088,0.0461680517082179,0.86,0.14,1.04700854700855e-05
1994,"PWSI","Yelloweye","Private",2,2.46666666666667,0.554777232569775,0.923333333333333,0.199445983379501,1,0,0.87477377654663
1994,"PWSI","Yelloweye","Private",3,2.46666666666667,0.554777232569775,0.923333333333333,0.320406278855032,1,0,0.87477377654663
1994,"PWSI","Yelloweye","Private",4,2.46666666666667,0.554777232569775,0.923333333333333,0.433979686057248,1,0,0.87477377654663
1994,"PWSI","Yelloweye","Private",1,2.46666666666667,0.554777232569775,0.923333333333333,0.0461680517082179,1,0,0.87477377654663
2004,"PWSI","Yelloweye","Private",2,2.44933333333333,0.128053667427925,1.22983063063063,0.199445983379501,1,0,0.87477377654663
2004,"PWSI","Yelloweye","Private",3,2.44933333333333,0.128053667427925,1.22983063063063,0.320406278855032,1,0,0.87477377654663
2004,"PWSI","Yelloweye","Private",4,2.44933333333333,0.128053667427925,1.22983063063063,0.433979686057248,1,0,0.87477377654663
2004,"PWSI","Yelloweye","Private",1,2.44933333333333,0.128053667427925,1.22983063063063,0.0461680517082179,1,0,0.87477377654663
2011,"PWSI","Yelloweye","Private",2,2.08072289156626,0.100168207507448,0.832794593006171,0.199445983379501,1,0,0.87477377654663
2011,"PWSI","Yelloweye","Private",3,2.08072289156626,0.100168207507448,0.832794593006171,0.320406278855032,1,0,0.87477377654663
2011,"PWSI","Yelloweye","Private",4,2.08072289156626,0.100168207507448,0.832794593006171,0.433979686057248,1,0,0.87477377654663
2011,"PWSI","Yelloweye","Private",1,2.08072289156626,0.100168207507448,0.832794593006171,0.0461680517082179,1,0,0.87477377654663
2023,"PWSI","Yelloweye","Private",2,2.87916666666667,0.288736576114758,2.00085144927536,0.199445983379501,0.226851851851852,0.773148148148148,0.0543115404400127
2023,"PWSI","Yelloweye","Private",3,2.87916666666667,0.288736576114758,2.00085144927536,0.320406278855032,0.115273775216138,0.884726224783862,0.032386819244065
2023,"PWSI","Yelloweye","Private",4,2.87916666666667,0.288736576114758,2.00085144927536,0.433979686057248,0.0319148936170213,0.968085106382979,0.0973760071404448
2023,"PWSI","Yelloweye","Private",1,2.87916666666667,0.288736576114758,2.00085144927536,0.0461680517082179,0.86,0.14,1.04700854700855e-05
2006,"PWSI","Yelloweye","Private",2,2.57943925233645,0.103830178191565,1.15353553165227,0.199445983379501,1,0,0.87477377654663
2006,"PWSI","Yelloweye","Private",3,2.57943925233645,0.103830178191565,1.15353553165227,0.320406278855032,1,0,0.87477377654663
2006,"PWSI","Yelloweye","Private",4,2.57943925233645,0.103830178191565,1.15353553165227,0.433979686057248,1,0,0.87477377654663
2006,"PWSI","Yelloweye","Private",1,2.57943925233645,0.103830178191565,1.15353553165227,0.0461680517082179,1,0,0.87477377654663
2025,"PWSI","Yelloweye","Private",2,2.40625,0.2533884945428,1.02729166666667,0.199445983379501,0.226851851851852,0.773148148148148,0.0543115404400127
2025,"PWSI","Yelloweye","Private",3,2.40625,0.2533884945428,1.02729166666667,0.320406278855032,0.115273775216138,0.884726224783862,0.032386819244065
2025,"PWSI","Yelloweye","Private",4,2.40625,0.2533884945428,1.02729166666667,0.433979686057248,0.0319148936170213,0.968085106382979,0.0973760071404448
2025,"PWSI","Yelloweye","Private",1,2.40625,0.2533884945428,1.02729166666667,0.0461680517082179,0.86,0.14,1.04700854700855e-05
2013,"PWSI","Yelloweye","Private",2,2.35555555555556,0.116640208640095,1.102,0.199445983379501,0.226851851851852,0.773148148148148,0.0543115404400127
2013,"PWSI","Yelloweye","Private",3,2.35555555555556,0.116640208640095,1.102,0.320406278855032,0.115273775216138,0.884726224783862,0.032386819244065
2013,"PWSI","Yelloweye","Private",4,2.35555555555556,0.116640208640095,1.102,0.433979686057248,0.0319148936170213,0.968085106382979,0.0973760071404448
2013,"PWSI","Yelloweye","Private",1,2.35555555555556,0.116640208640095,1.102,0.0461680517082179,0.86,0.14,1.04700854700855e-05
1997,"PWSI","Yelloweye","Private",2,2.275,0.224531676349264,1.00828947368421,0.199445983379501,1,0,0.87477377654663
1997,"PWSI","Yelloweye","Private",3,2.275,0.224531676349264,1.00828947368421,0.320406278855032,1,0,0.87477377654663
1997,"PWSI","Yelloweye","Private",4,2.275,0.224531676349264,1.00828947368421,0.433979686057248,1,0,0.87477377654663
1997,"PWSI","Yelloweye","Private",1,2.275,0.224531676349264,1.00828947368421,0.0461680517082179,1,0,0.87477377654663
2007,"PWSI","Yelloweye","Private",2,2.80520833333333,0.144112299288737,1.99376206140351,0.199445983379501,1,0,0.87477377654663
2007,"PWSI","Yelloweye","Private",3,2.80520833333333,0.144112299288737,1.99376206140351,0.320406278855032,1,0,0.87477377654663
2007,"PWSI","Yelloweye","Private",4,2.80520833333333,0.144112299288737,1.99376206140351,0.433979686057248,1,0,0.87477377654663
2007,"PWSI","Yelloweye","Private",1,2.80520833333333,0.144112299288737,1.99376206140351,0.0461680517082179,1,0,0.87477377654663
2010,"PWSI","Yelloweye","Private",2,3.18666666666667,0.217516369494612,2.83880225988701,0.199445983379501,1,0,0.87477377654663
2010,"PWSI","Yelloweye","Private",3,3.18666666666667,0.217516369494612,2.83880225988701,0.320406278855032,1,0,0.87477377654663
2010,"PWSI","Yelloweye","Private",4,3.18666666666667,0.217516369494612,2.83880225988701,0.433979686057248,1,0,0.87477377654663
2010,"PWSI","Yelloweye","Private",1,3.18666666666667,0.217516369494612,2.83880225988701,0.0461680517082179,1,0,0.87477377654663
2023,"PWSO","Black","Charter",2,2.32036199095023,0.0500633845546947,0.553901686548745,0.402919708029197,0.793478260869565,0.206521739130435,0.0412345120602539
2023,"PWSO","Black","Charter",4,2.32036199095023,0.0500633845546947,0.553901686548745,0.0262773722627737,0.166666666666667,0.833333333333333,0.0388899605919475
2023,"PWSO","Black","Charter",1,2.32036199095023,0.0500633845546947,0.553901686548745,0.472992700729927,0.996913580246914,0.00308641975308643,0
2023,"PWSO","Black","Charter",3,2.32036199095023,0.0500633845546947,0.553901686548745,0.0978102189781022,0.134328358208955,0.865671641791045,0.119578865257037
2019,"PWSO","Black","Charter",2,2.5753488372093,0.0487352201944199,0.510651162790698,0.402919708029197,0.793478260869565,0.206521739130435,0.0412345120602539
2019,"PWSO","Black","Charter",4,2.5753488372093,0.0487352201944199,0.510651162790698,0.0262773722627737,0.166666666666667,0.833333333333333,0.0388899605919475
2019,"PWSO","Black","Charter",1,2.5753488372093,0.0487352201944199,0.510651162790698,0.472992700729927,0.996913580246914,0.00308641975308643,0
2019,"PWSO","Black","Charter",3,2.5753488372093,0.0487352201944199,0.510651162790698,0.0978102189781022,0.134328358208955,0.865671641791045,0.119578865257037
2012,"PWSO","Black","Charter",2,2.53959390862944,0.0439229237874528,0.380056977105563,0.402919708029197,1,0,0.103605839416058
2012,"PWSO","Black","Charter",4,2.53959390862944,0.0439229237874528,0.380056977105563,0.0262773722627737,1,0,0.103605839416058
2012,"PWSO","Black","Charter",1,2.53959390862944,0.0439229237874528,0.380056977105563,0.472992700729927,1,0,0.103605839416058
2012,"PWSO","Black","Charter",3,2.53959390862944,0.0439229237874528,0.380056977105563,0.0978102189781022,1,0,0.103605839416058
2009,"PWSO","Black","Charter",2,2.57178571428571,0.0398998854570233,0.445760240655402,0.402919708029197,1,0,0.103605839416058
2009,"PWSO","Black","Charter",4,2.57178571428571,0.0398998854570233,0.445760240655402,0.0262773722627737,1,0,0.103605839416058
2009,"PWSO","Black","Charter",1,2.57178571428571,0.0398998854570233,0.445760240655402,0.472992700729927,1,0,0.103605839416058
2009,"PWSO","Black","Charter",3,2.57178571428571,0.0398998854570233,0.445760240655402,0.0978102189781022,1,0,0.103605839416058
2003,"PWSO","Black","Charter",2,2.37630662020906,0.0396124849133142,0.450345751809166,0.402919708029197,1,0,0.103605839416058
2003,"PWSO","Black","Charter",4,2.37630662020906,0.0396124849133142,0.450345751809166,0.0262773722627737,1,0,0.103605839416058
2003,"PWSO","Black","Charter",1,2.37630662020906,0.0396124849133142,0.450345751809166,0.472992700729927,1,0,0.103605839416058
2003,"PWSO","Black","Charter",3,2.37630662020906,0.0396124849133142,0.450345751809166,0.0978102189781022,1,0,0.103605839416058
1997,"PWSO","Black","Charter",2,2.32820512820513,0.0929928874119713,0.674518814518814,0.402919708029197,1,0,0.103605839416058
1997,"PWSO","Black","Charter",4,2.32820512820513,0.0929928874119713,0.674518814518814,0.0262773722627737,1,0,0.103605839416058
1997,"PWSO","Black","Charter",1,2.32820512820513,0.0929928874119713,0.674518814518814,0.472992700729927,1,0,0.103605839416058
1997,"PWSO","Black","Charter",3,2.32820512820513,0.0929928874119713,0.674518814518814,0.0978102189781022,1,0,0.103605839416058
2005,"PWSO","Black","Charter",2,2.3125,0.0437604991983942,0.352356557377049,0.402919708029197,1,0,0.103605839416058
2005,"PWSO","Black","Charter",4,2.3125,0.0437604991983942,0.352356557377049,0.0262773722627737,1,0,0.103605839416058
2005,"PWSO","Black","Charter",1,2.3125,0.0437604991983942,0.352356557377049,0.472992700729927,1,0,0.103605839416058
2005,"PWSO","Black","Charter",3,2.3125,0.0437604991983942,0.352356557377049,0.0978102189781022,1,0,0.103605839416058
2011,"PWSO","Black","Charter",2,2.60043668122271,0.0390087170167377,0.34846472075385,0.402919708029197,1,0,0.103605839416058
2011,"PWSO","Black","Charter",4,2.60043668122271,0.0390087170167377,0.34846472075385,0.0262773722627737,1,0,0.103605839416058
2011,"PWSO","Black","Charter",1,2.60043668122271,0.0390087170167377,0.34846472075385,0.472992700729927,1,0,0.103605839416058
2011,"PWSO","Black","Charter",3,2.60043668122271,0.0390087170167377,0.34846472075385,0.0978102189781022,1,0,0.103605839416058
2002,"PWSO","Black","Charter",2,2.70357142857143,0.0638714239855199,0.571138232271326,0.402919708029197,1,0,0.103605839416058
2002,"PWSO","Black","Charter",4,2.70357142857143,0.0638714239855199,0.571138232271326,0.0262773722627737,1,0,0.103605839416058
2002,"PWSO","Black","Charter",1,2.70357142857143,0.0638714239855199,0.571138232271326,0.472992700729927,1,0,0.103605839416058
2002,"PWSO","Black","Charter",3,2.70357142857143,0.0638714239855199,0.571138232271326,0.0978102189781022,1,0,0.103605839416058
2006,"PWSO","Black","Charter",2,2.30871212121212,0.0393353368499749,0.408478943426662,0.402919708029197,1,0,0.103605839416058
2006,"PWSO","Black","Charter",4,2.30871212121212,0.0393353368499749,0.408478943426662,0.0262773722627737,1,0,0.103605839416058
2006,"PWSO","Black","Charter",1,2.30871212121212,0.0393353368499749,0.408478943426662,0.472992700729927,1,0,0.103605839416058
2006,"PWSO","Black","Charter",3,2.30871212121212,0.0393353368499749,0.408478943426662,0.0978102189781022,1,0,0.103605839416058
2013,"PWSO","Black","Charter",2,2.76951219512195,0.046526658468154,0.355015711506808,0.402919708029197,0.793478260869565,0.206521739130435,0.0412345120602539
2013,"PWSO","Black","Charter",4,2.76951219512195,0.046526658468154,0.355015711506808,0.0262773722627737,0.166666666666667,0.833333333333333,0.0388899605919475
2013,"PWSO","Black","Charter",1,2.76951219512195,0.046526658468154,0.355015711506808,0.472992700729927,0.996913580246914,0.00308641975308643,0
2013,"PWSO","Black","Charter",3,2.76951219512195,0.046526658468154,0.355015711506808,0.0978102189781022,0.134328358208955,0.865671641791045,0.119578865257037
1993,"PWSO","Black","Charter",2,1.88857142857143,0.0841054929122923,0.19806455026455,0.402919708029197,1,0,0.103605839416058
1993,"PWSO","Black","Charter",4,1.88857142857143,0.0841054929122923,0.19806455026455,0.0262773722627737,1,0,0.103605839416058
1993,"PWSO","Black","Charter",1,1.88857142857143,0.0841054929122923,0.19806455026455,0.472992700729927,1,0,0.103605839416058
1993,"PWSO","Black","Charter",3,1.88857142857143,0.0841054929122923,0.19806455026455,0.0978102189781022,1,0,0.103605839416058
1999,"PWSO","Black","Charter",2,2.82886597938144,0.0635598921170011,0.391866408934708,0.402919708029197,1,0,0.103605839416058
1999,"PWSO","Black","Charter",4,2.82886597938144,0.0635598921170011,0.391866408934708,0.0262773722627737,1,0,0.103605839416058
1999,"PWSO","Black","Charter",1,2.82886597938144,0.0635598921170011,0.391866408934708,0.472992700729927,1,0,0.103605839416058
1999,"PWSO","Black","Charter",3,2.82886597938144,0.0635598921170011,0.391866408934708,0.0978102189781022,1,0,0.103605839416058
2016,"PWSO","Black","Charter",2,2.17358490566038,0.0755315437616663,0.302365747460087,0.402919708029197,0.793478260869565,0.206521739130435,0.0412345120602539
2016,"PWSO","Black","Charter",4,2.17358490566038,0.0755315437616663,0.302365747460087,0.0262773722627737,0.166666666666667,0.833333333333333,0.0388899605919475
2016,"PWSO","Black","Charter",1,2.17358490566038,0.0755315437616663,0.302365747460087,0.472992700729927,0.996913580246914,0.00308641975308643,0
2016,"PWSO","Black","Charter",3,2.17358490566038,0.0755315437616663,0.302365747460087,0.0978102189781022,0.134328358208955,0.865671641791045,0.119578865257037
2015,"PWSO","Black","Charter",2,2.48630136986301,0.092267954626117,0.621476407914764,0.402919708029197,0.793478260869565,0.206521739130435,0.0412345120602539
2015,"PWSO","Black","Charter",4,2.48630136986301,0.092267954626117,0.621476407914764,0.0262773722627737,0.166666666666667,0.833333333333333,0.0388899605919475
2015,"PWSO","Black","Charter",1,2.48630136986301,0.092267954626117,0.621476407914764,0.472992700729927,0.996913580246914,0.00308641975308643,0
2015,"PWSO","Black","Charter",3,2.48630136986301,0.092267954626117,0.621476407914764,0.0978102189781022,0.134328358208955,0.865671641791045,0.119578865257037
2020,"PWSO","Black","Charter",2,2.29204152249135,0.0453837517497947,0.595248942714341,0.402919708029197,0.793478260869565,0.206521739130435,0.0412345120602539
2020,"PWSO","Black","Charter",4,2.29204152249135,0.0453837517497947,0.595248942714341,0.0262773722627737,0.166666666666667,0.833333333333333,0.0388899605919475
2020,"PWSO","Black","Charter",1,2.29204152249135,0.0453837517497947,0.595248942714341,0.472992700729927,0.996913580246914,0.00308641975308643,0
2020,"PWSO","Black","Charter",3,2.29204152249135,0.0453837517497947,0.595248942714341,0.0978102189781022,0.134328358208955,0.865671641791045,0.119578865257037
2004,"PWSO","Black","Charter",2,2.42612612612613,0.034768140690368,0.402538261152719,0.402919708029197,1,0,0.103605839416058
2004,"PWSO","Black","Charter",4,2.42612612612613,0.034768140690368,0.402538261152719,0.0262773722627737,1,0,0.103605839416058
2004,"PWSO","Black","Charter",1,2.42612612612613,0.034768140690368,0.402538261152719,0.472992700729927,1,0,0.103605839416058
2004,"PWSO","Black","Charter",3,2.42612612612613,0.034768140690368,0.402538261152719,0.0978102189781022,1,0,0.103605839416058
2007,"PWSO","Black","Charter",2,2.48502415458937,0.0320512784391223,0.425295762127008,0.402919708029197,1,0,0.103605839416058
2007,"PWSO","Black","Charter",4,2.48502415458937,0.0320512784391223,0.425295762127008,0.0262773722627737,1,0,0.103605839416058
2007,"PWSO","Black","Charter",1,2.48502415458937,0.0320512784391223,0.425295762127008,0.472992700729927,1,0,0.103605839416058
2007,"PWSO","Black","Charter",3,2.48502415458937,0.0320512784391223,0.425295762127008,0.0978102189781022,1,0,0.103605839416058
2022,"PWSO","Black","Charter",2,2.19299719887955,0.0368853644691601,0.485709249992132,0.402919708029197,0.793478260869565,0.206521739130435,0.0412345120602539
2022,"PWSO","Black","Charter",4,2.19299719887955,0.0368853644691601,0.485709249992132,0.0262773722627737,0.166666666666667,0.833333333333333,0.0388899605919475
2022,"PWSO","Black","Charter",1,2.19299719887955,0.0368853644691601,0.485709249992132,0.472992700729927,0.996913580246914,0.00308641975308643,0
2022,"PWSO","Black","Charter",3,2.19299719887955,0.0368853644691601,0.485709249992132,0.0978102189781022,0.134328358208955,0.865671641791045,0.119578865257037
2025,"PWSO","Black","Charter",2,1.83119266055046,0.0458931311834051,0.229573564390078,0.402919708029197,0.793478260869565,0.206521739130435,0.0412345120602539
2025,"PWSO","Black","Charter",4,1.83119266055046,0.0458931311834051,0.229573564390078,0.0262773722627737,0.166666666666667,0.833333333333333,0.0388899605919475
2025,"PWSO","Black","Charter",1,1.83119266055046,0.0458931311834051,0.229573564390078,0.472992700729927,0.996913580246914,0.00308641975308643,0
2025,"PWSO","Black","Charter",3,1.83119266055046,0.0458931311834051,0.229573564390078,0.0978102189781022,0.134328358208955,0.865671641791045,0.119578865257037
1994,"PWSO","Black","Charter",2,2.09333333333333,0.0687284184716772,0.425123595505618,0.402919708029197,1,0,0.103605839416058
1994,"PWSO","Black","Charter",4,2.09333333333333,0.0687284184716772,0.425123595505618,0.0262773722627737,1,0,0.103605839416058
1994,"PWSO","Black","Charter",1,2.09333333333333,0.0687284184716772,0.425123595505618,0.472992700729927,1,0,0.103605839416058
1994,"PWSO","Black","Charter",3,2.09333333333333,0.0687284184716772,0.425123595505618,0.0978102189781022,1,0,0.103605839416058
1998,"PWSO","Black","Charter",2,2.38163265306122,0.0930708835541069,0.424447278911565,0.402919708029197,1,0,0.103605839416058
1998,"PWSO","Black","Charter",4,2.38163265306122,0.0930708835541069,0.424447278911565,0.0262773722627737,1,0,0.103605839416058
1998,"PWSO","Black","Charter",1,2.38163265306122,0.0930708835541069,0.424447278911565,0.472992700729927,1,0,0.103605839416058
1998,"PWSO","Black","Charter",3,2.38163265306122,0.0930708835541069,0.424447278911565,0.0978102189781022,1,0,0.103605839416058
2017,"PWSO","Black","Charter",2,2.27222222222222,0.1251941121722,0.282124183006536,0.402919708029197,0.793478260869565,0.206521739130435,0.0412345120602539
2017,"PWSO","Black","Charter",4,2.27222222222222,0.1251941121722,0.282124183006536,0.0262773722627737,0.166666666666667,0.833333333333333,0.0388899605919475
2017,"PWSO","Black","Charter",1,2.27222222222222,0.1251941121722,0.282124183006536,0.472992700729927,0.996913580246914,0.00308641975308643,0
2017,"PWSO","Black","Charter",3,2.27222222222222,0.1251941121722,0.282124183006536,0.0978102189781022,0.134328358208955,0.865671641791045,0.119578865257037
1996,"PWSO","Black","Charter",2,1.98974358974359,0.125483941571714,0.614102564102564,0.402919708029197,1,0,0.103605839416058
1996,"PWSO","Black","Charter",4,1.98974358974359,0.125483941571714,0.614102564102564,0.0262773722627737,1,0,0.103605839416058
1996,"PWSO","Black","Charter",1,1.98974358974359,0.125483941571714,0.614102564102564,0.472992700729927,1,0,0.103605839416058
1996,"PWSO","Black","Charter",3,1.98974358974359,0.125483941571714,0.614102564102564,0.0978102189781022,1,0,0.103605839416058
2024,"PWSO","Black","Charter",2,1.82363636363636,0.0407422894921302,0.273889135254989,0.402919708029197,0.793478260869565,0.206521739130435,0.0412345120602539
2024,"PWSO","Black","Charter",4,1.82363636363636,0.0407422894921302,0.273889135254989,0.0262773722627737,0.166666666666667,0.833333333333333,0.0388899605919475
2024,"PWSO","Black","Charter",1,1.82363636363636,0.0407422894921302,0.273889135254989,0.472992700729927,0.996913580246914,0.00308641975308643,0
2024,"PWSO","Black","Charter",3,1.82363636363636,0.0407422894921302,0.273889135254989,0.0978102189781022,0.134328358208955,0.865671641791045,0.119578865257037
2014,"PWSO","Black","Charter",2,2.82751322751323,0.0459973137993627,0.399877293707081,0.402919708029197,0.793478260869565,0.206521739130435,0.0412345120602539
2014,"PWSO","Black","Charter",4,2.82751322751323,0.0459973137993627,0.399877293707081,0.0262773722627737,0.166666666666667,0.833333333333333,0.0388899605919475
2014,"PWSO","Black","Charter",1,2.82751322751323,0.0459973137993627,0.399877293707081,0.472992700729927,0.996913580246914,0.00308641975308643,0
2014,"PWSO","Black","Charter",3,2.82751322751323,0.0459973137993627,0.399877293707081,0.0978102189781022,0.134328358208955,0.865671641791045,0.119578865257037
2010,"PWSO","Black","Charter",2,2.94909090909091,0.0554002981854595,0.506416851441242,0.402919708029197,1,0,0.103605839416058
2010,"PWSO","Black","Charter",4,2.94909090909091,0.0554002981854595,0.506416851441242,0.0262773722627737,1,0,0.103605839416058
2010,"PWSO","Black","Charter",1,2.94909090909091,0.0554002981854595,0.506416851441242,0.472992700729927,1,0,0.103605839416058
2010,"PWSO","Black","Charter",3,2.94909090909091,0.0554002981854595,0.506416851441242,0.0978102189781022,1,0,0.103605839416058
2018,"PWSO","Black","Charter",2,2.44867256637168,0.0725213583370896,0.594306257901391,0.402919708029197,0.793478260869565,0.206521739130435,0.0412345120602539
2018,"PWSO","Black","Charter",4,2.44867256637168,0.0725213583370896,0.594306257901391,0.0262773722627737,0.166666666666667,0.833333333333333,0.0388899605919475
2018,"PWSO","Black","Charter",1,2.44867256637168,0.0725213583370896,0.594306257901391,0.472992700729927,0.996913580246914,0.00308641975308643,0
2018,"PWSO","Black","Charter",3,2.44867256637168,0.0725213583370896,0.594306257901391,0.0978102189781022,0.134328358208955,0.865671641791045,0.119578865257037
1995,"PWSO","Black","Charter",2,2.20816326530612,0.0825732376786223,0.334098639455782,0.402919708029197,1,0,0.103605839416058
1995,"PWSO","Black","Charter",4,2.20816326530612,0.0825732376786223,0.334098639455782,0.0262773722627737,1,0,0.103605839416058
1995,"PWSO","Black","Charter",1,2.20816326530612,0.0825732376786223,0.334098639455782,0.472992700729927,1,0,0.103605839416058
1995,"PWSO","Black","Charter",3,2.20816326530612,0.0825732376786223,0.334098639455782,0.0978102189781022,1,0,0.103605839416058
2000,"PWSO","Black","Charter",2,2.63555555555556,0.134358015461464,0.812343434343434,0.402919708029197,1,0,0.103605839416058
2000,"PWSO","Black","Charter",4,2.63555555555556,0.134358015461464,0.812343434343434,0.0262773722627737,1,0,0.103605839416058
2000,"PWSO","Black","Charter",1,2.63555555555556,0.134358015461464,0.812343434343434,0.472992700729927,1,0,0.103605839416058
2000,"PWSO","Black","Charter",3,2.63555555555556,0.134358015461464,0.812343434343434,0.0978102189781022,1,0,0.103605839416058
2008,"PWSO","Black","Charter",2,2.56878881987578,0.0363132908478125,0.4246069396877,0.402919708029197,1,0,0.103605839416058
2008,"PWSO","Black","Charter",4,2.56878881987578,0.0363132908478125,0.4246069396877,0.0262773722627737,1,0,0.103605839416058
2008,"PWSO","Black","Charter",1,2.56878881987578,0.0363132908478125,0.4246069396877,0.472992700729927,1,0,0.103605839416058
2008,"PWSO","Black","Charter",3,2.56878881987578,0.0363132908478125,0.4246069396877,0.0978102189781022,1,0,0.103605839416058
2021,"PWSO","Black","Charter",2,1.98653846153846,0.0643866945400818,0.646720843672457,0.402919708029197,0.793478260869565,0.206521739130435,0.0412345120602539
2021,"PWSO","Black","Charter",4,1.98653846153846,0.0643866945400818,0.646720843672457,0.0262773722627737,0.166666666666667,0.833333333333333,0.0388899605919475
2021,"PWSO","Black","Charter",1,1.98653846153846,0.0643866945400818,0.646720843672457,0.472992700729927,0.996913580246914,0.00308641975308643,0
2021,"PWSO","Black","Charter",3,1.98653846153846,0.0643866945400818,0.646720843672457,0.0978102189781022,0.134328358208955,0.865671641791045,0.119578865257037
2001,"PWSO","Black","Charter",2,2.57798165137615,0.0722362308788931,0.568769962623174,0.402919708029197,1,0,0.103605839416058
2001,"PWSO","Black","Charter",4,2.57798165137615,0.0722362308788931,0.568769962623174,0.0262773722627737,1,0,0.103605839416058
2001,"PWSO","Black","Charter",1,2.57798165137615,0.0722362308788931,0.568769962623174,0.472992700729927,1,0,0.103605839416058
2001,"PWSO","Black","Charter",3,2.57798165137615,0.0722362308788931,0.568769962623174,0.0978102189781022,1,0,0.103605839416058
2017,"PWSO","Yelloweye","Charter",4,6.74285714285714,1.39946539841489,13.7095238095238,0.337268128161889,0.04,0.96,0.0746618444846293
2017,"PWSO","Yelloweye","Charter",1,6.74285714285714,1.39946539841489,13.7095238095238,0.0168634064080944,0.7,0.3,1.62748643761302e-05
2017,"PWSO","Yelloweye","Charter",3,6.74285714285714,1.39946539841489,13.7095238095238,0.51602023608769,0.0686274509803922,0.931372549019608,0.038667668333156
2017,"PWSO","Yelloweye","Charter",2,6.74285714285714,1.39946539841489,13.7095238095238,0.129848229342327,0.051948051948052,0.948051948051948,0.00488786078297832
2008,"PWSO","Yelloweye","Charter",4,4.55892857142857,0.124504522304942,2.60423118049615,0.337268128161889,1,0,0.913220910623946
2008,"PWSO","Yelloweye","Charter",1,4.55892857142857,0.124504522304942,2.60423118049615,0.0168634064080944,1,0,0.913220910623946
2008,"PWSO","Yelloweye","Charter",3,4.55892857142857,0.124504522304942,2.60423118049615,0.51602023608769,1,0,0.913220910623946
2008,"PWSO","Yelloweye","Charter",2,4.55892857142857,0.124504522304942,2.60423118049615,0.129848229342327,1,0,0.913220910623946
2014,"PWSO","Yelloweye","Charter",4,4.35714285714286,0.229296738821417,2.94431168831169,0.337268128161889,0.04,0.96,0.0746618444846293
2014,"PWSO","Yelloweye","Charter",1,4.35714285714286,0.229296738821417,2.94431168831169,0.0168634064080944,0.7,0.3,1.62748643761302e-05
2014,"PWSO","Yelloweye","Charter",3,4.35714285714286,0.229296738821417,2.94431168831169,0.51602023608769,0.0686274509803922,0.931372549019608,0.038667668333156
2014,"PWSO","Yelloweye","Charter",2,4.35714285714286,0.229296738821417,2.94431168831169,0.129848229342327,0.051948051948052,0.948051948051948,0.00488786078297832
2005,"PWSO","Yelloweye","Charter",4,4.37333333333333,0.162218108467319,1.9736036036036,0.337268128161889,1,0,0.913220910623946
2005,"PWSO","Yelloweye","Charter",1,4.37333333333333,0.162218108467319,1.9736036036036,0.0168634064080944,1,0,0.913220910623946
2005,"PWSO","Yelloweye","Charter",3,4.37333333333333,0.162218108467319,1.9736036036036,0.51602023608769,1,0,0.913220910623946
2005,"PWSO","Yelloweye","Charter",2,4.37333333333333,0.162218108467319,1.9736036036036,0.129848229342327,1,0,0.913220910623946
2009,"PWSO","Yelloweye","Charter",4,4.56972972972973,0.115717057184063,2.47723090481786,0.337268128161889,1,0,0.913220910623946
2009,"PWSO","Yelloweye","Charter",1,4.56972972972973,0.115717057184063,2.47723090481786,0.0168634064080944,1,0,0.913220910623946
2009,"PWSO","Yelloweye","Charter",3,4.56972972972973,0.115717057184063,2.47723090481786,0.51602023608769,1,0,0.913220910623946
2009,"PWSO","Yelloweye","Charter",2,4.56972972972973,0.115717057184063,2.47723090481786,0.129848229342327,1,0,0.913220910623946
1999,"PWSO","Yelloweye","Charter",4,4.0984496124031,0.13317722433489,2.28796632751938,0.337268128161889,1,0,0.913220910623946
1999,"PWSO","Yelloweye","Charter",1,4.0984496124031,0.13317722433489,2.28796632751938,0.0168634064080944,1,0,0.913220910623946
1999,"PWSO","Yelloweye","Charter",3,4.0984496124031,0.13317722433489,2.28796632751938,0.51602023608769,1,0,0.913220910623946
1999,"PWSO","Yelloweye","Charter",2,4.0984496124031,0.13317722433489,2.28796632751938,0.129848229342327,1,0,0.913220910623946
1998,"PWSO","Yelloweye","Charter",4,5.25192307692308,0.209655509741151,2.28568250377074,0.337268128161889,1,0,0.913220910623946
1998,"PWSO","Yelloweye","Charter",1,5.25192307692308,0.209655509741151,2.28568250377074,0.0168634064080944,1,0,0.913220910623946
1998,"PWSO","Yelloweye","Charter",3,5.25192307692308,0.209655509741151,2.28568250377074,0.51602023608769,1,0,0.913220910623946
1998,"PWSO","Yelloweye","Charter",2,5.25192307692308,0.209655509741151,2.28568250377074,0.129848229342327,1,0,0.913220910623946
2007,"PWSO","Yelloweye","Charter",4,4.39019607843137,0.104247449401955,1.66273219814241,0.337268128161889,1,0,0.913220910623946
2007,"PWSO","Yelloweye","Charter",1,4.39019607843137,0.104247449401955,1.66273219814241,0.0168634064080944,1,0,0.913220910623946
2007,"PWSO","Yelloweye","Charter",3,4.39019607843137,0.104247449401955,1.66273219814241,0.51602023608769,1,0,0.913220910623946
2007,"PWSO","Yelloweye","Charter",2,4.39019607843137,0.104247449401955,1.66273219814241,0.129848229342327,1,0,0.913220910623946
1996,"PWSO","Yelloweye","Charter",4,4.38484848484848,0.328855948825703,3.56882575757576,0.337268128161889,1,0,0.913220910623946
1996,"PWSO","Yelloweye","Charter",1,4.38484848484848,0.328855948825703,3.56882575757576,0.0168634064080944,1,0,0.913220910623946
1996,"PWSO","Yelloweye","Charter",3,4.38484848484848,0.328855948825703,3.56882575757576,0.51602023608769,1,0,0.913220910623946
1996,"PWSO","Yelloweye","Charter",2,4.38484848484848,0.328855948825703,3.56882575757576,0.129848229342327,1,0,0.913220910623946
1994,"PWSO","Yelloweye","Charter",4,3.70322580645161,0.186217809282383,1.07498924731183,0.337268128161889,1,0,0.913220910623946
1994,"PWSO","Yelloweye","Charter",1,3.70322580645161,0.186217809282383,1.07498924731183,0.0168634064080944,1,0,0.913220910623946
1994,"PWSO","Yelloweye","Charter",3,3.70322580645161,0.186217809282383,1.07498924731183,0.51602023608769,1,0,0.913220910623946
1994,"PWSO","Yelloweye","Charter",2,3.70322580645161,0.186217809282383,1.07498924731183,0.129848229342327,1,0,0.913220910623946
2023,"PWSO","Yelloweye","Charter",4,4.63,0.261647059363314,3.42295918367347,0.337268128161889,0.04,0.96,0.0746618444846293
2023,"PWSO","Yelloweye","Charter",1,4.63,0.261647059363314,3.42295918367347,0.0168634064080944,0.7,0.3,1.62748643761302e-05
2023,"PWSO","Yelloweye","Charter",3,4.63,0.261647059363314,3.42295918367347,0.51602023608769,0.0686274509803922,0.931372549019608,0.038667668333156
2023,"PWSO","Yelloweye","Charter",2,4.63,0.261647059363314,3.42295918367347,0.129848229342327,0.051948051948052,0.948051948051948,0.00488786078297832
2002,"PWSO","Yelloweye","Charter",4,4.5489539748954,0.0913198810364434,1.99309764072993,0.337268128161889,1,0,0.913220910623946
2002,"PWSO","Yelloweye","Charter",1,4.5489539748954,0.0913198810364434,1.99309764072993,0.0168634064080944,1,0,0.913220910623946
2002,"PWSO","Yelloweye","Charter",3,4.5489539748954,0.0913198810364434,1.99309764072993,0.51602023608769,1,0,0.913220910623946
2002,"PWSO","Yelloweye","Charter",2,4.5489539748954,0.0913198810364434,1.99309764072993,0.129848229342327,1,0,0.913220910623946
2019,"PWSO","Yelloweye","Charter",4,4.04736842105263,0.315929319438046,3.7928307254623,0.337268128161889,0.04,0.96,0.0746618444846293
2019,"PWSO","Yelloweye","Charter",1,4.04736842105263,0.315929319438046,3.7928307254623,0.0168634064080944,0.7,0.3,1.62748643761302e-05
2019,"PWSO","Yelloweye","Charter",3,4.04736842105263,0.315929319438046,3.7928307254623,0.51602023608769,0.0686274509803922,0.931372549019608,0.038667668333156
2019,"PWSO","Yelloweye","Charter",2,4.04736842105263,0.315929319438046,3.7928307254623,0.129848229342327,0.051948051948052,0.948051948051948,0.00488786078297832
1995,"PWSO","Yelloweye","Charter",4,3.6741935483871,0.314316727526413,3.06264516129032,0.337268128161889,1,0,0.913220910623946
1995,"PWSO","Yelloweye","Charter",1,3.6741935483871,0.314316727526413,3.06264516129032,0.0168634064080944,1,0,0.913220910623946
1995,"PWSO","Yelloweye","Charter",3,3.6741935483871,0.314316727526413,3.06264516129032,0.51602023608769,1,0,0.913220910623946
1995,"PWSO","Yelloweye","Charter",2,3.6741935483871,0.314316727526413,3.06264516129032,0.129848229342327,1,0,0.913220910623946
2021,"PWSO","Yelloweye","Charter",4,4.14722222222222,0.307356525080728,3.40084920634921,0.337268128161889,0.04,0.96,0.0746618444846293
2021,"PWSO","Yelloweye","Charter",1,4.14722222222222,0.307356525080728,3.40084920634921,0.0168634064080944,0.7,0.3,1.62748643761302e-05
2021,"PWSO","Yelloweye","Charter",3,4.14722222222222,0.307356525080728,3.40084920634921,0.51602023608769,0.0686274509803922,0.931372549019608,0.038667668333156
2021,"PWSO","Yelloweye","Charter",2,4.14722222222222,0.307356525080728,3.40084920634921,0.129848229342327,0.051948051948052,0.948051948051948,0.00488786078297832
2024,"PWSO","Yelloweye","Charter",4,4.571875,0.252656625608175,2.04273185483871,0.337268128161889,0.04,0.96,0.0746618444846293
2024,"PWSO","Yelloweye","Charter",1,4.571875,0.252656625608175,2.04273185483871,0.0168634064080944,0.7,0.3,1.62748643761302e-05
2024,"PWSO","Yelloweye","Charter",3,4.571875,0.252656625608175,2.04273185483871,0.51602023608769,0.0686274509803922,0.931372549019608,0.038667668333156
2024,"PWSO","Yelloweye","Charter",2,4.571875,0.252656625608175,2.04273185483871,0.129848229342327,0.051948051948052,0.948051948051948,0.00488786078297832
2010,"PWSO","Yelloweye","Charter",4,4.59943820224719,0.130701094488273,3.04073414587698,0.337268128161889,1,0,0.913220910623946
2010,"PWSO","Yelloweye","Charter",1,4.59943820224719,0.130701094488273,3.04073414587698,0.0168634064080944,1,0,0.913220910623946
2010,"PWSO","Yelloweye","Charter",3,4.59943820224719,0.130701094488273,3.04073414587698,0.51602023608769,1,0,0.913220910623946
2010,"PWSO","Yelloweye","Charter",2,4.59943820224719,0.130701094488273,3.04073414587698,0.129848229342327,1,0,0.913220910623946
2012,"PWSO","Yelloweye","Charter",4,4.84180327868852,0.153766953749773,2.88460167998916,0.337268128161889,1,0,0.913220910623946
2012,"PWSO","Yelloweye","Charter",1,4.84180327868852,0.153766953749773,2.88460167998916,0.0168634064080944,1,0,0.913220910623946
2012,"PWSO","Yelloweye","Charter",3,4.84180327868852,0.153766953749773,2.88460167998916,0.51602023608769,1,0,0.913220910623946
2012,"PWSO","Yelloweye","Charter",2,4.84180327868852,0.153766953749773,2.88460167998916,0.129848229342327,1,0,0.913220910623946
2011,"PWSO","Yelloweye","Charter",4,4.19350649350649,0.135665465256337,1.41719412166781,0.337268128161889,1,0,0.913220910623946
2011,"PWSO","Yelloweye","Charter",1,4.19350649350649,0.135665465256337,1.41719412166781,0.0168634064080944,1,0,0.913220910623946
2011,"PWSO","Yelloweye","Charter",3,4.19350649350649,0.135665465256337,1.41719412166781,0.51602023608769,1,0,0.913220910623946
2011,"PWSO","Yelloweye","Charter",2,4.19350649350649,0.135665465256337,1.41719412166781,0.129848229342327,1,0,0.913220910623946
2022,"PWSO","Yelloweye","Charter",4,4.06354166666667,0.171430512440931,2.82128837719298,0.337268128161889,0.04,0.96,0.0746618444846293
2022,"PWSO","Yelloweye","Charter",1,4.06354166666667,0.171430512440931,2.82128837719298,0.0168634064080944,0.7,0.3,1.62748643761302e-05
2022,"PWSO","Yelloweye","Charter",3,4.06354166666667,0.171430512440931,2.82128837719298,0.51602023608769,0.0686274509803922,0.931372549019608,0.038667668333156
2022,"PWSO","Yelloweye","Charter",2,4.06354166666667,0.171430512440931,2.82128837719298,0.129848229342327,0.051948051948052,0.948051948051948,0.00488786078297832
1993,"PWSO","Yelloweye","Charter",4,4.36666666666667,1.01502599857234,6.18166666666667,0.337268128161889,1,0,0.913220910623946
1993,"PWSO","Yelloweye","Charter",1,4.36666666666667,1.01502599857234,6.18166666666667,0.0168634064080944,1,0,0.913220910623946
1993,"PWSO","Yelloweye","Charter",3,4.36666666666667,1.01502599857234,6.18166666666667,0.51602023608769,1,0,0.913220910623946
1993,"PWSO","Yelloweye","Charter",2,4.36666666666667,1.01502599857234,6.18166666666667,0.129848229342327,1,0,0.913220910623946
2015,"PWSO","Yelloweye","Charter",4,3.9,0.321455025366432,3.1,0.337268128161889,0.04,0.96,0.0746618444846293
2015,"PWSO","Yelloweye","Charter",1,3.9,0.321455025366432,3.1,0.0168634064080944,0.7,0.3,1.62748643761302e-05
2015,"PWSO","Yelloweye","Charter",3,3.9,0.321455025366432,3.1,0.51602023608769,0.0686274509803922,0.931372549019608,0.038667668333156
2015,"PWSO","Yelloweye","Charter",2,3.9,0.321455025366432,3.1,0.129848229342327,0.051948051948052,0.948051948051948,0.00488786078297832
2025,"PWSO","Yelloweye","Charter",4,4.47777777777778,0.239662829001367,0.516944444444444,0.337268128161889,0.04,0.96,0.0746618444846293
2025,"PWSO","Yelloweye","Charter",1,4.47777777777778,0.239662829001367,0.516944444444444,0.0168634064080944,0.7,0.3,1.62748643761302e-05
2025,"PWSO","Yelloweye","Charter",3,4.47777777777778,0.239662829001367,0.516944444444444,0.51602023608769,0.0686274509803922,0.931372549019608,0.038667668333156
2025,"PWSO","Yelloweye","Charter",2,4.47777777777778,0.239662829001367,0.516944444444444,0.129848229342327,0.051948051948052,0.948051948051948,0.00488786078297832
2000,"PWSO","Yelloweye","Charter",4,4.26909090909091,0.107551122945998,2.54479369032794,0.337268128161889,1,0,0.913220910623946
2000,"PWSO","Yelloweye","Charter",1,4.26909090909091,0.107551122945998,2.54479369032794,0.0168634064080944,1,0,0.913220910623946
2000,"PWSO","Yelloweye","Charter",3,4.26909090909091,0.107551122945998,2.54479369032794,0.51602023608769,1,0,0.913220910623946
2000,"PWSO","Yelloweye","Charter",2,4.26909090909091,0.107551122945998,2.54479369032794,0.129848229342327,1,0,0.913220910623946
2016,"PWSO","Yelloweye","Charter",4,4.61666666666667,0.275141899997255,2.27109195402299,0.337268128161889,0.04,0.96,0.0746618444846293
2016,"PWSO","Yelloweye","Charter",1,4.61666666666667,0.275141899997255,2.27109195402299,0.0168634064080944,0.7,0.3,1.62748643761302e-05
2016,"PWSO","Yelloweye","Charter",3,4.61666666666667,0.275141899997255,2.27109195402299,0.51602023608769,0.0686274509803922,0.931372549019608,0.038667668333156
2016,"PWSO","Yelloweye","Charter",2,4.61666666666667,0.275141899997255,2.27109195402299,0.129848229342327,0.051948051948052,0.948051948051948,0.00488786078297832
1997,"PWSO","Yelloweye","Charter",4,4.3375,0.179782742262945,1.81002272727273,0.337268128161889,1,0,0.913220910623946
1997,"PWSO","Yelloweye","Charter",1,4.3375,0.179782742262945,1.81002272727273,0.0168634064080944,1,0,0.913220910623946
1997,"PWSO","Yelloweye","Charter",3,4.3375,0.179782742262945,1.81002272727273,0.51602023608769,1,0,0.913220910623946
1997,"PWSO","Yelloweye","Charter",2,4.3375,0.179782742262945,1.81002272727273,0.129848229342327,1,0,0.913220910623946
2006,"PWSO","Yelloweye","Charter",4,4.43937007874016,0.120429995961981,1.84192975878015,0.337268128161889,1,0,0.913220910623946
2006,"PWSO","Yelloweye","Charter",1,4.43937007874016,0.120429995961981,1.84192975878015,0.0168634064080944,1,0,0.913220910623946
2006,"PWSO","Yelloweye","Charter",3,4.43937007874016,0.120429995961981,1.84192975878015,0.51602023608769,1,0,0.913220910623946
2006,"PWSO","Yelloweye","Charter",2,4.43937007874016,0.120429995961981,1.84192975878015,0.129848229342327,1,0,0.913220910623946
2013,"PWSO","Yelloweye","Charter",4,4.42291666666667,0.15103792342609,2.18999561403509,0.337268128161889,0.04,0.96,0.0746618444846293
2013,"PWSO","Yelloweye","Charter",1,4.42291666666667,0.15103792342609,2.18999561403509,0.0168634064080944,0.7,0.3,1.62748643761302e-05
2013,"PWSO","Yelloweye","Charter",3,4.42291666666667,0.15103792342609,2.18999561403509,0.51602023608769,0.0686274509803922,0.931372549019608,0.038667668333156
2013,"PWSO","Yelloweye","Charter",2,4.42291666666667,0.15103792342609,2.18999561403509,0.129848229342327,0.051948051948052,0.948051948051948,0.00488786078297832
2018,"PWSO","Yelloweye","Charter",4,4.33148148148148,0.178663101009393,1.7237071977638,0.337268128161889,0.04,0.96,0.0746618444846293
2018,"PWSO","Yelloweye","Charter",1,4.33148148148148,0.178663101009393,1.7237071977638,0.0168634064080944,0.7,0.3,1.62748643761302e-05
2018,"PWSO","Yelloweye","Charter",3,4.33148148148148,0.178663101009393,1.7237071977638,0.51602023608769,0.0686274509803922,0.931372549019608,0.038667668333156
2018,"PWSO","Yelloweye","Charter",2,4.33148148148148,0.178663101009393,1.7237071977638,0.129848229342327,0.051948051948052,0.948051948051948,0.00488786078297832
2004,"PWSO","Yelloweye","Charter",4,4.39550561797753,0.0835093975240677,1.86200979978035,0.337268128161889,1,0,0.913220910623946
2004,"PWSO","Yelloweye","Charter",1,4.39550561797753,0.0835093975240677,1.86200979978035,0.0168634064080944,1,0,0.913220910623946
2004,"PWSO","Yelloweye","Charter",3,4.39550561797753,0.0835093975240677,1.86200979978035,0.51602023608769,1,0,0.913220910623946
2004,"PWSO","Yelloweye","Charter",2,4.39550561797753,0.0835093975240677,1.86200979978035,0.129848229342327,1,0,0.913220910623946
2020,"PWSO","Yelloweye","Charter",4,4.15510204081633,0.23437681925806,2.69169217687075,0.337268128161889,0.04,0.96,0.0746618444846293
2020,"PWSO","Yelloweye","Charter",1,4.15510204081633,0.23437681925806,2.69169217687075,0.0168634064080944,0.7,0.3,1.62748643761302e-05
2020,"PWSO","Yelloweye","Charter",3,4.15510204081633,0.23437681925806,2.69169217687075,0.51602023608769,0.0686274509803922,0.931372549019608,0.038667668333156
2020,"PWSO","Yelloweye","Charter",2,4.15510204081633,0.23437681925806,2.69169217687075,0.129848229342327,0.051948051948052,0.948051948051948,0.00488786078297832
2001,"PWSO","Yelloweye","Charter",4,4.19285714285714,0.0933246202823142,1.82899179767601,0.337268128161889,1,0,0.913220910623946
2001,"PWSO","Yelloweye","Charter",1,4.19285714285714,0.0933246202823142,1.82899179767601,0.0168634064080944,1,0,0.913220910623946
2001,"PWSO","Yelloweye","Charter",3,4.19285714285714,0.0933246202823142,1.82899179767601,0.51602023608769,1,0,0.913220910623946
2001,"PWSO","Yelloweye","Charter",2,4.19285714285714,0.0933246202823142,1.82899179767601,0.129848229342327,1,0,0.913220910623946
2003,"PWSO","Yelloweye","Charter",4,4.36653386454183,0.0866608432016257,1.88503553784861,0.337268128161889,1,0,0.913220910623946
2003,"PWSO","Yelloweye","Charter",1,4.36653386454183,0.0866608432016257,1.88503553784861,0.0168634064080944,1,0,0.913220910623946
2003,"PWSO","Yelloweye","Charter",3,4.36653386454183,0.0866608432016257,1.88503553784861,0.51602023608769,1,0,0.913220910623946
2003,"PWSO","Yelloweye","Charter",2,4.36653386454183,0.0866608432016257,1.88503553784861,0.129848229342327,1,0,0.913220910623946
2007,"PWSO","Black","Private",1,2.11304347826087,0.133559411929168,0.410276679841897,0.706959706959707,1,0,0.0616300366300366
2007,"PWSO","Black","Private",2,2.11304347826087,0.133559411929168,0.410276679841897,0.233516483516484,1,0,0.0616300366300366
2007,"PWSO","Black","Private",3,2.11304347826087,0.133559411929168,0.410276679841897,0.0311355311355311,1,0,0.0616300366300366
2007,"PWSO","Black","Private",4,2.11304347826087,0.133559411929168,0.410276679841897,0.0283882783882784,1,0,0.0616300366300366
1998,"PWSO","Black","Private",1,1.6,0.391152144312159,0.765,0.706959706959707,1,0,0.0616300366300366
1998,"PWSO","Black","Private",2,1.6,0.391152144312159,0.765,0.233516483516484,1,0,0.0616300366300366
1998,"PWSO","Black","Private",3,1.6,0.391152144312159,0.765,0.0311355311355311,1,0,0.0616300366300366
1998,"PWSO","Black","Private",4,1.6,0.391152144312159,0.765,0.0283882783882784,1,0,0.0616300366300366
2010,"PWSO","Black","Private",1,2.75217391304348,0.132305426562634,0.402608695652174,0.706959706959707,1,0,0.0616300366300366
2010,"PWSO","Black","Private",2,2.75217391304348,0.132305426562634,0.402608695652174,0.233516483516484,1,0,0.0616300366300366
2010,"PWSO","Black","Private",3,2.75217391304348,0.132305426562634,0.402608695652174,0.0311355311355311,1,0,0.0616300366300366
2010,"PWSO","Black","Private",4,2.75217391304348,0.132305426562634,0.402608695652174,0.0283882783882784,1,0,0.0616300366300366
2004,"PWSO","Black","Private",1,2.28913043478261,0.0956153859867077,0.420545893719807,0.706959706959707,1,0,0.0616300366300366
2004,"PWSO","Black","Private",2,2.28913043478261,0.0956153859867077,0.420545893719807,0.233516483516484,1,0,0.0616300366300366
2004,"PWSO","Black","Private",3,2.28913043478261,0.0956153859867077,0.420545893719807,0.0311355311355311,1,0,0.0616300366300366
2004,"PWSO","Black","Private",4,2.28913043478261,0.0956153859867077,0.420545893719807,0.0283882783882784,1,0,0.0616300366300366
1995,"PWSO","Black","Private",1,1.68333333333333,0.065404722901162,0.0256666666666667,0.706959706959707,1,0,0.0616300366300366
1995,"PWSO","Black","Private",2,1.68333333333333,0.065404722901162,0.0256666666666667,0.233516483516484,1,0,0.0616300366300366
1995,"PWSO","Black","Private",3,1.68333333333333,0.065404722901162,0.0256666666666667,0.0311355311355311,1,0,0.0616300366300366
1995,"PWSO","Black","Private",4,1.68333333333333,0.065404722901162,0.0256666666666667,0.0283882783882784,1,0,0.0616300366300366
2017,"PWSO","Black","Private",1,2.1625,0.130981868974297,0.2745,0.706959706959707,0.988341968911917,0.0116580310880829,0
2017,"PWSO","Black","Private",2,2.1625,0.130981868974297,0.2745,0.233516483516484,0.756862745098039,0.243137254901961,0.023212554422264
2017,"PWSO","Black","Private",3,2.1625,0.130981868974297,0.2745,0.0311355311355311,0.647058823529412,0.352941176470588,0.016611458273978
2017,"PWSO","Black","Private",4,2.1625,0.130981868974297,0.2745,0.0283882783882784,0,1,0.108771929824561
1997,"PWSO","Black","Private",1,2.54,0.271293199325011,0.368,0.706959706959707,1,0,0.0616300366300366
1997,"PWSO","Black","Private",2,2.54,0.271293199325011,0.368,0.233516483516484,1,0,0.0616300366300366
1997,"PWSO","Black","Private",3,2.54,0.271293199325011,0.368,0.0311355311355311,1,0,0.0616300366300366
1997,"PWSO","Black","Private",4,2.54,0.271293199325011,0.368,0.0283882783882784,1,0,0.0616300366300366
2024,"PWSO","Black","Private",1,1.88421052631579,0.101449404790886,0.391095305832148,0.706959706959707,0.988341968911917,0.0116580310880829,0
2024,"PWSO","Black","Private",2,1.88421052631579,0.101449404790886,0.391095305832148,0.233516483516484,0.756862745098039,0.243137254901961,0.023212554422264
2024,"PWSO","Black","Private",3,1.88421052631579,0.101449404790886,0.391095305832148,0.0311355311355311,0.647058823529412,0.352941176470588,0.016611458273978
2024,"PWSO","Black","Private",4,1.88421052631579,0.101449404790886,0.391095305832148,0.0283882783882784,0,1,0.108771929824561
2020,"PWSO","Black","Private",1,2.3377358490566,0.106509006518134,0.601240928882438,0.706959706959707,0.988341968911917,0.0116580310880829,0
2020,"PWSO","Black","Private",2,2.3377358490566,0.106509006518134,0.601240928882438,0.233516483516484,0.756862745098039,0.243137254901961,0.023212554422264
2020,"PWSO","Black","Private",3,2.3377358490566,0.106509006518134,0.601240928882438,0.0311355311355311,0.647058823529412,0.352941176470588,0.016611458273978
2020,"PWSO","Black","Private",4,2.3377358490566,0.106509006518134,0.601240928882438,0.0283882783882784,0,1,0.108771929824561
2001,"PWSO","Black","Private",1,1.85625,0.19321161757686,0.597291666666667,0.706959706959707,1,0,0.0616300366300366
2001,"PWSO","Black","Private",2,1.85625,0.19321161757686,0.597291666666667,0.233516483516484,1,0,0.0616300366300366
2001,"PWSO","Black","Private",3,1.85625,0.19321161757686,0.597291666666667,0.0311355311355311,1,0,0.0616300366300366
2001,"PWSO","Black","Private",4,1.85625,0.19321161757686,0.597291666666667,0.0283882783882784,1,0,0.0616300366300366
2021,"PWSO","Black","Private",1,2.68125,0.1065437116868,0.181625,0.706959706959707,0.988341968911917,0.0116580310880829,0
2021,"PWSO","Black","Private",2,2.68125,0.1065437116868,0.181625,0.233516483516484,0.756862745098039,0.243137254901961,0.023212554422264
2021,"PWSO","Black","Private",3,2.68125,0.1065437116868,0.181625,0.0311355311355311,0.647058823529412,0.352941176470588,0.016611458273978
2021,"PWSO","Black","Private",4,2.68125,0.1065437116868,0.181625,0.0283882783882784,0,1,0.108771929824561
2018,"PWSO","Black","Private",1,2.10666666666667,0.133643317821983,0.535816091954023,0.706959706959707,0.988341968911917,0.0116580310880829,0
2018,"PWSO","Black","Private",2,2.10666666666667,0.133643317821983,0.535816091954023,0.233516483516484,0.756862745098039,0.243137254901961,0.023212554422264
2018,"PWSO","Black","Private",3,2.10666666666667,0.133643317821983,0.535816091954023,0.0311355311355311,0.647058823529412,0.352941176470588,0.016611458273978
2018,"PWSO","Black","Private",4,2.10666666666667,0.133643317821983,0.535816091954023,0.0283882783882784,0,1,0.108771929824561
2015,"PWSO","Black","Private",1,1.88421052631579,0.16226884736219,0.500292397660819,0.706959706959707,0.988341968911917,0.0116580310880829,0
2015,"PWSO","Black","Private",2,1.88421052631579,0.16226884736219,0.500292397660819,0.233516483516484,0.756862745098039,0.243137254901961,0.023212554422264
2015,"PWSO","Black","Private",3,1.88421052631579,0.16226884736219,0.500292397660819,0.0311355311355311,0.647058823529412,0.352941176470588,0.016611458273978
2015,"PWSO","Black","Private",4,1.88421052631579,0.16226884736219,0.500292397660819,0.0283882783882784,0,1,0.108771929824561
2002,"PWSO","Black","Private",1,2.5125,0.135537949351042,0.146964285714286,0.706959706959707,1,0,0.0616300366300366
2002,"PWSO","Black","Private",2,2.5125,0.135537949351042,0.146964285714286,0.233516483516484,1,0,0.0616300366300366
2002,"PWSO","Black","Private",3,2.5125,0.135537949351042,0.146964285714286,0.0311355311355311,1,0,0.0616300366300366
2002,"PWSO","Black","Private",4,2.5125,0.135537949351042,0.146964285714286,0.0283882783882784,1,0,0.0616300366300366
2019,"PWSO","Black","Private",1,2.27567567567568,0.0884811278808773,0.28966966966967,0.706959706959707,0.988341968911917,0.0116580310880829,0
2019,"PWSO","Black","Private",2,2.27567567567568,0.0884811278808773,0.28966966966967,0.233516483516484,0.756862745098039,0.243137254901961,0.023212554422264
2019,"PWSO","Black","Private",3,2.27567567567568,0.0884811278808773,0.28966966966967,0.0311355311355311,0.647058823529412,0.352941176470588,0.016611458273978
2019,"PWSO","Black","Private",4,2.27567567567568,0.0884811278808773,0.28966966966967,0.0283882783882784,0,1,0.108771929824561
2005,"PWSO","Black","Private",1,2.11,0.135510729814051,0.367263157894737,0.706959706959707,1,0,0.0616300366300366
2005,"PWSO","Black","Private",2,2.11,0.135510729814051,0.367263157894737,0.233516483516484,1,0,0.0616300366300366
2005,"PWSO","Black","Private",3,2.11,0.135510729814051,0.367263157894737,0.0311355311355311,1,0,0.0616300366300366
2005,"PWSO","Black","Private",4,2.11,0.135510729814051,0.367263157894737,0.0283882783882784,1,0,0.0616300366300366
1999,"PWSO","Black","Private",1,1.925,0.227368486319957,0.413571428571429,0.706959706959707,1,0,0.0616300366300366
1999,"PWSO","Black","Private",2,1.925,0.227368486319957,0.413571428571429,0.233516483516484,1,0,0.0616300366300366
1999,"PWSO","Black","Private",3,1.925,0.227368486319957,0.413571428571429,0.0311355311355311,1,0,0.0616300366300366
1999,"PWSO","Black","Private",4,1.925,0.227368486319957,0.413571428571429,0.0283882783882784,1,0,0.0616300366300366
2016,"PWSO","Black","Private",1,2.51333333333333,0.111640011033196,0.186952380952381,0.706959706959707,0.988341968911917,0.0116580310880829,0
2016,"PWSO","Black","Private",2,2.51333333333333,0.111640011033196,0.186952380952381,0.233516483516484,0.756862745098039,0.243137254901961,0.023212554422264
2016,"PWSO","Black","Private",3,2.51333333333333,0.111640011033196,0.186952380952381,0.0311355311355311,0.647058823529412,0.352941176470588,0.016611458273978
2016,"PWSO","Black","Private",4,2.51333333333333,0.111640011033196,0.186952380952381,0.0283882783882784,0,1,0.108771929824561
2009,"PWSO","Black","Private",1,2.55714285714286,0.114830052874167,0.369206349206349,0.706959706959707,1,0,0.0616300366300366
2009,"PWSO","Black","Private",2,2.55714285714286,0.114830052874167,0.369206349206349,0.233516483516484,1,0,0.0616300366300366
2009,"PWSO","Black","Private",3,2.55714285714286,0.114830052874167,0.369206349206349,0.0311355311355311,1,0,0.0616300366300366
2009,"PWSO","Black","Private",4,2.55714285714286,0.114830052874167,0.369206349206349,0.0283882783882784,1,0,0.0616300366300366
2006,"PWSO","Black","Private",1,1.65294117647059,0.143259751505383,0.348897058823529,0.706959706959707,1,0,0.0616300366300366
2006,"PWSO","Black","Private",2,1.65294117647059,0.143259751505383,0.348897058823529,0.233516483516484,1,0,0.0616300366300366
2006,"PWSO","Black","Private",3,1.65294117647059,0.143259751505383,0.348897058823529,0.0311355311355311,1,0,0.0616300366300366
2006,"PWSO","Black","Private",4,1.65294117647059,0.143259751505383,0.348897058823529,0.0283882783882784,1,0,0.0616300366300366
2014,"PWSO","Black","Private",1,3.03333333333333,0.0881917103688198,0.0233333333333334,0.706959706959707,0.988341968911917,0.0116580310880829,0
2014,"PWSO","Black","Private",2,3.03333333333333,0.0881917103688198,0.0233333333333334,0.233516483516484,0.756862745098039,0.243137254901961,0.023212554422264
2014,"PWSO","Black","Private",3,3.03333333333333,0.0881917103688198,0.0233333333333334,0.0311355311355311,0.647058823529412,0.352941176470588,0.016611458273978
2014,"PWSO","Black","Private",4,3.03333333333333,0.0881917103688198,0.0233333333333334,0.0283882783882784,0,1,0.108771929824561
2022,"PWSO","Black","Private",1,2.38846153846154,0.11784304073012,0.361061538461538,0.706959706959707,0.988341968911917,0.0116580310880829,0
2022,"PWSO","Black","Private",2,2.38846153846154,0.11784304073012,0.361061538461538,0.233516483516484,0.756862745098039,0.243137254901961,0.023212554422264
2022,"PWSO","Black","Private",3,2.38846153846154,0.11784304073012,0.361061538461538,0.0311355311355311,0.647058823529412,0.352941176470588,0.016611458273978
2022,"PWSO","Black","Private",4,2.38846153846154,0.11784304073012,0.361061538461538,0.0283882783882784,0,1,0.108771929824561
2011,"PWSO","Black","Private",1,2.78333333333333,0.0701103340257203,0.117971014492754,0.706959706959707,1,0,0.0616300366300366
2011,"PWSO","Black","Private",2,2.78333333333333,0.0701103340257203,0.117971014492754,0.233516483516484,1,0,0.0616300366300366
2011,"PWSO","Black","Private",3,2.78333333333333,0.0701103340257203,0.117971014492754,0.0311355311355311,1,0,0.0616300366300366
2011,"PWSO","Black","Private",4,2.78333333333333,0.0701103340257203,0.117971014492754,0.0283882783882784,1,0,0.0616300366300366
2013,"PWSO","Black","Private",1,2.73571428571429,0.0508291226064568,0.217022375215146,0.706959706959707,0.988341968911917,0.0116580310880829,0
2013,"PWSO","Black","Private",2,2.73571428571429,0.0508291226064568,0.217022375215146,0.233516483516484,0.756862745098039,0.243137254901961,0.023212554422264
2013,"PWSO","Black","Private",3,2.73571428571429,0.0508291226064568,0.217022375215146,0.0311355311355311,0.647058823529412,0.352941176470588,0.016611458273978
2013,"PWSO","Black","Private",4,2.73571428571429,0.0508291226064568,0.217022375215146,0.0283882783882784,0,1,0.108771929824561
2008,"PWSO","Black","Private",1,2.73,0.131698308434256,0.173444444444444,0.706959706959707,1,0,0.0616300366300366
2008,"PWSO","Black","Private",2,2.73,0.131698308434256,0.173444444444444,0.233516483516484,1,0,0.0616300366300366
2008,"PWSO","Black","Private",3,2.73,0.131698308434256,0.173444444444444,0.0311355311355311,1,0,0.0616300366300366
2008,"PWSO","Black","Private",4,2.73,0.131698308434256,0.173444444444444,0.0283882783882784,1,0,0.0616300366300366
2023,"PWSO","Black","Private",1,2.425,0.112854380114868,0.4585,0.706959706959707,0.988341968911917,0.0116580310880829,0
2023,"PWSO","Black","Private",2,2.425,0.112854380114868,0.4585,0.233516483516484,0.756862745098039,0.243137254901961,0.023212554422264
2023,"PWSO","Black","Private",3,2.425,0.112854380114868,0.4585,0.0311355311355311,0.647058823529412,0.352941176470588,0.016611458273978
2023,"PWSO","Black","Private",4,2.425,0.112854380114868,0.4585,0.0283882783882784,0,1,0.108771929824561
2012,"PWSO","Black","Private",1,2.70379746835443,0.0541207803936198,0.231395650762739,0.706959706959707,1,0,0.0616300366300366
2012,"PWSO","Black","Private",2,2.70379746835443,0.0541207803936198,0.231395650762739,0.233516483516484,1,0,0.0616300366300366
2012,"PWSO","Black","Private",3,2.70379746835443,0.0541207803936198,0.231395650762739,0.0311355311355311,1,0,0.0616300366300366
2012,"PWSO","Black","Private",4,2.70379746835443,0.0541207803936198,0.231395650762739,0.0283882783882784,1,0,0.0616300366300366
2025,"PWSO","Black","Private",1,1.94776119402985,0.0496190010873504,0.164957033016735,0.706959706959707,0.988341968911917,0.0116580310880829,0
2025,"PWSO","Black","Private",2,1.94776119402985,0.0496190010873504,0.164957033016735,0.233516483516484,0.756862745098039,0.243137254901961,0.023212554422264
2025,"PWSO","Black","Private",3,1.94776119402985,0.0496190010873504,0.164957033016735,0.0311355311355311,0.647058823529412,0.352941176470588,0.016611458273978
2025,"PWSO","Black","Private",4,1.94776119402985,0.0496190010873504,0.164957033016735,0.0283882783882784,0,1,0.108771929824561
2000,"PWSO","Black","Private",1,2.22,0.621610810716802,1.932,0.706959706959707,1,0,0.0616300366300366
2000,"PWSO","Black","Private",2,2.22,0.621610810716802,1.932,0.233516483516484,1,0,0.0616300366300366
2000,"PWSO","Black","Private",3,2.22,0.621610810716802,1.932,0.0311355311355311,1,0,0.0616300366300366
2000,"PWSO","Black","Private",4,2.22,0.621610810716802,1.932,0.0283882783882784,1,0,0.0616300366300366
2003,"PWSO","Black","Private",1,1.98823529411765,0.0698820888619821,0.249058823529412,0.706959706959707,1,0,0.0616300366300366
2003,"PWSO","Black","Private",2,1.98823529411765,0.0698820888619821,0.249058823529412,0.233516483516484,1,0,0.0616300366300366
2003,"PWSO","Black","Private",3,1.98823529411765,0.0698820888619821,0.249058823529412,0.0311355311355311,1,0,0.0616300366300366
2003,"PWSO","Black","Private",4,1.98823529411765,0.0698820888619821,0.249058823529412,0.0283882783882784,1,0,0.0616300366300366
1999,"PWSO","Yelloweye","Private",2,3.4,0.521536192416212,2.72,0.240223463687151,1,0,0.908156424581006
1999,"PWSO","Yelloweye","Private",4,3.4,0.521536192416212,2.72,0.430167597765363,1,0,0.908156424581006
1999,"PWSO","Yelloweye","Private",3,3.4,0.521536192416212,2.72,0.329608938547486,1,0,0.908156424581006
2015,"PWSO","Yelloweye","Private",2,4.00909090909091,0.367683110485543,2.97419913419913,0.240223463687151,0.255813953488372,0.744186046511628,0.110910652093665
2015,"PWSO","Yelloweye","Private",4,4.00909090909091,0.367683110485543,2.97419913419913,0.430167597765363,0.0649350649350649,0.935064935064935,0.101670655086804
2015,"PWSO","Yelloweye","Private",3,4.00909090909091,0.367683110485543,2.97419913419913,0.329608938547486,0.0338983050847458,0.966101694915254,0.00696084968008328
2011,"PWSO","Yelloweye","Private",2,4.41666666666667,0.41425971456456,1.02966666666667,0.240223463687151,1,0,0.908156424581006
2011,"PWSO","Yelloweye","Private",4,4.41666666666667,0.41425971456456,1.02966666666667,0.430167597765363,1,0,0.908156424581006
2011,"PWSO","Yelloweye","Private",3,4.41666666666667,0.41425971456456,1.02966666666667,0.329608938547486,1,0,0.908156424581006
2019,"PWSO","Yelloweye","Private",2,4.01666666666667,0.68885426762139,5.69424242424242,0.240223463687151,0.255813953488372,0.744186046511628,0.110910652093665
2019,"PWSO","Yelloweye","Private",4,4.01666666666667,0.68885426762139,5.69424242424242,0.430167597765363,0.0649350649350649,0.935064935064935,0.101670655086804
2019,"PWSO","Yelloweye","Private",3,4.01666666666667,0.68885426762139,5.69424242424242,0.329608938547486,0.0338983050847458,0.966101694915254,0.00696084968008328
2012,"PWSO","Yelloweye","Private",2,3.84444444444444,0.274579882840638,2.03564102564103,0.240223463687151,1,0,0.908156424581006
2012,"PWSO","Yelloweye","Private",4,3.84444444444444,0.274579882840638,2.03564102564103,0.430167597765363,1,0,0.908156424581006
2012,"PWSO","Yelloweye","Private",3,3.84444444444444,0.274579882840638,2.03564102564103,0.329608938547486,1,0,0.908156424581006
1998,"PWSO","Yelloweye","Private",2,3.4,0.591607978309962,1.75,0.240223463687151,1,0,0.908156424581006
1998,"PWSO","Yelloweye","Private",4,3.4,0.591607978309962,1.75,0.430167597765363,1,0,0.908156424581006
1998,"PWSO","Yelloweye","Private",3,3.4,0.591607978309962,1.75,0.329608938547486,1,0,0.908156424581006
2025,"PWSO","Yelloweye","Private",2,3.76666666666667,0.459468291736341,1.26666666666667,0.240223463687151,0.255813953488372,0.744186046511628,0.110910652093665
2025,"PWSO","Yelloweye","Private",4,3.76666666666667,0.459468291736341,1.26666666666667,0.430167597765363,0.0649350649350649,0.935064935064935,0.101670655086804
2025,"PWSO","Yelloweye","Private",3,3.76666666666667,0.459468291736341,1.26666666666667,0.329608938547486,0.0338983050847458,0.966101694915254,0.00696084968008328
2014,"PWSO","Yelloweye","Private",2,2.85,0.643372809052863,3.31142857142857,0.240223463687151,0.255813953488372,0.744186046511628,0.110910652093665
2014,"PWSO","Yelloweye","Private",4,2.85,0.643372809052863,3.31142857142857,0.430167597765363,0.0649350649350649,0.935064935064935,0.101670655086804
2014,"PWSO","Yelloweye","Private",3,2.85,0.643372809052863,3.31142857142857,0.329608938547486,0.0338983050847458,0.966101694915254,0.00696084968008328
2006,"PWSO","Yelloweye","Private",2,3.3,NA,NA,0.240223463687151,1,0,0.908156424581006
2006,"PWSO","Yelloweye","Private",4,3.3,NA,NA,0.430167597765363,1,0,0.908156424581006
2006,"PWSO","Yelloweye","Private",3,3.3,NA,NA,0.329608938547486,1,0,0.908156424581006
2020,"PWSO","Yelloweye","Private",2,3.63125,0.400074862786121,2.56095833333333,0.240223463687151,0.255813953488372,0.744186046511628,0.110910652093665
2020,"PWSO","Yelloweye","Private",4,3.63125,0.400074862786121,2.56095833333333,0.430167597765363,0.0649350649350649,0.935064935064935,0.101670655086804
2020,"PWSO","Yelloweye","Private",3,3.63125,0.400074862786121,2.56095833333333,0.329608938547486,0.0338983050847458,0.966101694915254,0.00696084968008328
2016,"PWSO","Yelloweye","Private",2,2.3,NA,NA,0.240223463687151,0.255813953488372,0.744186046511628,0.110910652093665
2016,"PWSO","Yelloweye","Private",4,2.3,NA,NA,0.430167597765363,0.0649350649350649,0.935064935064935,0.101670655086804
2016,"PWSO","Yelloweye","Private",3,2.3,NA,NA,0.329608938547486,0.0338983050847458,0.966101694915254,0.00696084968008328
2022,"PWSO","Yelloweye","Private",2,4.10666666666667,0.452344860715663,3.0692380952381,0.240223463687151,0.255813953488372,0.744186046511628,0.110910652093665
2022,"PWSO","Yelloweye","Private",4,4.10666666666667,0.452344860715663,3.0692380952381,0.430167597765363,0.0649350649350649,0.935064935064935,0.101670655086804
2022,"PWSO","Yelloweye","Private",3,4.10666666666667,0.452344860715663,3.0692380952381,0.329608938547486,0.0338983050847458,0.966101694915254,0.00696084968008328
2002,"PWSO","Yelloweye","Private",2,4.57857142857143,0.347546909068603,1.69104395604396,0.240223463687151,1,0,0.908156424581006
2002,"PWSO","Yelloweye","Private",4,4.57857142857143,0.347546909068603,1.69104395604396,0.430167597765363,1,0,0.908156424581006
2002,"PWSO","Yelloweye","Private",3,4.57857142857143,0.347546909068603,1.69104395604396,0.329608938547486,1,0,0.908156424581006
2021,"PWSO","Yelloweye","Private",2,4.88181818181818,0.352863141592055,1.36963636363636,0.240223463687151,0.255813953488372,0.744186046511628,0.110910652093665
2021,"PWSO","Yelloweye","Private",4,4.88181818181818,0.352863141592055,1.36963636363636,0.430167597765363,0.0649350649350649,0.935064935064935,0.101670655086804
2021,"PWSO","Yelloweye","Private",3,4.88181818181818,0.352863141592055,1.36963636363636,0.329608938547486,0.0338983050847458,0.966101694915254,0.00696084968008328
2005,"PWSO","Yelloweye","Private",2,3.85,1.12947522580811,10.2057142857143,0.240223463687151,1,0,0.908156424581006
2005,"PWSO","Yelloweye","Private",4,3.85,1.12947522580811,10.2057142857143,0.430167597765363,1,0,0.908156424581006
2005,"PWSO","Yelloweye","Private",3,3.85,1.12947522580811,10.2057142857143,0.329608938547486,1,0,0.908156424581006
2003,"PWSO","Yelloweye","Private",2,3.125,0.419076365356005,0.7025,0.240223463687151,1,0,0.908156424581006
2003,"PWSO","Yelloweye","Private",4,3.125,0.419076365356005,0.7025,0.430167597765363,1,0,0.908156424581006
2003,"PWSO","Yelloweye","Private",3,3.125,0.419076365356005,0.7025,0.329608938547486,1,0,0.908156424581006
1996,"PWSO","Yelloweye","Private",2,5.6,0.907377172587747,2.47,0.240223463687151,1,0,0.908156424581006
1996,"PWSO","Yelloweye","Private",4,5.6,0.907377172587747,2.47,0.430167597765363,1,0,0.908156424581006
1996,"PWSO","Yelloweye","Private",3,5.6,0.907377172587747,2.47,0.329608938547486,1,0,0.908156424581006
2009,"PWSO","Yelloweye","Private",2,5.23125,0.389413956050199,2.42629166666667,0.240223463687151,1,0,0.908156424581006
2009,"PWSO","Yelloweye","Private",4,5.23125,0.389413956050199,2.42629166666667,0.430167597765363,1,0,0.908156424581006
2009,"PWSO","Yelloweye","Private",3,5.23125,0.389413956050199,2.42629166666667,0.329608938547486,1,0,0.908156424581006
2018,"PWSO","Yelloweye","Private",2,3.50769230769231,0.316928678068503,1.30576923076923,0.240223463687151,0.255813953488372,0.744186046511628,0.110910652093665
2018,"PWSO","Yelloweye","Private",4,3.50769230769231,0.316928678068503,1.30576923076923,0.430167597765363,0.0649350649350649,0.935064935064935,0.101670655086804
2018,"PWSO","Yelloweye","Private",3,3.50769230769231,0.316928678068503,1.30576923076923,0.329608938547486,0.0338983050847458,0.966101694915254,0.00696084968008328
2024,"PWSO","Yelloweye","Private",2,6.95,2.65,14.045,0.240223463687151,0.255813953488372,0.744186046511628,0.110910652093665
2024,"PWSO","Yelloweye","Private",4,6.95,2.65,14.045,0.430167597765363,0.0649350649350649,0.935064935064935,0.101670655086804
2024,"PWSO","Yelloweye","Private",3,6.95,2.65,14.045,0.329608938547486,0.0338983050847458,0.966101694915254,0.00696084968008328
2008,"PWSO","Yelloweye","Private",2,4.1,0.26322179675269,0.554285714285714,0.240223463687151,1,0,0.908156424581006
2008,"PWSO","Yelloweye","Private",4,4.1,0.26322179675269,0.554285714285714,0.430167597765363,1,0,0.908156424581006
2008,"PWSO","Yelloweye","Private",3,4.1,0.26322179675269,0.554285714285714,0.329608938547486,1,0,0.908156424581006
2004,"PWSO","Yelloweye","Private",2,7.7,NA,NA,0.240223463687151,1,0,0.908156424581006
2004,"PWSO","Yelloweye","Private",4,7.7,NA,NA,0.430167597765363,1,0,0.908156424581006
2004,"PWSO","Yelloweye","Private",3,7.7,NA,NA,0.329608938547486,1,0,0.908156424581006
2007,"PWSO","Yelloweye","Private",2,3.7,0.0999999999999999,0.0199999999999999,0.240223463687151,1,0,0.908156424581006
2007,"PWSO","Yelloweye","Private",4,3.7,0.0999999999999999,0.0199999999999999,0.430167597765363,1,0,0.908156424581006
2007,"PWSO","Yelloweye","Private",3,3.7,0.0999999999999999,0.0199999999999999,0.329608938547486,1,0,0.908156424581006
1995,"PWSO","Yelloweye","Private",2,2.2,NA,NA,0.240223463687151,1,0,0.908156424581006
1995,"PWSO","Yelloweye","Private",4,2.2,NA,NA,0.430167597765363,1,0,0.908156424581006
1995,"PWSO","Yelloweye","Private",3,2.2,NA,NA,0.329608938547486,1,0,0.908156424581006
2023,"PWSO","Yelloweye","Private",2,4.3375,0.310090712534252,1.5385,0.240223463687151,0.255813953488372,0.744186046511628,0.110910652093665
2023,"PWSO","Yelloweye","Private",4,4.3375,0.310090712534252,1.5385,0.430167597765363,0.0649350649350649,0.935064935064935,0.101670655086804
2023,"PWSO","Yelloweye","Private",3,4.3375,0.310090712534252,1.5385,0.329608938547486,0.0338983050847458,0.966101694915254,0.00696084968008328
2010,"PWSO","Yelloweye","Private",2,4.16666666666667,0.64013887382175,2.45866666666667,0.240223463687151,1,0,0.908156424581006
2010,"PWSO","Yelloweye","Private",4,4.16666666666667,0.64013887382175,2.45866666666667,0.430167597765363,1,0,0.908156424581006
2010,"PWSO","Yelloweye","Private",3,4.16666666666667,0.64013887382175,2.45866666666667,0.329608938547486,1,0,0.908156424581006
2017,"PWSO","Yelloweye","Private",2,3.16666666666667,1.28754719438853,4.97333333333333,0.240223463687151,0.255813953488372,0.744186046511628,0.110910652093665
2017,"PWSO","Yelloweye","Private",4,3.16666666666667,1.28754719438853,4.97333333333333,0.430167597765363,0.0649350649350649,0.935064935064935,0.101670655086804
2017,"PWSO","Yelloweye","Private",3,3.16666666666667,1.28754719438853,4.97333333333333,0.329608938547486,0.0338983050847458,0.966101694915254,0.00696084968008328
2000,"PWSO","Yelloweye","Private",2,4.77272727272727,0.591775588468668,3.85218181818182,0.240223463687151,1,0,0.908156424581006
2000,"PWSO","Yelloweye","Private",4,4.77272727272727,0.591775588468668,3.85218181818182,0.430167597765363,1,0,0.908156424581006
2000,"PWSO","Yelloweye","Private",3,4.77272727272727,0.591775588468668,3.85218181818182,0.329608938547486,1,0,0.908156424581006
1994,"PWSO","Yelloweye","Private",2,1.9,0.3,0.18,0.240223463687151,1,0,0.908156424581006
1994,"PWSO","Yelloweye","Private",4,1.9,0.3,0.18,0.430167597765363,1,0,0.908156424581006
1994,"PWSO","Yelloweye","Private",3,1.9,0.3,0.18,0.329608938547486,1,0,0.908156424581006
2001,"PWSO","Yelloweye","Private",2,4.01176470588235,0.425465346703671,3.07735294117647,0.240223463687151,1,0,0.908156424581006
2001,"PWSO","Yelloweye","Private",4,4.01176470588235,0.425465346703671,3.07735294117647,0.430167597765363,1,0,0.908156424581006
2001,"PWSO","Yelloweye","Private",3,4.01176470588235,0.425465346703671,3.07735294117647,0.329608938547486,1,0,0.908156424581006
2013,"PWSO","Yelloweye","Private",2,3.97777777777778,0.277931581351653,2.08564102564103,0.240223463687151,0.255813953488372,0.744186046511628,0.110910652093665
2013,"PWSO","Yelloweye","Private",4,3.97777777777778,0.277931581351653,2.08564102564103,0.430167597765363,0.0649350649350649,0.935064935064935,0.101670655086804
2013,"PWSO","Yelloweye","Private",3,3.97777777777778,0.277931581351653,2.08564102564103,0.329608938547486,0.0338983050847458,0.966101694915254,0.00696084968008328
1997,"PWSO","Yelloweye","Private",2,3.78333333333333,0.769162603817367,3.54966666666667,0.240223463687151,1,0,0.908156424581006
1997,"PWSO","Yelloweye","Private",4,3.78333333333333,0.769162603817367,3.54966666666667,0.430167597765363,1,0,0.908156424581006
1997,"PWSO","Yelloweye","Private",3,3.78333333333333,0.769162603817367,3.54966666666667,0.329608938547486,1,0,0.908156424581006
