"year","area","assemblage","user","r_mort","region","n_samps","n_ints","samp_p_int","mean_wtkg","sd_wt","boot_sd","mean_n","mean_int","mean_spi","n_ints2","method","wt_cv","wt_lbs","sd_wtlbs","bootsd_wtlbs","maxsd","wt_sd"
1977,"CI","black","charter",0.0573557692307692,"Central",NA,NA,NA,NA,NA,NA,NA,NA,NA,NA,NA,1,NA,NA,NA,0.603291544484818,0.603291544484818
1978,"CI","black","charter",0.0573557692307692,"Central",NA,NA,NA,NA,NA,NA,NA,NA,NA,NA,NA,1,NA,NA,NA,0.603291544484818,0.603291544484818
1979,"CI","black","charter",0.0573557692307692,"Central",NA,NA,NA,NA,NA,NA,NA,NA,NA,NA,NA,1,NA,NA,NA,0.603291544484818,0.603291544484818
1980,"CI","black","charter",0.0573557692307692,"Central",NA,NA,NA,NA,NA,NA,NA,NA,NA,NA,NA,1,NA,NA,NA,0.603291544484818,0.603291544484818
1981,"CI","black","charter",0.0573557692307692,"Central",NA,NA,NA,NA,NA,NA,NA,NA,NA,NA,NA,1,NA,NA,NA,0.603291544484818,0.603291544484818
1982,"CI","black","charter",0.0573557692307692,"Central",NA,NA,NA,NA,NA,NA,NA,NA,NA,NA,NA,1,NA,NA,NA,0.603291544484818,0.603291544484818
1983,"CI","black","charter",0.0573557692307692,"Central",NA,NA,NA,NA,NA,NA,NA,NA,NA,NA,NA,1,NA,NA,NA,0.603291544484818,0.603291544484818
1984,"CI","black","charter",0.0573557692307692,"Central",NA,NA,NA,NA,NA,NA,NA,NA,NA,NA,NA,1,NA,NA,NA,0.603291544484818,0.603291544484818
1985,"CI","black","charter",0.0573557692307692,"Central",NA,NA,NA,NA,NA,NA,NA,NA,NA,NA,NA,1,NA,NA,NA,0.603291544484818,0.603291544484818
1986,"CI","black","charter",0.0573557692307692,"Central",NA,NA,NA,NA,NA,NA,NA,NA,NA,NA,NA,1,NA,NA,NA,0.603291544484818,0.603291544484818
1987,"CI","black","charter",0.0573557692307692,"Central",NA,NA,NA,NA,NA,NA,NA,NA,NA,NA,NA,1,NA,NA,NA,0.603291544484818,0.603291544484818
1988,"CI","black","charter",0.0573557692307692,"Central",NA,NA,NA,NA,NA,NA,NA,NA,NA,NA,NA,1,NA,NA,NA,0.603291544484818,0.603291544484818
1989,"CI","black","charter",0.0573557692307692,"Central",NA,NA,NA,NA,NA,NA,NA,NA,NA,NA,NA,1,NA,NA,NA,0.603291544484818,0.603291544484818
1990,"CI","black","charter",0.0573557692307692,"Central",NA,NA,NA,NA,NA,NA,NA,NA,NA,NA,NA,1,NA,NA,NA,0.603291544484818,0.603291544484818
1991,"CI","black","charter",0.0573557692307692,"Central",NA,NA,NA,NA,NA,NA,NA,NA,NA,NA,NA,1,NA,NA,NA,0.603291544484818,0.603291544484818
1992,"CI","black","charter",0.0573557692307692,"Central",NA,NA,NA,NA,NA,NA,NA,NA,NA,NA,NA,1,NA,NA,NA,0.603291544484818,0.603291544484818
1993,"CI","black","charter",0.0573557692307692,"Central",NA,NA,NA,NA,NA,NA,NA,NA,NA,NA,NA,1,NA,NA,NA,0.603291544484818,0.603291544484818
1994,"CI","black","charter",0.0573557692307692,"Central",NA,NA,NA,NA,NA,NA,NA,NA,NA,NA,NA,1,NA,NA,NA,0.603291544484818,0.603291544484818
1995,"CI","black","charter",0.0573557692307692,"Central",NA,NA,NA,NA,NA,NA,NA,NA,NA,NA,NA,1,NA,NA,NA,0.603291544484818,0.603291544484818
1996,"CI","black","charter",0.0573557692307692,"Central",NA,NA,NA,NA,NA,NA,NA,NA,NA,NA,NA,1,NA,NA,NA,0.603291544484818,0.603291544484818
1997,"CI","black","charter",0.0573557692307692,"Central",NA,NA,NA,NA,NA,NA,NA,NA,NA,NA,NA,1,NA,NA,NA,0.603291544484818,0.603291544484818
1998,"CI","black","charter",0.0573557692307692,"Central",NA,NA,NA,NA,NA,NA,NA,NA,NA,NA,NA,1,NA,NA,NA,0.603291544484818,0.603291544484818
1999,"CI","black","charter",0.0573557692307692,"Central",NA,NA,NA,NA,NA,NA,NA,NA,NA,NA,NA,1,NA,NA,NA,0.603291544484818,0.603291544484818
2000,"CI","black","charter",0.0573557692307692,"Central",NA,NA,NA,NA,NA,NA,NA,NA,NA,NA,NA,1,NA,NA,NA,0.603291544484818,0.603291544484818
2001,"CI","black","charter",0.0573557692307692,"Central",NA,NA,NA,NA,NA,NA,NA,NA,NA,NA,NA,1,NA,NA,NA,0.603291544484818,0.603291544484818
2002,"CI","black","charter",0.0573557692307692,"Central",NA,NA,NA,NA,NA,NA,NA,NA,NA,NA,NA,1,NA,NA,NA,0.603291544484818,0.603291544484818
2003,"CI","black","charter",0.0573557692307692,"Central",NA,NA,NA,NA,NA,NA,NA,NA,NA,NA,NA,1,NA,NA,NA,0.603291544484818,0.603291544484818
2004,"CI","black","charter",0.0573557692307692,"Central",NA,NA,NA,NA,NA,NA,NA,NA,NA,NA,NA,1,NA,NA,NA,0.603291544484818,0.603291544484818
2005,"CI","black","charter",0.0573557692307692,"Central",NA,NA,NA,NA,NA,NA,NA,NA,NA,NA,NA,1,NA,NA,NA,0.603291544484818,0.603291544484818
2006,"CI","black","charter",0.0573557692307692,"Central",NA,NA,NA,NA,NA,NA,NA,NA,NA,NA,NA,1,NA,NA,NA,0.603291544484818,0.603291544484818
2007,"CI","black","charter",0.0573557692307692,"Central",NA,NA,NA,NA,NA,NA,NA,NA,NA,NA,NA,1,NA,NA,NA,0.603291544484818,0.603291544484818
2008,"CI","black","charter",0.0573557692307692,"Central",NA,NA,NA,NA,NA,NA,NA,NA,NA,NA,NA,1,NA,NA,NA,0.603291544484818,0.603291544484818
2009,"CI","black","charter",0.0573557692307692,"Central",23,5,4.6,2.16162565383065,0.568932018832654,0.119500815279857,79.1428571428571,10.4285714285714,7.40763502370645,3.10490459186957,"bootstrap",0.263196366967815,4.76556881240734,1.25428039796073,0.263454200474414,0.603291544484818,0.263454200474414
2010,"CI","black","charter",0.0573557692307692,"Central",84,12,7,2.49047951836291,0.514463206366492,0.0560012418808672,79.1428571428571,10.4285714285714,7.40763502370645,11.3396515529149,"bootstrap",0.206571948322895,5.49056748082958,1.1341972219133,0.123461604598651,0.603291544484818,0.123461604598651
2011,"CI","black","charter",0.0573557692307692,"Central",30,6,5,2.60969269683789,0.511487982642996,0.0898019565874028,79.1428571428571,10.4285714285714,7.40763502370645,6,"bootstrap",0.195995483783495,5.75338755069761,1.12763797639292,0.197979424812846,0.603291544484818,0.197979424812846
2012,"CI","black","charter",0.0573557692307692,"Central",40,9,4.44444444444444,2.50865003813665,0.429774550470536,0.0685561040314532,79.1428571428571,10.4285714285714,7.40763502370645,9,"bootstrap",0.171317060545344,5.53062661973992,0.947490695467675,0.151140337686815,0.603291544484818,0.151140337686815
2013,"CI","black","charter",0.0126278309385193,"Central",26,7,3.71428571428571,2.39346558875622,0.499901923005447,0.0980021631476072,79.1428571428571,10.4285714285714,7.40763502370645,7,"bootstrap",0.208861128128951,5.27668837716358,1.10209508723931,0.216057785684145,0.603291544484818,0.216057785684145
2014,"CI","black","charter",0.0126278309385193,"Central",90,10,9,2.43407329422629,0.50528507651981,0.0527910617316866,79.1428571428571,10.4285714285714,7.40763502370645,10,"bootstrap",0.207588275060724,5.36621304318919,1.113962909244,0.116384368827493,0.603291544484818,0.116384368827493
2015,"CI","black","charter",0.0126278309385193,"Central",37,7,5.28571428571429,1.90263253069037,0.595564824675729,0.0936010353761622,79.1428571428571,10.4285714285714,7.40763502370645,7,"bootstrap",0.313021466346751,4.19458671470783,1.31299568415645,0.206354959845707,0.603291544484818,0.206354959845707
2016,"CI","black","charter",0.0126278309385193,"Central",35,9,3.88888888888889,1.86362987345421,0.591103854885699,0.0964686022247598,79.1428571428571,10.4285714285714,7.40763502370645,9,"bootstrap",0.317178782818123,4.10860057432489,1.30316092925021,0.212676862584488,0.603291544484818,0.212676862584488
2017,"CI","black","charter",0.0126278309385193,"Central",45,11,4.09090909090909,2.38096019688648,0.939548408167252,0.136824220846654,79.1428571428571,10.4285714285714,7.40763502370645,11,"bootstrap",0.394609036050193,5.24911870737559,2.07134967323052,0.301645772242409,0.603291544484818,0.301645772242409
2018,"CI","black","charter",0.0126278309385193,"Central",137,21,6.52380952380952,1.23174747737366,0.717141779750048,0.0615634894893715,79.1428571428571,10.4285714285714,7.40763502370645,21,"bootstrap",0.582214936846587,2.71553835074591,1.58102698938401,0.135724261494401,0.603291544484818,0.135724261494401
2019,"CI","black","charter",0.0126278309385193,"Central",215,22,9.77272727272727,0.993545987535378,0.340208306982,0.0228306873038765,79.1428571428571,10.4285714285714,7.40763502370645,22,"bootstrap",0.342418278821629,2.19039395813073,0.750030929084421,0.0503330496602729,0.603291544484818,0.0503330496602729
2020,"CI","black","charter",0.0126278309385193,"Central",NA,NA,NA,NA,NA,NA,NA,NA,NA,NA,NA,1,NA,NA,NA,0.603291544484818,0.603291544484818
2021,"CI","black","charter",0.0126278309385193,"Central",80,6,13.3333333333333,1.50882437581861,0.31081361297907,0.0348791081280534,79.1428571428571,10.4285714285714,7.40763502370645,6,"bootstrap",0.205997210782361,3.32638834853709,0.685226721777583,0.0768952707445324,0.603291544484818,0.0768952707445324
2022,"CI","black","charter",0.0126278309385193,"Central",128,12,10.6666666666667,1.84445564194634,0.388761620950269,0.0339790491501992,79.1428571428571,10.4285714285714,7.40763502370645,12,"bootstrap",0.210773093214664,4.06632862982152,0.857072663334829,0.0749109803626209,0.603291544484818,0.0749109803626209
2023,"CI","black","charter",0.0126278309385193,"Central",78,9,8.66666666666667,1.97539739857782,0.397544469166786,0.0434786853101719,79.1428571428571,10.4285714285714,7.40763502370645,9,"bootstrap",0.201247844840231,4.35500578839382,0.876435529180989,0.0958540931226667,0.603291544484818,0.0958540931226667
2024,"CI","black","charter",0.0126278309385193,"Central",112,9,12.4444444444444,2.19962883128829,0.600980677376234,0.0563002403464875,79.1428571428571,10.4285714285714,7.40763502370645,9,"bootstrap",0.273219130804104,4.84935147706233,1.32493559552657,0.124120783379303,0.603291544484818,0.124120783379303
2025,"CI","black","charter",0.0126278309385193,"Central",55,8,6.875,2.20569705102128,0.546279864181902,0.0744457944348143,79.1428571428571,10.4285714285714,7.40763502370645,8,"bootstrap",0.247667676723312,4.86272961154881,1.20434094542595,0.164124882374862,0.603291544484818,0.164124882374862
1977,"NG","black","charter",0.0811412665274878,"Central",NA,NA,NA,NA,NA,NA,NA,NA,NA,NA,NA,1,NA,NA,NA,0.206112549393767,0.206112549393767
1978,"NG","black","charter",0.0811412665274878,"Central",NA,NA,NA,NA,NA,NA,NA,NA,NA,NA,NA,1,NA,NA,NA,0.206112549393767,0.206112549393767
1979,"NG","black","charter",0.0811412665274878,"Central",NA,NA,NA,NA,NA,NA,NA,NA,NA,NA,NA,1,NA,NA,NA,0.206112549393767,0.206112549393767
1980,"NG","black","charter",0.0811412665274878,"Central",NA,NA,NA,NA,NA,NA,NA,NA,NA,NA,NA,1,NA,NA,NA,0.206112549393767,0.206112549393767
1981,"NG","black","charter",0.0811412665274878,"Central",NA,NA,NA,NA,NA,NA,NA,NA,NA,NA,NA,1,NA,NA,NA,0.206112549393767,0.206112549393767
1982,"NG","black","charter",0.0811412665274878,"Central",NA,NA,NA,NA,NA,NA,NA,NA,NA,NA,NA,1,NA,NA,NA,0.206112549393767,0.206112549393767
1983,"NG","black","charter",0.0811412665274878,"Central",NA,NA,NA,NA,NA,NA,NA,NA,NA,NA,NA,1,NA,NA,NA,0.206112549393767,0.206112549393767
1984,"NG","black","charter",0.0811412665274878,"Central",NA,NA,NA,NA,NA,NA,NA,NA,NA,NA,NA,1,NA,NA,NA,0.206112549393767,0.206112549393767
1985,"NG","black","charter",0.0811412665274878,"Central",NA,NA,NA,NA,NA,NA,NA,NA,NA,NA,NA,1,NA,NA,NA,0.206112549393767,0.206112549393767
1986,"NG","black","charter",0.0811412665274878,"Central",NA,NA,NA,NA,NA,NA,NA,NA,NA,NA,NA,1,NA,NA,NA,0.206112549393767,0.206112549393767
1987,"NG","black","charter",0.0811412665274878,"Central",NA,NA,NA,NA,NA,NA,NA,NA,NA,NA,NA,1,NA,NA,NA,0.206112549393767,0.206112549393767
1988,"NG","black","charter",0.0811412665274878,"Central",NA,NA,NA,NA,NA,NA,NA,NA,NA,NA,NA,1,NA,NA,NA,0.206112549393767,0.206112549393767
1989,"NG","black","charter",0.0811412665274878,"Central",NA,NA,NA,NA,NA,NA,NA,NA,NA,NA,NA,1,NA,NA,NA,0.206112549393767,0.206112549393767
1990,"NG","black","charter",0.0811412665274878,"Central",NA,NA,NA,NA,NA,NA,NA,NA,NA,NA,NA,1,NA,NA,NA,0.206112549393767,0.206112549393767
1991,"NG","black","charter",0.0811412665274878,"Central",NA,NA,NA,NA,NA,NA,NA,NA,NA,NA,NA,1,NA,NA,NA,0.206112549393767,0.206112549393767
1992,"NG","black","charter",0.0811412665274878,"Central",NA,NA,NA,NA,NA,NA,NA,NA,NA,NA,NA,1,NA,NA,NA,0.206112549393767,0.206112549393767
1993,"NG","black","charter",0.0811412665274878,"Central",NA,NA,NA,NA,NA,NA,NA,NA,NA,NA,NA,1,NA,NA,NA,0.206112549393767,0.206112549393767
1994,"NG","black","charter",0.0811412665274878,"Central",NA,NA,NA,NA,NA,NA,NA,NA,NA,NA,NA,1,NA,NA,NA,0.206112549393767,0.206112549393767
1995,"NG","black","charter",0.0811412665274878,"Central",NA,NA,NA,NA,NA,NA,NA,NA,NA,NA,NA,1,NA,NA,NA,0.206112549393767,0.206112549393767
1996,"NG","black","charter",0.0811412665274878,"Central",NA,NA,NA,NA,NA,NA,NA,NA,NA,NA,NA,1,NA,NA,NA,0.206112549393767,0.206112549393767
1997,"NG","black","charter",0.0811412665274878,"Central",NA,NA,NA,NA,NA,NA,NA,NA,NA,NA,NA,1,NA,NA,NA,0.206112549393767,0.206112549393767
1998,"NG","black","charter",0.0811412665274878,"Central",NA,NA,NA,NA,NA,NA,NA,NA,NA,NA,NA,1,NA,NA,NA,0.206112549393767,0.206112549393767
1999,"NG","black","charter",0.0811412665274878,"Central",NA,NA,NA,NA,NA,NA,NA,NA,NA,NA,NA,1,NA,NA,NA,0.206112549393767,0.206112549393767
2000,"NG","black","charter",0.0811412665274878,"Central",NA,NA,NA,NA,NA,NA,NA,NA,NA,NA,NA,1,NA,NA,NA,0.206112549393767,0.206112549393767
2001,"NG","black","charter",0.0811412665274878,"Central",NA,NA,NA,NA,NA,NA,NA,NA,NA,NA,NA,1,NA,NA,NA,0.206112549393767,0.206112549393767
2002,"NG","black","charter",0.0811412665274878,"Central",NA,NA,NA,NA,NA,NA,NA,NA,NA,NA,NA,1,NA,NA,NA,0.206112549393767,0.206112549393767
2003,"NG","black","charter",0.0811412665274878,"Central",NA,NA,NA,NA,NA,NA,NA,NA,NA,NA,NA,1,NA,NA,NA,0.206112549393767,0.206112549393767
2004,"NG","black","charter",0.0811412665274878,"Central",NA,NA,NA,NA,NA,NA,NA,NA,NA,NA,NA,1,NA,NA,NA,0.206112549393767,0.206112549393767
2005,"NG","black","charter",0.0811412665274878,"Central",NA,NA,NA,NA,NA,NA,NA,NA,NA,NA,NA,1,NA,NA,NA,0.206112549393767,0.206112549393767
2006,"NG","black","charter",0.0811412665274878,"Central",NA,NA,NA,NA,NA,NA,NA,NA,NA,NA,NA,1,NA,NA,NA,0.206112549393767,0.206112549393767
2007,"NG","black","charter",0.0811412665274878,"Central",515,39,13.2051282051282,2.38660776801232,0.556667386187088,0.0247597448248725,598.466666666667,31.1333333333333,18.9690112441394,27.1495437148372,"bootstrap",0.233246281038759,5.26156947042767,1.22724151140433,0.0545858935063418,0.206112549393767,0.0545858935063418
2008,"NG","black","charter",0.0811412665274878,"Central",546,38,14.3684210526316,2.49551404595841,0.577837015016305,0.0248119821204234,598.466666666667,31.1333333333333,18.9690112441394,28.7837880937886,"bootstrap",0.231550295600274,5.50166671424763,1.27391255397823,0.054701057029721,0.206112549393767,0.054701057029721
2009,"NG","black","charter",0.0811412665274878,"Central",628,40,15.7,2.28930342972336,0.625922870830302,0.0252807082850984,598.466666666667,31.1333333333333,18.9690112441394,33.106628063918,"bootstrap",0.27341193076618,5.0470501252117,1.37992371940782,0.0557344213349493,0.206112549393767,0.0557344213349493
2010,"NG","black","charter",0.0811412665274878,"Central",693,39,17.7692307692308,2.44654674958011,0.534947005262716,0.0199252447559255,598.466666666667,31.1333333333333,18.9690112441394,36.5332695036547,"bootstrap",0.218653906921879,5.39371230501179,1.17935626830344,0.0439276452979497,0.206112549393767,0.0439276452979497
2011,"NG","black","charter",0.0811412665274878,"Central",556,33,16.8484848484848,2.32318258425256,0.563884151478894,0.0231680581210127,598.466666666667,31.1333333333333,18.9690112441394,33,"bootstrap",0.242720548656451,5.12174087563325,1.24315175540988,0.0510768249950593,0.206112549393767,0.0510768249950593
2012,"NG","black","charter",0.0811412665274878,"Central",574,31,18.5161290322581,2.3061897314186,0.578393513978616,0.0237384649519415,598.466666666667,31.1333333333333,18.9690112441394,31,"bootstrap",0.250800489699011,5.08427804789717,1.27513942417854,0.0523343567971274,0.206112549393767,0.0523343567971274
2013,"NG","black","charter",0.0194992967302081,"Central",772,35,22.0571428571429,2.1778021586562,0.608652691180385,0.021314008387656,598.466666666667,31.1333333333333,18.9690112441394,35,"bootstrap",0.27948024973763,4.80123190085829,1.34184949070015,0.0469893450142961,0.206112549393767,0.0469893450142961
2014,"NG","black","charter",0.0194992967302081,"Central",612,32,19.125,2.18362434071288,0.700339342519987,0.0291021299278901,598.466666666667,31.1333333333333,18.9690112441394,32,"bootstrap",0.320723363200536,4.8140676151182,1.54398395619549,0.0641592139292055,0.206112549393767,0.0641592139292055
2015,"NG","black","charter",0.0194992967302081,"Central",455,19,23.9473684210526,2.12467498098994,0.684315542196104,0.0327254424507431,598.466666666667,31.1333333333333,18.9690112441394,19,"bootstrap",0.322080105577967,4.68410652323849,1.5086575235431,0.0721472506764165,0.206112549393767,0.0721472506764165
2016,"NG","black","charter",0.0194992967302081,"Central",1001,47,21.2978723404255,1.88058894303718,0.560444266233671,0.0177308651437059,598.466666666667,31.1333333333333,18.9690112441394,47,"bootstrap",0.29801529372418,4.14598892274166,1.23556810658805,0.0390898663679836,0.206112549393767,0.0390898663679836
2017,"NG","black","charter",0.0194992967302081,"Central",394,29,13.5862068965517,1.84884576897751,0.552143875119207,0.0280788607552101,598.466666666667,31.1333333333333,18.9690112441394,29,"bootstrap",0.29864247433931,4.07600720317911,1.21726887658226,0.0619032915647665,0.206112549393767,0.0619032915647665
2018,"NG","black","charter",0.0194992967302081,"Central",698,38,18.3684210526316,1.76699207595151,0.760416262641409,0.0280755843227571,598.466666666667,31.1333333333333,18.9690112441394,38,"bootstrap",0.430345032663449,3.89555070000346,1.67643089323511,0.0618960682676677,0.206112549393767,0.0618960682676677
2019,"NG","black","charter",0.0194992967302081,"Central",680,37,18.3783783783784,1.907264376561,0.799684236374502,0.0306873137519705,598.466666666667,31.1333333333333,18.9690112441394,37,"bootstrap",0.419283370571005,4.20479818688658,1.76300195636865,0.0676539460446312,0.206112549393767,0.0676539460446312
2020,"NG","black","charter",0.0194992967302081,"Central",153,12,12.75,1.92091503267974,0.597544712571814,0.0467455399223309,598.466666666667,31.1333333333333,18.9690112441394,12,"bootstrap",0.311072953465422,4.23489273214379,1.31736058979722,0.103056274696884,0.206112549393767,0.103056274696884
2021,"NG","black","charter",0.0194992967302081,"Central",600,30,20,1.51791802308743,0.560343758083362,0.0234111187960423,598.466666666667,31.1333333333333,18.9690112441394,30,"bootstrap",0.369152845911684,3.34643640900423,1.23534652404639,0.051612682057262,0.206112549393767,0.051612682057262
2022,"NG","black","charter",0.0194992967302081,"Central",655,28,23.3928571428571,1.5978372058433,0.553991796862433,0.0212256782556781,598.466666666667,31.1333333333333,18.9690112441394,28,"bootstrap",0.346713541802933,3.52262804707973,1.22134284665736,0.0467946104073101,0.206112549393767,0.0467946104073101
2023,"NG","black","charter",0.0194992967302081,"Central",447,26,17.1923076923077,1.74696389748165,0.556788146864352,0.0258894934212545,598.466666666667,31.1333333333333,18.9690112441394,26,"bootstrap",0.318717603533189,3.85139612471141,1.22750774312503,0.0570765628168389,0.206112549393767,0.0570765628168389
2024,"NG","black","charter",0.0194992967302081,"Central",549,30,18.3,1.80729224214841,0.530071798170546,0.0217091123699136,598.466666666667,31.1333333333333,18.9690112441394,30,"bootstrap",0.293296117699496,3.9843973579909,1.16860827647086,0.0478604001908333,0.206112549393767,0.0478604001908333
2025,"NG","black","charter",0.0194992967302081,"Central",831,40,20.775,1.98762761181307,0.496231281479963,0.0168198190942277,598.466666666667,31.1333333333333,18.9690112441394,40,"bootstrap",0.249660086492415,4.38196879313967,1.09400270790231,0.0370813536394423,0.206112549393767,0.0370813536394423
1977,"PWSI","black","charter",0.0772336065573771,"Central",NA,NA,NA,NA,NA,NA,NA,NA,NA,NA,NA,1,NA,NA,NA,0.376612118832554,0.376612118832554
1978,"PWSI","black","charter",0.0772336065573771,"Central",NA,NA,NA,NA,NA,NA,NA,NA,NA,NA,NA,1,NA,NA,NA,0.376612118832554,0.376612118832554
1979,"PWSI","black","charter",0.0772336065573771,"Central",NA,NA,NA,NA,NA,NA,NA,NA,NA,NA,NA,1,NA,NA,NA,0.376612118832554,0.376612118832554
1980,"PWSI","black","charter",0.0772336065573771,"Central",NA,NA,NA,NA,NA,NA,NA,NA,NA,NA,NA,1,NA,NA,NA,0.376612118832554,0.376612118832554
1981,"PWSI","black","charter",0.0772336065573771,"Central",NA,NA,NA,NA,NA,NA,NA,NA,NA,NA,NA,1,NA,NA,NA,0.376612118832554,0.376612118832554
1982,"PWSI","black","charter",0.0772336065573771,"Central",NA,NA,NA,NA,NA,NA,NA,NA,NA,NA,NA,1,NA,NA,NA,0.376612118832554,0.376612118832554
1983,"PWSI","black","charter",0.0772336065573771,"Central",NA,NA,NA,NA,NA,NA,NA,NA,NA,NA,NA,1,NA,NA,NA,0.376612118832554,0.376612118832554
1984,"PWSI","black","charter",0.0772336065573771,"Central",NA,NA,NA,NA,NA,NA,NA,NA,NA,NA,NA,1,NA,NA,NA,0.376612118832554,0.376612118832554
1985,"PWSI","black","charter",0.0772336065573771,"Central",NA,NA,NA,NA,NA,NA,NA,NA,NA,NA,NA,1,NA,NA,NA,0.376612118832554,0.376612118832554
1986,"PWSI","black","charter",0.0772336065573771,"Central",NA,NA,NA,NA,NA,NA,NA,NA,NA,NA,NA,1,NA,NA,NA,0.376612118832554,0.376612118832554
1987,"PWSI","black","charter",0.0772336065573771,"Central",NA,NA,NA,NA,NA,NA,NA,NA,NA,NA,NA,1,NA,NA,NA,0.376612118832554,0.376612118832554
1988,"PWSI","black","charter",0.0772336065573771,"Central",NA,NA,NA,NA,NA,NA,NA,NA,NA,NA,NA,1,NA,NA,NA,0.376612118832554,0.376612118832554
1989,"PWSI","black","charter",0.0772336065573771,"Central",NA,NA,NA,NA,NA,NA,NA,NA,NA,NA,NA,1,NA,NA,NA,0.376612118832554,0.376612118832554
1990,"PWSI","black","charter",0.0772336065573771,"Central",NA,NA,NA,NA,NA,NA,NA,NA,NA,NA,NA,1,NA,NA,NA,0.376612118832554,0.376612118832554
1991,"PWSI","black","charter",0.0772336065573771,"Central",NA,NA,NA,NA,NA,NA,NA,NA,NA,NA,NA,1,NA,NA,NA,0.376612118832554,0.376612118832554
1992,"PWSI","black","charter",0.0772336065573771,"Central",NA,NA,NA,NA,NA,NA,NA,NA,NA,NA,NA,1,NA,NA,NA,0.376612118832554,0.376612118832554
1993,"PWSI","black","charter",0.0772336065573771,"Central",NA,NA,NA,NA,NA,NA,NA,NA,NA,NA,NA,1,NA,NA,NA,0.376612118832554,0.376612118832554
1994,"PWSI","black","charter",0.0772336065573771,"Central",NA,NA,NA,NA,NA,NA,NA,NA,NA,NA,NA,1,NA,NA,NA,0.376612118832554,0.376612118832554
1995,"PWSI","black","charter",0.0772336065573771,"Central",NA,NA,NA,NA,NA,NA,NA,NA,NA,NA,NA,1,NA,NA,NA,0.376612118832554,0.376612118832554
1996,"PWSI","black","charter",0.0772336065573771,"Central",NA,NA,NA,NA,NA,NA,NA,NA,NA,NA,NA,1,NA,NA,NA,0.376612118832554,0.376612118832554
1997,"PWSI","black","charter",0.0772336065573771,"Central",NA,NA,NA,NA,NA,NA,NA,NA,NA,NA,NA,1,NA,NA,NA,0.376612118832554,0.376612118832554
1998,"PWSI","black","charter",0.0772336065573771,"Central",NA,NA,NA,NA,NA,NA,NA,NA,NA,NA,NA,1,NA,NA,NA,0.376612118832554,0.376612118832554
1999,"PWSI","black","charter",0.0772336065573771,"Central",NA,NA,NA,NA,NA,NA,NA,NA,NA,NA,NA,1,NA,NA,NA,0.376612118832554,0.376612118832554
2000,"PWSI","black","charter",0.0772336065573771,"Central",NA,NA,NA,NA,NA,NA,NA,NA,NA,NA,NA,1,NA,NA,NA,0.376612118832554,0.376612118832554
2001,"PWSI","black","charter",0.0772336065573771,"Central",NA,NA,NA,NA,NA,NA,NA,NA,NA,NA,NA,1,NA,NA,NA,0.376612118832554,0.376612118832554
2002,"PWSI","black","charter",0.0772336065573771,"Central",NA,NA,NA,NA,NA,NA,NA,NA,NA,NA,NA,1,NA,NA,NA,0.376612118832554,0.376612118832554
2003,"PWSI","black","charter",0.0772336065573771,"Central",NA,NA,NA,NA,NA,NA,NA,NA,NA,NA,NA,1,NA,NA,NA,0.376612118832554,0.376612118832554
2004,"PWSI","black","charter",0.0772336065573771,"Central",NA,NA,NA,NA,NA,NA,NA,NA,NA,NA,NA,1,NA,NA,NA,0.376612118832554,0.376612118832554
2005,"PWSI","black","charter",0.0772336065573771,"Central",NA,NA,NA,NA,NA,NA,NA,NA,NA,NA,NA,1,NA,NA,NA,0.376612118832554,0.376612118832554
2006,"PWSI","black","charter",0.0772336065573771,"Central",NA,NA,NA,NA,NA,NA,NA,NA,NA,NA,NA,1,NA,NA,NA,0.376612118832554,0.376612118832554
2007,"PWSI","black","charter",0.0772336065573771,"Central",198,17,11.6470588235294,2.4241027202822,0.56027308024735,0.0401137616637473,274.333333333333,13.9333333333333,20.0994261294261,9.85102752312527,"bootstrap",0.231125964902232,5.34423169033767,1.23519070609038,0.0884357063371861,0.376612118832554,0.0884357063371861
2008,"PWSI","black","charter",0.0772336065573771,"Central",108,14,7.71428571428571,2.49420363796837,0.623810273890826,0.0596240082219576,274.333333333333,13.9333333333333,20.0994261294261,5.37328773988651,"bootstrap",0.250103986857683,5.49877775915136,1.37526624040811,0.131448437221194,0.376612118832554,0.131448437221194
2009,"PWSI","black","charter",0.0772336065573771,"Central",180,21,8.57142857142857,2.38619062038096,0.589672966063686,0.0447035865681516,274.333333333333,13.9333333333333,20.0994261294261,8.95547956647752,"bootstrap",0.247118969049314,5.2606498173237,1.30000635938649,0.0985545381432752,0.376612118832554,0.0985545381432752
2010,"PWSI","black","charter",0.0772336065573771,"Central",187,21,8.90476190476191,2.51183905717783,0.598600676783747,0.0428501184758816,274.333333333333,13.9333333333333,20.0994261294261,9.30374821628498,"bootstrap",0.238311716299333,5.53765720325372,1.31968859238476,0.0944683404616085,0.376612118832554,0.0944683404616085
2011,"PWSI","black","charter",0.0772336065573771,"Central",205,15,13.6666666666667,2.44101645572118,0.638404017900954,0.0433840196227373,274.333333333333,13.9333333333333,20.0994261294261,15,"bootstrap",0.261532041869149,5.38152009407514,1.40743993856333,0.0956453910068105,0.376612118832554,0.0956453910068105
2012,"PWSI","black","charter",0.0772336065573771,"Central",278,20,13.9,2.51210869424899,0.577667678115708,0.0340264173670137,274.333333333333,13.9333333333333,20.0994261294261,20,"bootstrap",0.229953297577518,5.53825165123999,1.27353923001677,0.0750154094048792,0.376612118832554,0.0750154094048792
2013,"PWSI","black","charter",0.00900427649339457,"Central",311,16,19.4375,2.54687046154488,0.478987003007358,0.0292458644433661,274.333333333333,13.9333333333333,20.0994261294261,16,"bootstrap",0.188068851651298,5.61488822973168,1.05598558151603,0.0644760942932986,0.376612118832554,0.0644760942932986
2014,"PWSI","black","charter",0.00900427649339457,"Central",407,17,23.9411764705882,2.49342411562251,0.624766707031581,0.0304242062107153,274.333333333333,13.9333333333333,20.0994261294261,17,"bootstrap",0.250565759397735,5.49705920655488,1.37737481454474,0.0670738932076874,0.376612118832554,0.0670738932076874
2015,"PWSI","black","charter",0.00900427649339457,"Central",303,12,25.25,1.94185459058275,0.600258524538506,0.0348460182034501,274.333333333333,13.9333333333333,20.0994261294261,12,"bootstrap",0.309116103466001,4.28105655514957,1.32334352104542,0.0768223199482579,0.376612118832554,0.0768223199482579
2016,"PWSI","black","charter",0.00900427649339457,"Central",388,17,22.8235294117647,2.20928065086577,0.605534730805337,0.0308920018131641,274.333333333333,13.9333333333333,20.0994261294261,17,"bootstrap",0.274086830284799,4.870630096827,1.33497556472906,0.0681052059743826,0.376612118832554,0.0681052059743826
2017,"PWSI","black","charter",0.00900427649339457,"Central",258,13,19.8461538461538,1.99510139103334,0.578762806604794,0.0364435232683044,274.333333333333,13.9333333333333,20.0994261294261,13,"bootstrap",0.290091926759186,4.39844565586557,1.27595357505561,0.0803442157498002,0.376612118832554,0.0803442157498002
2018,"PWSI","black","charter",0.00900427649339457,"Central",267,7,38.1428571428571,1.97449659215549,0.648520971560998,0.0384746862524165,274.333333333333,13.9333333333333,20.0994261294261,7,"bootstrap",0.328448767213637,4.35301985017891,1.42974400344775,0.0848221636094804,0.376612118832554,0.0848221636094804
2019,"PWSI","black","charter",0.00900427649339457,"Central",156,13,12,2.10241869221291,0.753747113129954,0.0576349962286561,274.333333333333,13.9333333333333,20.0994261294261,13,"bootstrap",0.358514274973742,4.6350398055634,1.661727935366,0.12706341638931,0.376612118832554,0.12706341638931
2020,"PWSI","black","charter",0.00900427649339457,"Central",78,5,15.6,2.00512820512821,0.726653499286495,0.0854141918476175,274.333333333333,13.9333333333333,20.0994261294261,5,"bootstrap",0.362397525219607,4.42055099702565,1.60199674142916,0.188306059416277,0.376612118832554,0.188306059416277
2021,"PWSI","black","charter",0.00900427649339457,"Central",225,16,14.0625,1.90726390430935,0.636811139973889,0.0423303477471903,274.333333333333,13.9333333333333,20.0994261294261,16,"bootstrap",0.333887270940876,4.20479714574991,1.40392824385442,0.0933224421559218,0.376612118832554,0.0933224421559218
2022,"PWSI","black","charter",0.00900427649339457,"Central",615,17,36.1764705882353,1.86312348783979,0.563718714824322,0.022197054564719,274.333333333333,13.9333333333333,20.0994261294261,17,"bootstrap",0.302566479626066,4.1074841851449,1.24278703001903,0.0489361285907538,0.376612118832554,0.0489361285907538
2023,"PWSI","black","charter",0.00900427649339457,"Central",158,14,11.2857142857143,1.93801102959253,0.628377769445444,0.0503252686774349,274.333333333333,13.9333333333333,20.0994261294261,14,"bootstrap",0.324238489797223,4.27258295364918,1.38533584442457,0.11094822568385,0.376612118832554,0.11094822568385
2024,"PWSI","black","charter",0.00900427649339457,"Central",273,17,16.0588235294118,1.85793902114827,0.505278137062886,0.0308907738371019,274.333333333333,13.9333333333333,20.0994261294261,17,"bootstrap",0.271956254382669,4.09605439260413,1.1139476103603,0.068102498750579,0.376612118832554,0.068102498750579
2025,"PWSI","black","charter",0.00900427649339457,"Central",193,10,19.3,1.85773778363876,0.473467584386485,0.0344394629543707,274.333333333333,13.9333333333333,20.0994261294261,10,"bootstrap",0.254862439982839,4.09561073983868,1.0438173463752,0.0759260190498577,0.376612118832554,0.0759260190498577
1977,"PWSO","black","charter",0.103605839416058,"Central",NA,NA,NA,NA,NA,NA,NA,NA,NA,NA,NA,1,NA,NA,NA,0.201420619071081,0.201420619071081
1978,"PWSO","black","charter",0.103605839416058,"Central",NA,NA,NA,NA,NA,NA,NA,NA,NA,NA,NA,1,NA,NA,NA,0.201420619071081,0.201420619071081
1979,"PWSO","black","charter",0.103605839416058,"Central",NA,NA,NA,NA,NA,NA,NA,NA,NA,NA,NA,1,NA,NA,NA,0.201420619071081,0.201420619071081
1980,"PWSO","black","charter",0.103605839416058,"Central",NA,NA,NA,NA,NA,NA,NA,NA,NA,NA,NA,1,NA,NA,NA,0.201420619071081,0.201420619071081
1981,"PWSO","black","charter",0.103605839416058,"Central",NA,NA,NA,NA,NA,NA,NA,NA,NA,NA,NA,1,NA,NA,NA,0.201420619071081,0.201420619071081
1982,"PWSO","black","charter",0.103605839416058,"Central",NA,NA,NA,NA,NA,NA,NA,NA,NA,NA,NA,1,NA,NA,NA,0.201420619071081,0.201420619071081
1983,"PWSO","black","charter",0.103605839416058,"Central",NA,NA,NA,NA,NA,NA,NA,NA,NA,NA,NA,1,NA,NA,NA,0.201420619071081,0.201420619071081
1984,"PWSO","black","charter",0.103605839416058,"Central",NA,NA,NA,NA,NA,NA,NA,NA,NA,NA,NA,1,NA,NA,NA,0.201420619071081,0.201420619071081
1985,"PWSO","black","charter",0.103605839416058,"Central",NA,NA,NA,NA,NA,NA,NA,NA,NA,NA,NA,1,NA,NA,NA,0.201420619071081,0.201420619071081
1986,"PWSO","black","charter",0.103605839416058,"Central",NA,NA,NA,NA,NA,NA,NA,NA,NA,NA,NA,1,NA,NA,NA,0.201420619071081,0.201420619071081
1987,"PWSO","black","charter",0.103605839416058,"Central",NA,NA,NA,NA,NA,NA,NA,NA,NA,NA,NA,1,NA,NA,NA,0.201420619071081,0.201420619071081
1988,"PWSO","black","charter",0.103605839416058,"Central",NA,NA,NA,NA,NA,NA,NA,NA,NA,NA,NA,1,NA,NA,NA,0.201420619071081,0.201420619071081
1989,"PWSO","black","charter",0.103605839416058,"Central",NA,NA,NA,NA,NA,NA,NA,NA,NA,NA,NA,1,NA,NA,NA,0.201420619071081,0.201420619071081
1990,"PWSO","black","charter",0.103605839416058,"Central",NA,NA,NA,NA,NA,NA,NA,NA,NA,NA,NA,1,NA,NA,NA,0.201420619071081,0.201420619071081
1991,"PWSO","black","charter",0.103605839416058,"Central",NA,NA,NA,NA,NA,NA,NA,NA,NA,NA,NA,1,NA,NA,NA,0.201420619071081,0.201420619071081
1992,"PWSO","black","charter",0.103605839416058,"Central",NA,NA,NA,NA,NA,NA,NA,NA,NA,NA,NA,1,NA,NA,NA,0.201420619071081,0.201420619071081
1993,"PWSO","black","charter",0.103605839416058,"Central",NA,NA,NA,NA,NA,NA,NA,NA,NA,NA,NA,1,NA,NA,NA,0.201420619071081,0.201420619071081
1994,"PWSO","black","charter",0.103605839416058,"Central",NA,NA,NA,NA,NA,NA,NA,NA,NA,NA,NA,1,NA,NA,NA,0.201420619071081,0.201420619071081
1995,"PWSO","black","charter",0.103605839416058,"Central",NA,NA,NA,NA,NA,NA,NA,NA,NA,NA,NA,1,NA,NA,NA,0.201420619071081,0.201420619071081
1996,"PWSO","black","charter",0.103605839416058,"Central",NA,NA,NA,NA,NA,NA,NA,NA,NA,NA,NA,1,NA,NA,NA,0.201420619071081,0.201420619071081
1997,"PWSO","black","charter",0.103605839416058,"Central",NA,NA,NA,NA,NA,NA,NA,NA,NA,NA,NA,1,NA,NA,NA,0.201420619071081,0.201420619071081
1998,"PWSO","black","charter",0.103605839416058,"Central",NA,NA,NA,NA,NA,NA,NA,NA,NA,NA,NA,1,NA,NA,NA,0.201420619071081,0.201420619071081
1999,"PWSO","black","charter",0.103605839416058,"Central",NA,NA,NA,NA,NA,NA,NA,NA,NA,NA,NA,1,NA,NA,NA,0.201420619071081,0.201420619071081
2000,"PWSO","black","charter",0.103605839416058,"Central",NA,NA,NA,NA,NA,NA,NA,NA,NA,NA,NA,1,NA,NA,NA,0.201420619071081,0.201420619071081
2001,"PWSO","black","charter",0.103605839416058,"Central",NA,NA,NA,NA,NA,NA,NA,NA,NA,NA,NA,1,NA,NA,NA,0.201420619071081,0.201420619071081
2002,"PWSO","black","charter",0.103605839416058,"Central",NA,NA,NA,NA,NA,NA,NA,NA,NA,NA,NA,1,NA,NA,NA,0.201420619071081,0.201420619071081
2003,"PWSO","black","charter",0.103605839416058,"Central",NA,NA,NA,NA,NA,NA,NA,NA,NA,NA,NA,1,NA,NA,NA,0.201420619071081,0.201420619071081
2004,"PWSO","black","charter",0.103605839416058,"Central",NA,NA,NA,NA,NA,NA,NA,NA,NA,NA,NA,1,NA,NA,NA,0.201420619071081,0.201420619071081
2005,"PWSO","black","charter",0.103605839416058,"Central",NA,NA,NA,NA,NA,NA,NA,NA,NA,NA,NA,1,NA,NA,NA,0.201420619071081,0.201420619071081
2006,"PWSO","black","charter",0.103605839416058,"Central",NA,NA,NA,NA,NA,NA,NA,NA,NA,NA,NA,1,NA,NA,NA,0.201420619071081,0.201420619071081
2007,"PWSO","black","charter",0.103605839416058,"Central",431,25,17.24,2.493264790765,0.646657525697292,0.0315575388227011,560.533333333333,25.1333333333333,22.8432426087252,18.8677241398021,"bootstrap",0.259361752547302,5.49670795537009,1.42563580854548,0.069572463920055,0.201420619071081,0.069572463920055
2008,"PWSO","black","charter",0.103605839416058,"Central",342,25,13.68,2.55056969713831,0.653527268621423,0.0354246072891762,560.533333333333,25.1333333333333,22.8432426087252,14.9716047698662,"bootstrap",0.256227959327937,5.62304364819767,1.44078099918961,0.0780978905343347,0.201420619071081,0.0780978905343347
2009,"PWSO","black","charter",0.103605839416058,"Central",635,34,18.6764705882353,2.40414502607347,0.672754871029324,0.0270997742015656,560.533333333333,25.1333333333333,22.8432426087252,27.7981550551609,"bootstrap",0.279831234693894,5.30023250624206,1.48317060638643,0.059744775201664,0.201420619071081,0.059744775201664
2010,"PWSO","black","charter",0.103605839416058,"Central",418,28,14.9285714285714,2.50369509230344,0.777963457180488,0.0381817495032029,560.533333333333,25.1333333333333,22.8432426087252,18.2986280520587,"bootstrap",0.310726118197064,5.51970283407515,1.71511583523351,0.0841763486259349,0.201420619071081,0.0841763486259349
2011,"PWSO","black","charter",0.103605839416058,"Central",504,26,19.3846153846154,2.48505363306442,0.576645900533849,0.0261079758925332,560.533333333333,25.1333333333333,22.8432426087252,26,"bootstrap",0.232045656021823,5.478605451367,1.27128659604719,0.0575582342150934,0.201420619071081,0.0575582342150934
2012,"PWSO","black","charter",0.103605839416058,"Central",486,33,14.7272727272727,2.42084913439584,0.632875901172628,0.0287106999821151,560.533333333333,25.1333333333333,22.8432426087252,33,"bootstrap",0.261427237319591,5.33705876129649,1.39525252737806,0.0632962586166045,0.201420619071081,0.0632962586166045
2013,"PWSO","black","charter",0.0293321585277469,"Central",482,29,16.6206896551724,2.5984189241853,0.685818526730097,0.0306755577450513,560.533333333333,25.1333333333333,22.8432426087252,29,"bootstrap",0.263936858043445,5.72853313649498,1.51197103724425,0.0676280284858563,0.201420619071081,0.0676280284858563
2014,"PWSO","black","charter",0.0293321585277469,"Central",776,32,24.25,2.54410993388932,0.647111444429409,0.0236654660753602,560.533333333333,25.1333333333333,22.8432426087252,32,"bootstrap",0.254356714625195,5.6088023080191,1.42663652804995,0.0521734218225817,0.201420619071081,0.0521734218225817
2015,"PWSO","black","charter",0.0293321585277469,"Central",808,26,31.0769230769231,2.36118652073853,0.665713426018737,0.0228145300915678,560.533333333333,25.1333333333333,22.8432426087252,26,"bootstrap",0.281940211064103,5.20552521365926,1.4676468774386,0.050297429104541,0.201420619071081,0.050297429104541
2016,"PWSO","black","charter",0.0293321585277469,"Central",738,27,27.3333333333333,2.36143078761441,0.630794423265558,0.0227314440704095,560.533333333333,25.1333333333333,22.8432426087252,27,"bootstrap",0.26712382449405,5.20606372993914,1.3906636541011,0.0501142557828897,0.201420619071081,0.0501142557828897
2017,"PWSO","black","charter",0.0293321585277469,"Central",572,24,23.8333333333333,2.32472428161805,0.568807419765717,0.0241527108421048,560.533333333333,25.1333333333333,22.8432426087252,24,"bootstrap",0.244677368522093,5.1251397365184,1.25400570403933,0.0532476126568235,0.201420619071081,0.0532476126568235
2018,"PWSO","black","charter",0.0293321585277469,"Central",564,24,23.5,2.30543550366798,0.688350944112178,0.0288861068347293,560.533333333333,25.1333333333333,22.8432426087252,24,"bootstrap",0.298577402411389,5.08261526033752,1.51755406188806,0.0636829645315808,0.201420619071081,0.0636829645315808
2019,"PWSO","black","charter",0.0293321585277469,"Central",798,34,23.4705882352941,2.35727329113346,0.675410014807126,0.024747962449305,560.533333333333,25.1333333333333,22.8432426087252,34,"bootstrap",0.286521727178424,5.19689801915467,1.48902419641832,0.0545599178146484,0.201420619071081,0.0545599178146484
2020,"PWSO","black","charter",0.0293321585277469,"Central",289,24,12.0416666666667,2.29204152249135,0.77152377974651,0.0456814280239674,560.533333333333,25.1333333333333,22.8432426087252,24,"bootstrap",0.336609861634573,5.05308658646367,1.70091877669705,0.10071030953554,0.201420619071081,0.10071030953554
2021,"PWSO","black","charter",0.0293321585277469,"Central",678,17,39.8823529411765,1.78761242181221,0.670547959921777,0.0244048957365924,560.533333333333,25.1333333333333,22.8432426087252,17,"bootstrap",0.375108134033888,3.94101078092018,1.4783052002384,0.0538035851796332,0.201420619071081,0.0538035851796332
2022,"PWSO","black","charter",0.0293321585277469,"Central",518,19,27.2631578947368,2.1765795433474,0.673990157228284,0.0294116647936193,560.533333333333,25.1333333333333,22.8432426087252,19,"bootstrap",0.309655651817688,4.79853649549295,1.48589394628283,0.0648416214958707,0.201420619071081,0.0648416214958707
2023,"PWSO","black","charter",0.0293321585277469,"Central",438,17,25.7647058823529,2.16065544732848,0.662953375816056,0.0312129890475967,560.533333333333,25.1333333333333,22.8432426087252,17,"bootstrap",0.306829752349343,4.76342987320658,1.46156200832944,0.0688128616921439,0.201420619071081,0.0688128616921439
2024,"PWSO","black","charter",0.0293321585277469,"Central",435,25,17.4,1.9255503377372,0.501892248297605,0.0228453601724745,560.533333333333,25.1333333333333,22.8432426087252,25,"bootstrap",0.260648729073165,4.24511183052407,1.10648300339956,0.0503653977982844,0.201420619071081,0.0503653977982844
2025,"PWSO","black","charter",0.0293321585277469,"Central",322,20,16.1,2.04298598352623,0.494845916707786,0.0276117450383052,560.533333333333,25.1333333333333,22.8432426087252,20,"bootstrap",0.242216990570671,4.50401311162487,1.09094850138862,0.0608734776891204,0.201420619071081,0.0608734776891204
1977,"BSAI","black","charter",0.102060913705584,"Kodiak",NA,NA,NA,NA,NA,NA,NA,NA,NA,NA,NA,1,NA,NA,NA,10,10
1978,"BSAI","black","charter",0.102060913705584,"Kodiak",NA,NA,NA,NA,NA,NA,NA,NA,NA,NA,NA,1,NA,NA,NA,10,10
1979,"BSAI","black","charter",0.102060913705584,"Kodiak",NA,NA,NA,NA,NA,NA,NA,NA,NA,NA,NA,1,NA,NA,NA,10,10
1980,"BSAI","black","charter",0.102060913705584,"Kodiak",NA,NA,NA,NA,NA,NA,NA,NA,NA,NA,NA,1,NA,NA,NA,10,10
1981,"BSAI","black","charter",0.102060913705584,"Kodiak",NA,NA,NA,NA,NA,NA,NA,NA,NA,NA,NA,1,NA,NA,NA,10,10
1982,"BSAI","black","charter",0.102060913705584,"Kodiak",NA,NA,NA,NA,NA,NA,NA,NA,NA,NA,NA,1,NA,NA,NA,10,10
1983,"BSAI","black","charter",0.102060913705584,"Kodiak",NA,NA,NA,NA,NA,NA,NA,NA,NA,NA,NA,1,NA,NA,NA,10,10
1984,"BSAI","black","charter",0.102060913705584,"Kodiak",NA,NA,NA,NA,NA,NA,NA,NA,NA,NA,NA,1,NA,NA,NA,10,10
1985,"BSAI","black","charter",0.102060913705584,"Kodiak",NA,NA,NA,NA,NA,NA,NA,NA,NA,NA,NA,1,NA,NA,NA,10,10
1986,"BSAI","black","charter",0.102060913705584,"Kodiak",NA,NA,NA,NA,NA,NA,NA,NA,NA,NA,NA,1,NA,NA,NA,10,10
1987,"BSAI","black","charter",0.102060913705584,"Kodiak",NA,NA,NA,NA,NA,NA,NA,NA,NA,NA,NA,1,NA,NA,NA,10,10
1988,"BSAI","black","charter",0.102060913705584,"Kodiak",NA,NA,NA,NA,NA,NA,NA,NA,NA,NA,NA,1,NA,NA,NA,10,10
1989,"BSAI","black","charter",0.102060913705584,"Kodiak",NA,NA,NA,NA,NA,NA,NA,NA,NA,NA,NA,1,NA,NA,NA,10,10
1990,"BSAI","black","charter",0.102060913705584,"Kodiak",NA,NA,NA,NA,NA,NA,NA,NA,NA,NA,NA,1,NA,NA,NA,10,10
1991,"BSAI","black","charter",0.102060913705584,"Kodiak",NA,NA,NA,NA,NA,NA,NA,NA,NA,NA,NA,1,NA,NA,NA,10,10
1992,"BSAI","black","charter",0.102060913705584,"Kodiak",NA,NA,NA,NA,NA,NA,NA,NA,NA,NA,NA,1,NA,NA,NA,10,10
1993,"BSAI","black","charter",0.102060913705584,"Kodiak",NA,NA,NA,NA,NA,NA,NA,NA,NA,NA,NA,1,NA,NA,NA,10,10
1994,"BSAI","black","charter",0.102060913705584,"Kodiak",NA,NA,NA,NA,NA,NA,NA,NA,NA,NA,NA,1,NA,NA,NA,10,10
1995,"BSAI","black","charter",0.102060913705584,"Kodiak",NA,NA,NA,NA,NA,NA,NA,NA,NA,NA,NA,1,NA,NA,NA,10,10
1996,"BSAI","black","charter",0.102060913705584,"Kodiak",NA,NA,NA,NA,NA,NA,NA,NA,NA,NA,NA,1,NA,NA,NA,10,10
1997,"BSAI","black","charter",0.102060913705584,"Kodiak",NA,NA,NA,NA,NA,NA,NA,NA,NA,NA,NA,1,NA,NA,NA,10,10
1998,"BSAI","black","charter",0.102060913705584,"Kodiak",NA,NA,NA,NA,NA,NA,NA,NA,NA,NA,NA,1,NA,NA,NA,10,10
1999,"BSAI","black","charter",0.102060913705584,"Kodiak",NA,NA,NA,NA,NA,NA,NA,NA,NA,NA,NA,1,NA,NA,NA,10,10
2000,"BSAI","black","charter",0.102060913705584,"Kodiak",NA,NA,NA,NA,NA,NA,NA,NA,NA,NA,NA,1,NA,NA,NA,10,10
2001,"BSAI","black","charter",0.102060913705584,"Kodiak",NA,NA,NA,NA,NA,NA,NA,NA,NA,NA,NA,1,NA,NA,NA,10,10
2002,"BSAI","black","charter",0.102060913705584,"Kodiak",NA,NA,NA,NA,NA,NA,NA,NA,NA,NA,NA,1,NA,NA,NA,10,10
2003,"BSAI","black","charter",0.102060913705584,"Kodiak",NA,NA,NA,NA,NA,NA,NA,NA,NA,NA,NA,1,NA,NA,NA,10,10
2004,"BSAI","black","charter",0.102060913705584,"Kodiak",NA,NA,NA,NA,NA,NA,NA,NA,NA,NA,NA,1,NA,NA,NA,10,10
2005,"BSAI","black","charter",0.102060913705584,"Kodiak",NA,NA,NA,NA,NA,NA,NA,NA,NA,NA,NA,1,NA,NA,NA,10,10
2006,"BSAI","black","charter",0.102060913705584,"Kodiak",NA,NA,NA,NA,NA,NA,NA,NA,NA,NA,NA,1,NA,NA,NA,10,10
2007,"BSAI","black","charter",0.102060913705584,"Kodiak",NA,NA,NA,NA,NA,NA,NA,NA,NA,NA,NA,1,NA,NA,NA,10,10
2008,"BSAI","black","charter",0.102060913705584,"Kodiak",NA,NA,NA,NA,NA,NA,NA,NA,NA,NA,NA,1,NA,NA,NA,10,10
2009,"BSAI","black","charter",0.102060913705584,"Kodiak",NA,NA,NA,NA,NA,NA,NA,NA,NA,NA,NA,1,NA,NA,NA,10,10
2010,"BSAI","black","charter",0.102060913705584,"Kodiak",NA,NA,NA,NA,NA,NA,NA,NA,NA,NA,NA,1,NA,NA,NA,10,10
2011,"BSAI","black","charter",0.102060913705584,"Kodiak",NA,NA,NA,NA,NA,NA,NA,NA,NA,NA,NA,1,NA,NA,NA,10,10
2012,"BSAI","black","charter",0.102060913705584,"Kodiak",NA,NA,NA,NA,NA,NA,NA,NA,NA,NA,NA,1,NA,NA,NA,10,10
2013,"BSAI","black","charter",0.0219121480220693,"Kodiak",NA,NA,NA,NA,NA,NA,NA,NA,NA,NA,NA,1,NA,NA,NA,10,10
2014,"BSAI","black","charter",0.0219121480220693,"Kodiak",NA,NA,NA,NA,NA,NA,NA,NA,NA,NA,NA,1,NA,NA,NA,10,10
2015,"BSAI","black","charter",0.0219121480220693,"Kodiak",NA,NA,NA,NA,NA,NA,NA,NA,NA,NA,NA,1,NA,NA,NA,10,10
2016,"BSAI","black","charter",0.0219121480220693,"Kodiak",NA,NA,NA,NA,NA,NA,NA,NA,NA,NA,NA,1,NA,NA,NA,10,10
2017,"BSAI","black","charter",0.0219121480220693,"Kodiak",NA,NA,NA,NA,NA,NA,NA,NA,NA,NA,NA,1,NA,NA,NA,10,10
2018,"BSAI","black","charter",0.0219121480220693,"Kodiak",NA,NA,NA,NA,NA,NA,NA,NA,NA,NA,NA,1,NA,NA,NA,10,10
2019,"BSAI","black","charter",0.0219121480220693,"Kodiak",NA,NA,NA,NA,NA,NA,NA,NA,NA,NA,NA,1,NA,NA,NA,10,10
2020,"BSAI","black","charter",0.0219121480220693,"Kodiak",NA,NA,NA,NA,NA,NA,NA,NA,NA,NA,NA,1,NA,NA,NA,10,10
2021,"BSAI","black","charter",0.0219121480220693,"Kodiak",NA,NA,NA,NA,NA,NA,NA,NA,NA,NA,NA,1,NA,NA,NA,10,10
2022,"BSAI","black","charter",0.0219121480220693,"Kodiak",NA,NA,NA,NA,NA,NA,NA,NA,NA,NA,NA,1,NA,NA,NA,10,10
2023,"BSAI","black","charter",0.0219121480220693,"Kodiak",NA,NA,NA,NA,NA,NA,NA,NA,NA,NA,NA,1,NA,NA,NA,10,10
2024,"BSAI","black","charter",0.0219121480220693,"Kodiak",NA,NA,NA,NA,NA,NA,NA,NA,NA,NA,NA,1,NA,NA,NA,10,10
2025,"BSAI","black","charter",0.0219121480220693,"Kodiak",NA,NA,NA,NA,NA,NA,NA,NA,NA,NA,NA,1,NA,NA,NA,10,10
1977,"SOKO2SAP","black","charter",0.102060913705584,"Kodiak",NA,NA,NA,NA,NA,NA,NA,NA,NA,NA,NA,1,NA,NA,NA,10,10
1978,"SOKO2SAP","black","charter",0.102060913705584,"Kodiak",NA,NA,NA,NA,NA,NA,NA,NA,NA,NA,NA,1,NA,NA,NA,10,10
1979,"SOKO2SAP","black","charter",0.102060913705584,"Kodiak",NA,NA,NA,NA,NA,NA,NA,NA,NA,NA,NA,1,NA,NA,NA,10,10
1980,"SOKO2SAP","black","charter",0.102060913705584,"Kodiak",NA,NA,NA,NA,NA,NA,NA,NA,NA,NA,NA,1,NA,NA,NA,10,10
1981,"SOKO2SAP","black","charter",0.102060913705584,"Kodiak",NA,NA,NA,NA,NA,NA,NA,NA,NA,NA,NA,1,NA,NA,NA,10,10
1982,"SOKO2SAP","black","charter",0.102060913705584,"Kodiak",NA,NA,NA,NA,NA,NA,NA,NA,NA,NA,NA,1,NA,NA,NA,10,10
1983,"SOKO2SAP","black","charter",0.102060913705584,"Kodiak",NA,NA,NA,NA,NA,NA,NA,NA,NA,NA,NA,1,NA,NA,NA,10,10
1984,"SOKO2SAP","black","charter",0.102060913705584,"Kodiak",NA,NA,NA,NA,NA,NA,NA,NA,NA,NA,NA,1,NA,NA,NA,10,10
1985,"SOKO2SAP","black","charter",0.102060913705584,"Kodiak",NA,NA,NA,NA,NA,NA,NA,NA,NA,NA,NA,1,NA,NA,NA,10,10
1986,"SOKO2SAP","black","charter",0.102060913705584,"Kodiak",NA,NA,NA,NA,NA,NA,NA,NA,NA,NA,NA,1,NA,NA,NA,10,10
1987,"SOKO2SAP","black","charter",0.102060913705584,"Kodiak",NA,NA,NA,NA,NA,NA,NA,NA,NA,NA,NA,1,NA,NA,NA,10,10
1988,"SOKO2SAP","black","charter",0.102060913705584,"Kodiak",NA,NA,NA,NA,NA,NA,NA,NA,NA,NA,NA,1,NA,NA,NA,10,10
1989,"SOKO2SAP","black","charter",0.102060913705584,"Kodiak",NA,NA,NA,NA,NA,NA,NA,NA,NA,NA,NA,1,NA,NA,NA,10,10
1990,"SOKO2SAP","black","charter",0.102060913705584,"Kodiak",NA,NA,NA,NA,NA,NA,NA,NA,NA,NA,NA,1,NA,NA,NA,10,10
1991,"SOKO2SAP","black","charter",0.102060913705584,"Kodiak",NA,NA,NA,NA,NA,NA,NA,NA,NA,NA,NA,1,NA,NA,NA,10,10
1992,"SOKO2SAP","black","charter",0.102060913705584,"Kodiak",NA,NA,NA,NA,NA,NA,NA,NA,NA,NA,NA,1,NA,NA,NA,10,10
1993,"SOKO2SAP","black","charter",0.102060913705584,"Kodiak",NA,NA,NA,NA,NA,NA,NA,NA,NA,NA,NA,1,NA,NA,NA,10,10
1994,"SOKO2SAP","black","charter",0.102060913705584,"Kodiak",NA,NA,NA,NA,NA,NA,NA,NA,NA,NA,NA,1,NA,NA,NA,10,10
1995,"SOKO2SAP","black","charter",0.102060913705584,"Kodiak",NA,NA,NA,NA,NA,NA,NA,NA,NA,NA,NA,1,NA,NA,NA,10,10
1996,"SOKO2SAP","black","charter",0.102060913705584,"Kodiak",NA,NA,NA,NA,NA,NA,NA,NA,NA,NA,NA,1,NA,NA,NA,10,10
1997,"SOKO2SAP","black","charter",0.102060913705584,"Kodiak",NA,NA,NA,NA,NA,NA,NA,NA,NA,NA,NA,1,NA,NA,NA,10,10
1998,"SOKO2SAP","black","charter",0.102060913705584,"Kodiak",NA,NA,NA,NA,NA,NA,NA,NA,NA,NA,NA,1,NA,NA,NA,10,10
1999,"SOKO2SAP","black","charter",0.102060913705584,"Kodiak",NA,NA,NA,NA,NA,NA,NA,NA,NA,NA,NA,1,NA,NA,NA,10,10
2000,"SOKO2SAP","black","charter",0.102060913705584,"Kodiak",NA,NA,NA,NA,NA,NA,NA,NA,NA,NA,NA,1,NA,NA,NA,10,10
2001,"SOKO2SAP","black","charter",0.102060913705584,"Kodiak",NA,NA,NA,NA,NA,NA,NA,NA,NA,NA,NA,1,NA,NA,NA,10,10
2002,"SOKO2SAP","black","charter",0.102060913705584,"Kodiak",NA,NA,NA,NA,NA,NA,NA,NA,NA,NA,NA,1,NA,NA,NA,10,10
2003,"SOKO2SAP","black","charter",0.102060913705584,"Kodiak",NA,NA,NA,NA,NA,NA,NA,NA,NA,NA,NA,1,NA,NA,NA,10,10
2004,"SOKO2SAP","black","charter",0.102060913705584,"Kodiak",NA,NA,NA,NA,NA,NA,NA,NA,NA,NA,NA,1,NA,NA,NA,10,10
2005,"SOKO2SAP","black","charter",0.102060913705584,"Kodiak",NA,NA,NA,NA,NA,NA,NA,NA,NA,NA,NA,1,NA,NA,NA,10,10
2006,"SOKO2SAP","black","charter",0.102060913705584,"Kodiak",NA,NA,NA,NA,NA,NA,NA,NA,NA,NA,NA,1,NA,NA,NA,10,10
2007,"SOKO2SAP","black","charter",0.102060913705584,"Kodiak",NA,NA,NA,NA,NA,NA,NA,NA,NA,NA,NA,1,NA,NA,NA,10,10
2008,"SOKO2SAP","black","charter",0.102060913705584,"Kodiak",NA,NA,NA,NA,NA,NA,NA,NA,NA,NA,NA,1,NA,NA,NA,10,10
2009,"SOKO2SAP","black","charter",0.102060913705584,"Kodiak",NA,NA,NA,NA,NA,NA,NA,NA,NA,NA,NA,1,NA,NA,NA,10,10
2010,"SOKO2SAP","black","charter",0.102060913705584,"Kodiak",NA,NA,NA,NA,NA,NA,NA,NA,NA,NA,NA,1,NA,NA,NA,10,10
2011,"SOKO2SAP","black","charter",0.102060913705584,"Kodiak",NA,NA,NA,NA,NA,NA,NA,NA,NA,NA,NA,1,NA,NA,NA,10,10
2012,"SOKO2SAP","black","charter",0.102060913705584,"Kodiak",NA,NA,NA,NA,NA,NA,NA,NA,NA,NA,NA,1,NA,NA,NA,10,10
2013,"SOKO2SAP","black","charter",0.0219121480220693,"Kodiak",NA,NA,NA,NA,NA,NA,NA,NA,NA,NA,NA,1,NA,NA,NA,10,10
2014,"SOKO2SAP","black","charter",0.0219121480220693,"Kodiak",NA,NA,NA,NA,NA,NA,NA,NA,NA,NA,NA,1,NA,NA,NA,10,10
2015,"SOKO2SAP","black","charter",0.0219121480220693,"Kodiak",NA,NA,NA,NA,NA,NA,NA,NA,NA,NA,NA,1,NA,NA,NA,10,10
2016,"SOKO2SAP","black","charter",0.0219121480220693,"Kodiak",NA,NA,NA,NA,NA,NA,NA,NA,NA,NA,NA,1,NA,NA,NA,10,10
2017,"SOKO2SAP","black","charter",0.0219121480220693,"Kodiak",NA,NA,NA,NA,NA,NA,NA,NA,NA,NA,NA,1,NA,NA,NA,10,10
2018,"SOKO2SAP","black","charter",0.0219121480220693,"Kodiak",NA,NA,NA,NA,NA,NA,NA,NA,NA,NA,NA,1,NA,NA,NA,10,10
2019,"SOKO2SAP","black","charter",0.0219121480220693,"Kodiak",NA,NA,NA,NA,NA,NA,NA,NA,NA,NA,NA,1,NA,NA,NA,10,10
2020,"SOKO2SAP","black","charter",0.0219121480220693,"Kodiak",NA,NA,NA,NA,NA,NA,NA,NA,NA,NA,NA,1,NA,NA,NA,10,10
2021,"SOKO2SAP","black","charter",0.0219121480220693,"Kodiak",NA,NA,NA,NA,NA,NA,NA,NA,NA,NA,NA,1,NA,NA,NA,10,10
2022,"SOKO2SAP","black","charter",0.0219121480220693,"Kodiak",NA,NA,NA,NA,NA,NA,NA,NA,NA,NA,NA,1,NA,NA,NA,10,10
2023,"SOKO2SAP","black","charter",0.0219121480220693,"Kodiak",NA,NA,NA,NA,NA,NA,NA,NA,NA,NA,NA,1,NA,NA,NA,10,10
2024,"SOKO2SAP","black","charter",0.0219121480220693,"Kodiak",NA,NA,NA,NA,NA,NA,NA,NA,NA,NA,NA,1,NA,NA,NA,10,10
2025,"SOKO2SAP","black","charter",0.0219121480220693,"Kodiak",NA,NA,NA,NA,NA,NA,NA,NA,NA,NA,NA,1,NA,NA,NA,10,10
1977,"WKMA","black","charter",0.102060913705584,"Kodiak",NA,NA,NA,NA,NA,NA,NA,NA,NA,NA,NA,1,NA,NA,NA,10,10
1978,"WKMA","black","charter",0.102060913705584,"Kodiak",NA,NA,NA,NA,NA,NA,NA,NA,NA,NA,NA,1,NA,NA,NA,10,10
1979,"WKMA","black","charter",0.102060913705584,"Kodiak",NA,NA,NA,NA,NA,NA,NA,NA,NA,NA,NA,1,NA,NA,NA,10,10
1980,"WKMA","black","charter",0.102060913705584,"Kodiak",NA,NA,NA,NA,NA,NA,NA,NA,NA,NA,NA,1,NA,NA,NA,10,10
1981,"WKMA","black","charter",0.102060913705584,"Kodiak",NA,NA,NA,NA,NA,NA,NA,NA,NA,NA,NA,1,NA,NA,NA,10,10
1982,"WKMA","black","charter",0.102060913705584,"Kodiak",NA,NA,NA,NA,NA,NA,NA,NA,NA,NA,NA,1,NA,NA,NA,10,10
1983,"WKMA","black","charter",0.102060913705584,"Kodiak",NA,NA,NA,NA,NA,NA,NA,NA,NA,NA,NA,1,NA,NA,NA,10,10
1984,"WKMA","black","charter",0.102060913705584,"Kodiak",NA,NA,NA,NA,NA,NA,NA,NA,NA,NA,NA,1,NA,NA,NA,10,10
1985,"WKMA","black","charter",0.102060913705584,"Kodiak",NA,NA,NA,NA,NA,NA,NA,NA,NA,NA,NA,1,NA,NA,NA,10,10
1986,"WKMA","black","charter",0.102060913705584,"Kodiak",NA,NA,NA,NA,NA,NA,NA,NA,NA,NA,NA,1,NA,NA,NA,10,10
1987,"WKMA","black","charter",0.102060913705584,"Kodiak",NA,NA,NA,NA,NA,NA,NA,NA,NA,NA,NA,1,NA,NA,NA,10,10
1988,"WKMA","black","charter",0.102060913705584,"Kodiak",NA,NA,NA,NA,NA,NA,NA,NA,NA,NA,NA,1,NA,NA,NA,10,10
1989,"WKMA","black","charter",0.102060913705584,"Kodiak",NA,NA,NA,NA,NA,NA,NA,NA,NA,NA,NA,1,NA,NA,NA,10,10
1990,"WKMA","black","charter",0.102060913705584,"Kodiak",NA,NA,NA,NA,NA,NA,NA,NA,NA,NA,NA,1,NA,NA,NA,10,10
1991,"WKMA","black","charter",0.102060913705584,"Kodiak",NA,NA,NA,NA,NA,NA,NA,NA,NA,NA,NA,1,NA,NA,NA,10,10
1992,"WKMA","black","charter",0.102060913705584,"Kodiak",NA,NA,NA,NA,NA,NA,NA,NA,NA,NA,NA,1,NA,NA,NA,10,10
1993,"WKMA","black","charter",0.102060913705584,"Kodiak",NA,NA,NA,NA,NA,NA,NA,NA,NA,NA,NA,1,NA,NA,NA,10,10
1994,"WKMA","black","charter",0.102060913705584,"Kodiak",NA,NA,NA,NA,NA,NA,NA,NA,NA,NA,NA,1,NA,NA,NA,10,10
1995,"WKMA","black","charter",0.102060913705584,"Kodiak",NA,NA,NA,NA,NA,NA,NA,NA,NA,NA,NA,1,NA,NA,NA,10,10
1996,"WKMA","black","charter",0.102060913705584,"Kodiak",NA,NA,NA,NA,NA,NA,NA,NA,NA,NA,NA,1,NA,NA,NA,10,10
1997,"WKMA","black","charter",0.102060913705584,"Kodiak",NA,NA,NA,NA,NA,NA,NA,NA,NA,NA,NA,1,NA,NA,NA,10,10
1998,"WKMA","black","charter",0.102060913705584,"Kodiak",NA,NA,NA,NA,NA,NA,NA,NA,NA,NA,NA,1,NA,NA,NA,10,10
1999,"WKMA","black","charter",0.102060913705584,"Kodiak",NA,NA,NA,NA,NA,NA,NA,NA,NA,NA,NA,1,NA,NA,NA,10,10
2000,"WKMA","black","charter",0.102060913705584,"Kodiak",NA,NA,NA,NA,NA,NA,NA,NA,NA,NA,NA,1,NA,NA,NA,10,10
2001,"WKMA","black","charter",0.102060913705584,"Kodiak",NA,NA,NA,NA,NA,NA,NA,NA,NA,NA,NA,1,NA,NA,NA,10,10
2002,"WKMA","black","charter",0.102060913705584,"Kodiak",NA,NA,NA,NA,NA,NA,NA,NA,NA,NA,NA,1,NA,NA,NA,10,10
2003,"WKMA","black","charter",0.102060913705584,"Kodiak",NA,NA,NA,NA,NA,NA,NA,NA,NA,NA,NA,1,NA,NA,NA,10,10
2004,"WKMA","black","charter",0.102060913705584,"Kodiak",NA,NA,NA,NA,NA,NA,NA,NA,NA,NA,NA,1,NA,NA,NA,10,10
2005,"WKMA","black","charter",0.102060913705584,"Kodiak",NA,NA,NA,NA,NA,NA,NA,NA,NA,NA,NA,1,NA,NA,NA,10,10
2006,"WKMA","black","charter",0.102060913705584,"Kodiak",NA,NA,NA,NA,NA,NA,NA,NA,NA,NA,NA,1,NA,NA,NA,10,10
2007,"WKMA","black","charter",0.102060913705584,"Kodiak",NA,NA,NA,NA,NA,NA,NA,NA,NA,NA,NA,1,NA,NA,NA,10,10
2008,"WKMA","black","charter",0.102060913705584,"Kodiak",NA,NA,NA,NA,NA,NA,NA,NA,NA,NA,NA,1,NA,NA,NA,10,10
2009,"WKMA","black","charter",0.102060913705584,"Kodiak",NA,NA,NA,NA,NA,NA,NA,NA,NA,NA,NA,1,NA,NA,NA,10,10
2010,"WKMA","black","charter",0.102060913705584,"Kodiak",NA,NA,NA,NA,NA,NA,NA,NA,NA,NA,NA,1,NA,NA,NA,10,10
2011,"WKMA","black","charter",0.102060913705584,"Kodiak",NA,NA,NA,NA,NA,NA,NA,NA,NA,NA,NA,1,NA,NA,NA,10,10
2012,"WKMA","black","charter",0.102060913705584,"Kodiak",NA,NA,NA,NA,NA,NA,NA,NA,NA,NA,NA,1,NA,NA,NA,10,10
2013,"WKMA","black","charter",0.0219121480220693,"Kodiak",NA,NA,NA,NA,NA,NA,NA,NA,NA,NA,NA,1,NA,NA,NA,10,10
2014,"WKMA","black","charter",0.0219121480220693,"Kodiak",NA,NA,NA,NA,NA,NA,NA,NA,NA,NA,NA,1,NA,NA,NA,10,10
2015,"WKMA","black","charter",0.0219121480220693,"Kodiak",NA,NA,NA,NA,NA,NA,NA,NA,NA,NA,NA,1,NA,NA,NA,10,10
2016,"WKMA","black","charter",0.0219121480220693,"Kodiak",NA,NA,NA,NA,NA,NA,NA,NA,NA,NA,NA,1,NA,NA,NA,10,10
2017,"WKMA","black","charter",0.0219121480220693,"Kodiak",NA,NA,NA,NA,NA,NA,NA,NA,NA,NA,NA,1,NA,NA,NA,10,10
2018,"WKMA","black","charter",0.0219121480220693,"Kodiak",NA,NA,NA,NA,NA,NA,NA,NA,NA,NA,NA,1,NA,NA,NA,10,10
2019,"WKMA","black","charter",0.0219121480220693,"Kodiak",NA,NA,NA,NA,NA,NA,NA,NA,NA,NA,NA,1,NA,NA,NA,10,10
2020,"WKMA","black","charter",0.0219121480220693,"Kodiak",NA,NA,NA,NA,NA,NA,NA,NA,NA,NA,NA,1,NA,NA,NA,10,10
2021,"WKMA","black","charter",0.0219121480220693,"Kodiak",NA,NA,NA,NA,NA,NA,NA,NA,NA,NA,NA,1,NA,NA,NA,10,10
2022,"WKMA","black","charter",0.0219121480220693,"Kodiak",NA,NA,NA,NA,NA,NA,NA,NA,NA,NA,NA,1,NA,NA,NA,10,10
2023,"WKMA","black","charter",0.0219121480220693,"Kodiak",NA,NA,NA,NA,NA,NA,NA,NA,NA,NA,NA,1,NA,NA,NA,10,10
2024,"WKMA","black","charter",0.0219121480220693,"Kodiak",NA,NA,NA,NA,NA,NA,NA,NA,NA,NA,NA,1,NA,NA,NA,10,10
2025,"WKMA","black","charter",0.0219121480220693,"Kodiak",NA,NA,NA,NA,NA,NA,NA,NA,NA,NA,NA,1,NA,NA,NA,10,10
1977,"AFOGNAK","black","charter",0.102060913705584,"Kodiak",NA,NA,NA,NA,NA,NA,NA,NA,NA,NA,NA,1,NA,NA,NA,0.232848853904334,0.232848853904334
1978,"AFOGNAK","black","charter",0.102060913705584,"Kodiak",NA,NA,NA,NA,NA,NA,NA,NA,NA,NA,NA,1,NA,NA,NA,0.232848853904334,0.232848853904334
1979,"AFOGNAK","black","charter",0.102060913705584,"Kodiak",NA,NA,NA,NA,NA,NA,NA,NA,NA,NA,NA,1,NA,NA,NA,0.232848853904334,0.232848853904334
1980,"AFOGNAK","black","charter",0.102060913705584,"Kodiak",NA,NA,NA,NA,NA,NA,NA,NA,NA,NA,NA,1,NA,NA,NA,0.232848853904334,0.232848853904334
1981,"AFOGNAK","black","charter",0.102060913705584,"Kodiak",NA,NA,NA,NA,NA,NA,NA,NA,NA,NA,NA,1,NA,NA,NA,0.232848853904334,0.232848853904334
1982,"AFOGNAK","black","charter",0.102060913705584,"Kodiak",NA,NA,NA,NA,NA,NA,NA,NA,NA,NA,NA,1,NA,NA,NA,0.232848853904334,0.232848853904334
1983,"AFOGNAK","black","charter",0.102060913705584,"Kodiak",NA,NA,NA,NA,NA,NA,NA,NA,NA,NA,NA,1,NA,NA,NA,0.232848853904334,0.232848853904334
1984,"AFOGNAK","black","charter",0.102060913705584,"Kodiak",NA,NA,NA,NA,NA,NA,NA,NA,NA,NA,NA,1,NA,NA,NA,0.232848853904334,0.232848853904334
1985,"AFOGNAK","black","charter",0.102060913705584,"Kodiak",NA,NA,NA,NA,NA,NA,NA,NA,NA,NA,NA,1,NA,NA,NA,0.232848853904334,0.232848853904334
1986,"AFOGNAK","black","charter",0.102060913705584,"Kodiak",NA,NA,NA,NA,NA,NA,NA,NA,NA,NA,NA,1,NA,NA,NA,0.232848853904334,0.232848853904334
1987,"AFOGNAK","black","charter",0.102060913705584,"Kodiak",NA,NA,NA,NA,NA,NA,NA,NA,NA,NA,NA,1,NA,NA,NA,0.232848853904334,0.232848853904334
1988,"AFOGNAK","black","charter",0.102060913705584,"Kodiak",NA,NA,NA,NA,NA,NA,NA,NA,NA,NA,NA,1,NA,NA,NA,0.232848853904334,0.232848853904334
1989,"AFOGNAK","black","charter",0.102060913705584,"Kodiak",NA,NA,NA,NA,NA,NA,NA,NA,NA,NA,NA,1,NA,NA,NA,0.232848853904334,0.232848853904334
1990,"AFOGNAK","black","charter",0.102060913705584,"Kodiak",NA,NA,NA,NA,NA,NA,NA,NA,NA,NA,NA,1,NA,NA,NA,0.232848853904334,0.232848853904334
1991,"AFOGNAK","black","charter",0.102060913705584,"Kodiak",NA,NA,NA,NA,NA,NA,NA,NA,NA,NA,NA,1,NA,NA,NA,0.232848853904334,0.232848853904334
1992,"AFOGNAK","black","charter",0.102060913705584,"Kodiak",NA,NA,NA,NA,NA,NA,NA,NA,NA,NA,NA,1,NA,NA,NA,0.232848853904334,0.232848853904334
1993,"AFOGNAK","black","charter",0.102060913705584,"Kodiak",NA,NA,NA,NA,NA,NA,NA,NA,NA,NA,NA,1,NA,NA,NA,0.232848853904334,0.232848853904334
1994,"AFOGNAK","black","charter",0.102060913705584,"Kodiak",NA,NA,NA,NA,NA,NA,NA,NA,NA,NA,NA,1,NA,NA,NA,0.232848853904334,0.232848853904334
1995,"AFOGNAK","black","charter",0.102060913705584,"Kodiak",NA,NA,NA,NA,NA,NA,NA,NA,NA,NA,NA,1,NA,NA,NA,0.232848853904334,0.232848853904334
1996,"AFOGNAK","black","charter",0.102060913705584,"Kodiak",NA,NA,NA,NA,NA,NA,NA,NA,NA,NA,NA,1,NA,NA,NA,0.232848853904334,0.232848853904334
1997,"AFOGNAK","black","charter",0.102060913705584,"Kodiak",NA,NA,NA,NA,NA,NA,NA,NA,NA,NA,NA,1,NA,NA,NA,0.232848853904334,0.232848853904334
1998,"AFOGNAK","black","charter",0.102060913705584,"Kodiak",NA,NA,NA,NA,NA,NA,NA,NA,NA,NA,NA,1,NA,NA,NA,0.232848853904334,0.232848853904334
1999,"AFOGNAK","black","charter",0.102060913705584,"Kodiak",NA,NA,NA,NA,NA,NA,NA,NA,NA,NA,NA,1,NA,NA,NA,0.232848853904334,0.232848853904334
2000,"AFOGNAK","black","charter",0.102060913705584,"Kodiak",NA,NA,NA,NA,NA,NA,NA,NA,NA,NA,NA,1,NA,NA,NA,0.232848853904334,0.232848853904334
2001,"AFOGNAK","black","charter",0.102060913705584,"Kodiak",NA,NA,NA,NA,NA,NA,NA,NA,NA,NA,NA,1,NA,NA,NA,0.232848853904334,0.232848853904334
2002,"AFOGNAK","black","charter",0.102060913705584,"Kodiak",NA,NA,NA,NA,NA,NA,NA,NA,NA,NA,NA,1,NA,NA,NA,0.232848853904334,0.232848853904334
2003,"AFOGNAK","black","charter",0.102060913705584,"Kodiak",NA,NA,NA,NA,NA,NA,NA,NA,NA,NA,NA,1,NA,NA,NA,0.232848853904334,0.232848853904334
2004,"AFOGNAK","black","charter",0.102060913705584,"Kodiak",NA,NA,NA,NA,NA,NA,NA,NA,NA,NA,NA,1,NA,NA,NA,0.232848853904334,0.232848853904334
2005,"AFOGNAK","black","charter",0.102060913705584,"Kodiak",NA,NA,NA,NA,NA,NA,NA,NA,NA,NA,NA,1,NA,NA,NA,0.232848853904334,0.232848853904334
2006,"AFOGNAK","black","charter",0.102060913705584,"Kodiak",NA,NA,NA,NA,NA,NA,NA,NA,NA,NA,NA,1,NA,NA,NA,0.232848853904334,0.232848853904334
2007,"AFOGNAK","black","charter",0.102060913705584,"Kodiak",NA,NA,NA,NA,NA,NA,NA,NA,NA,NA,NA,1,NA,NA,NA,0.232848853904334,0.232848853904334
2008,"AFOGNAK","black","charter",0.102060913705584,"Kodiak",NA,NA,NA,NA,NA,NA,NA,NA,NA,NA,NA,1,NA,NA,NA,0.232848853904334,0.232848853904334
2009,"AFOGNAK","black","charter",0.102060913705584,"Kodiak",NA,NA,NA,NA,NA,NA,NA,NA,NA,NA,NA,1,NA,NA,NA,0.232848853904334,0.232848853904334
2010,"AFOGNAK","black","charter",0.102060913705584,"Kodiak",NA,NA,NA,NA,NA,NA,NA,NA,NA,NA,NA,1,NA,NA,NA,0.232848853904334,0.232848853904334
2011,"AFOGNAK","black","charter",0.102060913705584,"Kodiak",NA,NA,NA,NA,NA,NA,NA,NA,NA,NA,NA,1,NA,NA,NA,0.232848853904334,0.232848853904334
2012,"AFOGNAK","black","charter",0.102060913705584,"Kodiak",NA,NA,NA,NA,NA,NA,NA,NA,NA,NA,NA,1,NA,NA,NA,0.232848853904334,0.232848853904334
2013,"AFOGNAK","black","charter",0.0219121480220693,"Kodiak",NA,NA,NA,NA,NA,NA,NA,NA,NA,NA,NA,1,NA,NA,NA,0.232848853904334,0.232848853904334
2014,"AFOGNAK","black","charter",0.0219121480220693,"Kodiak",NA,NA,NA,NA,NA,NA,NA,NA,NA,NA,NA,1,NA,NA,NA,0.232848853904334,0.232848853904334
2015,"AFOGNAK","black","charter",0.0219121480220693,"Kodiak",NA,NA,NA,NA,NA,NA,NA,NA,NA,NA,NA,1,NA,NA,NA,0.232848853904334,0.232848853904334
2016,"AFOGNAK","black","charter",0.0219121480220693,"Kodiak",NA,NA,NA,NA,NA,NA,NA,NA,NA,NA,NA,1,NA,NA,NA,0.232848853904334,0.232848853904334
2017,"AFOGNAK","black","charter",0.0219121480220693,"Kodiak",NA,NA,NA,NA,NA,NA,NA,NA,NA,NA,NA,1,NA,NA,NA,0.232848853904334,0.232848853904334
2018,"AFOGNAK","black","charter",0.0219121480220693,"Kodiak",NA,NA,NA,NA,NA,NA,NA,NA,NA,NA,NA,1,NA,NA,NA,0.232848853904334,0.232848853904334
2019,"AFOGNAK","black","charter",0.0219121480220693,"Kodiak",NA,NA,NA,NA,NA,NA,NA,NA,NA,NA,NA,1,NA,NA,NA,0.232848853904334,0.232848853904334
2020,"AFOGNAK","black","charter",0.0219121480220693,"Kodiak",NA,NA,NA,NA,NA,NA,NA,NA,NA,NA,NA,1,NA,NA,NA,0.232848853904334,0.232848853904334
2021,"AFOGNAK","black","charter",0.0219121480220693,"Kodiak",NA,NA,NA,NA,NA,NA,NA,NA,NA,NA,NA,1,NA,NA,NA,0.232848853904334,0.232848853904334
2022,"AFOGNAK","black","charter",0.0219121480220693,"Kodiak",NA,NA,NA,NA,NA,NA,NA,NA,NA,NA,NA,1,NA,NA,NA,0.232848853904334,0.232848853904334
2023,"AFOGNAK","black","charter",0.0219121480220693,"Kodiak",NA,NA,NA,NA,NA,NA,NA,NA,NA,NA,NA,1,NA,NA,NA,0.232848853904334,0.232848853904334
2024,"AFOGNAK","black","charter",0.0219121480220693,"Kodiak",NA,NA,NA,NA,NA,NA,NA,NA,NA,NA,NA,1,NA,NA,NA,0.232848853904334,0.232848853904334
2025,"AFOGNAK","black","charter",0.0219121480220693,"Kodiak",66,6,11,2.1313335125566,0.426107813313116,0.0528092317914106,66,6,11,6,"bootstrap",0.199925450804734,4.69878607254633,0.939406923788833,0.116424426952167,0.232848853904334,0.116424426952167
1977,"EASTSIDE","black","charter",0.102060913705584,"Kodiak",NA,NA,NA,NA,NA,NA,NA,NA,NA,NA,NA,1,NA,NA,NA,0.199298057382302,0.199298057382302
1978,"EASTSIDE","black","charter",0.102060913705584,"Kodiak",NA,NA,NA,NA,NA,NA,NA,NA,NA,NA,NA,1,NA,NA,NA,0.199298057382302,0.199298057382302
1979,"EASTSIDE","black","charter",0.102060913705584,"Kodiak",NA,NA,NA,NA,NA,NA,NA,NA,NA,NA,NA,1,NA,NA,NA,0.199298057382302,0.199298057382302
1980,"EASTSIDE","black","charter",0.102060913705584,"Kodiak",NA,NA,NA,NA,NA,NA,NA,NA,NA,NA,NA,1,NA,NA,NA,0.199298057382302,0.199298057382302
1981,"EASTSIDE","black","charter",0.102060913705584,"Kodiak",NA,NA,NA,NA,NA,NA,NA,NA,NA,NA,NA,1,NA,NA,NA,0.199298057382302,0.199298057382302
1982,"EASTSIDE","black","charter",0.102060913705584,"Kodiak",NA,NA,NA,NA,NA,NA,NA,NA,NA,NA,NA,1,NA,NA,NA,0.199298057382302,0.199298057382302
1983,"EASTSIDE","black","charter",0.102060913705584,"Kodiak",NA,NA,NA,NA,NA,NA,NA,NA,NA,NA,NA,1,NA,NA,NA,0.199298057382302,0.199298057382302
1984,"EASTSIDE","black","charter",0.102060913705584,"Kodiak",NA,NA,NA,NA,NA,NA,NA,NA,NA,NA,NA,1,NA,NA,NA,0.199298057382302,0.199298057382302
1985,"EASTSIDE","black","charter",0.102060913705584,"Kodiak",NA,NA,NA,NA,NA,NA,NA,NA,NA,NA,NA,1,NA,NA,NA,0.199298057382302,0.199298057382302
1986,"EASTSIDE","black","charter",0.102060913705584,"Kodiak",NA,NA,NA,NA,NA,NA,NA,NA,NA,NA,NA,1,NA,NA,NA,0.199298057382302,0.199298057382302
1987,"EASTSIDE","black","charter",0.102060913705584,"Kodiak",NA,NA,NA,NA,NA,NA,NA,NA,NA,NA,NA,1,NA,NA,NA,0.199298057382302,0.199298057382302
1988,"EASTSIDE","black","charter",0.102060913705584,"Kodiak",NA,NA,NA,NA,NA,NA,NA,NA,NA,NA,NA,1,NA,NA,NA,0.199298057382302,0.199298057382302
1989,"EASTSIDE","black","charter",0.102060913705584,"Kodiak",NA,NA,NA,NA,NA,NA,NA,NA,NA,NA,NA,1,NA,NA,NA,0.199298057382302,0.199298057382302
1990,"EASTSIDE","black","charter",0.102060913705584,"Kodiak",NA,NA,NA,NA,NA,NA,NA,NA,NA,NA,NA,1,NA,NA,NA,0.199298057382302,0.199298057382302
1991,"EASTSIDE","black","charter",0.102060913705584,"Kodiak",NA,NA,NA,NA,NA,NA,NA,NA,NA,NA,NA,1,NA,NA,NA,0.199298057382302,0.199298057382302
1992,"EASTSIDE","black","charter",0.102060913705584,"Kodiak",NA,NA,NA,NA,NA,NA,NA,NA,NA,NA,NA,1,NA,NA,NA,0.199298057382302,0.199298057382302
1993,"EASTSIDE","black","charter",0.102060913705584,"Kodiak",NA,NA,NA,NA,NA,NA,NA,NA,NA,NA,NA,1,NA,NA,NA,0.199298057382302,0.199298057382302
1994,"EASTSIDE","black","charter",0.102060913705584,"Kodiak",NA,NA,NA,NA,NA,NA,NA,NA,NA,NA,NA,1,NA,NA,NA,0.199298057382302,0.199298057382302
1995,"EASTSIDE","black","charter",0.102060913705584,"Kodiak",NA,NA,NA,NA,NA,NA,NA,NA,NA,NA,NA,1,NA,NA,NA,0.199298057382302,0.199298057382302
1996,"EASTSIDE","black","charter",0.102060913705584,"Kodiak",NA,NA,NA,NA,NA,NA,NA,NA,NA,NA,NA,1,NA,NA,NA,0.199298057382302,0.199298057382302
1997,"EASTSIDE","black","charter",0.102060913705584,"Kodiak",NA,NA,NA,NA,NA,NA,NA,NA,NA,NA,NA,1,NA,NA,NA,0.199298057382302,0.199298057382302
1998,"EASTSIDE","black","charter",0.102060913705584,"Kodiak",NA,NA,NA,NA,NA,NA,NA,NA,NA,NA,NA,1,NA,NA,NA,0.199298057382302,0.199298057382302
1999,"EASTSIDE","black","charter",0.102060913705584,"Kodiak",NA,NA,NA,NA,NA,NA,NA,NA,NA,NA,NA,1,NA,NA,NA,0.199298057382302,0.199298057382302
2000,"EASTSIDE","black","charter",0.102060913705584,"Kodiak",NA,NA,NA,NA,NA,NA,NA,NA,NA,NA,NA,1,NA,NA,NA,0.199298057382302,0.199298057382302
2001,"EASTSIDE","black","charter",0.102060913705584,"Kodiak",NA,NA,NA,NA,NA,NA,NA,NA,NA,NA,NA,1,NA,NA,NA,0.199298057382302,0.199298057382302
2002,"EASTSIDE","black","charter",0.102060913705584,"Kodiak",NA,NA,NA,NA,NA,NA,NA,NA,NA,NA,NA,1,NA,NA,NA,0.199298057382302,0.199298057382302
2003,"EASTSIDE","black","charter",0.102060913705584,"Kodiak",NA,NA,NA,NA,NA,NA,NA,NA,NA,NA,NA,1,NA,NA,NA,0.199298057382302,0.199298057382302
2004,"EASTSIDE","black","charter",0.102060913705584,"Kodiak",NA,NA,NA,NA,NA,NA,NA,NA,NA,NA,NA,1,NA,NA,NA,0.199298057382302,0.199298057382302
2005,"EASTSIDE","black","charter",0.102060913705584,"Kodiak",NA,NA,NA,NA,NA,NA,NA,NA,NA,NA,NA,1,NA,NA,NA,0.199298057382302,0.199298057382302
2006,"EASTSIDE","black","charter",0.102060913705584,"Kodiak",NA,NA,NA,NA,NA,NA,NA,NA,NA,NA,NA,1,NA,NA,NA,0.199298057382302,0.199298057382302
2007,"EASTSIDE","black","charter",0.102060913705584,"Kodiak",NA,NA,NA,NA,NA,NA,NA,NA,NA,NA,NA,1,NA,NA,NA,0.199298057382302,0.199298057382302
2008,"EASTSIDE","black","charter",0.102060913705584,"Kodiak",NA,NA,NA,NA,NA,NA,NA,NA,NA,NA,NA,1,NA,NA,NA,0.199298057382302,0.199298057382302
2009,"EASTSIDE","black","charter",0.102060913705584,"Kodiak",NA,NA,NA,NA,NA,NA,NA,NA,NA,NA,NA,1,NA,NA,NA,0.199298057382302,0.199298057382302
2010,"EASTSIDE","black","charter",0.102060913705584,"Kodiak",NA,NA,NA,NA,NA,NA,NA,NA,NA,NA,NA,1,NA,NA,NA,0.199298057382302,0.199298057382302
2011,"EASTSIDE","black","charter",0.102060913705584,"Kodiak",NA,NA,NA,NA,NA,NA,NA,NA,NA,NA,NA,1,NA,NA,NA,0.199298057382302,0.199298057382302
2012,"EASTSIDE","black","charter",0.102060913705584,"Kodiak",NA,NA,NA,NA,NA,NA,NA,NA,NA,NA,NA,1,NA,NA,NA,0.199298057382302,0.199298057382302
2013,"EASTSIDE","black","charter",0.0219121480220693,"Kodiak",NA,NA,NA,NA,NA,NA,NA,NA,NA,NA,NA,1,NA,NA,NA,0.199298057382302,0.199298057382302
2014,"EASTSIDE","black","charter",0.0219121480220693,"Kodiak",NA,NA,NA,NA,NA,NA,NA,NA,NA,NA,NA,1,NA,NA,NA,0.199298057382302,0.199298057382302
2015,"EASTSIDE","black","charter",0.0219121480220693,"Kodiak",NA,NA,NA,NA,NA,NA,NA,NA,NA,NA,NA,1,NA,NA,NA,0.199298057382302,0.199298057382302
2016,"EASTSIDE","black","charter",0.0219121480220693,"Kodiak",NA,NA,NA,NA,NA,NA,NA,NA,NA,NA,NA,1,NA,NA,NA,0.199298057382302,0.199298057382302
2017,"EASTSIDE","black","charter",0.0219121480220693,"Kodiak",108,4,27,2.28148148148148,0.480682565344139,0.0452000391301216,108,4,27,4,"bootstrap",0.210688786757983,5.02980568118518,1.05972365659732,0.0996490286911512,0.199298057382302,0.0996490286911512
2018,"EASTSIDE","black","charter",0.0219121480220693,"Kodiak",NA,NA,NA,NA,NA,NA,NA,NA,NA,NA,NA,1,NA,NA,NA,0.199298057382302,0.199298057382302
2019,"EASTSIDE","black","charter",0.0219121480220693,"Kodiak",NA,NA,NA,NA,NA,NA,NA,NA,NA,NA,NA,1,NA,NA,NA,0.199298057382302,0.199298057382302
2020,"EASTSIDE","black","charter",0.0219121480220693,"Kodiak",NA,NA,NA,NA,NA,NA,NA,NA,NA,NA,NA,1,NA,NA,NA,0.199298057382302,0.199298057382302
2021,"EASTSIDE","black","charter",0.0219121480220693,"Kodiak",NA,NA,NA,NA,NA,NA,NA,NA,NA,NA,NA,1,NA,NA,NA,0.199298057382302,0.199298057382302
2022,"EASTSIDE","black","charter",0.0219121480220693,"Kodiak",NA,NA,NA,NA,NA,NA,NA,NA,NA,NA,NA,1,NA,NA,NA,0.199298057382302,0.199298057382302
2023,"EASTSIDE","black","charter",0.0219121480220693,"Kodiak",NA,NA,NA,NA,NA,NA,NA,NA,NA,NA,NA,1,NA,NA,NA,0.199298057382302,0.199298057382302
2024,"EASTSIDE","black","charter",0.0219121480220693,"Kodiak",NA,NA,NA,NA,NA,NA,NA,NA,NA,NA,NA,1,NA,NA,NA,0.199298057382302,0.199298057382302
2025,"EASTSIDE","black","charter",0.0219121480220693,"Kodiak",NA,NA,NA,NA,NA,NA,NA,NA,NA,NA,NA,1,NA,NA,NA,0.199298057382302,0.199298057382302
1977,"NORTHEAST","black","charter",0.102060913705584,"Kodiak",NA,NA,NA,NA,NA,NA,NA,NA,NA,NA,NA,1,NA,NA,NA,0.331503671723328,0.331503671723328
1978,"NORTHEAST","black","charter",0.102060913705584,"Kodiak",NA,NA,NA,NA,NA,NA,NA,NA,NA,NA,NA,1,NA,NA,NA,0.331503671723328,0.331503671723328
1979,"NORTHEAST","black","charter",0.102060913705584,"Kodiak",NA,NA,NA,NA,NA,NA,NA,NA,NA,NA,NA,1,NA,NA,NA,0.331503671723328,0.331503671723328
1980,"NORTHEAST","black","charter",0.102060913705584,"Kodiak",NA,NA,NA,NA,NA,NA,NA,NA,NA,NA,NA,1,NA,NA,NA,0.331503671723328,0.331503671723328
1981,"NORTHEAST","black","charter",0.102060913705584,"Kodiak",NA,NA,NA,NA,NA,NA,NA,NA,NA,NA,NA,1,NA,NA,NA,0.331503671723328,0.331503671723328
1982,"NORTHEAST","black","charter",0.102060913705584,"Kodiak",NA,NA,NA,NA,NA,NA,NA,NA,NA,NA,NA,1,NA,NA,NA,0.331503671723328,0.331503671723328
1983,"NORTHEAST","black","charter",0.102060913705584,"Kodiak",NA,NA,NA,NA,NA,NA,NA,NA,NA,NA,NA,1,NA,NA,NA,0.331503671723328,0.331503671723328
1984,"NORTHEAST","black","charter",0.102060913705584,"Kodiak",NA,NA,NA,NA,NA,NA,NA,NA,NA,NA,NA,1,NA,NA,NA,0.331503671723328,0.331503671723328
1985,"NORTHEAST","black","charter",0.102060913705584,"Kodiak",NA,NA,NA,NA,NA,NA,NA,NA,NA,NA,NA,1,NA,NA,NA,0.331503671723328,0.331503671723328
1986,"NORTHEAST","black","charter",0.102060913705584,"Kodiak",NA,NA,NA,NA,NA,NA,NA,NA,NA,NA,NA,1,NA,NA,NA,0.331503671723328,0.331503671723328
1987,"NORTHEAST","black","charter",0.102060913705584,"Kodiak",NA,NA,NA,NA,NA,NA,NA,NA,NA,NA,NA,1,NA,NA,NA,0.331503671723328,0.331503671723328
1988,"NORTHEAST","black","charter",0.102060913705584,"Kodiak",NA,NA,NA,NA,NA,NA,NA,NA,NA,NA,NA,1,NA,NA,NA,0.331503671723328,0.331503671723328
1989,"NORTHEAST","black","charter",0.102060913705584,"Kodiak",NA,NA,NA,NA,NA,NA,NA,NA,NA,NA,NA,1,NA,NA,NA,0.331503671723328,0.331503671723328
1990,"NORTHEAST","black","charter",0.102060913705584,"Kodiak",NA,NA,NA,NA,NA,NA,NA,NA,NA,NA,NA,1,NA,NA,NA,0.331503671723328,0.331503671723328
1991,"NORTHEAST","black","charter",0.102060913705584,"Kodiak",NA,NA,NA,NA,NA,NA,NA,NA,NA,NA,NA,1,NA,NA,NA,0.331503671723328,0.331503671723328
1992,"NORTHEAST","black","charter",0.102060913705584,"Kodiak",NA,NA,NA,NA,NA,NA,NA,NA,NA,NA,NA,1,NA,NA,NA,0.331503671723328,0.331503671723328
1993,"NORTHEAST","black","charter",0.102060913705584,"Kodiak",NA,NA,NA,NA,NA,NA,NA,NA,NA,NA,NA,1,NA,NA,NA,0.331503671723328,0.331503671723328
1994,"NORTHEAST","black","charter",0.102060913705584,"Kodiak",NA,NA,NA,NA,NA,NA,NA,NA,NA,NA,NA,1,NA,NA,NA,0.331503671723328,0.331503671723328
1995,"NORTHEAST","black","charter",0.102060913705584,"Kodiak",NA,NA,NA,NA,NA,NA,NA,NA,NA,NA,NA,1,NA,NA,NA,0.331503671723328,0.331503671723328
1996,"NORTHEAST","black","charter",0.102060913705584,"Kodiak",NA,NA,NA,NA,NA,NA,NA,NA,NA,NA,NA,1,NA,NA,NA,0.331503671723328,0.331503671723328
1997,"NORTHEAST","black","charter",0.102060913705584,"Kodiak",NA,NA,NA,NA,NA,NA,NA,NA,NA,NA,NA,1,NA,NA,NA,0.331503671723328,0.331503671723328
1998,"NORTHEAST","black","charter",0.102060913705584,"Kodiak",NA,NA,NA,NA,NA,NA,NA,NA,NA,NA,NA,1,NA,NA,NA,0.331503671723328,0.331503671723328
1999,"NORTHEAST","black","charter",0.102060913705584,"Kodiak",NA,NA,NA,NA,NA,NA,NA,NA,NA,NA,NA,1,NA,NA,NA,0.331503671723328,0.331503671723328
2000,"NORTHEAST","black","charter",0.102060913705584,"Kodiak",NA,NA,NA,NA,NA,NA,NA,NA,NA,NA,NA,1,NA,NA,NA,0.331503671723328,0.331503671723328
2001,"NORTHEAST","black","charter",0.102060913705584,"Kodiak",NA,NA,NA,NA,NA,NA,NA,NA,NA,NA,NA,1,NA,NA,NA,0.331503671723328,0.331503671723328
2002,"NORTHEAST","black","charter",0.102060913705584,"Kodiak",NA,NA,NA,NA,NA,NA,NA,NA,NA,NA,NA,1,NA,NA,NA,0.331503671723328,0.331503671723328
2003,"NORTHEAST","black","charter",0.102060913705584,"Kodiak",NA,NA,NA,NA,NA,NA,NA,NA,NA,NA,NA,1,NA,NA,NA,0.331503671723328,0.331503671723328
2004,"NORTHEAST","black","charter",0.102060913705584,"Kodiak",NA,NA,NA,NA,NA,NA,NA,NA,NA,NA,NA,1,NA,NA,NA,0.331503671723328,0.331503671723328
2005,"NORTHEAST","black","charter",0.102060913705584,"Kodiak",NA,NA,NA,NA,NA,NA,NA,NA,NA,NA,NA,1,NA,NA,NA,0.331503671723328,0.331503671723328
2006,"NORTHEAST","black","charter",0.102060913705584,"Kodiak",NA,NA,NA,NA,NA,NA,NA,NA,NA,NA,NA,1,NA,NA,NA,0.331503671723328,0.331503671723328
2007,"NORTHEAST","black","charter",0.102060913705584,"Kodiak",NA,NA,NA,NA,NA,NA,NA,NA,NA,NA,NA,1,NA,NA,NA,0.331503671723328,0.331503671723328
2008,"NORTHEAST","black","charter",0.102060913705584,"Kodiak",105,11,9.54545454545454,2.48267370153482,0.474443400523938,0.048493312186159,172.857142857143,7.57142857142857,22.9164192949907,4.58186764033209,"bootstrap",0.19110179490387,5.47335860048279,1.04596865270479,0.106909452964328,0.331503671723328,0.106909452964328
2009,"NORTHEAST","black","charter",0.102060913705584,"Kodiak",NA,NA,NA,NA,NA,NA,NA,NA,NA,NA,NA,1,NA,NA,NA,0.331503671723328,0.331503671723328
2010,"NORTHEAST","black","charter",0.102060913705584,"Kodiak",NA,NA,NA,NA,NA,NA,NA,NA,NA,NA,NA,1,NA,NA,NA,0.331503671723328,0.331503671723328
2011,"NORTHEAST","black","charter",0.102060913705584,"Kodiak",119,9,13.2222222222222,2.35239879236676,0.46829824395231,0.0418415374298806,172.857142857143,7.57142857142857,22.9164192949907,9,"bootstrap",0.199072642560385,5.18615158891244,1.03242090152354,0.0922447998734914,0.331503671723328,0.0922447998734914
2012,"NORTHEAST","black","charter",0.102060913705584,"Kodiak",108,7,15.4285714285714,2.20277777777778,0.471517402050165,0.0460678451650947,172.857142857143,7.57142857142857,22.9164192949907,7,"bootstrap",0.214055819341815,4.85629371572223,1.03951793028343,0.101562213505625,0.331503671723328,0.101562213505625
2013,"NORTHEAST","black","charter",0.0219121480220693,"Kodiak",244,7,34.8571428571429,2.24344262295082,0.584714443325476,0.0372020495950552,172.857142857143,7.57142857142857,22.9164192949907,7,"bootstrap",0.260632671120599,4.94594435322951,1.28907468799605,0.0820164800476205,0.331503671723328,0.0820164800476205
2014,"NORTHEAST","black","charter",0.0219121480220693,"Kodiak",250,9,27.7777777777778,2.29982527606162,0.546079718944872,0.0351293115991662,172.857142857143,7.57142857142857,22.9164192949907,9,"bootstrap",0.237444002650504,5.07024682565319,1.20389970070911,0.0774468749765502,0.331503671723328,0.0774468749765502
2015,"NORTHEAST","black","charter",0.0219121480220693,"Kodiak",72,4,18,2.41962534286272,0.447536510133784,0.0505863915700848,172.857142857143,7.57142857142857,22.9164192949907,4,"bootstrap",0.184961077322943,5.33436076280041,0.986649113516799,0.111523903119586,0.331503671723328,0.111523903119586
2016,"NORTHEAST","black","charter",0.0219121480220693,"Kodiak",174,6,29,2.18364210451847,0.547797224810816,0.0400832281093931,172.857142857143,7.57142857142857,22.9164192949907,6,"bootstrap",0.250864014609947,4.81410677760582,1.20768615299115,0.0883683913725879,0.331503671723328,0.0883683913725879
2017,"NORTHEAST","black","charter",0.0219121480220693,"Kodiak",149,11,13.5454545454545,1.91651768065734,0.524761784231406,0.0441139713124848,172.857142857143,7.57142857142857,22.9164192949907,11,"bootstrap",0.273810040746099,4.22519823040711,1.15690169962812,0.0972546590135351,0.331503671723328,0.0972546590135351
2018,"NORTHEAST","black","charter",0.0219121480220693,"Kodiak",250,11,22.7272727272727,2.08409023450552,0.575806133722983,0.0353796480079089,172.857142857143,7.57142857142857,22.9164192949907,11,"bootstrap",0.276286565806783,4.59463247311197,1.26943522714043,0.0779987722858739,0.331503671723328,0.0779987722858739
2019,"NORTHEAST","black","charter",0.0219121480220693,"Kodiak",172,7,24.5714285714286,2.24747881632945,0.631006349948611,0.0484718735251989,172.857142857143,7.57142857142857,22.9164192949907,7,"bootstrap",0.280761867637605,4.95484263645073,1.39113087246034,0.106862188807433,0.331503671723328,0.106862188807433
2020,"NORTHEAST","black","charter",0.0219121480220693,"Kodiak",NA,NA,NA,NA,NA,NA,NA,NA,NA,NA,NA,1,NA,NA,NA,0.331503671723328,0.331503671723328
2021,"NORTHEAST","black","charter",0.0219121480220693,"Kodiak",299,9,33.2222222222222,1.77439198706826,0.520035136614121,0.0305657222629026,172.857142857143,7.57142857142857,22.9164192949907,9,"bootstrap",0.293077933401485,3.91186471143743,1.14648122537428,0.0673858826974326,0.331503671723328,0.0673858826974326
2022,"NORTHEAST","black","charter",0.0219121480220693,"Kodiak",115,6,19.1666666666667,1.72173913043478,0.512609869899649,0.047535778915678,172.857142857143,7.57142857142857,22.9164192949907,6,"bootstrap",0.297727954739696,3.79578503269565,1.13011131441602,0.104798453456823,0.331503671723328,0.104798453456823
2023,"NORTHEAST","black","charter",0.0219121480220693,"Kodiak",198,6,33,1.9459595959596,0.532553315539601,0.0371696412566024,172.857142857143,7.57142857142857,22.9164192949907,6,"bootstrap",0.273671311904596,4.2901065428586,1.1740790857946,0.0819450318915909,0.331503671723328,0.0819450318915909
2024,"NORTHEAST","black","charter",0.0219121480220693,"Kodiak",71,5,14.2,1.94458126775061,0.387334060738228,0.0463833851492074,172.857142857143,7.57142857142857,22.9164192949907,5,"bootstrap",0.199186358092545,4.28706784931127,0.853925431799951,0.102257860092115,0.331503671723328,0.102257860092115
2025,"NORTHEAST","black","charter",0.0219121480220693,"Kodiak",199,9,22.1111111111111,1.99447236180905,1.06368883484015,0.0751837681233915,172.857142857143,7.57142857142857,22.9164192949907,9,"bootstrap",0.533318413033987,4.39705888380906,2.34503246593004,0.165751835861664,0.331503671723328,0.165751835861664
1977,"CSEO","black","charter",0.15,"Southeast",NA,NA,NA,NA,NA,NA,NA,NA,NA,NA,NA,1,NA,NA,NA,0.512221928947888,0.512221928947888
1978,"CSEO","black","charter",0.15,"Southeast",NA,NA,NA,NA,NA,NA,NA,NA,NA,NA,NA,1,NA,NA,NA,0.512221928947888,0.512221928947888
1979,"CSEO","black","charter",0.15,"Southeast",NA,NA,NA,NA,NA,NA,NA,NA,NA,NA,NA,1,NA,NA,NA,0.512221928947888,0.512221928947888
1980,"CSEO","black","charter",0.15,"Southeast",NA,NA,NA,NA,NA,NA,NA,NA,NA,NA,NA,1,NA,NA,NA,0.512221928947888,0.512221928947888
1981,"CSEO","black","charter",0.15,"Southeast",NA,NA,NA,NA,NA,NA,NA,NA,NA,NA,NA,1,NA,NA,NA,0.512221928947888,0.512221928947888
1982,"CSEO","black","charter",0.15,"Southeast",NA,NA,NA,NA,NA,NA,NA,NA,NA,NA,NA,1,NA,NA,NA,0.512221928947888,0.512221928947888
1983,"CSEO","black","charter",0.15,"Southeast",NA,NA,NA,NA,NA,NA,NA,NA,NA,NA,NA,1,NA,NA,NA,0.512221928947888,0.512221928947888
1984,"CSEO","black","charter",0.15,"Southeast",NA,NA,NA,NA,NA,NA,NA,NA,NA,NA,NA,1,NA,NA,NA,0.512221928947888,0.512221928947888
1985,"CSEO","black","charter",0.15,"Southeast",NA,NA,NA,NA,NA,NA,NA,NA,NA,NA,NA,1,NA,NA,NA,0.512221928947888,0.512221928947888
1986,"CSEO","black","charter",0.15,"Southeast",NA,NA,NA,NA,NA,NA,NA,NA,NA,NA,NA,1,NA,NA,NA,0.512221928947888,0.512221928947888
1987,"CSEO","black","charter",0.15,"Southeast",NA,NA,NA,NA,NA,NA,NA,NA,NA,NA,NA,1,NA,NA,NA,0.512221928947888,0.512221928947888
1988,"CSEO","black","charter",0.15,"Southeast",NA,NA,NA,NA,NA,NA,NA,NA,NA,NA,NA,1,NA,NA,NA,0.512221928947888,0.512221928947888
1989,"CSEO","black","charter",0.15,"Southeast",NA,NA,NA,NA,NA,NA,NA,NA,NA,NA,NA,1,NA,NA,NA,0.512221928947888,0.512221928947888
1990,"CSEO","black","charter",0.15,"Southeast",NA,NA,NA,NA,NA,NA,NA,NA,NA,NA,NA,1,NA,NA,NA,0.512221928947888,0.512221928947888
1991,"CSEO","black","charter",0.15,"Southeast",NA,NA,NA,NA,NA,NA,NA,NA,NA,NA,NA,1,NA,NA,NA,0.512221928947888,0.512221928947888
1992,"CSEO","black","charter",0.15,"Southeast",NA,NA,NA,NA,NA,NA,NA,NA,NA,NA,NA,1,NA,NA,NA,0.512221928947888,0.512221928947888
1993,"CSEO","black","charter",0.15,"Southeast",NA,NA,NA,NA,NA,NA,NA,NA,NA,NA,NA,1,NA,NA,NA,0.512221928947888,0.512221928947888
1994,"CSEO","black","charter",0.15,"Southeast",NA,NA,NA,NA,NA,NA,NA,NA,NA,NA,NA,1,NA,NA,NA,0.512221928947888,0.512221928947888
1995,"CSEO","black","charter",0.15,"Southeast",NA,NA,NA,NA,NA,NA,NA,NA,NA,NA,NA,1,NA,NA,NA,0.512221928947888,0.512221928947888
1996,"CSEO","black","charter",0.15,"Southeast",NA,NA,NA,NA,NA,NA,NA,NA,NA,NA,NA,1,NA,NA,NA,0.512221928947888,0.512221928947888
1997,"CSEO","black","charter",0.15,"Southeast",NA,NA,NA,NA,NA,NA,NA,NA,NA,NA,NA,1,NA,NA,NA,0.512221928947888,0.512221928947888
1998,"CSEO","black","charter",0.15,"Southeast",NA,NA,NA,NA,NA,NA,NA,NA,NA,NA,NA,1,NA,NA,NA,0.512221928947888,0.512221928947888
1999,"CSEO","black","charter",0.15,"Southeast",NA,NA,NA,NA,NA,NA,NA,NA,NA,NA,NA,1,NA,NA,NA,0.512221928947888,0.512221928947888
2000,"CSEO","black","charter",0.15,"Southeast",NA,NA,NA,NA,NA,NA,NA,NA,NA,NA,NA,1,NA,NA,NA,0.512221928947888,0.512221928947888
2001,"CSEO","black","charter",0.15,"Southeast",NA,NA,NA,NA,NA,NA,NA,NA,NA,NA,NA,1,NA,NA,NA,0.512221928947888,0.512221928947888
2002,"CSEO","black","charter",0.15,"Southeast",NA,NA,NA,NA,NA,NA,NA,NA,NA,NA,NA,1,NA,NA,NA,0.512221928947888,0.512221928947888
2003,"CSEO","black","charter",0.15,"Southeast",NA,NA,NA,NA,NA,NA,NA,NA,NA,NA,NA,1,NA,NA,NA,0.512221928947888,0.512221928947888
2004,"CSEO","black","charter",0.15,"Southeast",NA,NA,NA,NA,NA,NA,NA,NA,NA,NA,NA,1,NA,NA,NA,0.512221928947888,0.512221928947888
2005,"CSEO","black","charter",0.15,"Southeast",NA,NA,NA,NA,NA,NA,NA,NA,NA,NA,NA,1,NA,NA,NA,0.512221928947888,0.512221928947888
2006,"CSEO","black","charter",0.15,"Southeast",92,1,92,1.89965210234783,0.676300045988267,0.0697499567438594,706.933333333333,132.666666666667,5.0407650060787,18.2511979608366,"bootstrap",0.35601257996262,4.18801599496658,1.49098637929277,0.153772332381534,0.512221928947888,0.153772332381534
2007,"CSEO","black","charter",0.15,"Southeast",42,1,42,1.79828160266667,0.76673182956993,0.116169979456141,706.933333333333,132.666666666667,5.0407650060787,8.33206863429496,"bootstrap",0.426369167338944,3.96453229836879,1.69035433494385,0.256110964473944,0.512221928947888,0.256110964473944
2008,"CSEO","black","charter",0.15,"Southeast",NA,NA,NA,NA,NA,NA,NA,NA,NA,NA,NA,1,NA,NA,NA,0.512221928947888,0.512221928947888
2009,"CSEO","black","charter",0.15,"Southeast",152,1,152,1.71221405441447,0.597465035292392,0.0480038983680761,706.933333333333,132.666666666667,5.0407650060787,30.1541531526865,"bootstrap",0.348942957074785,3.77478583464405,1.31718493146471,0.105830480190442,0.512221928947888,0.105830480190442
2010,"CSEO","black","charter",0.15,"Southeast",172,1,172,1.66639557403488,0.684980160136499,0.0515159026164146,706.933333333333,132.666666666667,5.0407650060787,34.1218048833032,"bootstrap",0.411054956463873,3.67377337638518,1.51012275528815,0.113573124197865,0.512221928947888,0.113573124197865
2011,"CSEO","black","charter",0.15,"Southeast",257,76,3.38157894736842,1.4988753515642,0.545857070179784,0.0340074927661446,706.933333333333,132.666666666667,5.0407650060787,76,"bootstrap",0.364177761419679,3.30445450461889,1.20340884420528,0.0749736878017288,0.512221928947888,0.0749736878017288
2012,"CSEO","black","charter",0.15,"Southeast",751,146,5.14383561643836,1.36225512978828,0.447346547569117,0.016222378952025,706.933333333333,132.666666666667,5.0407650060787,146,"bootstrap",0.328386759416089,3.00325847334228,0.986230317749781,0.0357642235878462,0.512221928947888,0.0357642235878462
2013,"CSEO","black","charter",0.15,"Southeast",1426,220,6.48181818181818,1.32702098845091,0.403455096688006,0.0107286118074834,706.933333333333,132.666666666667,5.0407650060787,220,"bootstrap",0.304030682407651,2.92558048835363,0.889466232312665,0.023652540271977,0.512221928947888,0.023652540271977
2014,"CSEO","black","charter",0.15,"Southeast",423,100,4.23,1.26052478717021,0.454087061271084,0.022077779986868,706.933333333333,132.666666666667,5.0407650060787,100,"bootstrap",0.360236518863288,2.77898145886613,1.00109060672756,0.0486731731584325,0.512221928947888,0.0486731731584325
2015,"CSEO","black","charter",0.15,"Southeast",373,90,4.14444444444444,1.4552554822252,0.473522289359256,0.0236716191199508,706.933333333333,132.666666666667,5.0407650060787,90,"bootstrap",0.325387737852877,3.20828915399268,1.0439379501956,0.052186986963868,0.512221928947888,0.052186986963868
2016,"CSEO","black","charter",0.15,"Southeast",930,191,4.86910994764398,1.39796073857957,0.387036810526893,0.0125911432093544,706.933333333333,132.666666666667,5.0407650060787,191,"bootstrap",0.276858140465483,3.08197586614443,0.853270107260242,0.0277587191310021,0.512221928947888,0.0277587191310021
2017,"CSEO","black","charter",0.15,"Southeast",607,155,3.91612903225806,1.51212843407578,0.444207614948051,0.0181290020705287,706.933333333333,132.666666666667,5.0407650060787,155,"bootstrap",0.293763151950484,3.33367255010864,0.979310155890723,0.0399676080427144,0.512221928947888,0.0399676080427144
2018,"CSEO","black","charter",0.15,"Southeast",690,173,3.98843930635838,1.52116221345217,0.453021307656067,0.0169749701603199,706.933333333333,132.666666666667,5.0407650060787,173,"bootstrap",0.297812622250172,3.35358862446592,0.998741022200545,0.0374234031892663,0.512221928947888,0.0374234031892663
2019,"CSEO","black","charter",0.15,"Southeast",620,103,6.01941747572816,1.43920251094677,0.490979950343894,0.0193353470834659,706.933333333333,132.666666666667,5.0407650060787,103,"bootstrap",0.341147230226069,3.17289841039405,1.08242550449463,0.04262714354576,0.512221928947888,0.04262714354576
2020,"CSEO","black","charter",0.15,"Southeast",246,53,4.64150943396226,1.22740909405285,0.474693963309686,0.0307528529669443,706.933333333333,132.666666666667,5.0407650060787,53,"bootstrap",0.386744701183749,2.70597385274262,1.04652104908998,0.0677984352804595,0.512221928947888,0.0677984352804595
2021,"CSEO","black","charter",0.15,"Southeast",295,72,4.09722222222222,1.31423790101356,0.487808178300554,0.0279010305836073,706.933333333333,132.666666666667,5.0407650060787,72,"bootstrap",0.371171899641875,2.89739860463582,1.07543294410239,0.0615112431459325,0.512221928947888,0.0615112431459325
2022,"CSEO","black","charter",0.15,"Southeast",249,61,4.08196721311475,1.19869782714859,0.43959877483661,0.0277589887992575,706.933333333333,132.666666666667,5.0407650060787,61,"bootstrap",0.36673026752898,2.64267634427663,0.969149402729077,0.0611980946151697,0.512221928947888,0.0611980946151697
2023,"CSEO","black","charter",0.15,"Southeast",606,81,7.48148148148148,1.25626527828878,0.36557143714978,0.0150431640356727,706.933333333333,132.666666666667,5.0407650060787,81,"bootstrap",0.290998599951551,2.76959084923604,0.805947059566313,0.0331644997094145,0.512221928947888,0.0331644997094145
2024,"CSEO","black","charter",0.15,"Southeast",1992,279,7.13978494623656,1.27793136736094,0.350673703608981,0.0080956932671845,706.933333333333,132.666666666667,5.0407650060787,279,"bootstrap",0.274407305873678,2.81735639929146,0.773103179215535,0.0178479485014167,0.512221928947888,0.0178479485014167
2025,"CSEO","black","charter",0.15,"Southeast",1336,NA,NA,1.254830681,0.089091678,NA,NA,NA,NA,NA,"4-stage",0.0709989637239353,2.7664281036026,0.196413528572556,NA,0.512221928947888,0.512221928947888
1977,"EWYKT","black","charter",0.15,"Southeast",NA,NA,NA,NA,NA,NA,NA,NA,NA,NA,NA,1,NA,NA,NA,0.29013927345115,0.29013927345115
1978,"EWYKT","black","charter",0.15,"Southeast",NA,NA,NA,NA,NA,NA,NA,NA,NA,NA,NA,1,NA,NA,NA,0.29013927345115,0.29013927345115
1979,"EWYKT","black","charter",0.15,"Southeast",NA,NA,NA,NA,NA,NA,NA,NA,NA,NA,NA,1,NA,NA,NA,0.29013927345115,0.29013927345115
1980,"EWYKT","black","charter",0.15,"Southeast",NA,NA,NA,NA,NA,NA,NA,NA,NA,NA,NA,1,NA,NA,NA,0.29013927345115,0.29013927345115
1981,"EWYKT","black","charter",0.15,"Southeast",NA,NA,NA,NA,NA,NA,NA,NA,NA,NA,NA,1,NA,NA,NA,0.29013927345115,0.29013927345115
1982,"EWYKT","black","charter",0.15,"Southeast",NA,NA,NA,NA,NA,NA,NA,NA,NA,NA,NA,1,NA,NA,NA,0.29013927345115,0.29013927345115
1983,"EWYKT","black","charter",0.15,"Southeast",NA,NA,NA,NA,NA,NA,NA,NA,NA,NA,NA,1,NA,NA,NA,0.29013927345115,0.29013927345115
1984,"EWYKT","black","charter",0.15,"Southeast",NA,NA,NA,NA,NA,NA,NA,NA,NA,NA,NA,1,NA,NA,NA,0.29013927345115,0.29013927345115
1985,"EWYKT","black","charter",0.15,"Southeast",NA,NA,NA,NA,NA,NA,NA,NA,NA,NA,NA,1,NA,NA,NA,0.29013927345115,0.29013927345115
1986,"EWYKT","black","charter",0.15,"Southeast",NA,NA,NA,NA,NA,NA,NA,NA,NA,NA,NA,1,NA,NA,NA,0.29013927345115,0.29013927345115
1987,"EWYKT","black","charter",0.15,"Southeast",NA,NA,NA,NA,NA,NA,NA,NA,NA,NA,NA,1,NA,NA,NA,0.29013927345115,0.29013927345115
1988,"EWYKT","black","charter",0.15,"Southeast",NA,NA,NA,NA,NA,NA,NA,NA,NA,NA,NA,1,NA,NA,NA,0.29013927345115,0.29013927345115
1989,"EWYKT","black","charter",0.15,"Southeast",NA,NA,NA,NA,NA,NA,NA,NA,NA,NA,NA,1,NA,NA,NA,0.29013927345115,0.29013927345115
1990,"EWYKT","black","charter",0.15,"Southeast",NA,NA,NA,NA,NA,NA,NA,NA,NA,NA,NA,1,NA,NA,NA,0.29013927345115,0.29013927345115
1991,"EWYKT","black","charter",0.15,"Southeast",NA,NA,NA,NA,NA,NA,NA,NA,NA,NA,NA,1,NA,NA,NA,0.29013927345115,0.29013927345115
1992,"EWYKT","black","charter",0.15,"Southeast",NA,NA,NA,NA,NA,NA,NA,NA,NA,NA,NA,1,NA,NA,NA,0.29013927345115,0.29013927345115
1993,"EWYKT","black","charter",0.15,"Southeast",NA,NA,NA,NA,NA,NA,NA,NA,NA,NA,NA,1,NA,NA,NA,0.29013927345115,0.29013927345115
1994,"EWYKT","black","charter",0.15,"Southeast",NA,NA,NA,NA,NA,NA,NA,NA,NA,NA,NA,1,NA,NA,NA,0.29013927345115,0.29013927345115
1995,"EWYKT","black","charter",0.15,"Southeast",NA,NA,NA,NA,NA,NA,NA,NA,NA,NA,NA,1,NA,NA,NA,0.29013927345115,0.29013927345115
1996,"EWYKT","black","charter",0.15,"Southeast",NA,NA,NA,NA,NA,NA,NA,NA,NA,NA,NA,1,NA,NA,NA,0.29013927345115,0.29013927345115
1997,"EWYKT","black","charter",0.15,"Southeast",NA,NA,NA,NA,NA,NA,NA,NA,NA,NA,NA,1,NA,NA,NA,0.29013927345115,0.29013927345115
1998,"EWYKT","black","charter",0.15,"Southeast",NA,NA,NA,NA,NA,NA,NA,NA,NA,NA,NA,1,NA,NA,NA,0.29013927345115,0.29013927345115
1999,"EWYKT","black","charter",0.15,"Southeast",NA,NA,NA,NA,NA,NA,NA,NA,NA,NA,NA,1,NA,NA,NA,0.29013927345115,0.29013927345115
2000,"EWYKT","black","charter",0.15,"Southeast",NA,NA,NA,NA,NA,NA,NA,NA,NA,NA,NA,1,NA,NA,NA,0.29013927345115,0.29013927345115
2001,"EWYKT","black","charter",0.15,"Southeast",NA,NA,NA,NA,NA,NA,NA,NA,NA,NA,NA,1,NA,NA,NA,0.29013927345115,0.29013927345115
2002,"EWYKT","black","charter",0.15,"Southeast",NA,NA,NA,NA,NA,NA,NA,NA,NA,NA,NA,1,NA,NA,NA,0.29013927345115,0.29013927345115
2003,"EWYKT","black","charter",0.15,"Southeast",NA,NA,NA,NA,NA,NA,NA,NA,NA,NA,NA,1,NA,NA,NA,0.29013927345115,0.29013927345115
2004,"EWYKT","black","charter",0.15,"Southeast",NA,NA,NA,NA,NA,NA,NA,NA,NA,NA,NA,1,NA,NA,NA,0.29013927345115,0.29013927345115
2005,"EWYKT","black","charter",0.15,"Southeast",NA,NA,NA,NA,NA,NA,NA,NA,NA,NA,NA,1,NA,NA,NA,0.29013927345115,0.29013927345115
2006,"EWYKT","black","charter",0.15,"Southeast",85,1,85,2.04244190814118,0.49355596304494,0.05219749488251,313.133333333333,52.7333333333333,5.62761321744838,15.1040941720121,"bootstrap",0.241649939260267,4.50281363072401,1.08810464036476,0.115075777925316,0.29013927345115,0.115075777925316
2007,"EWYKT","black","charter",0.15,"Southeast",80,1,80,2.0773901446625,0.547277466326341,0.0598242894814211,313.133333333333,52.7333333333333,5.62761321744838,14.2156180442466,"bootstrap",0.263444720642618,4.57986130348802,1.20654028167934,0.131889981816169,0.29013927345115,0.131889981816169
2008,"EWYKT","black","charter",0.15,"Southeast",547,1,547,2.18126338012797,0.557973481387822,0.0237899238876269,313.133333333333,52.7333333333333,5.62761321744838,97.1992883775364,"bootstrap",0.255802892246367,4.80886258800778,1.23012095842774,0.0524478043307406,0.29013927345115,0.0524478043307406
2009,"EWYKT","black","charter",0.15,"Southeast",169,1,169,1.95487665999408,0.493120331988775,0.0382332026855818,313.133333333333,52.7333333333333,5.62761321744838,30.030493118471,"bootstrap",0.252251378350524,4.309765303933,1.08714423828436,0.0842897834756784,0.29013927345115,0.0842897834756784
2010,"EWYKT","black","charter",0.15,"Southeast",104,1,104,1.93453906865385,0.620599018657907,0.0611393541550408,313.133333333333,52.7333333333333,5.62761321744838,18.4803034575206,"bootstrap",0.32079942385953,4.26492859002801,1.36818663448302,0.134789203142394,0.29013927345115,0.134789203142394
2011,"EWYKT","black","charter",0.15,"Southeast",22,5,4.4,2.23059930063636,0.332759990985556,0.0658024803925739,313.133333333333,52.7333333333333,5.62761321744838,5,"bootstrap",0.149179635665906,4.9176296743391,0.733610203157753,0.145069636725575,0.29013927345115,0.145069636725575
2012,"EWYKT","black","charter",0.15,"Southeast",138,27,5.11111111111111,1.89265108362319,0.606833149174326,0.0506669294309821,313.133333333333,52.7333333333333,5.62761321744838,27,"bootstrap",0.320626001498722,4.1725813907232,1.33783808723555,0.111701458709487,0.29013927345115,0.111701458709487
2013,"EWYKT","black","charter",0.15,"Southeast",160,34,4.70588235294118,1.8479142482875,0.515306377109251,0.0407354701801746,313.133333333333,52.7333333333333,5.62761321744838,34,"bootstrap",0.278858381868529,4.07395355159492,1.1360560952053,0.0898063389955484,0.29013927345115,0.0898063389955484
2014,"EWYKT","black","charter",0.15,"Southeast",217,62,3.5,1.88256265315207,0.573854155570681,0.039589762832992,313.133333333333,52.7333333333333,5.62761321744838,62,"bootstrap",0.304826059631985,4.15034020870627,1.26513185195212,0.0872804866620494,0.29013927345115,0.0872804866620494
2015,"EWYKT","black","charter",0.15,"Southeast",176,51,3.45098039215686,1.81380528152273,0.56198627809487,0.0423698836409004,313.133333333333,52.7333333333333,5.62761321744838,51,"bootstrap",0.309838263136531,3.99875615192048,1.23896766081756,0.093409603881497,0.29013927345115,0.093409603881497
2016,"EWYKT","black","charter",0.15,"Southeast",152,50,3.04,1.84966721178289,0.477158482239892,0.0367987921074273,313.133333333333,52.7333333333333,5.62761321744838,50,"bootstrap",0.257969908965386,4.07781817456889,1.05195438327093,0.0811274494687117,0.29013927345115,0.0811274494687117
2017,"EWYKT","black","charter",0.15,"Southeast",128,25,5.12,1.8517635371875,0.477259286747638,0.0407392771272212,313.133333333333,52.7333333333333,5.62761321744838,25,"bootstrap",0.257732306076461,4.08243978097477,1.05217661916891,0.0898147318771205,0.29013927345115,0.0898147318771205
2018,"EWYKT","black","charter",0.15,"Southeast",216,46,4.69565217391304,1.77506029608796,0.522710448087103,0.0346958848809642,313.133333333333,52.7333333333333,5.62761321744838,46,"bootstrap",0.294474756288054,3.91333808061941,1.15237927756316,0.0764913326294897,0.29013927345115,0.0764913326294897
2019,"EWYKT","black","charter",0.15,"Southeast",308,61,5.04918032786885,1.70464029538961,0.607627164449298,0.0325638552702437,313.133333333333,52.7333333333333,5.62761321744838,61,"bootstrap",0.356454770013764,3.75808855417942,1.33958859127138,0.0717910119231855,0.29013927345115,0.0717910119231855
2020,"EWYKT","black","charter",0.15,"Southeast",198,27,7.33333333333333,1.47660423491919,0.539374285689277,0.0386839973065188,313.133333333333,52.7333333333333,5.62761321744838,27,"bootstrap",0.365280196909902,3.25535509709064,1.18911675087692,0.0852836154939704,0.29013927345115,0.0852836154939704
2021,"EWYKT","black","charter",0.15,"Southeast",316,36,8.77777777777778,1.53068220857278,0.508245470986669,0.0280874814242028,313.133333333333,52.7333333333333,5.62761321744838,36,"bootstrap",0.33203853036259,3.37457662105111,1.12048946184976,0.0619222968866273,0.29013927345115,0.0619222968866273
2022,"EWYKT","black","charter",0.15,"Southeast",700,101,6.93069306930693,1.67879071884,0.562496008332652,0.0214891284536733,313.133333333333,52.7333333333333,5.62761321744838,101,"bootstrap",0.335060232356611,3.70109999300072,1.24009142362987,0.0473754186730538,0.29013927345115,0.0473754186730538
2023,"EWYKT","black","charter",0.15,"Southeast",847,118,7.17796610169492,1.6746502533353,0.51474691526906,0.0177746561589941,313.133333333333,52.7333333333333,5.62761321744838,118,"bootstrap",0.30737577248973,3.69197182909173,1.13482269297739,0.0391864090308407,0.29013927345115,0.0391864090308407
2024,"EWYKT","black","charter",0.15,"Southeast",584,74,7.89189189189189,1.70992924298801,0.471605704541731,0.0191149650979381,313.133333333333,52.7333333333333,5.62761321744838,74,"bootstrap",0.275804222002558,3.76974868769084,1.03971260395374,0.0421412844354249,0.29013927345115,0.0421412844354249
2025,"EWYKT","black","charter",0.15,"Southeast",705,NA,NA,1.852867773,0.134525646,NA,NA,NA,NA,NA,"4-stage",0.0726040184627897,4.08487420422482,0.296578282141713,NA,0.29013927345115,0.29013927345115
1977,"NSEI","black","charter",0.15,"Southeast",NA,NA,NA,NA,NA,NA,NA,NA,NA,NA,NA,1,NA,NA,NA,0.498313398422757,0.498313398422757
1978,"NSEI","black","charter",0.15,"Southeast",NA,NA,NA,NA,NA,NA,NA,NA,NA,NA,NA,1,NA,NA,NA,0.498313398422757,0.498313398422757
1979,"NSEI","black","charter",0.15,"Southeast",NA,NA,NA,NA,NA,NA,NA,NA,NA,NA,NA,1,NA,NA,NA,0.498313398422757,0.498313398422757
1980,"NSEI","black","charter",0.15,"Southeast",NA,NA,NA,NA,NA,NA,NA,NA,NA,NA,NA,1,NA,NA,NA,0.498313398422757,0.498313398422757
1981,"NSEI","black","charter",0.15,"Southeast",NA,NA,NA,NA,NA,NA,NA,NA,NA,NA,NA,1,NA,NA,NA,0.498313398422757,0.498313398422757
1982,"NSEI","black","charter",0.15,"Southeast",NA,NA,NA,NA,NA,NA,NA,NA,NA,NA,NA,1,NA,NA,NA,0.498313398422757,0.498313398422757
1983,"NSEI","black","charter",0.15,"Southeast",NA,NA,NA,NA,NA,NA,NA,NA,NA,NA,NA,1,NA,NA,NA,0.498313398422757,0.498313398422757
1984,"NSEI","black","charter",0.15,"Southeast",NA,NA,NA,NA,NA,NA,NA,NA,NA,NA,NA,1,NA,NA,NA,0.498313398422757,0.498313398422757
1985,"NSEI","black","charter",0.15,"Southeast",NA,NA,NA,NA,NA,NA,NA,NA,NA,NA,NA,1,NA,NA,NA,0.498313398422757,0.498313398422757
1986,"NSEI","black","charter",0.15,"Southeast",NA,NA,NA,NA,NA,NA,NA,NA,NA,NA,NA,1,NA,NA,NA,0.498313398422757,0.498313398422757
1987,"NSEI","black","charter",0.15,"Southeast",NA,NA,NA,NA,NA,NA,NA,NA,NA,NA,NA,1,NA,NA,NA,0.498313398422757,0.498313398422757
1988,"NSEI","black","charter",0.15,"Southeast",NA,NA,NA,NA,NA,NA,NA,NA,NA,NA,NA,1,NA,NA,NA,0.498313398422757,0.498313398422757
1989,"NSEI","black","charter",0.15,"Southeast",NA,NA,NA,NA,NA,NA,NA,NA,NA,NA,NA,1,NA,NA,NA,0.498313398422757,0.498313398422757
1990,"NSEI","black","charter",0.15,"Southeast",NA,NA,NA,NA,NA,NA,NA,NA,NA,NA,NA,1,NA,NA,NA,0.498313398422757,0.498313398422757
1991,"NSEI","black","charter",0.15,"Southeast",NA,NA,NA,NA,NA,NA,NA,NA,NA,NA,NA,1,NA,NA,NA,0.498313398422757,0.498313398422757
1992,"NSEI","black","charter",0.15,"Southeast",NA,NA,NA,NA,NA,NA,NA,NA,NA,NA,NA,1,NA,NA,NA,0.498313398422757,0.498313398422757
1993,"NSEI","black","charter",0.15,"Southeast",NA,NA,NA,NA,NA,NA,NA,NA,NA,NA,NA,1,NA,NA,NA,0.498313398422757,0.498313398422757
1994,"NSEI","black","charter",0.15,"Southeast",NA,NA,NA,NA,NA,NA,NA,NA,NA,NA,NA,1,NA,NA,NA,0.498313398422757,0.498313398422757
1995,"NSEI","black","charter",0.15,"Southeast",NA,NA,NA,NA,NA,NA,NA,NA,NA,NA,NA,1,NA,NA,NA,0.498313398422757,0.498313398422757
1996,"NSEI","black","charter",0.15,"Southeast",NA,NA,NA,NA,NA,NA,NA,NA,NA,NA,NA,1,NA,NA,NA,0.498313398422757,0.498313398422757
1997,"NSEI","black","charter",0.15,"Southeast",NA,NA,NA,NA,NA,NA,NA,NA,NA,NA,NA,1,NA,NA,NA,0.498313398422757,0.498313398422757
1998,"NSEI","black","charter",0.15,"Southeast",NA,NA,NA,NA,NA,NA,NA,NA,NA,NA,NA,1,NA,NA,NA,0.498313398422757,0.498313398422757
1999,"NSEI","black","charter",0.15,"Southeast",NA,NA,NA,NA,NA,NA,NA,NA,NA,NA,NA,1,NA,NA,NA,0.498313398422757,0.498313398422757
2000,"NSEI","black","charter",0.15,"Southeast",NA,NA,NA,NA,NA,NA,NA,NA,NA,NA,NA,1,NA,NA,NA,0.498313398422757,0.498313398422757
2001,"NSEI","black","charter",0.15,"Southeast",NA,NA,NA,NA,NA,NA,NA,NA,NA,NA,NA,1,NA,NA,NA,0.498313398422757,0.498313398422757
2002,"NSEI","black","charter",0.15,"Southeast",NA,NA,NA,NA,NA,NA,NA,NA,NA,NA,NA,1,NA,NA,NA,0.498313398422757,0.498313398422757
2003,"NSEI","black","charter",0.15,"Southeast",NA,NA,NA,NA,NA,NA,NA,NA,NA,NA,NA,1,NA,NA,NA,0.498313398422757,0.498313398422757
2004,"NSEI","black","charter",0.15,"Southeast",NA,NA,NA,NA,NA,NA,NA,NA,NA,NA,NA,1,NA,NA,NA,0.498313398422757,0.498313398422757
2005,"NSEI","black","charter",0.15,"Southeast",NA,NA,NA,NA,NA,NA,NA,NA,NA,NA,NA,1,NA,NA,NA,0.498313398422757,0.498313398422757
2006,"NSEI","black","charter",0.15,"Southeast",53,1,53,1.93189538533962,0.514381283814972,0.0674597606786615,102.538461538462,28.7692307692308,3.82202686075684,13.8669878394065,"bootstrap",0.266257317926429,4.25910026599334,1.13401661360313,0.148723314331964,0.498313398422757,0.148723314331964
2007,"NSEI","black","charter",0.15,"Southeast",31,1,31,1.85533779919355,0.634832532321722,0.11301557779144,102.538461538462,28.7692307692308,3.82202686075684,8.11087967965285,"bootstrap",0.342165471213739,4.09031967984312,1.39956616066835,0.249156699211378,0.498313398422757,0.249156699211378
2008,"NSEI","black","charter",0.15,"Southeast",90,1,90,1.40031503345556,0.667971653718187,0.0686215920836468,102.538461538462,28.7692307692308,3.82202686075684,23.5477151989921,"bootstrap",0.477015269963811,3.08716619788218,1.47262541730592,0.151284714128021,0.498313398422757,0.151284714128021
2009,"NSEI","black","charter",0.15,"Southeast",78,1,78,1.40689446661538,0.66570256279719,0.0747330124421285,102.538461538462,28.7692307692308,3.82202686075684,20.4080198391265,"bootstrap",0.473171640513091,3.1016713650531,1.46762292813466,0.164758089690658,0.498313398422757,0.164758089690658
2010,"NSEI","black","charter",0.15,"Southeast",62,1,62,1.57458927267742,0.569474080158952,0.0719716471983902,102.538461538462,28.7692307692308,3.82202686075684,16.2217593593057,"bootstrap",0.361665159315243,3.47137512775399,1.25547543862212,0.158670321412231,0.498313398422757,0.158670321412231
2011,"NSEI","black","charter",0.15,"Southeast",87,30,2.9,0.941901462091954,0.403564133497467,0.0424585173626229,102.538461538462,28.7692307692308,3.82202686075684,30,"bootstrap",0.428456850041569,2.07653726913899,0.889706617329215,0.0936050077893012,0.498313398422757,0.0936050077893012
2012,"NSEI","black","charter",0.15,"Southeast",135,36,3.75,1.01526529424444,0.538659172443729,0.0474950971545069,102.538461538462,28.7692307692308,3.82202686075684,36,"bootstrap",0.530560017659817,2.23827683299225,1.18754019603993,0.104708765525924,0.498313398422757,0.104708765525924
2013,"NSEI","black","charter",0.15,"Southeast",97,33,2.93939393939394,0.932876011216495,0.510870234380886,0.0515669744115918,102.538461538462,28.7692307692308,3.82202686075684,33,"bootstrap",0.547629297182482,2.05663955598326,1.1262760746008,0.113685718232756,0.498313398422757,0.113685718232756
2014,"NSEI","black","charter",0.15,"Southeast",116,36,3.22222222222222,1.0234933664569,0.570499579238793,0.0537893983036604,102.538461538462,28.7692307692308,3.82202686075684,36,"bootstrap",0.557404276310781,2.25641662711083,1.25773627709033,0.118585324216439,0.498313398422757,0.118585324216439
2015,"NSEI","black","charter",0.15,"Southeast",157,38,4.13157894736842,0.944090243121019,0.583625292754512,0.0448585954712671,102.538461538462,28.7692307692308,3.82202686075684,38,"bootstrap",0.618188035526281,2.0813627053059,1.28667352201072,0.098896274277385,0.498313398422757,0.098896274277385
2016,"NSEI","black","charter",0.15,"Southeast",141,45,3.13333333333333,0.974264281198582,0.589180876951398,0.0504980008613818,102.538461538462,28.7692307692308,3.82202686075684,45,"bootstrap",0.604744409008367,2.14788507218843,1.29892148859849,0.111329034963782,0.498313398422757,0.111329034963782
2017,"NSEI","black","charter",0.15,"Southeast",55,19,2.89473684210526,1.24489957083636,0.561760599635256,0.075343671046081,102.538461538462,28.7692307692308,3.82202686075684,19,"bootstrap",0.451249733549068,2.74453375349413,1.23847012498065,0.166104361462029,0.498313398422757,0.166104361462029
2018,"NSEI","black","charter",0.15,"Southeast",144,46,3.1304347826087,0.980988566777778,0.533037015742876,0.0428445439550598,102.538461538462,28.7692307692308,3.82202686075684,46,"bootstrap",0.543367205077349,2.16270958427967,1.17514546220404,0.0944560507469091,0.498313398422757,0.0944560507469091
2019,"NSEI","black","charter",0.15,"Southeast",100,32,3.125,1.56839017808,0.479234815773793,0.0479183590331556,102.538461538462,28.7692307692308,3.82202686075684,32,"bootstrap",0.305558414271929,3.457708463581,1.05653191514644,0.105641898237776,0.498313398422757,0.105641898237776
2020,"NSEI","black","charter",0.15,"Southeast",NA,NA,NA,NA,NA,NA,NA,NA,NA,NA,NA,1,NA,NA,NA,0.498313398422757,0.498313398422757
2021,"NSEI","black","charter",0.15,"Southeast",NA,NA,NA,NA,NA,NA,NA,NA,NA,NA,NA,1,NA,NA,NA,0.498313398422757,0.498313398422757
2022,"NSEI","black","charter",0.15,"Southeast",109,15,7.26666666666667,1.21919934137615,0.399820160405284,0.0382198895303256,102.538461538462,28.7692307692308,3.82202686075684,15,"bootstrap",0.327936660426665,2.68787444628696,0.881452569561517,0.084260432992457,0.498313398422757,0.084260432992457
2023,"NSEI","black","charter",0.15,"Southeast",58,15,3.86666666666667,1.444817404,0.430666599075852,0.0567617834062419,102.538461538462,28.7692307692308,3.82202686075684,15,"bootstrap",0.29807683509594,3.18527713062808,0.949457326001094,0.125138311648942,0.498313398422757,0.125138311648942
2024,"NSEI","black","charter",0.15,"Southeast",48,10,4.8,1.55709289739583,0.513912345792486,0.0742337317034618,102.538461538462,28.7692307692308,3.82202686075684,10,"bootstrap",0.330046040703148,3.43280222304019,1.13298278223138,0.163657364080463,0.498313398422757,0.163657364080463
2025,"NSEI","black","charter",0.15,"Southeast",117,NA,NA,1.689728842,0.422187767,NA,NA,NA,NA,NA,"4-stage",0.249855335664561,3.72521442673961,0.930764701015489,NA,0.498313398422757,0.498313398422757
1977,"NSEO","black","charter",0.15,"Southeast",NA,NA,NA,NA,NA,NA,NA,NA,NA,NA,NA,1,NA,NA,NA,0.436775239764725,0.436775239764725
1978,"NSEO","black","charter",0.15,"Southeast",NA,NA,NA,NA,NA,NA,NA,NA,NA,NA,NA,1,NA,NA,NA,0.436775239764725,0.436775239764725
1979,"NSEO","black","charter",0.15,"Southeast",NA,NA,NA,NA,NA,NA,NA,NA,NA,NA,NA,1,NA,NA,NA,0.436775239764725,0.436775239764725
1980,"NSEO","black","charter",0.15,"Southeast",NA,NA,NA,NA,NA,NA,NA,NA,NA,NA,NA,1,NA,NA,NA,0.436775239764725,0.436775239764725
1981,"NSEO","black","charter",0.15,"Southeast",NA,NA,NA,NA,NA,NA,NA,NA,NA,NA,NA,1,NA,NA,NA,0.436775239764725,0.436775239764725
1982,"NSEO","black","charter",0.15,"Southeast",NA,NA,NA,NA,NA,NA,NA,NA,NA,NA,NA,1,NA,NA,NA,0.436775239764725,0.436775239764725
1983,"NSEO","black","charter",0.15,"Southeast",NA,NA,NA,NA,NA,NA,NA,NA,NA,NA,NA,1,NA,NA,NA,0.436775239764725,0.436775239764725
1984,"NSEO","black","charter",0.15,"Southeast",NA,NA,NA,NA,NA,NA,NA,NA,NA,NA,NA,1,NA,NA,NA,0.436775239764725,0.436775239764725
1985,"NSEO","black","charter",0.15,"Southeast",NA,NA,NA,NA,NA,NA,NA,NA,NA,NA,NA,1,NA,NA,NA,0.436775239764725,0.436775239764725
1986,"NSEO","black","charter",0.15,"Southeast",NA,NA,NA,NA,NA,NA,NA,NA,NA,NA,NA,1,NA,NA,NA,0.436775239764725,0.436775239764725
1987,"NSEO","black","charter",0.15,"Southeast",NA,NA,NA,NA,NA,NA,NA,NA,NA,NA,NA,1,NA,NA,NA,0.436775239764725,0.436775239764725
1988,"NSEO","black","charter",0.15,"Southeast",NA,NA,NA,NA,NA,NA,NA,NA,NA,NA,NA,1,NA,NA,NA,0.436775239764725,0.436775239764725
1989,"NSEO","black","charter",0.15,"Southeast",NA,NA,NA,NA,NA,NA,NA,NA,NA,NA,NA,1,NA,NA,NA,0.436775239764725,0.436775239764725
1990,"NSEO","black","charter",0.15,"Southeast",NA,NA,NA,NA,NA,NA,NA,NA,NA,NA,NA,1,NA,NA,NA,0.436775239764725,0.436775239764725
1991,"NSEO","black","charter",0.15,"Southeast",NA,NA,NA,NA,NA,NA,NA,NA,NA,NA,NA,1,NA,NA,NA,0.436775239764725,0.436775239764725
1992,"NSEO","black","charter",0.15,"Southeast",NA,NA,NA,NA,NA,NA,NA,NA,NA,NA,NA,1,NA,NA,NA,0.436775239764725,0.436775239764725
1993,"NSEO","black","charter",0.15,"Southeast",NA,NA,NA,NA,NA,NA,NA,NA,NA,NA,NA,1,NA,NA,NA,0.436775239764725,0.436775239764725
1994,"NSEO","black","charter",0.15,"Southeast",NA,NA,NA,NA,NA,NA,NA,NA,NA,NA,NA,1,NA,NA,NA,0.436775239764725,0.436775239764725
1995,"NSEO","black","charter",0.15,"Southeast",NA,NA,NA,NA,NA,NA,NA,NA,NA,NA,NA,1,NA,NA,NA,0.436775239764725,0.436775239764725
1996,"NSEO","black","charter",0.15,"Southeast",NA,NA,NA,NA,NA,NA,NA,NA,NA,NA,NA,1,NA,NA,NA,0.436775239764725,0.436775239764725
1997,"NSEO","black","charter",0.15,"Southeast",NA,NA,NA,NA,NA,NA,NA,NA,NA,NA,NA,1,NA,NA,NA,0.436775239764725,0.436775239764725
1998,"NSEO","black","charter",0.15,"Southeast",NA,NA,NA,NA,NA,NA,NA,NA,NA,NA,NA,1,NA,NA,NA,0.436775239764725,0.436775239764725
1999,"NSEO","black","charter",0.15,"Southeast",NA,NA,NA,NA,NA,NA,NA,NA,NA,NA,NA,1,NA,NA,NA,0.436775239764725,0.436775239764725
2000,"NSEO","black","charter",0.15,"Southeast",NA,NA,NA,NA,NA,NA,NA,NA,NA,NA,NA,1,NA,NA,NA,0.436775239764725,0.436775239764725
2001,"NSEO","black","charter",0.15,"Southeast",NA,NA,NA,NA,NA,NA,NA,NA,NA,NA,NA,1,NA,NA,NA,0.436775239764725,0.436775239764725
2002,"NSEO","black","charter",0.15,"Southeast",NA,NA,NA,NA,NA,NA,NA,NA,NA,NA,NA,1,NA,NA,NA,0.436775239764725,0.436775239764725
2003,"NSEO","black","charter",0.15,"Southeast",NA,NA,NA,NA,NA,NA,NA,NA,NA,NA,NA,1,NA,NA,NA,0.436775239764725,0.436775239764725
2004,"NSEO","black","charter",0.15,"Southeast",NA,NA,NA,NA,NA,NA,NA,NA,NA,NA,NA,1,NA,NA,NA,0.436775239764725,0.436775239764725
2005,"NSEO","black","charter",0.15,"Southeast",NA,NA,NA,NA,NA,NA,NA,NA,NA,NA,NA,1,NA,NA,NA,0.436775239764725,0.436775239764725
2006,"NSEO","black","charter",0.15,"Southeast",29,1,29,1.77687079813793,0.52632852589549,0.0990589581641698,223.333333333333,56.6666666666667,3.79560891322496,7.64040781413383,"bootstrap",0.296210915530299,3.91732955439233,1.16035577374045,0.218387619882362,0.436775239764725,0.218387619882362
2007,"NSEO","black","charter",0.15,"Southeast",53,1,53,1.85540935513208,0.517133055680692,0.0689420687074804,223.333333333333,56.6666666666667,3.79560891322496,13.9635039361756,"bootstrap",0.278716421392561,4.0904774336838,1.14008323210337,0.151991244142105,0.436775239764725,0.151991244142105
2008,"NSEO","black","charter",0.15,"Southeast",37,1,37,1.47948347532432,0.559718634917365,0.0907468730927237,223.333333333333,56.6666666666667,3.79560891322496,9.74810652148109,"bootstrap",0.378320301816597,3.26170273561621,1.23396836337434,0.200062609114488,0.436775239764725,0.200062609114488
2009,"NSEO","black","charter",0.15,"Southeast",158,1,158,1.17019491277215,0.641482506846227,0.0514250796273112,223.333333333333,56.6666666666667,3.79560891322496,41.6270494701084,"bootstrap",0.548184323692348,2.57983817450641,1.4142268449275,0.113372893781671,0.436775239764725,0.113372893781671
2010,"NSEO","black","charter",0.15,"Southeast",121,1,121,1.21233538970248,0.554544944441554,0.0501221320504001,223.333333333333,56.6666666666667,3.79560891322496,31.8789429486274,"bootstrap",0.457418754869183,2.6727420231646,1.22256232832249,0.110500386080939,0.436775239764725,0.110500386080939
2011,"NSEO","black","charter",0.15,"Southeast",410,83,4.93975903614458,0.968114382343902,0.522164513092589,0.0252882935345667,223.333333333333,56.6666666666667,3.79560891322496,83,"bootstrap",0.539362416895797,2.1343268660627,1.15117569692521,0.0557511439475055,0.436775239764725,0.0557511439475055
2012,"NSEO","black","charter",0.15,"Southeast",199,53,3.75471698113208,1.12793735375377,0.609815509461746,0.0442691818090686,223.333333333333,56.6666666666667,3.79560891322496,53,"bootstrap",0.540646612537729,2.4866762040285,1.34441306618619,0.0975968395851652,0.436775239764725,0.0975968395851652
2013,"NSEO","black","charter",0.15,"Southeast",331,75,4.41333333333333,1.00661564090634,0.549086860381744,0.0300834985192203,223.333333333333,56.6666666666667,3.79560891322496,75,"bootstrap",0.545478172669119,2.21920761158791,1.21052931274237,0.0663227613242096,0.436775239764725,0.0663227613242096
2014,"NSEO","black","charter",0.15,"Southeast",313,86,3.63953488372093,1.03282324278275,0.578559831560872,0.0330818936694863,223.333333333333,56.6666666666667,3.79560891322496,86,"bootstrap",0.560173132821886,2.2769854835006,1.27550609168249,0.0729330910961843,0.436775239764725,0.0729330910961843
2015,"NSEO","black","charter",0.15,"Southeast",373,94,3.96808510638298,0.91606745124933,0.612242785991498,0.0331858398166683,223.333333333333,56.6666666666667,3.79560891322496,94,"bootstrap",0.668338106715311,2.01958302447002,1.34976429492868,0.0731622531235236,0.436775239764725,0.0731622531235236
2016,"NSEO","black","charter",0.15,"Southeast",190,62,3.06451612903226,1.24194562648947,0.733189782921563,0.0519776155449482,223.333333333333,56.6666666666667,3.79560891322496,62,"bootstrap",0.590355783122345,2.73802142096876,1.61640678018177,0.114591026964056,0.436775239764725,0.114591026964056
2017,"NSEO","black","charter",0.15,"Southeast",137,50,2.74,1.44158143845255,0.459086605922642,0.039103404743121,223.333333333333,56.6666666666667,3.79560891322496,50,"bootstrap",0.318460403052528,3.17814304778463,1.01211271595608,0.0862082506156998,0.436775239764725,0.0862082506156998
2018,"NSEO","black","charter",0.15,"Southeast",258,59,4.3728813559322,1.27046260862791,0.626939568738129,0.0402949656536829,223.333333333333,56.6666666666667,3.79560891322496,59,"bootstrap",0.493473451702147,2.8008906048453,1.38216515461312,0.0888351927522324,0.436775239764725,0.0888351927522324
2019,"NSEO","black","charter",0.15,"Southeast",247,69,3.57971014492754,1.75532568741296,0.374511737113716,0.024678225034459,223.333333333333,56.6666666666667,3.79560891322496,69,"bootstrap",0.213357407003871,3.86983071593766,0.825657047096392,0.0544061731324186,0.436775239764725,0.0544061731324186
2020,"NSEO","black","charter",0.15,"Southeast",NA,NA,NA,NA,NA,NA,NA,NA,NA,NA,NA,1,NA,NA,NA,0.436775239764725,0.436775239764725
2021,"NSEO","black","charter",0.15,"Southeast",NA,NA,NA,NA,NA,NA,NA,NA,NA,NA,NA,1,NA,NA,NA,0.436775239764725,0.436775239764725
2022,"NSEO","black","charter",0.15,"Southeast",169,52,3.25,1.47800713499408,0.527632471171885,0.0395505409362467,223.333333333333,56.6666666666667,3.79560891322496,52,"bootstrap",0.356989123177676,3.25844796232934,1.16323048099204,0.0871940171812854,0.436775239764725,0.0871940171812854
2023,"NSEO","black","charter",0.15,"Southeast",187,41,4.5609756097561,1.5383688198877,0.430769792998137,0.0304590720563417,223.333333333333,56.6666666666667,3.79560891322496,41,"bootstrap",0.280017241268308,3.39152269822713,0.94968482965641,0.0671507592396208,0.436775239764725,0.0671507592396208
2024,"NSEO","black","charter",0.15,"Southeast",150,28,5.35714285714286,1.71277461495333,0.467764612691849,0.039175572962517,223.333333333333,56.6666666666667,3.79560891322496,28,"bootstrap",0.27310342447164,3.7760216590879,1.03124444597599,0.0863673543046254,0.436775239764725,0.0863673543046254
2025,"NSEO","black","charter",0.15,"Southeast",497,NA,NA,1.673387445,0.16819513,NA,NA,NA,NA,NA,"4-stage",0.100511767613985,3.68918781327101,0.370806788171841,NA,0.436775239764725,0.436775239764725
1977,"SSEI","black","charter",0.15,"Southeast",NA,NA,NA,NA,NA,NA,NA,NA,NA,NA,NA,1,NA,NA,NA,0.294059068607294,0.294059068607294
1978,"SSEI","black","charter",0.15,"Southeast",NA,NA,NA,NA,NA,NA,NA,NA,NA,NA,NA,1,NA,NA,NA,0.294059068607294,0.294059068607294
1979,"SSEI","black","charter",0.15,"Southeast",NA,NA,NA,NA,NA,NA,NA,NA,NA,NA,NA,1,NA,NA,NA,0.294059068607294,0.294059068607294
1980,"SSEI","black","charter",0.15,"Southeast",NA,NA,NA,NA,NA,NA,NA,NA,NA,NA,NA,1,NA,NA,NA,0.294059068607294,0.294059068607294
1981,"SSEI","black","charter",0.15,"Southeast",NA,NA,NA,NA,NA,NA,NA,NA,NA,NA,NA,1,NA,NA,NA,0.294059068607294,0.294059068607294
1982,"SSEI","black","charter",0.15,"Southeast",NA,NA,NA,NA,NA,NA,NA,NA,NA,NA,NA,1,NA,NA,NA,0.294059068607294,0.294059068607294
1983,"SSEI","black","charter",0.15,"Southeast",NA,NA,NA,NA,NA,NA,NA,NA,NA,NA,NA,1,NA,NA,NA,0.294059068607294,0.294059068607294
1984,"SSEI","black","charter",0.15,"Southeast",NA,NA,NA,NA,NA,NA,NA,NA,NA,NA,NA,1,NA,NA,NA,0.294059068607294,0.294059068607294
1985,"SSEI","black","charter",0.15,"Southeast",NA,NA,NA,NA,NA,NA,NA,NA,NA,NA,NA,1,NA,NA,NA,0.294059068607294,0.294059068607294
1986,"SSEI","black","charter",0.15,"Southeast",NA,NA,NA,NA,NA,NA,NA,NA,NA,NA,NA,1,NA,NA,NA,0.294059068607294,0.294059068607294
1987,"SSEI","black","charter",0.15,"Southeast",NA,NA,NA,NA,NA,NA,NA,NA,NA,NA,NA,1,NA,NA,NA,0.294059068607294,0.294059068607294
1988,"SSEI","black","charter",0.15,"Southeast",NA,NA,NA,NA,NA,NA,NA,NA,NA,NA,NA,1,NA,NA,NA,0.294059068607294,0.294059068607294
1989,"SSEI","black","charter",0.15,"Southeast",NA,NA,NA,NA,NA,NA,NA,NA,NA,NA,NA,1,NA,NA,NA,0.294059068607294,0.294059068607294
1990,"SSEI","black","charter",0.15,"Southeast",NA,NA,NA,NA,NA,NA,NA,NA,NA,NA,NA,1,NA,NA,NA,0.294059068607294,0.294059068607294
1991,"SSEI","black","charter",0.15,"Southeast",NA,NA,NA,NA,NA,NA,NA,NA,NA,NA,NA,1,NA,NA,NA,0.294059068607294,0.294059068607294
1992,"SSEI","black","charter",0.15,"Southeast",NA,NA,NA,NA,NA,NA,NA,NA,NA,NA,NA,1,NA,NA,NA,0.294059068607294,0.294059068607294
1993,"SSEI","black","charter",0.15,"Southeast",NA,NA,NA,NA,NA,NA,NA,NA,NA,NA,NA,1,NA,NA,NA,0.294059068607294,0.294059068607294
1994,"SSEI","black","charter",0.15,"Southeast",NA,NA,NA,NA,NA,NA,NA,NA,NA,NA,NA,1,NA,NA,NA,0.294059068607294,0.294059068607294
1995,"SSEI","black","charter",0.15,"Southeast",NA,NA,NA,NA,NA,NA,NA,NA,NA,NA,NA,1,NA,NA,NA,0.294059068607294,0.294059068607294
1996,"SSEI","black","charter",0.15,"Southeast",NA,NA,NA,NA,NA,NA,NA,NA,NA,NA,NA,1,NA,NA,NA,0.294059068607294,0.294059068607294
1997,"SSEI","black","charter",0.15,"Southeast",NA,NA,NA,NA,NA,NA,NA,NA,NA,NA,NA,1,NA,NA,NA,0.294059068607294,0.294059068607294
1998,"SSEI","black","charter",0.15,"Southeast",NA,NA,NA,NA,NA,NA,NA,NA,NA,NA,NA,1,NA,NA,NA,0.294059068607294,0.294059068607294
1999,"SSEI","black","charter",0.15,"Southeast",NA,NA,NA,NA,NA,NA,NA,NA,NA,NA,NA,1,NA,NA,NA,0.294059068607294,0.294059068607294
2000,"SSEI","black","charter",0.15,"Southeast",NA,NA,NA,NA,NA,NA,NA,NA,NA,NA,NA,1,NA,NA,NA,0.294059068607294,0.294059068607294
2001,"SSEI","black","charter",0.15,"Southeast",NA,NA,NA,NA,NA,NA,NA,NA,NA,NA,NA,1,NA,NA,NA,0.294059068607294,0.294059068607294
2002,"SSEI","black","charter",0.15,"Southeast",NA,NA,NA,NA,NA,NA,NA,NA,NA,NA,NA,1,NA,NA,NA,0.294059068607294,0.294059068607294
2003,"SSEI","black","charter",0.15,"Southeast",NA,NA,NA,NA,NA,NA,NA,NA,NA,NA,NA,1,NA,NA,NA,0.294059068607294,0.294059068607294
2004,"SSEI","black","charter",0.15,"Southeast",NA,NA,NA,NA,NA,NA,NA,NA,NA,NA,NA,1,NA,NA,NA,0.294059068607294,0.294059068607294
2005,"SSEI","black","charter",0.15,"Southeast",NA,NA,NA,NA,NA,NA,NA,NA,NA,NA,NA,1,NA,NA,NA,0.294059068607294,0.294059068607294
2006,"SSEI","black","charter",0.15,"Southeast",167,1,167,1.47183232464671,0.435860602560637,0.0331388257951769,465.4,76,6.05731184009574,27.5699855659669,"bootstrap",0.296134685495006,3.24483483576332,0.96090814357201,0.0730586049482865,0.294059068607294,0.0730586049482865
2007,"SSEI","black","charter",0.15,"Southeast",46,1,46,1.43888292895652,0.420468921064319,0.0609214181609745,465.4,76,6.05731184009574,7.5941277606855,"bootstrap",0.292218993361221,3.1721938527094,0.926975294385392,0.134308736520163,0.294059068607294,0.134308736520163
2008,"SSEI","black","charter",0.15,"Southeast",166,1,166,1.46193954127711,0.393527566040342,0.0302324740318976,465.4,76,6.05731184009574,27.404895832039,"bootstrap",0.2691818333996,3.22302498177194,0.867579773686082,0.066651196109284,0.294059068607294,0.066651196109284
2009,"SSEI","black","charter",0.15,"Southeast",87,1,87,1.4668770042069,0.393564121346926,0.0429311148218706,465.4,76,6.05731184009574,14.3628068517313,"bootstrap",0.268300696117133,3.23391022423237,0.867660364341858,0.0946469068381132,0.294059068607294,0.0946469068381132
2010,"SSEI","black","charter",0.15,"Southeast",74,1,74,1.53199402441892,0.58238645424386,0.0666914749807144,465.4,76,6.05731184009574,12.216640310668,"bootstrap",0.380149298862153,3.37746867993878,1.28394235060761,0.147029534303647,0.294059068607294,0.147029534303647
2011,"SSEI","black","charter",0.15,"Southeast",163,41,3.97560975609756,1.68160425579141,0.586742639400675,0.0461710820318974,465.4,76,6.05731184009574,41,"bootstrap",0.348918383965755,3.70730278020601,1.29354609494123,0.101789811837397,0.294059068607294,0.101789811837397
2012,"SSEI","black","charter",0.15,"Southeast",160,37,4.32432432432432,1.77386645851875,0.456756010887302,0.0364102840940445,465.4,76,6.05731184009574,37,"bootstrap",0.257491768162025,3.91070611930973,1.00697463342311,0.0802709359143567,0.294059068607294,0.0802709359143567
2013,"SSEI","black","charter",0.15,"Southeast",301,34,8.85294117647059,1.65689867207309,0.499240354285,0.0281078609125689,465.4,76,6.05731184009574,34,"bootstrap",0.301310130003519,3.6528362915003,1.10063657787352,0.0619672259676632,0.294059068607294,0.0619672259676632
2014,"SSEI","black","charter",0.15,"Southeast",259,52,4.98076923076923,1.87758563181467,0.5273676569401,0.0329748317757626,465.4,76,6.05731184009574,52,"bootstrap",0.280875422140083,4.13936775488561,1.16264666554654,0.072697060023541,0.294059068607294,0.072697060023541
2015,"SSEI","black","charter",0.15,"Southeast",568,93,6.10752688172043,1.6999147399243,0.525649072754101,0.0222201092193104,465.4,76,6.05731184009574,93,"bootstrap",0.30922084526281,3.74767048770853,1.15885783597572,0.0489869554037623,0.294059068607294,0.0489869554037623
2016,"SSEI","black","charter",0.15,"Southeast",601,88,6.82954545454545,1.88413789316805,0.627497983226508,0.0258695311491,465.4,76,6.05731184009574,88,"bootstrap",0.333042494130519,4.15381301847743,1.38339624782554,0.0570325535401005,0.294059068607294,0.0570325535401005
2017,"SSEI","black","charter",0.15,"Southeast",478,86,5.55813953488372,1.64167117027197,0.54248875634927,0.0244501846220153,465.4,76,6.05731184009574,86,"bootstrap",0.330449097342312,3.61926539658346,1.19598298334327,0.0539034300808711,0.294059068607294,0.0539034300808711
2018,"SSEI","black","charter",0.15,"Southeast",427,68,6.27941176470588,1.62242091749649,0.580908590191049,0.027499474264376,465.4,76,6.05731184009574,68,"bootstrap",0.358050481183041,3.57682585387392,1.2806842180875,0.0606259630013512,0.294059068607294,0.0606259630013512
2019,"SSEI","black","charter",0.15,"Southeast",926,112,8.26785714285714,1.43413851501728,0.585374478202924,0.0194785477625725,465.4,76,6.05731184009574,112,"bootstrap",0.408171506499057,3.16173421042031,1.29052981581686,0.0429428470021177,0.294059068607294,0.0429428470021177
2020,"SSEI","black","charter",0.15,"Southeast",546,91,6,1.3769610341337,0.460934510943285,0.0193428125570143,465.4,76,6.05731184009574,91,"bootstrap",0.33474767950371,3.03567944270975,1.0161866491642,0.0426436020976138,0.294059068607294,0.0426436020976138
2021,"SSEI","black","charter",0.15,"Southeast",475,79,6.0126582278481,1.34230001416211,0.496761729486198,0.0223014724719472,465.4,76,6.05731184009574,79,"bootstrap",0.370082488448968,2.95926497404811,1.09517214557559,0.0491663306709621,0.294059068607294,0.0491663306709621
2022,"SSEI","black","charter",0.15,"Southeast",594,112,5.30357142857143,1.496094168133,0.404669221609782,0.016367119598593,465.4,76,6.05731184009574,112,"bootstrap",0.270483790545601,3.29832304471609,0.892142919578718,0.0360833220913034,0.294059068607294,0.0360833220913034
2023,"SSEI","black","charter",0.15,"Southeast",463,67,6.91044776119403,1.44636752507775,0.367050798118643,0.0171127189117966,465.4,76,6.05731184009574,67,"bootstrap",0.253774225260562,3.18869456261982,0.809208492221414,0.0377270872026486,0.294059068607294,0.0377270872026486
2024,"SSEI","black","charter",0.15,"Southeast",400,67,5.97014925373134,1.4190403573025,0.45902085012676,0.022856706774478,465.4,76,6.05731184009574,67,"bootstrap",0.323472724200267,3.12844847040197,1.01196774924109,0.0503904127737214,0.294059068607294,0.0503904127737214
2025,"SSEI","black","charter",0.15,"Southeast",708,NA,NA,1.385380559,0.230856572,NA,NA,NA,NA,NA,"4-stage",0.166637658151229,3.05424131767964,0.508951620606859,NA,0.294059068607294,0.294059068607294
1977,"SSEO","black","charter",0.15,"Southeast",NA,NA,NA,NA,NA,NA,NA,NA,NA,NA,NA,1,NA,NA,NA,0.280273130984909,0.280273130984909
1978,"SSEO","black","charter",0.15,"Southeast",NA,NA,NA,NA,NA,NA,NA,NA,NA,NA,NA,1,NA,NA,NA,0.280273130984909,0.280273130984909
1979,"SSEO","black","charter",0.15,"Southeast",NA,NA,NA,NA,NA,NA,NA,NA,NA,NA,NA,1,NA,NA,NA,0.280273130984909,0.280273130984909
1980,"SSEO","black","charter",0.15,"Southeast",NA,NA,NA,NA,NA,NA,NA,NA,NA,NA,NA,1,NA,NA,NA,0.280273130984909,0.280273130984909
1981,"SSEO","black","charter",0.15,"Southeast",NA,NA,NA,NA,NA,NA,NA,NA,NA,NA,NA,1,NA,NA,NA,0.280273130984909,0.280273130984909
1982,"SSEO","black","charter",0.15,"Southeast",NA,NA,NA,NA,NA,NA,NA,NA,NA,NA,NA,1,NA,NA,NA,0.280273130984909,0.280273130984909
1983,"SSEO","black","charter",0.15,"Southeast",NA,NA,NA,NA,NA,NA,NA,NA,NA,NA,NA,1,NA,NA,NA,0.280273130984909,0.280273130984909
1984,"SSEO","black","charter",0.15,"Southeast",NA,NA,NA,NA,NA,NA,NA,NA,NA,NA,NA,1,NA,NA,NA,0.280273130984909,0.280273130984909
1985,"SSEO","black","charter",0.15,"Southeast",NA,NA,NA,NA,NA,NA,NA,NA,NA,NA,NA,1,NA,NA,NA,0.280273130984909,0.280273130984909
1986,"SSEO","black","charter",0.15,"Southeast",NA,NA,NA,NA,NA,NA,NA,NA,NA,NA,NA,1,NA,NA,NA,0.280273130984909,0.280273130984909
1987,"SSEO","black","charter",0.15,"Southeast",NA,NA,NA,NA,NA,NA,NA,NA,NA,NA,NA,1,NA,NA,NA,0.280273130984909,0.280273130984909
1988,"SSEO","black","charter",0.15,"Southeast",NA,NA,NA,NA,NA,NA,NA,NA,NA,NA,NA,1,NA,NA,NA,0.280273130984909,0.280273130984909
1989,"SSEO","black","charter",0.15,"Southeast",NA,NA,NA,NA,NA,NA,NA,NA,NA,NA,NA,1,NA,NA,NA,0.280273130984909,0.280273130984909
1990,"SSEO","black","charter",0.15,"Southeast",NA,NA,NA,NA,NA,NA,NA,NA,NA,NA,NA,1,NA,NA,NA,0.280273130984909,0.280273130984909
1991,"SSEO","black","charter",0.15,"Southeast",NA,NA,NA,NA,NA,NA,NA,NA,NA,NA,NA,1,NA,NA,NA,0.280273130984909,0.280273130984909
1992,"SSEO","black","charter",0.15,"Southeast",NA,NA,NA,NA,NA,NA,NA,NA,NA,NA,NA,1,NA,NA,NA,0.280273130984909,0.280273130984909
1993,"SSEO","black","charter",0.15,"Southeast",NA,NA,NA,NA,NA,NA,NA,NA,NA,NA,NA,1,NA,NA,NA,0.280273130984909,0.280273130984909
1994,"SSEO","black","charter",0.15,"Southeast",NA,NA,NA,NA,NA,NA,NA,NA,NA,NA,NA,1,NA,NA,NA,0.280273130984909,0.280273130984909
1995,"SSEO","black","charter",0.15,"Southeast",NA,NA,NA,NA,NA,NA,NA,NA,NA,NA,NA,1,NA,NA,NA,0.280273130984909,0.280273130984909
1996,"SSEO","black","charter",0.15,"Southeast",NA,NA,NA,NA,NA,NA,NA,NA,NA,NA,NA,1,NA,NA,NA,0.280273130984909,0.280273130984909
1997,"SSEO","black","charter",0.15,"Southeast",NA,NA,NA,NA,NA,NA,NA,NA,NA,NA,NA,1,NA,NA,NA,0.280273130984909,0.280273130984909
1998,"SSEO","black","charter",0.15,"Southeast",NA,NA,NA,NA,NA,NA,NA,NA,NA,NA,NA,1,NA,NA,NA,0.280273130984909,0.280273130984909
1999,"SSEO","black","charter",0.15,"Southeast",NA,NA,NA,NA,NA,NA,NA,NA,NA,NA,NA,1,NA,NA,NA,0.280273130984909,0.280273130984909
2000,"SSEO","black","charter",0.15,"Southeast",NA,NA,NA,NA,NA,NA,NA,NA,NA,NA,NA,1,NA,NA,NA,0.280273130984909,0.280273130984909
2001,"SSEO","black","charter",0.15,"Southeast",NA,NA,NA,NA,NA,NA,NA,NA,NA,NA,NA,1,NA,NA,NA,0.280273130984909,0.280273130984909
2002,"SSEO","black","charter",0.15,"Southeast",NA,NA,NA,NA,NA,NA,NA,NA,NA,NA,NA,1,NA,NA,NA,0.280273130984909,0.280273130984909
2003,"SSEO","black","charter",0.15,"Southeast",NA,NA,NA,NA,NA,NA,NA,NA,NA,NA,NA,1,NA,NA,NA,0.280273130984909,0.280273130984909
2004,"SSEO","black","charter",0.15,"Southeast",NA,NA,NA,NA,NA,NA,NA,NA,NA,NA,NA,1,NA,NA,NA,0.280273130984909,0.280273130984909
2005,"SSEO","black","charter",0.15,"Southeast",NA,NA,NA,NA,NA,NA,NA,NA,NA,NA,NA,1,NA,NA,NA,0.280273130984909,0.280273130984909
2006,"SSEO","black","charter",0.15,"Southeast",203,1,203,1.36254771401478,0.477064362509819,0.0337589071332786,233.533333333333,65.0666666666667,3.69743634029823,54.9029060453348,"bootstrap",0.350126720409766,3.00390351114627,1.05174688478503,0.0744256502925053,0.280273130984909,0.0744256502925053
2007,"SSEO","black","charter",0.15,"Southeast",223,1,223,1.35516037653363,0.415178340002122,0.027951115944621,233.533333333333,65.0666666666667,3.69743634029823,60.3120593502939,"bootstrap",0.306368417488791,2.98761721983376,0.915311559702729,0.0616216624657541,0.280273130984909,0.0616216624657541
2008,"SSEO","black","charter",0.15,"Southeast",675,1,675,1.50566019818074,0.5536375333575,0.0208996603878713,233.533333333333,65.0666666666667,3.69743634029823,182.558924042369,"bootstrap",0.367704169922569,3.31941253094294,1.22056182932095,0.046075864041419,0.280273130984909,0.046075864041419
2009,"SSEO","black","charter",0.15,"Southeast",201,1,201,1.43808472304975,0.50967284498582,0.0359504566359176,233.533333333333,65.0666666666667,3.69743634029823,54.3619907148389,"bootstrap",0.354410861068711,3.17043410991191,1.12363628285549,0.0792571898988731,0.280273130984909,0.0792571898988731
2010,"SSEO","black","charter",0.15,"Southeast",232,1,232,1.54796449825,0.723576217299444,0.0479222962326034,233.533333333333,65.0666666666667,3.69743634029823,62.7461783375255,"bootstrap",0.467437217143842,3.4126775477989,1.59521249595239,0.105650578276738,0.280273130984909,0.105650578276738
2011,"SSEO","black","charter",0.15,"Southeast",191,56,3.41071428571429,1.5848675784555,0.457936451582501,0.0334993961278706,233.533333333333,65.0666666666667,3.69743634029823,56,"bootstrap",0.288943037139275,3.49403491316762,1.00957705968132,0.0738535264598439,0.280273130984909,0.0738535264598439
2012,"SSEO","black","charter",0.15,"Southeast",228,44,5.18181818181818,1.67246925389035,0.668698152240474,0.0429287375562701,233.533333333333,65.0666666666667,3.69743634029823,44,"bootstrap",0.399826873160752,3.68716354838119,1.47422707238155,0.0946416658645966,0.280273130984909,0.0946416658645966
2013,"SSEO","black","charter",0.15,"Southeast",289,55,5.25454545454545,1.450728445391,0.399693644364608,0.023936748399892,233.533333333333,65.0666666666667,3.69743634029823,55,"bootstrap",0.275512378374081,3.19830874618643,0.88117364943645,0.0527714969716507,0.280273130984909,0.0527714969716507
2014,"SSEO","black","charter",0.15,"Southeast",334,84,3.97619047619048,1.35204390268563,0.421836488482743,0.0221271774265522,233.533333333333,65.0666666666667,3.69743634029823,84,"bootstrap",0.311999105683498,2.98074657109382,0.929990264450425,0.0487820758713304,0.280273130984909,0.0487820758713304
2015,"SSEO","black","charter",0.15,"Southeast",292,76,3.84210526315789,1.37555818691096,0.408090523017306,0.0231766344172865,233.533333333333,65.0666666666667,3.69743634029823,76,"bootstrap",0.296672672156268,3.03258669399009,0.899685598051583,0.0510957324918203,0.280273130984909,0.0510957324918203
2016,"SSEO","black","charter",0.15,"Southeast",174,61,2.85245901639344,1.5870292408908,0.492359315100518,0.0369032297315694,233.533333333333,65.0666666666667,3.69743634029823,61,"bootstrap",0.310239598877306,3.49880056306929,1.08546648323831,0.0813576950172744,0.280273130984909,0.0813576950172744
2017,"SSEO","black","charter",0.15,"Southeast",201,103,1.95145631067961,1.42826079058209,0.407169568284381,0.0285474861033689,233.533333333333,65.0666666666667,3.69743634029823,103,"bootstrap",0.285080687623188,3.14877604617636,0.897655240415381,0.0629364336076227,0.280273130984909,0.0629364336076227
2018,"SSEO","black","charter",0.15,"Southeast",219,93,2.35483870967742,1.38002309096347,0.434833829861096,0.0302162250527352,233.533333333333,65.0666666666667,3.69743634029823,93,"bootstrap",0.315091705862338,3.04243012246038,0.958644497253004,0.0666153732422707,0.280273130984909,0.0666153732422707
2019,"SSEO","black","charter",0.15,"Southeast",217,62,3.5,1.34014373074654,0.562888463802068,0.0382836763860802,233.533333333333,65.0666666666667,3.69743634029823,62,"bootstrap",0.42002096557845,2.95451118285501,1.24095663983509,0.0844010589375122,0.280273130984909,0.0844010589375122
2020,"SSEO","black","charter",0.15,"Southeast",98,29,3.37931034482759,1.48375447885714,0.613279791111346,0.0635648769186875,233.533333333333,65.0666666666667,3.69743634029823,29,"bootstrap",0.41332969830947,3.27111868661476,1.35205049987295,0.140136565492454,0.280273130984909,0.140136565492454
2021,"SSEO","black","charter",0.15,"Southeast",244,71,3.43661971830986,1.2035968664877,0.453111990570963,0.0303949456546801,233.533333333333,65.0666666666667,3.69743634029823,71,"bootstrap",0.37646491378232,2.6534768772199,0.998940943805972,0.0670093847239785,0.280273130984909,0.0670093847239785
2022,"SSEO","black","charter",0.15,"Southeast",113,37,3.05405405405405,1.10499381553097,0.332261258633591,0.031970266627674,233.533333333333,65.0666666666667,3.69743634029823,37,"bootstrap",0.300690604746899,2.43609436067968,0.732510686533285,0.0704823729748012,0.280273130984909,0.0704823729748012
2023,"SSEO","black","charter",0.15,"Southeast",192,63,3.04761904761905,1.21508314514062,0.354217340513718,0.0252926448935669,233.533333333333,65.0666666666667,3.69743634029823,63,"bootstrap",0.291516956621701,2.67879978695775,0.780915561292785,0.0557607370519851,0.280273130984909,0.0557607370519851
2024,"SSEO","black","charter",0.15,"Southeast",321,57,5.63157894736842,1.28108994870717,0.486838308731424,0.0283513925829932,233.533333333333,65.0666666666667,3.69743634029823,57,"bootstrap",0.380018834136294,2.82431987917447,1.07329474771184,0.062504121396967,0.280273130984909,0.062504121396967
2025,"SSEO","black","charter",0.15,"Southeast",452,NA,NA,1.333072367,0.09997658,NA,NA,NA,NA,NA,"4-stage",0.0749971137913475,2.93892149438514,0.22041062973824,NA,0.280273130984909,0.280273130984909
1977,"CI","black","private",0.0331898238747554,"Central",NA,NA,NA,NA,NA,NA,NA,NA,NA,NA,NA,1,NA,NA,NA,0.644561539109379,0.644561539109379
1978,"CI","black","private",0.0331898238747554,"Central",NA,NA,NA,NA,NA,NA,NA,NA,NA,NA,NA,1,NA,NA,NA,0.644561539109379,0.644561539109379
1979,"CI","black","private",0.0331898238747554,"Central",NA,NA,NA,NA,NA,NA,NA,NA,NA,NA,NA,1,NA,NA,NA,0.644561539109379,0.644561539109379
1980,"CI","black","private",0.0331898238747554,"Central",NA,NA,NA,NA,NA,NA,NA,NA,NA,NA,NA,1,NA,NA,NA,0.644561539109379,0.644561539109379
1981,"CI","black","private",0.0331898238747554,"Central",NA,NA,NA,NA,NA,NA,NA,NA,NA,NA,NA,1,NA,NA,NA,0.644561539109379,0.644561539109379
1982,"CI","black","private",0.0331898238747554,"Central",NA,NA,NA,NA,NA,NA,NA,NA,NA,NA,NA,1,NA,NA,NA,0.644561539109379,0.644561539109379
1983,"CI","black","private",0.0331898238747554,"Central",NA,NA,NA,NA,NA,NA,NA,NA,NA,NA,NA,1,NA,NA,NA,0.644561539109379,0.644561539109379
1984,"CI","black","private",0.0331898238747554,"Central",NA,NA,NA,NA,NA,NA,NA,NA,NA,NA,NA,1,NA,NA,NA,0.644561539109379,0.644561539109379
1985,"CI","black","private",0.0331898238747554,"Central",NA,NA,NA,NA,NA,NA,NA,NA,NA,NA,NA,1,NA,NA,NA,0.644561539109379,0.644561539109379
1986,"CI","black","private",0.0331898238747554,"Central",NA,NA,NA,NA,NA,NA,NA,NA,NA,NA,NA,1,NA,NA,NA,0.644561539109379,0.644561539109379
1987,"CI","black","private",0.0331898238747554,"Central",NA,NA,NA,NA,NA,NA,NA,NA,NA,NA,NA,1,NA,NA,NA,0.644561539109379,0.644561539109379
1988,"CI","black","private",0.0331898238747554,"Central",NA,NA,NA,NA,NA,NA,NA,NA,NA,NA,NA,1,NA,NA,NA,0.644561539109379,0.644561539109379
1989,"CI","black","private",0.0331898238747554,"Central",NA,NA,NA,NA,NA,NA,NA,NA,NA,NA,NA,1,NA,NA,NA,0.644561539109379,0.644561539109379
1990,"CI","black","private",0.0331898238747554,"Central",NA,NA,NA,NA,NA,NA,NA,NA,NA,NA,NA,1,NA,NA,NA,0.644561539109379,0.644561539109379
1991,"CI","black","private",0.0331898238747554,"Central",NA,NA,NA,NA,NA,NA,NA,NA,NA,NA,NA,1,NA,NA,NA,0.644561539109379,0.644561539109379
1992,"CI","black","private",0.0331898238747554,"Central",NA,NA,NA,NA,NA,NA,NA,NA,NA,NA,NA,1,NA,NA,NA,0.644561539109379,0.644561539109379
1993,"CI","black","private",0.0331898238747554,"Central",NA,NA,NA,NA,NA,NA,NA,NA,NA,NA,NA,1,NA,NA,NA,0.644561539109379,0.644561539109379
1994,"CI","black","private",0.0331898238747554,"Central",NA,NA,NA,NA,NA,NA,NA,NA,NA,NA,NA,1,NA,NA,NA,0.644561539109379,0.644561539109379
1995,"CI","black","private",0.0331898238747554,"Central",NA,NA,NA,NA,NA,NA,NA,NA,NA,NA,NA,1,NA,NA,NA,0.644561539109379,0.644561539109379
1996,"CI","black","private",0.0331898238747554,"Central",NA,NA,NA,NA,NA,NA,NA,NA,NA,NA,NA,1,NA,NA,NA,0.644561539109379,0.644561539109379
1997,"CI","black","private",0.0331898238747554,"Central",NA,NA,NA,NA,NA,NA,NA,NA,NA,NA,NA,1,NA,NA,NA,0.644561539109379,0.644561539109379
1998,"CI","black","private",0.0331898238747554,"Central",NA,NA,NA,NA,NA,NA,NA,NA,NA,NA,NA,1,NA,NA,NA,0.644561539109379,0.644561539109379
1999,"CI","black","private",0.0331898238747554,"Central",NA,NA,NA,NA,NA,NA,NA,NA,NA,NA,NA,1,NA,NA,NA,0.644561539109379,0.644561539109379
2000,"CI","black","private",0.0331898238747554,"Central",NA,NA,NA,NA,NA,NA,NA,NA,NA,NA,NA,1,NA,NA,NA,0.644561539109379,0.644561539109379
2001,"CI","black","private",0.0331898238747554,"Central",NA,NA,NA,NA,NA,NA,NA,NA,NA,NA,NA,1,NA,NA,NA,0.644561539109379,0.644561539109379
2002,"CI","black","private",0.0331898238747554,"Central",NA,NA,NA,NA,NA,NA,NA,NA,NA,NA,NA,1,NA,NA,NA,0.644561539109379,0.644561539109379
2003,"CI","black","private",0.0331898238747554,"Central",NA,NA,NA,NA,NA,NA,NA,NA,NA,NA,NA,1,NA,NA,NA,0.644561539109379,0.644561539109379
2004,"CI","black","private",0.0331898238747554,"Central",NA,NA,NA,NA,NA,NA,NA,NA,NA,NA,NA,1,NA,NA,NA,0.644561539109379,0.644561539109379
2005,"CI","black","private",0.0331898238747554,"Central",NA,NA,NA,NA,NA,NA,NA,NA,NA,NA,NA,1,NA,NA,NA,0.644561539109379,0.644561539109379
2006,"CI","black","private",0.0331898238747554,"Central",NA,NA,NA,NA,NA,NA,NA,NA,NA,NA,NA,1,NA,NA,NA,0.644561539109379,0.644561539109379
2007,"CI","black","private",0.0331898238747554,"Central",NA,NA,NA,NA,NA,NA,NA,NA,NA,NA,NA,1,NA,NA,NA,0.644561539109379,0.644561539109379
2008,"CI","black","private",0.0331898238747554,"Central",NA,NA,NA,NA,NA,NA,NA,NA,NA,NA,NA,1,NA,NA,NA,0.644561539109379,0.644561539109379
2009,"CI","black","private",0.0331898238747554,"Central",14,5,2.8,1.84940219346794,0.541651842216206,0.137562700420704,50.5,12.3571428571429,3.98456186670472,3.51356070462476,"bootstrap",0.292879420241477,4.07723390919704,1.19413790351452,0.303273841015768,0.644561539109379,0.303273841015768
2010,"CI","black","private",0.0331898238747554,"Central",37,12,3.08333333333333,2.23521425969775,0.518895361435277,0.0850299661515268,50.5,12.3571428571429,3.98456186670472,9.28583900507972,"bootstrap",0.23214569215635,4.92780391747621,1.14396845123329,0.18745898675549,0.644561539109379,0.18745898675549
2011,"CI","black","private",0.0331898238747554,"Central",52,8,6.5,2.4159185244219,0.478974351008329,0.066376151932197,50.5,12.3571428571429,3.98456186670472,8,"bootstrap",0.198257659008986,5.32618862701754,1.05595768863278,0.146334365978278,0.644561539109379,0.146334365978278
2012,"CI","black","private",0.0331898238747554,"Central",32,9,3.55555555555556,2.49822810330596,0.406527814699797,0.0695306333515905,50.5,12.3571428571429,3.98456186670472,9,"bootstrap",0.162726459670288,5.50765018646802,0.896240415946341,0.153288807069843,0.644561539109379,0.153288807069843
2013,"CI","black","private",0.00403426210666916,"Central",32,12,2.66666666666667,1.75287079922744,0.644272953997404,0.11052943158986,50.5,12.3571428571429,3.98456186670472,12,"bootstrap",0.36755301889983,3.86441861391429,1.4203787278369,0.243675685058748,0.644561539109379,0.243675685058748
2014,"CI","black","private",0.00403426210666916,"Central",35,13,2.69230769230769,2.09723371003153,0.637403498621165,0.105220591905276,50.5,12.3571428571429,3.98456186670472,13,"bootstrap",0.303925831237751,4.62360887656203,1.40523417112736,0.23197169700416,0.644561539109379,0.23197169700416
2015,"CI","black","private",0.00403426210666916,"Central",46,21,2.19047619047619,1.95474387946171,0.703318444942976,0.106281447363615,50.5,12.3571428571429,3.98456186670472,21,"bootstrap",0.359800817044458,4.30947257296784,1.55055175278451,0.234310482944165,0.644561539109379,0.234310482944165
2016,"CI","black","private",0.00403426210666916,"Central",39,11,3.54545454545455,2.12738978474366,0.518146944563172,0.0785767285387517,50.5,12.3571428571429,3.98456186670472,11,"bootstrap",0.243559947631133,4.6900916410028,1.14231847446785,0.173232033142132,0.644561539109379,0.173232033142132
2017,"CI","black","private",0.00403426210666916,"Central",31,9,3.44444444444444,1.26120247191666,0.810350263025161,0.146184098190324,50.5,12.3571428571429,3.98456186670472,9,"bootstrap",0.642521943200496,2.78047549798738,1.78651651998822,0.322280769554689,0.644561539109379,0.322280769554689
2018,"CI","black","private",0.00403426210666916,"Central",93,20,4.65,0.95273086421021,0.484604889467807,0.0510473334509096,50.5,12.3571428571429,3.98456186670472,20,"bootstrap",0.508648252798583,2.10041201400998,1.06837090108333,0.112540106016558,0.644561539109379,0.112540106016558
2019,"CI","black","private",0.00403426210666916,"Central",164,21,7.80952380952381,1.04804621651879,0.429298867609413,0.0341760851381376,50.5,12.3571428571429,3.98456186670472,21,"bootstrap",0.40961825999943,2.31054639574274,0.946441994272097,0.075345370358584,0.644561539109379,0.075345370358584
2020,"CI","black","private",0.00403426210666916,"Central",NA,NA,NA,NA,NA,NA,NA,NA,NA,NA,NA,1,NA,NA,NA,0.644561539109379,0.644561539109379
2021,"CI","black","private",0.00403426210666916,"Central",48,11,4.36363636363636,1.40219966286128,0.362108396799501,0.0520149346549644,50.5,12.3571428571429,3.98456186670472,11,"bootstrap",0.258243106449331,3.09132109450035,0.798312362476115,0.114673301518156,0.644561539109379,0.114673301518156
2022,"CI","black","private",0.00403426210666916,"Central",46,14,3.28571428571429,1.91992595385501,0.428782870139462,0.0619579174175752,50.5,12.3571428571429,3.98456186670472,14,"bootstrap",0.223333024525509,4.23271218659383,0.94530441457798,0.136593826226878,0.644561539109379,0.136593826226878
2023,"CI","black","private",0.00403426210666916,"Central",24,7,3.42857142857143,2.03804677551221,0.312727944465654,0.0622831262782277,50.5,12.3571428571429,3.98456186670472,7,"bootstrap",0.153444929833398,4.49312402191228,0.689447100275085,0.137310789037297,0.644561539109379,0.137310789037297
2024,"CI","black","private",0.00403426210666916,"Central",23,6,3.83333333333333,1.69074410808919,0.363909085077659,0.0769927934154227,50.5,12.3571428571429,3.98456186670472,6,"bootstrap",0.215236051000606,3.72745270532515,0.802282200585711,0.169740053940628,0.644561539109379,0.169740053940628
2025,"CI","black","private",0.00403426210666916,"Central",42,11,3.81818181818182,2.15020230886539,0.745646299021189,0.114035819904785,50.5,12.3571428571429,3.98456186670472,11,"bootstrap",0.346779601131881,4.74038464770087,1.6438686973414,0.251405948052335,0.644561539109379,0.251405948052335
1977,"NG","black","private",0.0714526147064716,"Central",NA,NA,NA,NA,NA,NA,NA,NA,NA,NA,NA,1,NA,NA,NA,0.553383091532018,0.553383091532018
1978,"NG","black","private",0.0714526147064716,"Central",NA,NA,NA,NA,NA,NA,NA,NA,NA,NA,NA,1,NA,NA,NA,0.553383091532018,0.553383091532018
1979,"NG","black","private",0.0714526147064716,"Central",NA,NA,NA,NA,NA,NA,NA,NA,NA,NA,NA,1,NA,NA,NA,0.553383091532018,0.553383091532018
1980,"NG","black","private",0.0714526147064716,"Central",NA,NA,NA,NA,NA,NA,NA,NA,NA,NA,NA,1,NA,NA,NA,0.553383091532018,0.553383091532018
1981,"NG","black","private",0.0714526147064716,"Central",NA,NA,NA,NA,NA,NA,NA,NA,NA,NA,NA,1,NA,NA,NA,0.553383091532018,0.553383091532018
1982,"NG","black","private",0.0714526147064716,"Central",NA,NA,NA,NA,NA,NA,NA,NA,NA,NA,NA,1,NA,NA,NA,0.553383091532018,0.553383091532018
1983,"NG","black","private",0.0714526147064716,"Central",NA,NA,NA,NA,NA,NA,NA,NA,NA,NA,NA,1,NA,NA,NA,0.553383091532018,0.553383091532018
1984,"NG","black","private",0.0714526147064716,"Central",NA,NA,NA,NA,NA,NA,NA,NA,NA,NA,NA,1,NA,NA,NA,0.553383091532018,0.553383091532018
1985,"NG","black","private",0.0714526147064716,"Central",NA,NA,NA,NA,NA,NA,NA,NA,NA,NA,NA,1,NA,NA,NA,0.553383091532018,0.553383091532018
1986,"NG","black","private",0.0714526147064716,"Central",NA,NA,NA,NA,NA,NA,NA,NA,NA,NA,NA,1,NA,NA,NA,0.553383091532018,0.553383091532018
1987,"NG","black","private",0.0714526147064716,"Central",NA,NA,NA,NA,NA,NA,NA,NA,NA,NA,NA,1,NA,NA,NA,0.553383091532018,0.553383091532018
1988,"NG","black","private",0.0714526147064716,"Central",NA,NA,NA,NA,NA,NA,NA,NA,NA,NA,NA,1,NA,NA,NA,0.553383091532018,0.553383091532018
1989,"NG","black","private",0.0714526147064716,"Central",NA,NA,NA,NA,NA,NA,NA,NA,NA,NA,NA,1,NA,NA,NA,0.553383091532018,0.553383091532018
1990,"NG","black","private",0.0714526147064716,"Central",NA,NA,NA,NA,NA,NA,NA,NA,NA,NA,NA,1,NA,NA,NA,0.553383091532018,0.553383091532018
1991,"NG","black","private",0.0714526147064716,"Central",NA,NA,NA,NA,NA,NA,NA,NA,NA,NA,NA,1,NA,NA,NA,0.553383091532018,0.553383091532018
1992,"NG","black","private",0.0714526147064716,"Central",NA,NA,NA,NA,NA,NA,NA,NA,NA,NA,NA,1,NA,NA,NA,0.553383091532018,0.553383091532018
1993,"NG","black","private",0.0714526147064716,"Central",NA,NA,NA,NA,NA,NA,NA,NA,NA,NA,NA,1,NA,NA,NA,0.553383091532018,0.553383091532018
1994,"NG","black","private",0.0714526147064716,"Central",NA,NA,NA,NA,NA,NA,NA,NA,NA,NA,NA,1,NA,NA,NA,0.553383091532018,0.553383091532018
1995,"NG","black","private",0.0714526147064716,"Central",NA,NA,NA,NA,NA,NA,NA,NA,NA,NA,NA,1,NA,NA,NA,0.553383091532018,0.553383091532018
1996,"NG","black","private",0.0714526147064716,"Central",NA,NA,NA,NA,NA,NA,NA,NA,NA,NA,NA,1,NA,NA,NA,0.553383091532018,0.553383091532018
1997,"NG","black","private",0.0714526147064716,"Central",NA,NA,NA,NA,NA,NA,NA,NA,NA,NA,NA,1,NA,NA,NA,0.553383091532018,0.553383091532018
1998,"NG","black","private",0.0714526147064716,"Central",NA,NA,NA,NA,NA,NA,NA,NA,NA,NA,NA,1,NA,NA,NA,0.553383091532018,0.553383091532018
1999,"NG","black","private",0.0714526147064716,"Central",NA,NA,NA,NA,NA,NA,NA,NA,NA,NA,NA,1,NA,NA,NA,0.553383091532018,0.553383091532018
2000,"NG","black","private",0.0714526147064716,"Central",NA,NA,NA,NA,NA,NA,NA,NA,NA,NA,NA,1,NA,NA,NA,0.553383091532018,0.553383091532018
2001,"NG","black","private",0.0714526147064716,"Central",NA,NA,NA,NA,NA,NA,NA,NA,NA,NA,NA,1,NA,NA,NA,0.553383091532018,0.553383091532018
2002,"NG","black","private",0.0714526147064716,"Central",NA,NA,NA,NA,NA,NA,NA,NA,NA,NA,NA,1,NA,NA,NA,0.553383091532018,0.553383091532018
2003,"NG","black","private",0.0714526147064716,"Central",NA,NA,NA,NA,NA,NA,NA,NA,NA,NA,NA,1,NA,NA,NA,0.553383091532018,0.553383091532018
2004,"NG","black","private",0.0714526147064716,"Central",NA,NA,NA,NA,NA,NA,NA,NA,NA,NA,NA,1,NA,NA,NA,0.553383091532018,0.553383091532018
2005,"NG","black","private",0.0714526147064716,"Central",NA,NA,NA,NA,NA,NA,NA,NA,NA,NA,NA,1,NA,NA,NA,0.553383091532018,0.553383091532018
2006,"NG","black","private",0.0714526147064716,"Central",NA,NA,NA,NA,NA,NA,NA,NA,NA,NA,NA,1,NA,NA,NA,0.553383091532018,0.553383091532018
2007,"NG","black","private",0.0714526147064716,"Central",175,18,9.72222222222222,2.30285601763309,0.82080862129641,0.0614767763095063,255.8,39.1333333333333,6.34670754772108,27.5733518023589,"bootstrap",0.356430716906066,5.07692846707703,1.80957325320108,0.135533091656618,0.553383091532018,0.135533091656618
2008,"NG","black","private",0.0714526147064716,"Central",151,15,10.0666666666667,2.08836675778284,0.592414946263503,0.045599979801736,255.8,39.1333333333333,6.34670754772108,23.7918635551783,"bootstrap",0.283673805884773,4.60406059306411,1.3060513909586,0.10053074694245,0.553383091532018,0.10053074694245
2009,"NG","black","private",0.0714526147064716,"Central",391,63,6.20634920634921,2.0504068085705,0.604629210423527,0.0291905103872972,255.8,39.1333333333333,6.34670754772108,61.6067460269848,"bootstrap",0.294882560814876,4.52037323037653,1.33297923401245,0.0643540594891804,0.553383091532018,0.0643540594891804
2010,"NG","black","private",0.0714526147064716,"Central",362,58,6.24137931034483,2.1974995710086,0.621774991784436,0.0330024767480882,255.8,39.1333333333333,6.34670754772108,57.0374477283082,"bootstrap",0.282946581645545,4.84465726168586,1.37077921143828,0.0727580067548593,0.553383091532018,0.0727580067548593
2011,"NG","black","private",0.0714526147064716,"Central",232,42,5.52380952380952,2.11542762106781,0.578613242795077,0.0376364842684526,255.8,39.1333333333333,6.34670754772108,42,"bootstrap",0.273520699565702,4.66371958437888,1.27562384329758,0.0829742445555047,0.553383091532018,0.0829742445555047
2012,"NG","black","private",0.0714526147064716,"Central",380,46,8.26086956521739,2.03226706176357,0.558839608303709,0.028444206440741,255.8,39.1333333333333,6.34670754772108,46,"bootstrap",0.274983351754349,4.4803819342449,1.2320304414183,0.0627087409272073,0.553383091532018,0.0627087409272073
2013,"NG","black","private",0.0118088639830104,"Central",490,62,7.90322580645161,2.06938812477355,0.694586124530228,0.0314729978490168,255.8,39.1333333333333,6.34670754772108,62,"bootstrap",0.335648067278938,4.56221986943515,1.53130028167748,0.0693860829771538,0.553383091532018,0.0693860829771538
2014,"NG","black","private",0.0118088639830104,"Central",351,46,7.6304347826087,2.08229459583866,0.685879963729516,0.0350313619499621,255.8,39.1333333333333,6.34670754772108,46,"bootstrap",0.329386612778137,4.59067376748967,1.51210648264287,0.0772309329642937,0.553383091532018,0.0772309329642937
2015,"NG","black","private",0.0118088639830104,"Central",358,51,7.01960784313725,1.68465900388034,0.645698232641982,0.033281616690197,255.8,39.1333333333333,6.34670754772108,51,"bootstrap",0.383281264134,3.71403734694126,1.42352092937654,0.0733734049853778,0.553383091532018,0.0733734049853778
2016,"NG","black","private",0.0118088639830104,"Central",303,48,6.3125,1.83161960010787,0.535369846340111,0.0308106480973054,255.8,39.1333333333333,6.34670754772108,48,"bootstrap",0.292293141167839,4.03803000163316,1.18028847330733,0.0679258517321794,0.553383091532018,0.0679258517321794
2017,"NG","black","private",0.0118088639830104,"Central",144,24,6,2.0296228232022,0.595735913086832,0.0496073857623165,255.8,39.1333333333333,6.34670754772108,24,"bootstrap",0.293520503551946,4.47455238609983,1.31337286953758,0.109365564770669,0.553383091532018,0.109365564770669
2018,"NG","black","private",0.0118088639830104,"Central",196,48,4.08333333333333,2.07770643211334,0.90883724393164,0.0657036610136991,255.8,39.1333333333333,6.34670754772108,48,"bootstrap",0.437423319235344,4.58055859795656,2.00364314587015,0.144851777287613,0.553383091532018,0.144851777287613
2019,"NG","black","private",0.0118088639830104,"Central",188,32,5.875,1.76257173316872,0.753251747544921,0.0574991962352552,255.8,39.1333333333333,6.34670754772108,32,"bootstrap",0.427359484649591,3.88580551231636,1.66063584119206,0.126764028652062,0.553383091532018,0.126764028652062
2020,"NG","black","private",0.0118088639830104,"Central",72,20,3.6,1.75833333333333,0.737095556325589,0.086088007805903,255.8,39.1333333333333,6.34670754772108,20,"bootstrap",0.419201264260999,3.87646144016666,1.62501753657688,0.18979156931963,0.553383091532018,0.18979156931963
2021,"NG","black","private",0.0118088639830104,"Central",120,23,5.21739130434783,1.65277340270207,0.71697805307568,0.0665336176089897,255.8,39.1333333333333,6.34670754772108,23,"bootstrap",0.433802995560985,3.64374162933135,1.5806660338542,0.146681518371209,0.553383091532018,0.146681518371209
2022,"NG","black","private",0.0118088639830104,"Central",231,30,7.7,1.46223136286104,0.529094434765478,0.0348847070440375,255.8,39.1333333333333,6.34670754772108,30,"bootstrap",0.361840436612054,3.22366833823688,1.16645355900009,0.0769076142413584,0.553383091532018,0.0769076142413584
2023,"NG","black","private",0.0118088639830104,"Central",264,41,6.4390243902439,1.62267400531703,0.558667094204384,0.0330873702488175,255.8,39.1333333333333,6.34670754772108,41,"bootstrap",0.344287942232263,3.57738381700792,1.23165011293266,0.0729451648868581,0.553383091532018,0.0729451648868581
2024,"NG","black","private",0.0118088639830104,"Central",207,32,6.46875,1.75320143151262,0.527933343372033,0.0352982304567884,255.8,39.1333333333333,6.34670754772108,32,"bootstrap",0.301125320731996,3.8651475333291,1.16389379065021,0.0778192773110086,0.553383091532018,0.0778192773110086
2025,"NG","black","private",0.0118088639830104,"Central",301,42,7.16666666666667,2.02912701190434,2.07171976792764,0.125505174108215,255.8,39.1333333333333,6.34670754772108,42,"bootstrap",1.02099068011683,4.47345930929732,4.56736026267443,0.276691545766009,0.553383091532018,0.276691545766009
1977,"PWSI","black","private",0.130433145009416,"Central",NA,NA,NA,NA,NA,NA,NA,NA,NA,NA,NA,1,NA,NA,NA,0.56218064158944,0.56218064158944
1978,"PWSI","black","private",0.130433145009416,"Central",NA,NA,NA,NA,NA,NA,NA,NA,NA,NA,NA,1,NA,NA,NA,0.56218064158944,0.56218064158944
1979,"PWSI","black","private",0.130433145009416,"Central",NA,NA,NA,NA,NA,NA,NA,NA,NA,NA,NA,1,NA,NA,NA,0.56218064158944,0.56218064158944
1980,"PWSI","black","private",0.130433145009416,"Central",NA,NA,NA,NA,NA,NA,NA,NA,NA,NA,NA,1,NA,NA,NA,0.56218064158944,0.56218064158944
1981,"PWSI","black","private",0.130433145009416,"Central",NA,NA,NA,NA,NA,NA,NA,NA,NA,NA,NA,1,NA,NA,NA,0.56218064158944,0.56218064158944
1982,"PWSI","black","private",0.130433145009416,"Central",NA,NA,NA,NA,NA,NA,NA,NA,NA,NA,NA,1,NA,NA,NA,0.56218064158944,0.56218064158944
1983,"PWSI","black","private",0.130433145009416,"Central",NA,NA,NA,NA,NA,NA,NA,NA,NA,NA,NA,1,NA,NA,NA,0.56218064158944,0.56218064158944
1984,"PWSI","black","private",0.130433145009416,"Central",NA,NA,NA,NA,NA,NA,NA,NA,NA,NA,NA,1,NA,NA,NA,0.56218064158944,0.56218064158944
1985,"PWSI","black","private",0.130433145009416,"Central",NA,NA,NA,NA,NA,NA,NA,NA,NA,NA,NA,1,NA,NA,NA,0.56218064158944,0.56218064158944
1986,"PWSI","black","private",0.130433145009416,"Central",NA,NA,NA,NA,NA,NA,NA,NA,NA,NA,NA,1,NA,NA,NA,0.56218064158944,0.56218064158944
1987,"PWSI","black","private",0.130433145009416,"Central",NA,NA,NA,NA,NA,NA,NA,NA,NA,NA,NA,1,NA,NA,NA,0.56218064158944,0.56218064158944
1988,"PWSI","black","private",0.130433145009416,"Central",NA,NA,NA,NA,NA,NA,NA,NA,NA,NA,NA,1,NA,NA,NA,0.56218064158944,0.56218064158944
1989,"PWSI","black","private",0.130433145009416,"Central",NA,NA,NA,NA,NA,NA,NA,NA,NA,NA,NA,1,NA,NA,NA,0.56218064158944,0.56218064158944
1990,"PWSI","black","private",0.130433145009416,"Central",NA,NA,NA,NA,NA,NA,NA,NA,NA,NA,NA,1,NA,NA,NA,0.56218064158944,0.56218064158944
1991,"PWSI","black","private",0.130433145009416,"Central",NA,NA,NA,NA,NA,NA,NA,NA,NA,NA,NA,1,NA,NA,NA,0.56218064158944,0.56218064158944
1992,"PWSI","black","private",0.130433145009416,"Central",NA,NA,NA,NA,NA,NA,NA,NA,NA,NA,NA,1,NA,NA,NA,0.56218064158944,0.56218064158944
1993,"PWSI","black","private",0.130433145009416,"Central",NA,NA,NA,NA,NA,NA,NA,NA,NA,NA,NA,1,NA,NA,NA,0.56218064158944,0.56218064158944
1994,"PWSI","black","private",0.130433145009416,"Central",NA,NA,NA,NA,NA,NA,NA,NA,NA,NA,NA,1,NA,NA,NA,0.56218064158944,0.56218064158944
1995,"PWSI","black","private",0.130433145009416,"Central",NA,NA,NA,NA,NA,NA,NA,NA,NA,NA,NA,1,NA,NA,NA,0.56218064158944,0.56218064158944
1996,"PWSI","black","private",0.130433145009416,"Central",NA,NA,NA,NA,NA,NA,NA,NA,NA,NA,NA,1,NA,NA,NA,0.56218064158944,0.56218064158944
1997,"PWSI","black","private",0.130433145009416,"Central",NA,NA,NA,NA,NA,NA,NA,NA,NA,NA,NA,1,NA,NA,NA,0.56218064158944,0.56218064158944
1998,"PWSI","black","private",0.130433145009416,"Central",NA,NA,NA,NA,NA,NA,NA,NA,NA,NA,NA,1,NA,NA,NA,0.56218064158944,0.56218064158944
1999,"PWSI","black","private",0.130433145009416,"Central",NA,NA,NA,NA,NA,NA,NA,NA,NA,NA,NA,1,NA,NA,NA,0.56218064158944,0.56218064158944
2000,"PWSI","black","private",0.130433145009416,"Central",NA,NA,NA,NA,NA,NA,NA,NA,NA,NA,NA,1,NA,NA,NA,0.56218064158944,0.56218064158944
2001,"PWSI","black","private",0.130433145009416,"Central",NA,NA,NA,NA,NA,NA,NA,NA,NA,NA,NA,1,NA,NA,NA,0.56218064158944,0.56218064158944
2002,"PWSI","black","private",0.130433145009416,"Central",NA,NA,NA,NA,NA,NA,NA,NA,NA,NA,NA,1,NA,NA,NA,0.56218064158944,0.56218064158944
2003,"PWSI","black","private",0.130433145009416,"Central",NA,NA,NA,NA,NA,NA,NA,NA,NA,NA,NA,1,NA,NA,NA,0.56218064158944,0.56218064158944
2004,"PWSI","black","private",0.130433145009416,"Central",NA,NA,NA,NA,NA,NA,NA,NA,NA,NA,NA,1,NA,NA,NA,0.56218064158944,0.56218064158944
2005,"PWSI","black","private",0.130433145009416,"Central",NA,NA,NA,NA,NA,NA,NA,NA,NA,NA,NA,1,NA,NA,NA,0.56218064158944,0.56218064158944
2006,"PWSI","black","private",0.130433145009416,"Central",NA,NA,NA,NA,NA,NA,NA,NA,NA,NA,NA,1,NA,NA,NA,0.56218064158944,0.56218064158944
2007,"PWSI","black","private",0.130433145009416,"Central",77,11,7,2.40270599792604,0.554674991862751,0.0595546089590319,71.5714285714286,13.7142857142857,5.32342221270793,14.4643796646803,"bootstrap",0.230854291928157,5.29705999223742,1.22284903380894,0.131295438036336,0.56218064158944,0.131295438036336
2008,"PWSI","black","private",0.130433145009416,"Central",86,20,4.3,2.16907690391037,0.816775785468322,0.0845798013891327,71.5714285714286,13.7142857142857,5.32342221270793,16.1550214436689,"bootstrap",0.376554553688647,4.78199600688037,1.80068237211173,0.186466543337589,0.56218064158944,0.186466543337589
2009,"PWSI","black","private",0.130433145009416,"Central",81,16,5.0625,2.21506006459548,0.472422415525384,0.0518991227003223,71.5714285714286,13.7142857142857,5.32342221270793,15.2157760108975,"bootstrap",0.213277474085859,4.88337152306586,1.0415131434623,0.114417979863286,0.56218064158944,0.114417979863286
2010,"PWSI","black","private",0.130433145009416,"Central",126,19,6.63157894736842,2.68234145279992,0.561421547049456,0.0509667519830207,71.5714285714286,13.7142857142857,5.32342221270793,23.6689849058405,"bootstrap",0.209302788973203,5.91355064140637,1.23772264198062,0.112362454289697,0.56218064158944,0.112362454289697
2011,"PWSI","black","private",0.130433145009416,"Central",118,26,4.53846153846154,2.27606438507565,0.642489698362738,0.0603746951382768,71.5714285714286,13.7142857142857,5.32342221270793,26,"bootstrap",0.282280985799698,5.01786302791417,1.41644732212747,0.133103418577449,0.56218064158944,0.133103418577449
2012,"PWSI","black","private",0.130433145009416,"Central",47,12,3.91666666666667,2.37806626326109,0.860474241315092,0.127500424900258,71.5714285714286,13.7142857142857,5.32342221270793,12,"bootstrap",0.361837790060192,5.24273867584427,1.89702097633059,0.28109032079472,0.56218064158944,0.28109032079472
2013,"PWSI","black","private",0.0230283093137023,"Central",131,26,5.03846153846154,2.40528382289486,0.638974302129038,0.0565509771516466,71.5714285714286,13.7142857142857,5.32342221270793,26,"bootstrap",0.265654429654795,5.30274312347408,1.40869720007239,0.124673563411623,0.56218064158944,0.124673563411623
2014,"PWSI","black","private",0.0230283093137023,"Central",38,14,2.71428571428571,2.0909177248492,0.770964177791548,0.122315560922251,71.5714285714286,13.7142857142857,5.32342221270793,14,"bootstrap",0.368720475525717,4.60968451276148,1.69968506556895,0.269659652387183,0.56218064158944,0.269659652387183
2015,"PWSI","black","private",0.0230283093137023,"Central",76,13,5.84615384615385,2.2602060353998,0.452885249361408,0.0493255557539732,71.5714285714286,13.7142857142857,5.32342221270793,13,"bootstrap",0.200373435991334,4.98290135150292,0.998441065006501,0.10874423595928,0.56218064158944,0.10874423595928
2016,"PWSI","black","private",0.0230283093137023,"Central",19,7,2.71428571428571,2.12809312063726,0.47398880996457,0.105255976797587,71.5714285714286,13.7142857142857,5.32342221270793,7,"bootstrap",0.22272935585762,4.69164223122329,1.04496645207477,0.232049707338155,0.56218064158944,0.232049707338155
2017,"PWSI","black","private",0.0230283093137023,"Central",NA,NA,NA,NA,NA,NA,NA,NA,NA,NA,NA,1,NA,NA,NA,0.56218064158944,0.56218064158944
2018,"PWSI","black","private",0.0230283093137023,"Central",71,14,5.07142857142857,2.31920868327598,0.558705380583129,0.0701374674415699,71.5714285714286,13.7142857142857,5.32342221270793,14,"bootstrap",0.240903453239031,5.11297992365064,1.23173451994927,0.154626647231199,0.56218064158944,0.154626647231199
2019,"PWSI","black","private",0.0230283093137023,"Central",101,15,6.73333333333333,1.83861112202759,0.875573650171825,0.0877624417587781,71.5714285714286,13.7142857142857,5.32342221270793,15,"bootstrap",0.476214703414965,4.05344366900561,1.93030947464477,0.193483064287835,0.56218064158944,0.193483064287835
2020,"PWSI","black","private",0.0230283093137023,"Central",25,7,3.57142857142857,2.736,0.482078831727758,0.0932213155328204,71.5714285714286,13.7142857142857,5.32342221270793,7,"bootstrap",0.176198403409268,6.03184748832,1.06280189705019,0.205517820889813,0.56218064158944,0.205517820889813
2021,"PWSI","black","private",0.0230283093137023,"Central",90,7,12.8571428571429,1.5154512404694,0.580371296788068,0.0598746974081247,71.5714285714286,13.7142857142857,5.32342221270793,7,"bootstrap",0.382969297387821,3.3409980842459,1.27949968889771,0.132001112271607,0.56218064158944,0.132001112271607
2022,"PWSI","black","private",0.0230283093137023,"Central",31,9,3.44444444444444,1.91607314974493,0.440531201847323,0.0795911247820577,71.5714285714286,13.7142857142857,5.32342221270793,9,"bootstrap",0.229913561445171,4.22421820750232,0.971205052408394,0.175468394045767,0.56218064158944,0.175468394045767
2023,"PWSI","black","private",0.0230283093137023,"Central",136,22,6.18181818181818,1.99219804825086,0.439383002482692,0.0374756559213695,71.5714285714286,13.7142857142857,5.32342221270793,22,"bootstrap",0.220551868760472,4.3920448806937,0.968673706116859,0.0826196787435881,0.56218064158944,0.0826196787435881
2024,"PWSI","black","private",0.0230283093137023,"Central",59,10,5.9,1.88495039853094,0.552995734795858,0.0670373102971613,71.5714285714286,13.7142857142857,5.32342221270793,10,"bootstrap",0.293374157339547,4.15560428617932,1.21914690569447,0.147791970665081,0.56218064158944,0.147791970665081
2025,"PWSI","black","private",0.0230283093137023,"Central",60,10,6,2.13385260748912,0.485132339970964,0.0629674757770907,71.5714285714286,13.7142857142857,5.32342221270793,10,"bootstrap",0.227350445044006,4.70433972621649,1.06953373039352,0.138819521422476,0.56218064158944,0.138819521422476
1977,"PWSO","black","private",0.0616300366300366,"Central",NA,NA,NA,NA,NA,NA,NA,NA,NA,NA,NA,1,NA,NA,NA,0.463457085409283,0.463457085409283
1978,"PWSO","black","private",0.0616300366300366,"Central",NA,NA,NA,NA,NA,NA,NA,NA,NA,NA,NA,1,NA,NA,NA,0.463457085409283,0.463457085409283
1979,"PWSO","black","private",0.0616300366300366,"Central",NA,NA,NA,NA,NA,NA,NA,NA,NA,NA,NA,1,NA,NA,NA,0.463457085409283,0.463457085409283
1980,"PWSO","black","private",0.0616300366300366,"Central",NA,NA,NA,NA,NA,NA,NA,NA,NA,NA,NA,1,NA,NA,NA,0.463457085409283,0.463457085409283
1981,"PWSO","black","private",0.0616300366300366,"Central",NA,NA,NA,NA,NA,NA,NA,NA,NA,NA,NA,1,NA,NA,NA,0.463457085409283,0.463457085409283
1982,"PWSO","black","private",0.0616300366300366,"Central",NA,NA,NA,NA,NA,NA,NA,NA,NA,NA,NA,1,NA,NA,NA,0.463457085409283,0.463457085409283
1983,"PWSO","black","private",0.0616300366300366,"Central",NA,NA,NA,NA,NA,NA,NA,NA,NA,NA,NA,1,NA,NA,NA,0.463457085409283,0.463457085409283
1984,"PWSO","black","private",0.0616300366300366,"Central",NA,NA,NA,NA,NA,NA,NA,NA,NA,NA,NA,1,NA,NA,NA,0.463457085409283,0.463457085409283
1985,"PWSO","black","private",0.0616300366300366,"Central",NA,NA,NA,NA,NA,NA,NA,NA,NA,NA,NA,1,NA,NA,NA,0.463457085409283,0.463457085409283
1986,"PWSO","black","private",0.0616300366300366,"Central",NA,NA,NA,NA,NA,NA,NA,NA,NA,NA,NA,1,NA,NA,NA,0.463457085409283,0.463457085409283
1987,"PWSO","black","private",0.0616300366300366,"Central",NA,NA,NA,NA,NA,NA,NA,NA,NA,NA,NA,1,NA,NA,NA,0.463457085409283,0.463457085409283
1988,"PWSO","black","private",0.0616300366300366,"Central",NA,NA,NA,NA,NA,NA,NA,NA,NA,NA,NA,1,NA,NA,NA,0.463457085409283,0.463457085409283
1989,"PWSO","black","private",0.0616300366300366,"Central",NA,NA,NA,NA,NA,NA,NA,NA,NA,NA,NA,1,NA,NA,NA,0.463457085409283,0.463457085409283
1990,"PWSO","black","private",0.0616300366300366,"Central",NA,NA,NA,NA,NA,NA,NA,NA,NA,NA,NA,1,NA,NA,NA,0.463457085409283,0.463457085409283
1991,"PWSO","black","private",0.0616300366300366,"Central",NA,NA,NA,NA,NA,NA,NA,NA,NA,NA,NA,1,NA,NA,NA,0.463457085409283,0.463457085409283
1992,"PWSO","black","private",0.0616300366300366,"Central",NA,NA,NA,NA,NA,NA,NA,NA,NA,NA,NA,1,NA,NA,NA,0.463457085409283,0.463457085409283
1993,"PWSO","black","private",0.0616300366300366,"Central",NA,NA,NA,NA,NA,NA,NA,NA,NA,NA,NA,1,NA,NA,NA,0.463457085409283,0.463457085409283
1994,"PWSO","black","private",0.0616300366300366,"Central",NA,NA,NA,NA,NA,NA,NA,NA,NA,NA,NA,1,NA,NA,NA,0.463457085409283,0.463457085409283
1995,"PWSO","black","private",0.0616300366300366,"Central",NA,NA,NA,NA,NA,NA,NA,NA,NA,NA,NA,1,NA,NA,NA,0.463457085409283,0.463457085409283
1996,"PWSO","black","private",0.0616300366300366,"Central",NA,NA,NA,NA,NA,NA,NA,NA,NA,NA,NA,1,NA,NA,NA,0.463457085409283,0.463457085409283
1997,"PWSO","black","private",0.0616300366300366,"Central",NA,NA,NA,NA,NA,NA,NA,NA,NA,NA,NA,1,NA,NA,NA,0.463457085409283,0.463457085409283
1998,"PWSO","black","private",0.0616300366300366,"Central",NA,NA,NA,NA,NA,NA,NA,NA,NA,NA,NA,1,NA,NA,NA,0.463457085409283,0.463457085409283
1999,"PWSO","black","private",0.0616300366300366,"Central",NA,NA,NA,NA,NA,NA,NA,NA,NA,NA,NA,1,NA,NA,NA,0.463457085409283,0.463457085409283
2000,"PWSO","black","private",0.0616300366300366,"Central",NA,NA,NA,NA,NA,NA,NA,NA,NA,NA,NA,1,NA,NA,NA,0.463457085409283,0.463457085409283
2001,"PWSO","black","private",0.0616300366300366,"Central",NA,NA,NA,NA,NA,NA,NA,NA,NA,NA,NA,1,NA,NA,NA,0.463457085409283,0.463457085409283
2002,"PWSO","black","private",0.0616300366300366,"Central",NA,NA,NA,NA,NA,NA,NA,NA,NA,NA,NA,1,NA,NA,NA,0.463457085409283,0.463457085409283
2003,"PWSO","black","private",0.0616300366300366,"Central",NA,NA,NA,NA,NA,NA,NA,NA,NA,NA,NA,1,NA,NA,NA,0.463457085409283,0.463457085409283
2004,"PWSO","black","private",0.0616300366300366,"Central",NA,NA,NA,NA,NA,NA,NA,NA,NA,NA,NA,1,NA,NA,NA,0.463457085409283,0.463457085409283
2005,"PWSO","black","private",0.0616300366300366,"Central",NA,NA,NA,NA,NA,NA,NA,NA,NA,NA,NA,1,NA,NA,NA,0.463457085409283,0.463457085409283
2006,"PWSO","black","private",0.0616300366300366,"Central",NA,NA,NA,NA,NA,NA,NA,NA,NA,NA,NA,1,NA,NA,NA,0.463457085409283,0.463457085409283
2007,"PWSO","black","private",0.0616300366300366,"Central",NA,NA,NA,NA,NA,NA,NA,NA,NA,NA,NA,1,NA,NA,NA,0.463457085409283,0.463457085409283
2008,"PWSO","black","private",0.0616300366300366,"Central",NA,NA,NA,NA,NA,NA,NA,NA,NA,NA,NA,1,NA,NA,NA,0.463457085409283,0.463457085409283
2009,"PWSO","black","private",0.0616300366300366,"Central",58,17,3.41176470588235,2.36846815802092,0.658156573228336,0.0878920750816447,118.466666666667,13.5333333333333,8.81520757020757,6.57953877297461,"bootstrap",0.277882804123611,5.22157847592265,1.45098686884088,0.193768856843732,0.463457085409283,0.193768856843732
2010,"PWSO","black","private",0.0616300366300366,"Central",77,9,8.55555555555556,2.38883429124024,0.76009531083697,0.0872103606648403,118.466666666667,13.5333333333333,8.81520757020757,8.73490492274215,"bootstrap",0.318186704546318,5.2664781138999,1.67572331562712,0.192265933820065,0.463457085409283,0.192265933820065
2011,"PWSO","black","private",0.0616300366300366,"Central",110,13,8.46153846153846,2.4560839731764,0.574688667906244,0.0534333227715337,118.466666666667,13.5333333333333,8.81520757020757,13,"bootstrap",0.233985757076136,5.41473828388416,1.26697163672377,0.117800312043884,0.463457085409283,0.117800312043884
2012,"PWSO","black","private",0.0616300366300366,"Central",199,21,9.47619047619048,2.40160092442558,0.568057860064566,0.0400387950530586,118.466666666667,13.5333333333333,8.81520757020757,21,"bootstrap",0.236532995256252,5.29462372220154,1.25235320776714,0.0882704332515171,0.463457085409283,0.0882704332515171
2013,"PWSO","black","private",0.00902556848310803,"Central",209,22,9.5,2.42804438088189,0.637118934455136,0.0438277957243657,118.466666666667,13.5333333333333,8.81520757020757,22,"bootstrap",0.262400036618659,5.35292156445611,1.40460681453009,0.0966237498386759,0.463457085409283,0.0966237498386759
2014,"PWSO","black","private",0.00902556848310803,"Central",196,20,9.8,2.23853011286559,0.743159502081459,0.0551081618689351,118.466666666667,13.5333333333333,8.81520757020757,20,"bootstrap",0.331985483603848,4.93511412237463,1.63838624855672,0.121492700202876,0.463457085409283,0.121492700202876
2015,"PWSO","black","private",0.00902556848310803,"Central",143,15,9.53333333333333,2.36890794363788,0.703202478857213,0.0585803673565281,118.466666666667,13.5333333333333,8.81520757020757,15,"bootstrap",0.296846688680237,5.22254803724176,1.55029609132868,0.129147602962111,0.463457085409283,0.129147602962111
2016,"PWSO","black","private",0.00902556848310803,"Central",144,16,9,2.4134060867754,0.635132272079148,0.0513753901110617,118.466666666667,13.5333333333333,8.81520757020757,16,"bootstrap",0.263168422239193,5.32064965015073,1.40022697371768,0.113263347150171,0.463457085409283,0.113263347150171
2017,"PWSO","black","private",0.00902556848310803,"Central",99,13,7.61538461538461,1.9650136569405,0.583508333446899,0.0590404879570186,118.466666666667,13.5333333333333,8.81520757020757,13,"bootstrap",0.296948742002849,4.33211355669995,1.28641567087554,0.130161995245881,0.463457085409283,0.130161995245881
2018,"PWSO","black","private",0.00902556848310803,"Central",86,12,7.16666666666667,2.25469147449562,0.574582960551022,0.0579260887584013,118.466666666667,13.5333333333333,8.81520757020757,12,"bootstrap",0.254838840280601,4.9707438257942,1.26673859189735,0.127705165564899,0.463457085409283,0.127705165564899
2019,"PWSO","black","private",0.00902556848310803,"Central",138,20,6.9,2.13244754483806,0.737363869855725,0.063480488594375,118.466666666667,13.5333333333333,8.81520757020757,20,"bootstrap",0.345782887668508,4.70124209331345,1.62560906665467,0.139950521083811,0.463457085409283,0.139950521083811
2020,"PWSO","black","private",0.00902556848310803,"Central",53,8,6.625,2.3377358490566,0.775397271650112,0.105110298970189,118.466666666667,13.5333333333333,8.81520757020757,8,"bootstrap",0.331687291343471,5.15382533241509,1.70945836456612,0.231728542704641,0.463457085409283,0.231728542704641
2021,"PWSO","black","private",0.00902556848310803,"Central",51,5,10.2,1.90434673604586,0.740209898172314,0.10148434018383,118.466666666667,13.5333333333333,8.81520757020757,5,"bootstrap",0.388694917874708,4.19836589060987,1.63188348505858,0.223734671945047,0.463457085409283,0.223734671945047
2022,"PWSO","black","private",0.00902556848310803,"Central",70,6,11.6666666666667,1.80406463727808,0.707651912867791,0.084625293799549,118.466666666667,13.5333333333333,8.81520757020757,6,"bootstrap",0.392254189924966,3.97728170728535,1.5601054141946,0.186566836934631,0.463457085409283,0.186566836934631
2023,"PWSO","black","private",0.00902556848310803,"Central",97,12,8.08333333333333,2.20373235707129,0.62462892806051,0.0633111626164976,118.466666666667,13.5333333333333,8.81520757020757,12,"bootstrap",0.283441374382971,4.85839820282528,1.37707106390855,0.139577221202829,0.463457085409283,0.139577221202829
2024,"PWSO","black","private",0.00902556848310803,"Central",79,10,7.9,1.8467423794144,0.531327273338651,0.0571943846059611,118.466666666667,13.5333333333333,8.81520757020757,10,"bootstrap",0.287710554141902,4.07137002296961,1.17137612542531,0.126092034039282,0.463457085409283,0.126092034039282
2025,"PWSO","black","private",0.00902556848310803,"Central",103,10,10.3,1.99890373885028,0.38937599462877,0.0388909159167476,118.466666666667,13.5333333333333,8.81520757020757,10,"bootstrap",0.1947947702838,4.4068283978719,0.858427125443585,0.0857397929425798,0.463457085409283,0.0857397929425798
1977,"BSAI","black","private",0.108657054582904,"Kodiak",NA,NA,NA,NA,NA,NA,NA,NA,NA,NA,NA,1,NA,NA,NA,10,10
1978,"BSAI","black","private",0.108657054582904,"Kodiak",NA,NA,NA,NA,NA,NA,NA,NA,NA,NA,NA,1,NA,NA,NA,10,10
1979,"BSAI","black","private",0.108657054582904,"Kodiak",NA,NA,NA,NA,NA,NA,NA,NA,NA,NA,NA,1,NA,NA,NA,10,10
1980,"BSAI","black","private",0.108657054582904,"Kodiak",NA,NA,NA,NA,NA,NA,NA,NA,NA,NA,NA,1,NA,NA,NA,10,10
1981,"BSAI","black","private",0.108657054582904,"Kodiak",NA,NA,NA,NA,NA,NA,NA,NA,NA,NA,NA,1,NA,NA,NA,10,10
1982,"BSAI","black","private",0.108657054582904,"Kodiak",NA,NA,NA,NA,NA,NA,NA,NA,NA,NA,NA,1,NA,NA,NA,10,10
1983,"BSAI","black","private",0.108657054582904,"Kodiak",NA,NA,NA,NA,NA,NA,NA,NA,NA,NA,NA,1,NA,NA,NA,10,10
1984,"BSAI","black","private",0.108657054582904,"Kodiak",NA,NA,NA,NA,NA,NA,NA,NA,NA,NA,NA,1,NA,NA,NA,10,10
1985,"BSAI","black","private",0.108657054582904,"Kodiak",NA,NA,NA,NA,NA,NA,NA,NA,NA,NA,NA,1,NA,NA,NA,10,10
1986,"BSAI","black","private",0.108657054582904,"Kodiak",NA,NA,NA,NA,NA,NA,NA,NA,NA,NA,NA,1,NA,NA,NA,10,10
1987,"BSAI","black","private",0.108657054582904,"Kodiak",NA,NA,NA,NA,NA,NA,NA,NA,NA,NA,NA,1,NA,NA,NA,10,10
1988,"BSAI","black","private",0.108657054582904,"Kodiak",NA,NA,NA,NA,NA,NA,NA,NA,NA,NA,NA,1,NA,NA,NA,10,10
1989,"BSAI","black","private",0.108657054582904,"Kodiak",NA,NA,NA,NA,NA,NA,NA,NA,NA,NA,NA,1,NA,NA,NA,10,10
1990,"BSAI","black","private",0.108657054582904,"Kodiak",NA,NA,NA,NA,NA,NA,NA,NA,NA,NA,NA,1,NA,NA,NA,10,10
1991,"BSAI","black","private",0.108657054582904,"Kodiak",NA,NA,NA,NA,NA,NA,NA,NA,NA,NA,NA,1,NA,NA,NA,10,10
1992,"BSAI","black","private",0.108657054582904,"Kodiak",NA,NA,NA,NA,NA,NA,NA,NA,NA,NA,NA,1,NA,NA,NA,10,10
1993,"BSAI","black","private",0.108657054582904,"Kodiak",NA,NA,NA,NA,NA,NA,NA,NA,NA,NA,NA,1,NA,NA,NA,10,10
1994,"BSAI","black","private",0.108657054582904,"Kodiak",NA,NA,NA,NA,NA,NA,NA,NA,NA,NA,NA,1,NA,NA,NA,10,10
1995,"BSAI","black","private",0.108657054582904,"Kodiak",NA,NA,NA,NA,NA,NA,NA,NA,NA,NA,NA,1,NA,NA,NA,10,10
1996,"BSAI","black","private",0.108657054582904,"Kodiak",NA,NA,NA,NA,NA,NA,NA,NA,NA,NA,NA,1,NA,NA,NA,10,10
1997,"BSAI","black","private",0.108657054582904,"Kodiak",NA,NA,NA,NA,NA,NA,NA,NA,NA,NA,NA,1,NA,NA,NA,10,10
1998,"BSAI","black","private",0.108657054582904,"Kodiak",NA,NA,NA,NA,NA,NA,NA,NA,NA,NA,NA,1,NA,NA,NA,10,10
1999,"BSAI","black","private",0.108657054582904,"Kodiak",NA,NA,NA,NA,NA,NA,NA,NA,NA,NA,NA,1,NA,NA,NA,10,10
2000,"BSAI","black","private",0.108657054582904,"Kodiak",NA,NA,NA,NA,NA,NA,NA,NA,NA,NA,NA,1,NA,NA,NA,10,10
2001,"BSAI","black","private",0.108657054582904,"Kodiak",NA,NA,NA,NA,NA,NA,NA,NA,NA,NA,NA,1,NA,NA,NA,10,10
2002,"BSAI","black","private",0.108657054582904,"Kodiak",NA,NA,NA,NA,NA,NA,NA,NA,NA,NA,NA,1,NA,NA,NA,10,10
2003,"BSAI","black","private",0.108657054582904,"Kodiak",NA,NA,NA,NA,NA,NA,NA,NA,NA,NA,NA,1,NA,NA,NA,10,10
2004,"BSAI","black","private",0.108657054582904,"Kodiak",NA,NA,NA,NA,NA,NA,NA,NA,NA,NA,NA,1,NA,NA,NA,10,10
2005,"BSAI","black","private",0.108657054582904,"Kodiak",NA,NA,NA,NA,NA,NA,NA,NA,NA,NA,NA,1,NA,NA,NA,10,10
2006,"BSAI","black","private",0.108657054582904,"Kodiak",NA,NA,NA,NA,NA,NA,NA,NA,NA,NA,NA,1,NA,NA,NA,10,10
2007,"BSAI","black","private",0.108657054582904,"Kodiak",NA,NA,NA,NA,NA,NA,NA,NA,NA,NA,NA,1,NA,NA,NA,10,10
2008,"BSAI","black","private",0.108657054582904,"Kodiak",NA,NA,NA,NA,NA,NA,NA,NA,NA,NA,NA,1,NA,NA,NA,10,10
2009,"BSAI","black","private",0.108657054582904,"Kodiak",NA,NA,NA,NA,NA,NA,NA,NA,NA,NA,NA,1,NA,NA,NA,10,10
2010,"BSAI","black","private",0.108657054582904,"Kodiak",NA,NA,NA,NA,NA,NA,NA,NA,NA,NA,NA,1,NA,NA,NA,10,10
2011,"BSAI","black","private",0.108657054582904,"Kodiak",NA,NA,NA,NA,NA,NA,NA,NA,NA,NA,NA,1,NA,NA,NA,10,10
2012,"BSAI","black","private",0.108657054582904,"Kodiak",NA,NA,NA,NA,NA,NA,NA,NA,NA,NA,NA,1,NA,NA,NA,10,10
2013,"BSAI","black","private",0.0319107796367737,"Kodiak",NA,NA,NA,NA,NA,NA,NA,NA,NA,NA,NA,1,NA,NA,NA,10,10
2014,"BSAI","black","private",0.0319107796367737,"Kodiak",NA,NA,NA,NA,NA,NA,NA,NA,NA,NA,NA,1,NA,NA,NA,10,10
2015,"BSAI","black","private",0.0319107796367737,"Kodiak",NA,NA,NA,NA,NA,NA,NA,NA,NA,NA,NA,1,NA,NA,NA,10,10
2016,"BSAI","black","private",0.0319107796367737,"Kodiak",NA,NA,NA,NA,NA,NA,NA,NA,NA,NA,NA,1,NA,NA,NA,10,10
2017,"BSAI","black","private",0.0319107796367737,"Kodiak",NA,NA,NA,NA,NA,NA,NA,NA,NA,NA,NA,1,NA,NA,NA,10,10
2018,"BSAI","black","private",0.0319107796367737,"Kodiak",NA,NA,NA,NA,NA,NA,NA,NA,NA,NA,NA,1,NA,NA,NA,10,10
2019,"BSAI","black","private",0.0319107796367737,"Kodiak",NA,NA,NA,NA,NA,NA,NA,NA,NA,NA,NA,1,NA,NA,NA,10,10
2020,"BSAI","black","private",0.0319107796367737,"Kodiak",NA,NA,NA,NA,NA,NA,NA,NA,NA,NA,NA,1,NA,NA,NA,10,10
2021,"BSAI","black","private",0.0319107796367737,"Kodiak",NA,NA,NA,NA,NA,NA,NA,NA,NA,NA,NA,1,NA,NA,NA,10,10
2022,"BSAI","black","private",0.0319107796367737,"Kodiak",NA,NA,NA,NA,NA,NA,NA,NA,NA,NA,NA,1,NA,NA,NA,10,10
2023,"BSAI","black","private",0.0319107796367737,"Kodiak",NA,NA,NA,NA,NA,NA,NA,NA,NA,NA,NA,1,NA,NA,NA,10,10
2024,"BSAI","black","private",0.0319107796367737,"Kodiak",NA,NA,NA,NA,NA,NA,NA,NA,NA,NA,NA,1,NA,NA,NA,10,10
2025,"BSAI","black","private",0.0319107796367737,"Kodiak",NA,NA,NA,NA,NA,NA,NA,NA,NA,NA,NA,1,NA,NA,NA,10,10
1977,"SOKO2SAP","black","private",0.108657054582904,"Kodiak",NA,NA,NA,NA,NA,NA,NA,NA,NA,NA,NA,1,NA,NA,NA,10,10
1978,"SOKO2SAP","black","private",0.108657054582904,"Kodiak",NA,NA,NA,NA,NA,NA,NA,NA,NA,NA,NA,1,NA,NA,NA,10,10
1979,"SOKO2SAP","black","private",0.108657054582904,"Kodiak",NA,NA,NA,NA,NA,NA,NA,NA,NA,NA,NA,1,NA,NA,NA,10,10
1980,"SOKO2SAP","black","private",0.108657054582904,"Kodiak",NA,NA,NA,NA,NA,NA,NA,NA,NA,NA,NA,1,NA,NA,NA,10,10
1981,"SOKO2SAP","black","private",0.108657054582904,"Kodiak",NA,NA,NA,NA,NA,NA,NA,NA,NA,NA,NA,1,NA,NA,NA,10,10
1982,"SOKO2SAP","black","private",0.108657054582904,"Kodiak",NA,NA,NA,NA,NA,NA,NA,NA,NA,NA,NA,1,NA,NA,NA,10,10
1983,"SOKO2SAP","black","private",0.108657054582904,"Kodiak",NA,NA,NA,NA,NA,NA,NA,NA,NA,NA,NA,1,NA,NA,NA,10,10
1984,"SOKO2SAP","black","private",0.108657054582904,"Kodiak",NA,NA,NA,NA,NA,NA,NA,NA,NA,NA,NA,1,NA,NA,NA,10,10
1985,"SOKO2SAP","black","private",0.108657054582904,"Kodiak",NA,NA,NA,NA,NA,NA,NA,NA,NA,NA,NA,1,NA,NA,NA,10,10
1986,"SOKO2SAP","black","private",0.108657054582904,"Kodiak",NA,NA,NA,NA,NA,NA,NA,NA,NA,NA,NA,1,NA,NA,NA,10,10
1987,"SOKO2SAP","black","private",0.108657054582904,"Kodiak",NA,NA,NA,NA,NA,NA,NA,NA,NA,NA,NA,1,NA,NA,NA,10,10
1988,"SOKO2SAP","black","private",0.108657054582904,"Kodiak",NA,NA,NA,NA,NA,NA,NA,NA,NA,NA,NA,1,NA,NA,NA,10,10
1989,"SOKO2SAP","black","private",0.108657054582904,"Kodiak",NA,NA,NA,NA,NA,NA,NA,NA,NA,NA,NA,1,NA,NA,NA,10,10
1990,"SOKO2SAP","black","private",0.108657054582904,"Kodiak",NA,NA,NA,NA,NA,NA,NA,NA,NA,NA,NA,1,NA,NA,NA,10,10
1991,"SOKO2SAP","black","private",0.108657054582904,"Kodiak",NA,NA,NA,NA,NA,NA,NA,NA,NA,NA,NA,1,NA,NA,NA,10,10
1992,"SOKO2SAP","black","private",0.108657054582904,"Kodiak",NA,NA,NA,NA,NA,NA,NA,NA,NA,NA,NA,1,NA,NA,NA,10,10
1993,"SOKO2SAP","black","private",0.108657054582904,"Kodiak",NA,NA,NA,NA,NA,NA,NA,NA,NA,NA,NA,1,NA,NA,NA,10,10
1994,"SOKO2SAP","black","private",0.108657054582904,"Kodiak",NA,NA,NA,NA,NA,NA,NA,NA,NA,NA,NA,1,NA,NA,NA,10,10
1995,"SOKO2SAP","black","private",0.108657054582904,"Kodiak",NA,NA,NA,NA,NA,NA,NA,NA,NA,NA,NA,1,NA,NA,NA,10,10
1996,"SOKO2SAP","black","private",0.108657054582904,"Kodiak",NA,NA,NA,NA,NA,NA,NA,NA,NA,NA,NA,1,NA,NA,NA,10,10
1997,"SOKO2SAP","black","private",0.108657054582904,"Kodiak",NA,NA,NA,NA,NA,NA,NA,NA,NA,NA,NA,1,NA,NA,NA,10,10
1998,"SOKO2SAP","black","private",0.108657054582904,"Kodiak",NA,NA,NA,NA,NA,NA,NA,NA,NA,NA,NA,1,NA,NA,NA,10,10
1999,"SOKO2SAP","black","private",0.108657054582904,"Kodiak",NA,NA,NA,NA,NA,NA,NA,NA,NA,NA,NA,1,NA,NA,NA,10,10
2000,"SOKO2SAP","black","private",0.108657054582904,"Kodiak",NA,NA,NA,NA,NA,NA,NA,NA,NA,NA,NA,1,NA,NA,NA,10,10
2001,"SOKO2SAP","black","private",0.108657054582904,"Kodiak",NA,NA,NA,NA,NA,NA,NA,NA,NA,NA,NA,1,NA,NA,NA,10,10
2002,"SOKO2SAP","black","private",0.108657054582904,"Kodiak",NA,NA,NA,NA,NA,NA,NA,NA,NA,NA,NA,1,NA,NA,NA,10,10
2003,"SOKO2SAP","black","private",0.108657054582904,"Kodiak",NA,NA,NA,NA,NA,NA,NA,NA,NA,NA,NA,1,NA,NA,NA,10,10
2004,"SOKO2SAP","black","private",0.108657054582904,"Kodiak",NA,NA,NA,NA,NA,NA,NA,NA,NA,NA,NA,1,NA,NA,NA,10,10
2005,"SOKO2SAP","black","private",0.108657054582904,"Kodiak",NA,NA,NA,NA,NA,NA,NA,NA,NA,NA,NA,1,NA,NA,NA,10,10
2006,"SOKO2SAP","black","private",0.108657054582904,"Kodiak",NA,NA,NA,NA,NA,NA,NA,NA,NA,NA,NA,1,NA,NA,NA,10,10
2007,"SOKO2SAP","black","private",0.108657054582904,"Kodiak",NA,NA,NA,NA,NA,NA,NA,NA,NA,NA,NA,1,NA,NA,NA,10,10
2008,"SOKO2SAP","black","private",0.108657054582904,"Kodiak",NA,NA,NA,NA,NA,NA,NA,NA,NA,NA,NA,1,NA,NA,NA,10,10
2009,"SOKO2SAP","black","private",0.108657054582904,"Kodiak",NA,NA,NA,NA,NA,NA,NA,NA,NA,NA,NA,1,NA,NA,NA,10,10
2010,"SOKO2SAP","black","private",0.108657054582904,"Kodiak",NA,NA,NA,NA,NA,NA,NA,NA,NA,NA,NA,1,NA,NA,NA,10,10
2011,"SOKO2SAP","black","private",0.108657054582904,"Kodiak",NA,NA,NA,NA,NA,NA,NA,NA,NA,NA,NA,1,NA,NA,NA,10,10
2012,"SOKO2SAP","black","private",0.108657054582904,"Kodiak",NA,NA,NA,NA,NA,NA,NA,NA,NA,NA,NA,1,NA,NA,NA,10,10
2013,"SOKO2SAP","black","private",0.0319107796367737,"Kodiak",NA,NA,NA,NA,NA,NA,NA,NA,NA,NA,NA,1,NA,NA,NA,10,10
2014,"SOKO2SAP","black","private",0.0319107796367737,"Kodiak",NA,NA,NA,NA,NA,NA,NA,NA,NA,NA,NA,1,NA,NA,NA,10,10
2015,"SOKO2SAP","black","private",0.0319107796367737,"Kodiak",NA,NA,NA,NA,NA,NA,NA,NA,NA,NA,NA,1,NA,NA,NA,10,10
2016,"SOKO2SAP","black","private",0.0319107796367737,"Kodiak",NA,NA,NA,NA,NA,NA,NA,NA,NA,NA,NA,1,NA,NA,NA,10,10
2017,"SOKO2SAP","black","private",0.0319107796367737,"Kodiak",NA,NA,NA,NA,NA,NA,NA,NA,NA,NA,NA,1,NA,NA,NA,10,10
2018,"SOKO2SAP","black","private",0.0319107796367737,"Kodiak",NA,NA,NA,NA,NA,NA,NA,NA,NA,NA,NA,1,NA,NA,NA,10,10
2019,"SOKO2SAP","black","private",0.0319107796367737,"Kodiak",NA,NA,NA,NA,NA,NA,NA,NA,NA,NA,NA,1,NA,NA,NA,10,10
2020,"SOKO2SAP","black","private",0.0319107796367737,"Kodiak",NA,NA,NA,NA,NA,NA,NA,NA,NA,NA,NA,1,NA,NA,NA,10,10
2021,"SOKO2SAP","black","private",0.0319107796367737,"Kodiak",NA,NA,NA,NA,NA,NA,NA,NA,NA,NA,NA,1,NA,NA,NA,10,10
2022,"SOKO2SAP","black","private",0.0319107796367737,"Kodiak",NA,NA,NA,NA,NA,NA,NA,NA,NA,NA,NA,1,NA,NA,NA,10,10
2023,"SOKO2SAP","black","private",0.0319107796367737,"Kodiak",NA,NA,NA,NA,NA,NA,NA,NA,NA,NA,NA,1,NA,NA,NA,10,10
2024,"SOKO2SAP","black","private",0.0319107796367737,"Kodiak",NA,NA,NA,NA,NA,NA,NA,NA,NA,NA,NA,1,NA,NA,NA,10,10
2025,"SOKO2SAP","black","private",0.0319107796367737,"Kodiak",NA,NA,NA,NA,NA,NA,NA,NA,NA,NA,NA,1,NA,NA,NA,10,10
1977,"WKMA","black","private",0.108657054582904,"Kodiak",NA,NA,NA,NA,NA,NA,NA,NA,NA,NA,NA,1,NA,NA,NA,10,10
1978,"WKMA","black","private",0.108657054582904,"Kodiak",NA,NA,NA,NA,NA,NA,NA,NA,NA,NA,NA,1,NA,NA,NA,10,10
1979,"WKMA","black","private",0.108657054582904,"Kodiak",NA,NA,NA,NA,NA,NA,NA,NA,NA,NA,NA,1,NA,NA,NA,10,10
1980,"WKMA","black","private",0.108657054582904,"Kodiak",NA,NA,NA,NA,NA,NA,NA,NA,NA,NA,NA,1,NA,NA,NA,10,10
1981,"WKMA","black","private",0.108657054582904,"Kodiak",NA,NA,NA,NA,NA,NA,NA,NA,NA,NA,NA,1,NA,NA,NA,10,10
1982,"WKMA","black","private",0.108657054582904,"Kodiak",NA,NA,NA,NA,NA,NA,NA,NA,NA,NA,NA,1,NA,NA,NA,10,10
1983,"WKMA","black","private",0.108657054582904,"Kodiak",NA,NA,NA,NA,NA,NA,NA,NA,NA,NA,NA,1,NA,NA,NA,10,10
1984,"WKMA","black","private",0.108657054582904,"Kodiak",NA,NA,NA,NA,NA,NA,NA,NA,NA,NA,NA,1,NA,NA,NA,10,10
1985,"WKMA","black","private",0.108657054582904,"Kodiak",NA,NA,NA,NA,NA,NA,NA,NA,NA,NA,NA,1,NA,NA,NA,10,10
1986,"WKMA","black","private",0.108657054582904,"Kodiak",NA,NA,NA,NA,NA,NA,NA,NA,NA,NA,NA,1,NA,NA,NA,10,10
1987,"WKMA","black","private",0.108657054582904,"Kodiak",NA,NA,NA,NA,NA,NA,NA,NA,NA,NA,NA,1,NA,NA,NA,10,10
1988,"WKMA","black","private",0.108657054582904,"Kodiak",NA,NA,NA,NA,NA,NA,NA,NA,NA,NA,NA,1,NA,NA,NA,10,10
1989,"WKMA","black","private",0.108657054582904,"Kodiak",NA,NA,NA,NA,NA,NA,NA,NA,NA,NA,NA,1,NA,NA,NA,10,10
1990,"WKMA","black","private",0.108657054582904,"Kodiak",NA,NA,NA,NA,NA,NA,NA,NA,NA,NA,NA,1,NA,NA,NA,10,10
1991,"WKMA","black","private",0.108657054582904,"Kodiak",NA,NA,NA,NA,NA,NA,NA,NA,NA,NA,NA,1,NA,NA,NA,10,10
1992,"WKMA","black","private",0.108657054582904,"Kodiak",NA,NA,NA,NA,NA,NA,NA,NA,NA,NA,NA,1,NA,NA,NA,10,10
1993,"WKMA","black","private",0.108657054582904,"Kodiak",NA,NA,NA,NA,NA,NA,NA,NA,NA,NA,NA,1,NA,NA,NA,10,10
1994,"WKMA","black","private",0.108657054582904,"Kodiak",NA,NA,NA,NA,NA,NA,NA,NA,NA,NA,NA,1,NA,NA,NA,10,10
1995,"WKMA","black","private",0.108657054582904,"Kodiak",NA,NA,NA,NA,NA,NA,NA,NA,NA,NA,NA,1,NA,NA,NA,10,10
1996,"WKMA","black","private",0.108657054582904,"Kodiak",NA,NA,NA,NA,NA,NA,NA,NA,NA,NA,NA,1,NA,NA,NA,10,10
1997,"WKMA","black","private",0.108657054582904,"Kodiak",NA,NA,NA,NA,NA,NA,NA,NA,NA,NA,NA,1,NA,NA,NA,10,10
1998,"WKMA","black","private",0.108657054582904,"Kodiak",NA,NA,NA,NA,NA,NA,NA,NA,NA,NA,NA,1,NA,NA,NA,10,10
1999,"WKMA","black","private",0.108657054582904,"Kodiak",NA,NA,NA,NA,NA,NA,NA,NA,NA,NA,NA,1,NA,NA,NA,10,10
2000,"WKMA","black","private",0.108657054582904,"Kodiak",NA,NA,NA,NA,NA,NA,NA,NA,NA,NA,NA,1,NA,NA,NA,10,10
2001,"WKMA","black","private",0.108657054582904,"Kodiak",NA,NA,NA,NA,NA,NA,NA,NA,NA,NA,NA,1,NA,NA,NA,10,10
2002,"WKMA","black","private",0.108657054582904,"Kodiak",NA,NA,NA,NA,NA,NA,NA,NA,NA,NA,NA,1,NA,NA,NA,10,10
2003,"WKMA","black","private",0.108657054582904,"Kodiak",NA,NA,NA,NA,NA,NA,NA,NA,NA,NA,NA,1,NA,NA,NA,10,10
2004,"WKMA","black","private",0.108657054582904,"Kodiak",NA,NA,NA,NA,NA,NA,NA,NA,NA,NA,NA,1,NA,NA,NA,10,10
2005,"WKMA","black","private",0.108657054582904,"Kodiak",NA,NA,NA,NA,NA,NA,NA,NA,NA,NA,NA,1,NA,NA,NA,10,10
2006,"WKMA","black","private",0.108657054582904,"Kodiak",NA,NA,NA,NA,NA,NA,NA,NA,NA,NA,NA,1,NA,NA,NA,10,10
2007,"WKMA","black","private",0.108657054582904,"Kodiak",NA,NA,NA,NA,NA,NA,NA,NA,NA,NA,NA,1,NA,NA,NA,10,10
2008,"WKMA","black","private",0.108657054582904,"Kodiak",NA,NA,NA,NA,NA,NA,NA,NA,NA,NA,NA,1,NA,NA,NA,10,10
2009,"WKMA","black","private",0.108657054582904,"Kodiak",NA,NA,NA,NA,NA,NA,NA,NA,NA,NA,NA,1,NA,NA,NA,10,10
2010,"WKMA","black","private",0.108657054582904,"Kodiak",NA,NA,NA,NA,NA,NA,NA,NA,NA,NA,NA,1,NA,NA,NA,10,10
2011,"WKMA","black","private",0.108657054582904,"Kodiak",NA,NA,NA,NA,NA,NA,NA,NA,NA,NA,NA,1,NA,NA,NA,10,10
2012,"WKMA","black","private",0.108657054582904,"Kodiak",NA,NA,NA,NA,NA,NA,NA,NA,NA,NA,NA,1,NA,NA,NA,10,10
2013,"WKMA","black","private",0.0319107796367737,"Kodiak",NA,NA,NA,NA,NA,NA,NA,NA,NA,NA,NA,1,NA,NA,NA,10,10
2014,"WKMA","black","private",0.0319107796367737,"Kodiak",NA,NA,NA,NA,NA,NA,NA,NA,NA,NA,NA,1,NA,NA,NA,10,10
2015,"WKMA","black","private",0.0319107796367737,"Kodiak",NA,NA,NA,NA,NA,NA,NA,NA,NA,NA,NA,1,NA,NA,NA,10,10
2016,"WKMA","black","private",0.0319107796367737,"Kodiak",NA,NA,NA,NA,NA,NA,NA,NA,NA,NA,NA,1,NA,NA,NA,10,10
2017,"WKMA","black","private",0.0319107796367737,"Kodiak",NA,NA,NA,NA,NA,NA,NA,NA,NA,NA,NA,1,NA,NA,NA,10,10
2018,"WKMA","black","private",0.0319107796367737,"Kodiak",NA,NA,NA,NA,NA,NA,NA,NA,NA,NA,NA,1,NA,NA,NA,10,10
2019,"WKMA","black","private",0.0319107796367737,"Kodiak",NA,NA,NA,NA,NA,NA,NA,NA,NA,NA,NA,1,NA,NA,NA,10,10
2020,"WKMA","black","private",0.0319107796367737,"Kodiak",NA,NA,NA,NA,NA,NA,NA,NA,NA,NA,NA,1,NA,NA,NA,10,10
2021,"WKMA","black","private",0.0319107796367737,"Kodiak",NA,NA,NA,NA,NA,NA,NA,NA,NA,NA,NA,1,NA,NA,NA,10,10
2022,"WKMA","black","private",0.0319107796367737,"Kodiak",NA,NA,NA,NA,NA,NA,NA,NA,NA,NA,NA,1,NA,NA,NA,10,10
2023,"WKMA","black","private",0.0319107796367737,"Kodiak",NA,NA,NA,NA,NA,NA,NA,NA,NA,NA,NA,1,NA,NA,NA,10,10
2024,"WKMA","black","private",0.0319107796367737,"Kodiak",NA,NA,NA,NA,NA,NA,NA,NA,NA,NA,NA,1,NA,NA,NA,10,10
2025,"WKMA","black","private",0.0319107796367737,"Kodiak",NA,NA,NA,NA,NA,NA,NA,NA,NA,NA,NA,1,NA,NA,NA,10,10
1977,"AFOGNAK","black","private",0.108657054582904,"Kodiak",NA,NA,NA,NA,NA,NA,NA,NA,NA,NA,NA,1,NA,NA,NA,0.31131208153346,0.31131208153346
1978,"AFOGNAK","black","private",0.108657054582904,"Kodiak",NA,NA,NA,NA,NA,NA,NA,NA,NA,NA,NA,1,NA,NA,NA,0.31131208153346,0.31131208153346
1979,"AFOGNAK","black","private",0.108657054582904,"Kodiak",NA,NA,NA,NA,NA,NA,NA,NA,NA,NA,NA,1,NA,NA,NA,0.31131208153346,0.31131208153346
1980,"AFOGNAK","black","private",0.108657054582904,"Kodiak",NA,NA,NA,NA,NA,NA,NA,NA,NA,NA,NA,1,NA,NA,NA,0.31131208153346,0.31131208153346
1981,"AFOGNAK","black","private",0.108657054582904,"Kodiak",NA,NA,NA,NA,NA,NA,NA,NA,NA,NA,NA,1,NA,NA,NA,0.31131208153346,0.31131208153346
1982,"AFOGNAK","black","private",0.108657054582904,"Kodiak",NA,NA,NA,NA,NA,NA,NA,NA,NA,NA,NA,1,NA,NA,NA,0.31131208153346,0.31131208153346
1983,"AFOGNAK","black","private",0.108657054582904,"Kodiak",NA,NA,NA,NA,NA,NA,NA,NA,NA,NA,NA,1,NA,NA,NA,0.31131208153346,0.31131208153346
1984,"AFOGNAK","black","private",0.108657054582904,"Kodiak",NA,NA,NA,NA,NA,NA,NA,NA,NA,NA,NA,1,NA,NA,NA,0.31131208153346,0.31131208153346
1985,"AFOGNAK","black","private",0.108657054582904,"Kodiak",NA,NA,NA,NA,NA,NA,NA,NA,NA,NA,NA,1,NA,NA,NA,0.31131208153346,0.31131208153346
1986,"AFOGNAK","black","private",0.108657054582904,"Kodiak",NA,NA,NA,NA,NA,NA,NA,NA,NA,NA,NA,1,NA,NA,NA,0.31131208153346,0.31131208153346
1987,"AFOGNAK","black","private",0.108657054582904,"Kodiak",NA,NA,NA,NA,NA,NA,NA,NA,NA,NA,NA,1,NA,NA,NA,0.31131208153346,0.31131208153346
1988,"AFOGNAK","black","private",0.108657054582904,"Kodiak",NA,NA,NA,NA,NA,NA,NA,NA,NA,NA,NA,1,NA,NA,NA,0.31131208153346,0.31131208153346
1989,"AFOGNAK","black","private",0.108657054582904,"Kodiak",NA,NA,NA,NA,NA,NA,NA,NA,NA,NA,NA,1,NA,NA,NA,0.31131208153346,0.31131208153346
1990,"AFOGNAK","black","private",0.108657054582904,"Kodiak",NA,NA,NA,NA,NA,NA,NA,NA,NA,NA,NA,1,NA,NA,NA,0.31131208153346,0.31131208153346
1991,"AFOGNAK","black","private",0.108657054582904,"Kodiak",NA,NA,NA,NA,NA,NA,NA,NA,NA,NA,NA,1,NA,NA,NA,0.31131208153346,0.31131208153346
1992,"AFOGNAK","black","private",0.108657054582904,"Kodiak",NA,NA,NA,NA,NA,NA,NA,NA,NA,NA,NA,1,NA,NA,NA,0.31131208153346,0.31131208153346
1993,"AFOGNAK","black","private",0.108657054582904,"Kodiak",NA,NA,NA,NA,NA,NA,NA,NA,NA,NA,NA,1,NA,NA,NA,0.31131208153346,0.31131208153346
1994,"AFOGNAK","black","private",0.108657054582904,"Kodiak",NA,NA,NA,NA,NA,NA,NA,NA,NA,NA,NA,1,NA,NA,NA,0.31131208153346,0.31131208153346
1995,"AFOGNAK","black","private",0.108657054582904,"Kodiak",NA,NA,NA,NA,NA,NA,NA,NA,NA,NA,NA,1,NA,NA,NA,0.31131208153346,0.31131208153346
1996,"AFOGNAK","black","private",0.108657054582904,"Kodiak",NA,NA,NA,NA,NA,NA,NA,NA,NA,NA,NA,1,NA,NA,NA,0.31131208153346,0.31131208153346
1997,"AFOGNAK","black","private",0.108657054582904,"Kodiak",NA,NA,NA,NA,NA,NA,NA,NA,NA,NA,NA,1,NA,NA,NA,0.31131208153346,0.31131208153346
1998,"AFOGNAK","black","private",0.108657054582904,"Kodiak",NA,NA,NA,NA,NA,NA,NA,NA,NA,NA,NA,1,NA,NA,NA,0.31131208153346,0.31131208153346
1999,"AFOGNAK","black","private",0.108657054582904,"Kodiak",NA,NA,NA,NA,NA,NA,NA,NA,NA,NA,NA,1,NA,NA,NA,0.31131208153346,0.31131208153346
2000,"AFOGNAK","black","private",0.108657054582904,"Kodiak",NA,NA,NA,NA,NA,NA,NA,NA,NA,NA,NA,1,NA,NA,NA,0.31131208153346,0.31131208153346
2001,"AFOGNAK","black","private",0.108657054582904,"Kodiak",NA,NA,NA,NA,NA,NA,NA,NA,NA,NA,NA,1,NA,NA,NA,0.31131208153346,0.31131208153346
2002,"AFOGNAK","black","private",0.108657054582904,"Kodiak",NA,NA,NA,NA,NA,NA,NA,NA,NA,NA,NA,1,NA,NA,NA,0.31131208153346,0.31131208153346
2003,"AFOGNAK","black","private",0.108657054582904,"Kodiak",NA,NA,NA,NA,NA,NA,NA,NA,NA,NA,NA,1,NA,NA,NA,0.31131208153346,0.31131208153346
2004,"AFOGNAK","black","private",0.108657054582904,"Kodiak",NA,NA,NA,NA,NA,NA,NA,NA,NA,NA,NA,1,NA,NA,NA,0.31131208153346,0.31131208153346
2005,"AFOGNAK","black","private",0.108657054582904,"Kodiak",NA,NA,NA,NA,NA,NA,NA,NA,NA,NA,NA,1,NA,NA,NA,0.31131208153346,0.31131208153346
2006,"AFOGNAK","black","private",0.108657054582904,"Kodiak",NA,NA,NA,NA,NA,NA,NA,NA,NA,NA,NA,1,NA,NA,NA,0.31131208153346,0.31131208153346
2007,"AFOGNAK","black","private",0.108657054582904,"Kodiak",NA,NA,NA,NA,NA,NA,NA,NA,NA,NA,NA,1,NA,NA,NA,0.31131208153346,0.31131208153346
2008,"AFOGNAK","black","private",0.108657054582904,"Kodiak",NA,NA,NA,NA,NA,NA,NA,NA,NA,NA,NA,1,NA,NA,NA,0.31131208153346,0.31131208153346
2009,"AFOGNAK","black","private",0.108657054582904,"Kodiak",NA,NA,NA,NA,NA,NA,NA,NA,NA,NA,NA,1,NA,NA,NA,0.31131208153346,0.31131208153346
2010,"AFOGNAK","black","private",0.108657054582904,"Kodiak",NA,NA,NA,NA,NA,NA,NA,NA,NA,NA,NA,1,NA,NA,NA,0.31131208153346,0.31131208153346
2011,"AFOGNAK","black","private",0.108657054582904,"Kodiak",NA,NA,NA,NA,NA,NA,NA,NA,NA,NA,NA,1,NA,NA,NA,0.31131208153346,0.31131208153346
2012,"AFOGNAK","black","private",0.108657054582904,"Kodiak",NA,NA,NA,NA,NA,NA,NA,NA,NA,NA,NA,1,NA,NA,NA,0.31131208153346,0.31131208153346
2013,"AFOGNAK","black","private",0.0319107796367737,"Kodiak",NA,NA,NA,NA,NA,NA,NA,NA,NA,NA,NA,1,NA,NA,NA,0.31131208153346,0.31131208153346
2014,"AFOGNAK","black","private",0.0319107796367737,"Kodiak",NA,NA,NA,NA,NA,NA,NA,NA,NA,NA,NA,1,NA,NA,NA,0.31131208153346,0.31131208153346
2015,"AFOGNAK","black","private",0.0319107796367737,"Kodiak",NA,NA,NA,NA,NA,NA,NA,NA,NA,NA,NA,1,NA,NA,NA,0.31131208153346,0.31131208153346
2016,"AFOGNAK","black","private",0.0319107796367737,"Kodiak",NA,NA,NA,NA,NA,NA,NA,NA,NA,NA,NA,1,NA,NA,NA,0.31131208153346,0.31131208153346
2017,"AFOGNAK","black","private",0.0319107796367737,"Kodiak",NA,NA,NA,NA,NA,NA,NA,NA,NA,NA,NA,1,NA,NA,NA,0.31131208153346,0.31131208153346
2018,"AFOGNAK","black","private",0.0319107796367737,"Kodiak",NA,NA,NA,NA,NA,NA,NA,NA,NA,NA,NA,1,NA,NA,NA,0.31131208153346,0.31131208153346
2019,"AFOGNAK","black","private",0.0319107796367737,"Kodiak",NA,NA,NA,NA,NA,NA,NA,NA,NA,NA,NA,1,NA,NA,NA,0.31131208153346,0.31131208153346
2020,"AFOGNAK","black","private",0.0319107796367737,"Kodiak",NA,NA,NA,NA,NA,NA,NA,NA,NA,NA,NA,1,NA,NA,NA,0.31131208153346,0.31131208153346
2021,"AFOGNAK","black","private",0.0319107796367737,"Kodiak",NA,NA,NA,NA,NA,NA,NA,NA,NA,NA,NA,1,NA,NA,NA,0.31131208153346,0.31131208153346
2022,"AFOGNAK","black","private",0.0319107796367737,"Kodiak",NA,NA,NA,NA,NA,NA,NA,NA,NA,NA,NA,1,NA,NA,NA,0.31131208153346,0.31131208153346
2023,"AFOGNAK","black","private",0.0319107796367737,"Kodiak",NA,NA,NA,NA,NA,NA,NA,NA,NA,NA,NA,1,NA,NA,NA,0.31131208153346,0.31131208153346
2024,"AFOGNAK","black","private",0.0319107796367737,"Kodiak",NA,NA,NA,NA,NA,NA,NA,NA,NA,NA,NA,1,NA,NA,NA,0.31131208153346,0.31131208153346
2025,"AFOGNAK","black","private",0.0319107796367737,"Kodiak",26,5,5.2,2.42394258030676,0.375414295767693,0.0706043924954059,26,5,5.2,5,"bootstrap",0.154877553130893,5.34387864212545,0.827646848320826,0.15565604076673,0.31131208153346,0.15565604076673
1977,"EASTSIDE","black","private",0.108657054582904,"Kodiak",NA,NA,NA,NA,NA,NA,NA,NA,NA,NA,NA,1,NA,NA,NA,10,10
1978,"EASTSIDE","black","private",0.108657054582904,"Kodiak",NA,NA,NA,NA,NA,NA,NA,NA,NA,NA,NA,1,NA,NA,NA,10,10
1979,"EASTSIDE","black","private",0.108657054582904,"Kodiak",NA,NA,NA,NA,NA,NA,NA,NA,NA,NA,NA,1,NA,NA,NA,10,10
1980,"EASTSIDE","black","private",0.108657054582904,"Kodiak",NA,NA,NA,NA,NA,NA,NA,NA,NA,NA,NA,1,NA,NA,NA,10,10
1981,"EASTSIDE","black","private",0.108657054582904,"Kodiak",NA,NA,NA,NA,NA,NA,NA,NA,NA,NA,NA,1,NA,NA,NA,10,10
1982,"EASTSIDE","black","private",0.108657054582904,"Kodiak",NA,NA,NA,NA,NA,NA,NA,NA,NA,NA,NA,1,NA,NA,NA,10,10
1983,"EASTSIDE","black","private",0.108657054582904,"Kodiak",NA,NA,NA,NA,NA,NA,NA,NA,NA,NA,NA,1,NA,NA,NA,10,10
1984,"EASTSIDE","black","private",0.108657054582904,"Kodiak",NA,NA,NA,NA,NA,NA,NA,NA,NA,NA,NA,1,NA,NA,NA,10,10
1985,"EASTSIDE","black","private",0.108657054582904,"Kodiak",NA,NA,NA,NA,NA,NA,NA,NA,NA,NA,NA,1,NA,NA,NA,10,10
1986,"EASTSIDE","black","private",0.108657054582904,"Kodiak",NA,NA,NA,NA,NA,NA,NA,NA,NA,NA,NA,1,NA,NA,NA,10,10
1987,"EASTSIDE","black","private",0.108657054582904,"Kodiak",NA,NA,NA,NA,NA,NA,NA,NA,NA,NA,NA,1,NA,NA,NA,10,10
1988,"EASTSIDE","black","private",0.108657054582904,"Kodiak",NA,NA,NA,NA,NA,NA,NA,NA,NA,NA,NA,1,NA,NA,NA,10,10
1989,"EASTSIDE","black","private",0.108657054582904,"Kodiak",NA,NA,NA,NA,NA,NA,NA,NA,NA,NA,NA,1,NA,NA,NA,10,10
1990,"EASTSIDE","black","private",0.108657054582904,"Kodiak",NA,NA,NA,NA,NA,NA,NA,NA,NA,NA,NA,1,NA,NA,NA,10,10
1991,"EASTSIDE","black","private",0.108657054582904,"Kodiak",NA,NA,NA,NA,NA,NA,NA,NA,NA,NA,NA,1,NA,NA,NA,10,10
1992,"EASTSIDE","black","private",0.108657054582904,"Kodiak",NA,NA,NA,NA,NA,NA,NA,NA,NA,NA,NA,1,NA,NA,NA,10,10
1993,"EASTSIDE","black","private",0.108657054582904,"Kodiak",NA,NA,NA,NA,NA,NA,NA,NA,NA,NA,NA,1,NA,NA,NA,10,10
1994,"EASTSIDE","black","private",0.108657054582904,"Kodiak",NA,NA,NA,NA,NA,NA,NA,NA,NA,NA,NA,1,NA,NA,NA,10,10
1995,"EASTSIDE","black","private",0.108657054582904,"Kodiak",NA,NA,NA,NA,NA,NA,NA,NA,NA,NA,NA,1,NA,NA,NA,10,10
1996,"EASTSIDE","black","private",0.108657054582904,"Kodiak",NA,NA,NA,NA,NA,NA,NA,NA,NA,NA,NA,1,NA,NA,NA,10,10
1997,"EASTSIDE","black","private",0.108657054582904,"Kodiak",NA,NA,NA,NA,NA,NA,NA,NA,NA,NA,NA,1,NA,NA,NA,10,10
1998,"EASTSIDE","black","private",0.108657054582904,"Kodiak",NA,NA,NA,NA,NA,NA,NA,NA,NA,NA,NA,1,NA,NA,NA,10,10
1999,"EASTSIDE","black","private",0.108657054582904,"Kodiak",NA,NA,NA,NA,NA,NA,NA,NA,NA,NA,NA,1,NA,NA,NA,10,10
2000,"EASTSIDE","black","private",0.108657054582904,"Kodiak",NA,NA,NA,NA,NA,NA,NA,NA,NA,NA,NA,1,NA,NA,NA,10,10
2001,"EASTSIDE","black","private",0.108657054582904,"Kodiak",NA,NA,NA,NA,NA,NA,NA,NA,NA,NA,NA,1,NA,NA,NA,10,10
2002,"EASTSIDE","black","private",0.108657054582904,"Kodiak",NA,NA,NA,NA,NA,NA,NA,NA,NA,NA,NA,1,NA,NA,NA,10,10
2003,"EASTSIDE","black","private",0.108657054582904,"Kodiak",NA,NA,NA,NA,NA,NA,NA,NA,NA,NA,NA,1,NA,NA,NA,10,10
2004,"EASTSIDE","black","private",0.108657054582904,"Kodiak",NA,NA,NA,NA,NA,NA,NA,NA,NA,NA,NA,1,NA,NA,NA,10,10
2005,"EASTSIDE","black","private",0.108657054582904,"Kodiak",NA,NA,NA,NA,NA,NA,NA,NA,NA,NA,NA,1,NA,NA,NA,10,10
2006,"EASTSIDE","black","private",0.108657054582904,"Kodiak",NA,NA,NA,NA,NA,NA,NA,NA,NA,NA,NA,1,NA,NA,NA,10,10
2007,"EASTSIDE","black","private",0.108657054582904,"Kodiak",NA,NA,NA,NA,NA,NA,NA,NA,NA,NA,NA,1,NA,NA,NA,10,10
2008,"EASTSIDE","black","private",0.108657054582904,"Kodiak",NA,NA,NA,NA,NA,NA,NA,NA,NA,NA,NA,1,NA,NA,NA,10,10
2009,"EASTSIDE","black","private",0.108657054582904,"Kodiak",NA,NA,NA,NA,NA,NA,NA,NA,NA,NA,NA,1,NA,NA,NA,10,10
2010,"EASTSIDE","black","private",0.108657054582904,"Kodiak",NA,NA,NA,NA,NA,NA,NA,NA,NA,NA,NA,1,NA,NA,NA,10,10
2011,"EASTSIDE","black","private",0.108657054582904,"Kodiak",NA,NA,NA,NA,NA,NA,NA,NA,NA,NA,NA,1,NA,NA,NA,10,10
2012,"EASTSIDE","black","private",0.108657054582904,"Kodiak",NA,NA,NA,NA,NA,NA,NA,NA,NA,NA,NA,1,NA,NA,NA,10,10
2013,"EASTSIDE","black","private",0.0319107796367737,"Kodiak",NA,NA,NA,NA,NA,NA,NA,NA,NA,NA,NA,1,NA,NA,NA,10,10
2014,"EASTSIDE","black","private",0.0319107796367737,"Kodiak",NA,NA,NA,NA,NA,NA,NA,NA,NA,NA,NA,1,NA,NA,NA,10,10
2015,"EASTSIDE","black","private",0.0319107796367737,"Kodiak",NA,NA,NA,NA,NA,NA,NA,NA,NA,NA,NA,1,NA,NA,NA,10,10
2016,"EASTSIDE","black","private",0.0319107796367737,"Kodiak",NA,NA,NA,NA,NA,NA,NA,NA,NA,NA,NA,1,NA,NA,NA,10,10
2017,"EASTSIDE","black","private",0.0319107796367737,"Kodiak",NA,NA,NA,NA,NA,NA,NA,NA,NA,NA,NA,1,NA,NA,NA,10,10
2018,"EASTSIDE","black","private",0.0319107796367737,"Kodiak",NA,NA,NA,NA,NA,NA,NA,NA,NA,NA,NA,1,NA,NA,NA,10,10
2019,"EASTSIDE","black","private",0.0319107796367737,"Kodiak",NA,NA,NA,NA,NA,NA,NA,NA,NA,NA,NA,1,NA,NA,NA,10,10
2020,"EASTSIDE","black","private",0.0319107796367737,"Kodiak",NA,NA,NA,NA,NA,NA,NA,NA,NA,NA,NA,1,NA,NA,NA,10,10
2021,"EASTSIDE","black","private",0.0319107796367737,"Kodiak",NA,NA,NA,NA,NA,NA,NA,NA,NA,NA,NA,1,NA,NA,NA,10,10
2022,"EASTSIDE","black","private",0.0319107796367737,"Kodiak",NA,NA,NA,NA,NA,NA,NA,NA,NA,NA,NA,1,NA,NA,NA,10,10
2023,"EASTSIDE","black","private",0.0319107796367737,"Kodiak",NA,NA,NA,NA,NA,NA,NA,NA,NA,NA,NA,1,NA,NA,NA,10,10
2024,"EASTSIDE","black","private",0.0319107796367737,"Kodiak",NA,NA,NA,NA,NA,NA,NA,NA,NA,NA,NA,1,NA,NA,NA,10,10
2025,"EASTSIDE","black","private",0.0319107796367737,"Kodiak",NA,NA,NA,NA,NA,NA,NA,NA,NA,NA,NA,1,NA,NA,NA,10,10
1977,"NORTHEAST","black","private",0.108657054582904,"Kodiak",NA,NA,NA,NA,NA,NA,NA,NA,NA,NA,NA,1,NA,NA,NA,0.331465190042896,0.331465190042896
1978,"NORTHEAST","black","private",0.108657054582904,"Kodiak",NA,NA,NA,NA,NA,NA,NA,NA,NA,NA,NA,1,NA,NA,NA,0.331465190042896,0.331465190042896
1979,"NORTHEAST","black","private",0.108657054582904,"Kodiak",NA,NA,NA,NA,NA,NA,NA,NA,NA,NA,NA,1,NA,NA,NA,0.331465190042896,0.331465190042896
1980,"NORTHEAST","black","private",0.108657054582904,"Kodiak",NA,NA,NA,NA,NA,NA,NA,NA,NA,NA,NA,1,NA,NA,NA,0.331465190042896,0.331465190042896
1981,"NORTHEAST","black","private",0.108657054582904,"Kodiak",NA,NA,NA,NA,NA,NA,NA,NA,NA,NA,NA,1,NA,NA,NA,0.331465190042896,0.331465190042896
1982,"NORTHEAST","black","private",0.108657054582904,"Kodiak",NA,NA,NA,NA,NA,NA,NA,NA,NA,NA,NA,1,NA,NA,NA,0.331465190042896,0.331465190042896
1983,"NORTHEAST","black","private",0.108657054582904,"Kodiak",NA,NA,NA,NA,NA,NA,NA,NA,NA,NA,NA,1,NA,NA,NA,0.331465190042896,0.331465190042896
1984,"NORTHEAST","black","private",0.108657054582904,"Kodiak",NA,NA,NA,NA,NA,NA,NA,NA,NA,NA,NA,1,NA,NA,NA,0.331465190042896,0.331465190042896
1985,"NORTHEAST","black","private",0.108657054582904,"Kodiak",NA,NA,NA,NA,NA,NA,NA,NA,NA,NA,NA,1,NA,NA,NA,0.331465190042896,0.331465190042896
1986,"NORTHEAST","black","private",0.108657054582904,"Kodiak",NA,NA,NA,NA,NA,NA,NA,NA,NA,NA,NA,1,NA,NA,NA,0.331465190042896,0.331465190042896
1987,"NORTHEAST","black","private",0.108657054582904,"Kodiak",NA,NA,NA,NA,NA,NA,NA,NA,NA,NA,NA,1,NA,NA,NA,0.331465190042896,0.331465190042896
1988,"NORTHEAST","black","private",0.108657054582904,"Kodiak",NA,NA,NA,NA,NA,NA,NA,NA,NA,NA,NA,1,NA,NA,NA,0.331465190042896,0.331465190042896
1989,"NORTHEAST","black","private",0.108657054582904,"Kodiak",NA,NA,NA,NA,NA,NA,NA,NA,NA,NA,NA,1,NA,NA,NA,0.331465190042896,0.331465190042896
1990,"NORTHEAST","black","private",0.108657054582904,"Kodiak",NA,NA,NA,NA,NA,NA,NA,NA,NA,NA,NA,1,NA,NA,NA,0.331465190042896,0.331465190042896
1991,"NORTHEAST","black","private",0.108657054582904,"Kodiak",NA,NA,NA,NA,NA,NA,NA,NA,NA,NA,NA,1,NA,NA,NA,0.331465190042896,0.331465190042896
1992,"NORTHEAST","black","private",0.108657054582904,"Kodiak",NA,NA,NA,NA,NA,NA,NA,NA,NA,NA,NA,1,NA,NA,NA,0.331465190042896,0.331465190042896
1993,"NORTHEAST","black","private",0.108657054582904,"Kodiak",NA,NA,NA,NA,NA,NA,NA,NA,NA,NA,NA,1,NA,NA,NA,0.331465190042896,0.331465190042896
1994,"NORTHEAST","black","private",0.108657054582904,"Kodiak",NA,NA,NA,NA,NA,NA,NA,NA,NA,NA,NA,1,NA,NA,NA,0.331465190042896,0.331465190042896
1995,"NORTHEAST","black","private",0.108657054582904,"Kodiak",NA,NA,NA,NA,NA,NA,NA,NA,NA,NA,NA,1,NA,NA,NA,0.331465190042896,0.331465190042896
1996,"NORTHEAST","black","private",0.108657054582904,"Kodiak",NA,NA,NA,NA,NA,NA,NA,NA,NA,NA,NA,1,NA,NA,NA,0.331465190042896,0.331465190042896
1997,"NORTHEAST","black","private",0.108657054582904,"Kodiak",NA,NA,NA,NA,NA,NA,NA,NA,NA,NA,NA,1,NA,NA,NA,0.331465190042896,0.331465190042896
1998,"NORTHEAST","black","private",0.108657054582904,"Kodiak",NA,NA,NA,NA,NA,NA,NA,NA,NA,NA,NA,1,NA,NA,NA,0.331465190042896,0.331465190042896
1999,"NORTHEAST","black","private",0.108657054582904,"Kodiak",NA,NA,NA,NA,NA,NA,NA,NA,NA,NA,NA,1,NA,NA,NA,0.331465190042896,0.331465190042896
2000,"NORTHEAST","black","private",0.108657054582904,"Kodiak",NA,NA,NA,NA,NA,NA,NA,NA,NA,NA,NA,1,NA,NA,NA,0.331465190042896,0.331465190042896
2001,"NORTHEAST","black","private",0.108657054582904,"Kodiak",NA,NA,NA,NA,NA,NA,NA,NA,NA,NA,NA,1,NA,NA,NA,0.331465190042896,0.331465190042896
2002,"NORTHEAST","black","private",0.108657054582904,"Kodiak",NA,NA,NA,NA,NA,NA,NA,NA,NA,NA,NA,1,NA,NA,NA,0.331465190042896,0.331465190042896
2003,"NORTHEAST","black","private",0.108657054582904,"Kodiak",NA,NA,NA,NA,NA,NA,NA,NA,NA,NA,NA,1,NA,NA,NA,0.331465190042896,0.331465190042896
2004,"NORTHEAST","black","private",0.108657054582904,"Kodiak",NA,NA,NA,NA,NA,NA,NA,NA,NA,NA,NA,1,NA,NA,NA,0.331465190042896,0.331465190042896
2005,"NORTHEAST","black","private",0.108657054582904,"Kodiak",NA,NA,NA,NA,NA,NA,NA,NA,NA,NA,NA,1,NA,NA,NA,0.331465190042896,0.331465190042896
2006,"NORTHEAST","black","private",0.108657054582904,"Kodiak",NA,NA,NA,NA,NA,NA,NA,NA,NA,NA,NA,1,NA,NA,NA,0.331465190042896,0.331465190042896
2007,"NORTHEAST","black","private",0.108657054582904,"Kodiak",76,15,5.06666666666667,2.05525481610344,0.675305470113271,0.07517504062507,169.285714285714,37.2142857142857,4.56206251150584,16.6591316555445,"bootstrap",0.328575057857586,4.53106125744558,1.48879371482145,0.165732595021448,0.331465190042896,0.165732595021448
2008,"NORTHEAST","black","private",0.108657054582904,"Kodiak",52,15,3.46666666666667,2.35161629470796,0.413656097059092,0.0556367773891336,169.285714285714,37.2142857142857,4.56206251150584,11.3983532380042,"bootstrap",0.175902887724489,5.18442647687375,0.91195558847739,0.122658097935988,0.331465190042896,0.122658097935988
2009,"NORTHEAST","black","private",0.108657054582904,"Kodiak",38,18,2.11111111111111,2.23735618264616,0.447386074977511,0.0704891163330645,169.285714285714,37.2142857142857,4.56206251150584,8.32956582777227,"bootstrap",0.199961936524733,4.93252604925858,0.986317460768437,0.155401900331685,0.331465190042896,0.155401900331685
2010,"NORTHEAST","black","private",0.108657054582904,"Kodiak",31,12,2.58333333333333,2.30656119159,0.394312621886934,0.0711120244280817,169.285714285714,37.2142857142857,4.56206251150584,6.79517212265633,"bootstrap",0.170952595285417,5.08509697739347,0.869310525563442,0.156775177608141,0.331465190042896,0.156775177608141
2011,"NORTHEAST","black","private",0.108657054582904,"Kodiak",51,15,3.4,2.06810238650068,0.40065361311305,0.0567656652403354,169.285714285714,37.2142857142857,4.56206251150584,15,"bootstrap",0.193730066619658,4.55938530175538,0.883290018253759,0.125146869628191,0.331465190042896,0.125146869628191
2012,"NORTHEAST","black","private",0.108657054582904,"Kodiak",112,23,4.8695652173913,2.21901351191595,0.411268100293228,0.0403157649349264,169.285714285714,37.2142857142857,4.56206251150584,23,"bootstrap",0.185338258683305,4.89208738245554,0.906690956790879,0.0888810473181416,0.331465190042896,0.0888810473181416
2013,"NORTHEAST","black","private",0.0319107796367737,"Kodiak",107,23,4.65217391304348,1.73860477782378,0.726842195650255,0.0670815086333126,169.285714285714,37.2142857142857,4.56206251150584,23,"bootstrap",0.41806062247226,3.83296742043038,1.60241274570102,0.147889411316726,0.331465190042896,0.147889411316726
2014,"NORTHEAST","black","private",0.0319107796367737,"Kodiak",96,18,5.33333333333333,2.23811910901069,0.434139396134157,0.0460214710401041,169.285714285714,37.2142857142857,4.56206251150584,18,"bootstrap",0.193975108110336,4.93420801397921,0.957113532950503,0.101459976060688,0.331465190042896,0.101459976060688
2015,"NORTHEAST","black","private",0.0319107796367737,"Kodiak",278,57,4.87719298245614,2.18342037192064,0.463452255971639,0.0280310032270673,169.285714285714,37.2142857142857,4.56206251150584,57,"bootstrap",0.212259747106767,4.81361794090506,1.02173732680511,0.0617977837756856,0.331465190042896,0.0617977837756856
2016,"NORTHEAST","black","private",0.0319107796367737,"Kodiak",266,50,5.32,2.28469221448118,0.487805388986442,0.0290730617991402,169.285714285714,37.2142857142857,4.56206251150584,50,"bootstrap",0.213510330141872,5.0368841357831,1.07542679471741,0.0640951296750424,0.331465190042896,0.0640951296750424
2017,"NORTHEAST","black","private",0.0319107796367737,"Kodiak",233,55,4.23636363636364,2.00194833444222,0.564879997897409,0.0367230716309548,169.285714285714,37.2142857142857,4.56206251150584,55,"bootstrap",0.282165122935001,4.41354058218264,1.24534722095018,0.0809605143934832,0.331465190042896,0.0809605143934832
2018,"NORTHEAST","black","private",0.0319107796367737,"Kodiak",226,55,4.10909090909091,1.84549042792546,0.679215979377861,0.0451220910113849,169.285714285714,37.2142857142857,4.56206251150584,55,"bootstrap",0.368040911564834,4.06860994239795,1.49741491200189,0.0994771825053978,0.331465190042896,0.0994771825053978
2019,"NORTHEAST","black","private",0.0319107796367737,"Kodiak",183,47,3.8936170212766,2.08915853298143,0.594277892831562,0.0436550524847319,169.285714285714,37.2142857142857,4.56206251150584,47,"bootstrap",0.284458016684579,4.60580615857688,1.3101584851024,0.0962429161851271,0.331465190042896,0.0962429161851271
2020,"NORTHEAST","black","private",0.0319107796367737,"Kodiak",NA,NA,NA,NA,NA,NA,NA,NA,NA,NA,NA,1,NA,NA,NA,0.331465190042896,0.331465190042896
2021,"NORTHEAST","black","private",0.0319107796367737,"Kodiak",183,39,4.69230769230769,1.79084958600576,0.532277559237674,0.0387736260260557,169.285714285714,37.2142857142857,4.56206251150584,39,"bootstrap",0.29722069535993,3.94814750632593,1.17347114721377,0.0854812129964631,0.331465190042896,0.0854812129964631
2022,"NORTHEAST","black","private",0.0319107796367737,"Kodiak",106,21,5.04761904761905,1.92583567898342,0.517123192549713,0.050109470210895,169.285714285714,37.2142857142857,4.56206251150584,21,"bootstrap",0.26851885557686,4.24574090028991,1.14006148762171,0.110472471503155,0.331465190042896,0.110472471503155
2023,"NORTHEAST","black","private",0.0319107796367737,"Kodiak",149,34,4.38235294117647,1.92058564459757,0.472184114162824,0.0384609098237883,169.285714285714,37.2142857142857,4.56206251150584,34,"bootstrap",0.245854234874156,4.23416655572708,1.04098777888802,0.0847917917833039,0.331465190042896,0.0847917917833039
2024,"NORTHEAST","black","private",0.0319107796367737,"Kodiak",150,33,4.54545454545455,1.99524596449704,0.460226282319759,0.0383722734669709,169.285714285714,37.2142857142857,4.56206251150584,33,"bootstrap",0.230661427467552,4.39876438579389,1.01462527232065,0.0845963820661099,0.331465190042896,0.0845963820661099
2025,"NORTHEAST","black","private",0.0319107796367737,"Kodiak",230,51,4.50980392156863,2.24862041254902,0.632862215254868,0.0427123488312748,169.285714285714,37.2142857142857,4.56206251150584,51,"bootstrap",0.281444663458098,4.9573594252993,1.39522235509419,0.094164610386759,0.331465190042896,0.094164610386759
1977,"CSEO","black","private",0.15,"Southeast",NA,NA,NA,NA,NA,NA,NA,NA,NA,NA,NA,1,NA,NA,NA,0.533371744396646,0.533371744396646
1978,"CSEO","black","private",0.15,"Southeast",NA,NA,NA,NA,NA,NA,NA,NA,NA,NA,NA,1,NA,NA,NA,0.533371744396646,0.533371744396646
1979,"CSEO","black","private",0.15,"Southeast",NA,NA,NA,NA,NA,NA,NA,NA,NA,NA,NA,1,NA,NA,NA,0.533371744396646,0.533371744396646
1980,"CSEO","black","private",0.15,"Southeast",NA,NA,NA,NA,NA,NA,NA,NA,NA,NA,NA,1,NA,NA,NA,0.533371744396646,0.533371744396646
1981,"CSEO","black","private",0.15,"Southeast",NA,NA,NA,NA,NA,NA,NA,NA,NA,NA,NA,1,NA,NA,NA,0.533371744396646,0.533371744396646
1982,"CSEO","black","private",0.15,"Southeast",NA,NA,NA,NA,NA,NA,NA,NA,NA,NA,NA,1,NA,NA,NA,0.533371744396646,0.533371744396646
1983,"CSEO","black","private",0.15,"Southeast",NA,NA,NA,NA,NA,NA,NA,NA,NA,NA,NA,1,NA,NA,NA,0.533371744396646,0.533371744396646
1984,"CSEO","black","private",0.15,"Southeast",NA,NA,NA,NA,NA,NA,NA,NA,NA,NA,NA,1,NA,NA,NA,0.533371744396646,0.533371744396646
1985,"CSEO","black","private",0.15,"Southeast",NA,NA,NA,NA,NA,NA,NA,NA,NA,NA,NA,1,NA,NA,NA,0.533371744396646,0.533371744396646
1986,"CSEO","black","private",0.15,"Southeast",NA,NA,NA,NA,NA,NA,NA,NA,NA,NA,NA,1,NA,NA,NA,0.533371744396646,0.533371744396646
1987,"CSEO","black","private",0.15,"Southeast",NA,NA,NA,NA,NA,NA,NA,NA,NA,NA,NA,1,NA,NA,NA,0.533371744396646,0.533371744396646
1988,"CSEO","black","private",0.15,"Southeast",NA,NA,NA,NA,NA,NA,NA,NA,NA,NA,NA,1,NA,NA,NA,0.533371744396646,0.533371744396646
1989,"CSEO","black","private",0.15,"Southeast",NA,NA,NA,NA,NA,NA,NA,NA,NA,NA,NA,1,NA,NA,NA,0.533371744396646,0.533371744396646
1990,"CSEO","black","private",0.15,"Southeast",NA,NA,NA,NA,NA,NA,NA,NA,NA,NA,NA,1,NA,NA,NA,0.533371744396646,0.533371744396646
1991,"CSEO","black","private",0.15,"Southeast",NA,NA,NA,NA,NA,NA,NA,NA,NA,NA,NA,1,NA,NA,NA,0.533371744396646,0.533371744396646
1992,"CSEO","black","private",0.15,"Southeast",NA,NA,NA,NA,NA,NA,NA,NA,NA,NA,NA,1,NA,NA,NA,0.533371744396646,0.533371744396646
1993,"CSEO","black","private",0.15,"Southeast",NA,NA,NA,NA,NA,NA,NA,NA,NA,NA,NA,1,NA,NA,NA,0.533371744396646,0.533371744396646
1994,"CSEO","black","private",0.15,"Southeast",NA,NA,NA,NA,NA,NA,NA,NA,NA,NA,NA,1,NA,NA,NA,0.533371744396646,0.533371744396646
1995,"CSEO","black","private",0.15,"Southeast",NA,NA,NA,NA,NA,NA,NA,NA,NA,NA,NA,1,NA,NA,NA,0.533371744396646,0.533371744396646
1996,"CSEO","black","private",0.15,"Southeast",NA,NA,NA,NA,NA,NA,NA,NA,NA,NA,NA,1,NA,NA,NA,0.533371744396646,0.533371744396646
1997,"CSEO","black","private",0.15,"Southeast",NA,NA,NA,NA,NA,NA,NA,NA,NA,NA,NA,1,NA,NA,NA,0.533371744396646,0.533371744396646
1998,"CSEO","black","private",0.15,"Southeast",NA,NA,NA,NA,NA,NA,NA,NA,NA,NA,NA,1,NA,NA,NA,0.533371744396646,0.533371744396646
1999,"CSEO","black","private",0.15,"Southeast",NA,NA,NA,NA,NA,NA,NA,NA,NA,NA,NA,1,NA,NA,NA,0.533371744396646,0.533371744396646
2000,"CSEO","black","private",0.15,"Southeast",NA,NA,NA,NA,NA,NA,NA,NA,NA,NA,NA,1,NA,NA,NA,0.533371744396646,0.533371744396646
2001,"CSEO","black","private",0.15,"Southeast",NA,NA,NA,NA,NA,NA,NA,NA,NA,NA,NA,1,NA,NA,NA,0.533371744396646,0.533371744396646
2002,"CSEO","black","private",0.15,"Southeast",NA,NA,NA,NA,NA,NA,NA,NA,NA,NA,NA,1,NA,NA,NA,0.533371744396646,0.533371744396646
2003,"CSEO","black","private",0.15,"Southeast",NA,NA,NA,NA,NA,NA,NA,NA,NA,NA,NA,1,NA,NA,NA,0.533371744396646,0.533371744396646
2004,"CSEO","black","private",0.15,"Southeast",NA,NA,NA,NA,NA,NA,NA,NA,NA,NA,NA,1,NA,NA,NA,0.533371744396646,0.533371744396646
2005,"CSEO","black","private",0.15,"Southeast",NA,NA,NA,NA,NA,NA,NA,NA,NA,NA,NA,1,NA,NA,NA,0.533371744396646,0.533371744396646
2006,"CSEO","black","private",0.15,"Southeast",33,1,33,1.46130206142424,0.418639704972329,0.0716547955988803,121.6,45.5333333333333,2.70992033450121,12.1774797509219,"bootstrap",0.286484030936292,3.22161957926851,0.922942563212123,0.157971783208768,0.533371744396646,0.157971783208768
2007,"CSEO","black","private",0.15,"Southeast",19,1,19,1.19364176147368,0.384208948049409,0.0841510765632074,121.6,45.5333333333333,2.70992033450121,7.01127622022775,"bootstrap",0.321879612837156,2.63152962752152,0.847035737676132,0.185521366888599,0.533371744396646,0.185521366888599
2008,"CSEO","black","private",0.15,"Southeast",NA,NA,NA,NA,NA,NA,NA,NA,NA,NA,NA,1,NA,NA,NA,0.533371744396646,0.533371744396646
2009,"CSEO","black","private",0.15,"Southeast",59,1,59,1.60749269835593,0.504649338706793,0.0649454676923548,121.6,45.5333333333333,2.70992033450121,21.7718577364967,"bootstrap",0.313935695772009,3.54391476428032,1.11256134728104,0.143180247141045,0.533371744396646,0.143180247141045
2010,"CSEO","black","private",0.15,"Southeast",55,1,55,1.43193900312727,0.458420942595438,0.0619959865765544,121.6,45.5333333333333,2.70992033450121,20.2957995848698,"bootstrap",0.320139993110233,3.15688511675463,1.01064517952762,0.136677754355888,0.533371744396646,0.136677754355888
2011,"CSEO","black","private",0.15,"Southeast",131,53,2.47169811320755,1.5476156029084,0.55184684640064,0.0468154182934931,121.6,45.5333333333333,2.70992033450121,53,"bootstrap",0.356578755967287,3.4119083652368,1.21661404035052,0.103210330134597,0.533371744396646,0.103210330134597
2012,"CSEO","black","private",0.15,"Southeast",124,55,2.25454545454545,1.31636767231452,0.518609930150155,0.0469476973703489,121.6,45.5333333333333,2.70992033450121,55,"bootstrap",0.393970424112818,2.90209394662134,1.14333918296565,0.103501955579586,0.533371744396646,0.103501955579586
2013,"CSEO","black","private",0.15,"Southeast",296,100,2.96,1.29083174923649,0.40845095989638,0.0236183306793421,121.6,45.5333333333333,2.70992033450121,100,"bootstrap",0.316424630969895,2.84579687298093,0.900480225348272,0.0520695060623176,0.533371744396646,0.0520695060623176
2014,"CSEO","black","private",0.15,"Southeast",181,61,2.9672131147541,1.27423470352486,0.472737528766612,0.0364546595644133,121.6,45.5333333333333,2.70992033450121,61,"bootstrap",0.370997216963954,2.8092066505799,1.04220784924177,0.0803687670801049,0.533371744396646,0.0803687670801049
2015,"CSEO","black","private",0.15,"Southeast",81,47,1.72340425531915,1.33187386658025,0.462229075231105,0.0526794113002851,121.6,45.5333333333333,2.70992033450121,47,"bootstrap",0.347051689224848,2.93627925324968,1.01904067487618,0.116138221760892,0.533371744396646,0.116138221760892
2016,"CSEO","black","private",0.15,"Southeast",210,82,2.5609756097561,1.41751848846667,0.399080527687204,0.0271896241142579,121.6,45.5333333333333,2.70992033450121,82,"bootstrap",0.281534619078506,3.12509332394183,0.879821958540746,0.0599428603515904,0.533371744396646,0.0599428603515904
2017,"CSEO","black","private",0.15,"Southeast",97,32,3.03125,1.34148961287629,0.362887100659605,0.0372765357048761,121.6,45.5333333333333,2.70992033450121,32,"bootstrap",0.27051055571093,2.95747834504211,0.800029110620382,0.0821806938102075,0.533371744396646,0.0821806938102075
2018,"CSEO","black","private",0.15,"Southeast",73,26,2.80769230769231,1.34962047486301,0.409201497084328,0.0472239400659193,121.6,45.5333333333333,2.70992033450121,26,"bootstrap",0.303197457882271,2.97540382729813,0.902134876609973,0.10411096647485,0.533371744396646,0.10411096647485
2019,"CSEO","black","private",0.15,"Southeast",133,44,3.02272727272727,1.35051661606015,0.461446878827258,0.0390736616028757,121.6,45.5333333333333,2.70992033450121,44,"bootstrap",0.34168174855444,2.97737948045206,1.01731622699097,0.0861426782159252,0.533371744396646,0.0861426782159252
2020,"CSEO","black","private",0.15,"Southeast",52,22,2.36363636363636,1.40547324080769,0.611122539861144,0.0828601729587277,121.6,45.5333333333333,2.70992033450121,22,"bootstrap",0.434816204334098,3.09853809848934,1.34729457496973,0.182675411601923,0.533371744396646,0.182675411601923
2021,"CSEO","black","private",0.15,"Southeast",21,8,2.625,1.38863418366667,0.58764355040345,0.120966676917396,121.6,45.5333333333333,2.70992033450121,8,"bootstrap",0.42318096249927,3.06141433221678,1.29553226371656,0.266685872198323,0.533371744396646,0.266685872198323
2022,"CSEO","black","private",0.15,"Southeast",107,42,2.54761904761905,1.46392800670093,0.688301119009743,0.0641368122609913,121.6,45.5333333333333,2.70992033450121,42,"bootstrap",0.470174158742191,3.22740879762438,1.51744421634019,0.141397467085275,0.533371744396646,0.141397467085275
2023,"CSEO","black","private",0.15,"Southeast",58,20,2.9,1.198637873,0.402818163354445,0.0506885073936657,121.6,45.5333333333333,2.70992033450121,20,"bootstrap",0.336063270173714,2.64254416800449,0.888062034678064,0.111749029974113,0.533371744396646,0.111749029974113
2024,"CSEO","black","private",0.15,"Southeast",90,23,3.91304347826087,1.22281297877778,0.313289210968302,0.0331416511513401,121.6,45.5333333333333,2.70992033450121,23,"bootstrap",0.256203701142786,2.69584115304307,0.690684481102671,0.0730648337923934,0.533371744396646,0.0730648337923934
2025,"CSEO","black","private",0.15,"Southeast",187,NA,NA,1.287365666,0.130755694,NA,NA,NA,NA,NA,"4-stage",0.101568417935421,2.83815546747496,0.288266960686198,NA,0.533371744396646,0.533371744396646
1977,"EWYKT","black","private",0.15,"Southeast",NA,NA,NA,NA,NA,NA,NA,NA,NA,NA,NA,1,NA,NA,NA,0.678718403494949,0.678718403494949
1978,"EWYKT","black","private",0.15,"Southeast",NA,NA,NA,NA,NA,NA,NA,NA,NA,NA,NA,1,NA,NA,NA,0.678718403494949,0.678718403494949
1979,"EWYKT","black","private",0.15,"Southeast",NA,NA,NA,NA,NA,NA,NA,NA,NA,NA,NA,1,NA,NA,NA,0.678718403494949,0.678718403494949
1980,"EWYKT","black","private",0.15,"Southeast",NA,NA,NA,NA,NA,NA,NA,NA,NA,NA,NA,1,NA,NA,NA,0.678718403494949,0.678718403494949
1981,"EWYKT","black","private",0.15,"Southeast",NA,NA,NA,NA,NA,NA,NA,NA,NA,NA,NA,1,NA,NA,NA,0.678718403494949,0.678718403494949
1982,"EWYKT","black","private",0.15,"Southeast",NA,NA,NA,NA,NA,NA,NA,NA,NA,NA,NA,1,NA,NA,NA,0.678718403494949,0.678718403494949
1983,"EWYKT","black","private",0.15,"Southeast",NA,NA,NA,NA,NA,NA,NA,NA,NA,NA,NA,1,NA,NA,NA,0.678718403494949,0.678718403494949
1984,"EWYKT","black","private",0.15,"Southeast",NA,NA,NA,NA,NA,NA,NA,NA,NA,NA,NA,1,NA,NA,NA,0.678718403494949,0.678718403494949
1985,"EWYKT","black","private",0.15,"Southeast",NA,NA,NA,NA,NA,NA,NA,NA,NA,NA,NA,1,NA,NA,NA,0.678718403494949,0.678718403494949
1986,"EWYKT","black","private",0.15,"Southeast",NA,NA,NA,NA,NA,NA,NA,NA,NA,NA,NA,1,NA,NA,NA,0.678718403494949,0.678718403494949
1987,"EWYKT","black","private",0.15,"Southeast",NA,NA,NA,NA,NA,NA,NA,NA,NA,NA,NA,1,NA,NA,NA,0.678718403494949,0.678718403494949
1988,"EWYKT","black","private",0.15,"Southeast",NA,NA,NA,NA,NA,NA,NA,NA,NA,NA,NA,1,NA,NA,NA,0.678718403494949,0.678718403494949
1989,"EWYKT","black","private",0.15,"Southeast",NA,NA,NA,NA,NA,NA,NA,NA,NA,NA,NA,1,NA,NA,NA,0.678718403494949,0.678718403494949
1990,"EWYKT","black","private",0.15,"Southeast",NA,NA,NA,NA,NA,NA,NA,NA,NA,NA,NA,1,NA,NA,NA,0.678718403494949,0.678718403494949
1991,"EWYKT","black","private",0.15,"Southeast",NA,NA,NA,NA,NA,NA,NA,NA,NA,NA,NA,1,NA,NA,NA,0.678718403494949,0.678718403494949
1992,"EWYKT","black","private",0.15,"Southeast",NA,NA,NA,NA,NA,NA,NA,NA,NA,NA,NA,1,NA,NA,NA,0.678718403494949,0.678718403494949
1993,"EWYKT","black","private",0.15,"Southeast",NA,NA,NA,NA,NA,NA,NA,NA,NA,NA,NA,1,NA,NA,NA,0.678718403494949,0.678718403494949
1994,"EWYKT","black","private",0.15,"Southeast",NA,NA,NA,NA,NA,NA,NA,NA,NA,NA,NA,1,NA,NA,NA,0.678718403494949,0.678718403494949
1995,"EWYKT","black","private",0.15,"Southeast",NA,NA,NA,NA,NA,NA,NA,NA,NA,NA,NA,1,NA,NA,NA,0.678718403494949,0.678718403494949
1996,"EWYKT","black","private",0.15,"Southeast",NA,NA,NA,NA,NA,NA,NA,NA,NA,NA,NA,1,NA,NA,NA,0.678718403494949,0.678718403494949
1997,"EWYKT","black","private",0.15,"Southeast",NA,NA,NA,NA,NA,NA,NA,NA,NA,NA,NA,1,NA,NA,NA,0.678718403494949,0.678718403494949
1998,"EWYKT","black","private",0.15,"Southeast",NA,NA,NA,NA,NA,NA,NA,NA,NA,NA,NA,1,NA,NA,NA,0.678718403494949,0.678718403494949
1999,"EWYKT","black","private",0.15,"Southeast",NA,NA,NA,NA,NA,NA,NA,NA,NA,NA,NA,1,NA,NA,NA,0.678718403494949,0.678718403494949
2000,"EWYKT","black","private",0.15,"Southeast",NA,NA,NA,NA,NA,NA,NA,NA,NA,NA,NA,1,NA,NA,NA,0.678718403494949,0.678718403494949
2001,"EWYKT","black","private",0.15,"Southeast",NA,NA,NA,NA,NA,NA,NA,NA,NA,NA,NA,1,NA,NA,NA,0.678718403494949,0.678718403494949
2002,"EWYKT","black","private",0.15,"Southeast",NA,NA,NA,NA,NA,NA,NA,NA,NA,NA,NA,1,NA,NA,NA,0.678718403494949,0.678718403494949
2003,"EWYKT","black","private",0.15,"Southeast",NA,NA,NA,NA,NA,NA,NA,NA,NA,NA,NA,1,NA,NA,NA,0.678718403494949,0.678718403494949
2004,"EWYKT","black","private",0.15,"Southeast",NA,NA,NA,NA,NA,NA,NA,NA,NA,NA,NA,1,NA,NA,NA,0.678718403494949,0.678718403494949
2005,"EWYKT","black","private",0.15,"Southeast",NA,NA,NA,NA,NA,NA,NA,NA,NA,NA,NA,1,NA,NA,NA,0.678718403494949,0.678718403494949
2006,"EWYKT","black","private",0.15,"Southeast",11,1,11,1.50424654009091,0.462203932220324,0.130473613268076,100.8,23.7333333333333,3.44014884883052,3.19753606119091,"bootstrap",0.307266076339049,3.31629594834116,1.01898524402587,0.287645079123932,0.678718403494949,0.287645079123932
2007,"EWYKT","black","private",0.15,"Southeast",NA,NA,NA,NA,NA,NA,NA,NA,NA,NA,NA,1,NA,NA,NA,0.678718403494949,0.678718403494949
2008,"EWYKT","black","private",0.15,"Southeast",14,1,14,1.93507767842857,0.564948526197879,0.146892072778152,100.8,23.7333333333333,3.44014884883052,4.06959135060662,"bootstrap",0.291951342571767,4.26611602132071,1.24549829999151,0.3238415863454,0.678718403494949,0.3238415863454
2009,"EWYKT","black","private",0.15,"Southeast",NA,NA,NA,NA,NA,NA,NA,NA,NA,NA,NA,1,NA,NA,NA,0.678718403494949,0.678718403494949
2010,"EWYKT","black","private",0.15,"Southeast",NA,NA,NA,NA,NA,NA,NA,NA,NA,NA,NA,1,NA,NA,NA,0.678718403494949,0.678718403494949
2011,"EWYKT","black","private",0.15,"Southeast",NA,NA,NA,NA,NA,NA,NA,NA,NA,NA,NA,1,NA,NA,NA,0.678718403494949,0.678718403494949
2012,"EWYKT","black","private",0.15,"Southeast",NA,NA,NA,NA,NA,NA,NA,NA,NA,NA,NA,1,NA,NA,NA,0.678718403494949,0.678718403494949
2013,"EWYKT","black","private",0.15,"Southeast",NA,NA,NA,NA,NA,NA,NA,NA,NA,NA,NA,1,NA,NA,NA,0.678718403494949,0.678718403494949
2014,"EWYKT","black","private",0.15,"Southeast",NA,NA,NA,NA,NA,NA,NA,NA,NA,NA,NA,1,NA,NA,NA,0.678718403494949,0.678718403494949
2015,"EWYKT","black","private",0.15,"Southeast",27,9,3,1.45350319288889,0.572841141242929,0.107026331971573,100.8,23.7333333333333,3.44014884883052,9,"bootstrap",0.39411068654372,3.20442601728507,1.26289853765078,0.235952672400159,0.678718403494949,0.235952672400159
2016,"EWYKT","black","private",0.15,"Southeast",49,17,2.88235294117647,1.66925808453061,0.580297332350879,0.0795882693262823,100.8,23.7333333333333,3.44014884883052,17,"bootstrap",0.347637874411767,3.68008413177405,1.27933662522641,0.175462098843374,0.678718403494949,0.175462098843374
2017,"EWYKT","black","private",0.15,"Southeast",NA,NA,NA,NA,NA,NA,NA,NA,NA,NA,NA,1,NA,NA,NA,0.678718403494949,0.678718403494949
2018,"EWYKT","black","private",0.15,"Southeast",21,8,2.625,1.840255697,0.469060091318239,0.0973590008935574,100.8,23.7333333333333,3.44014884883052,8,"bootstrap",0.254888541892795,4.05706933619007,1.03410048745946,0.214639855630537,0.678718403494949,0.214639855630537
2019,"EWYKT","black","private",0.15,"Southeast",106,33,3.21212121212121,1.70661356817925,0.532849557085081,0.0537010837045169,100.8,23.7333333333333,3.44014884883052,33,"bootstrap",0.312226251460995,3.76243887600689,1.17473218660675,0.118390623853491,0.678718403494949,0.118390623853491
2020,"EWYKT","black","private",0.15,"Southeast",16,4,4,1.3820865049375,0.629312673840875,0.15393074473103,100.8,23.7333333333333,3.44014884883052,4,"bootstrap",0.455335227999591,3.04697917158195,1.38739695580228,0.339359201747475,0.678718403494949,0.339359201747475
2021,"EWYKT","black","private",0.15,"Southeast",80,10,8,1.3891843767125,0.489091761236549,0.0540211695929999,100.8,23.7333333333333,3.44014884883052,10,"bootstrap",0.352071164515961,3.06262730025098,1.07826276007774,0.119096292443584,0.678718403494949,0.119096292443584
2022,"EWYKT","black","private",0.15,"Southeast",175,37,4.72972972972973,1.38489395418857,0.511829183271013,0.0385277179034219,100.8,23.7333333333333,3.44014884883052,37,"bootstrap",0.369580054648229,3.05316853770537,1.1283901950154,0.0849390783868629,0.678718403494949,0.0849390783868629
2023,"EWYKT","black","private",0.15,"Southeast",318,78,4.07692307692308,1.54363723799057,0.466011125318019,0.0260493799759938,100.8,23.7333333333333,3.44014884883052,78,"bootstrap",0.301891606297765,3.40313757194833,1.02737866804776,0.057429052332051,0.678718403494949,0.057429052332051
2024,"EWYKT","black","private",0.15,"Southeast",352,67,5.25373134328358,1.56316712915909,0.435281006241346,0.0235952132474533,100.8,23.7333333333333,3.44014884883052,67,"bootstrap",0.278460951565369,3.44619361178459,0.959630352416033,0.0520185408490592,0.678718403494949,0.0520185408490592
2025,"EWYKT","black","private",0.15,"Southeast",423,NA,NA,1.766827184,0.200846865,NA,NA,NA,NA,NA,"4-stage",0.113676576191959,3.8951871754773,0.442791541735086,NA,0.678718403494949,0.678718403494949
1977,"NSEI","black","private",0.15,"Southeast",NA,NA,NA,NA,NA,NA,NA,NA,NA,NA,NA,1,NA,NA,NA,0.802656059693229,0.802656059693229
1978,"NSEI","black","private",0.15,"Southeast",NA,NA,NA,NA,NA,NA,NA,NA,NA,NA,NA,1,NA,NA,NA,0.802656059693229,0.802656059693229
1979,"NSEI","black","private",0.15,"Southeast",NA,NA,NA,NA,NA,NA,NA,NA,NA,NA,NA,1,NA,NA,NA,0.802656059693229,0.802656059693229
1980,"NSEI","black","private",0.15,"Southeast",NA,NA,NA,NA,NA,NA,NA,NA,NA,NA,NA,1,NA,NA,NA,0.802656059693229,0.802656059693229
1981,"NSEI","black","private",0.15,"Southeast",NA,NA,NA,NA,NA,NA,NA,NA,NA,NA,NA,1,NA,NA,NA,0.802656059693229,0.802656059693229
1982,"NSEI","black","private",0.15,"Southeast",NA,NA,NA,NA,NA,NA,NA,NA,NA,NA,NA,1,NA,NA,NA,0.802656059693229,0.802656059693229
1983,"NSEI","black","private",0.15,"Southeast",NA,NA,NA,NA,NA,NA,NA,NA,NA,NA,NA,1,NA,NA,NA,0.802656059693229,0.802656059693229
1984,"NSEI","black","private",0.15,"Southeast",NA,NA,NA,NA,NA,NA,NA,NA,NA,NA,NA,1,NA,NA,NA,0.802656059693229,0.802656059693229
1985,"NSEI","black","private",0.15,"Southeast",NA,NA,NA,NA,NA,NA,NA,NA,NA,NA,NA,1,NA,NA,NA,0.802656059693229,0.802656059693229
1986,"NSEI","black","private",0.15,"Southeast",NA,NA,NA,NA,NA,NA,NA,NA,NA,NA,NA,1,NA,NA,NA,0.802656059693229,0.802656059693229
1987,"NSEI","black","private",0.15,"Southeast",NA,NA,NA,NA,NA,NA,NA,NA,NA,NA,NA,1,NA,NA,NA,0.802656059693229,0.802656059693229
1988,"NSEI","black","private",0.15,"Southeast",NA,NA,NA,NA,NA,NA,NA,NA,NA,NA,NA,1,NA,NA,NA,0.802656059693229,0.802656059693229
1989,"NSEI","black","private",0.15,"Southeast",NA,NA,NA,NA,NA,NA,NA,NA,NA,NA,NA,1,NA,NA,NA,0.802656059693229,0.802656059693229
1990,"NSEI","black","private",0.15,"Southeast",NA,NA,NA,NA,NA,NA,NA,NA,NA,NA,NA,1,NA,NA,NA,0.802656059693229,0.802656059693229
1991,"NSEI","black","private",0.15,"Southeast",NA,NA,NA,NA,NA,NA,NA,NA,NA,NA,NA,1,NA,NA,NA,0.802656059693229,0.802656059693229
1992,"NSEI","black","private",0.15,"Southeast",NA,NA,NA,NA,NA,NA,NA,NA,NA,NA,NA,1,NA,NA,NA,0.802656059693229,0.802656059693229
1993,"NSEI","black","private",0.15,"Southeast",NA,NA,NA,NA,NA,NA,NA,NA,NA,NA,NA,1,NA,NA,NA,0.802656059693229,0.802656059693229
1994,"NSEI","black","private",0.15,"Southeast",NA,NA,NA,NA,NA,NA,NA,NA,NA,NA,NA,1,NA,NA,NA,0.802656059693229,0.802656059693229
1995,"NSEI","black","private",0.15,"Southeast",NA,NA,NA,NA,NA,NA,NA,NA,NA,NA,NA,1,NA,NA,NA,0.802656059693229,0.802656059693229
1996,"NSEI","black","private",0.15,"Southeast",NA,NA,NA,NA,NA,NA,NA,NA,NA,NA,NA,1,NA,NA,NA,0.802656059693229,0.802656059693229
1997,"NSEI","black","private",0.15,"Southeast",NA,NA,NA,NA,NA,NA,NA,NA,NA,NA,NA,1,NA,NA,NA,0.802656059693229,0.802656059693229
1998,"NSEI","black","private",0.15,"Southeast",NA,NA,NA,NA,NA,NA,NA,NA,NA,NA,NA,1,NA,NA,NA,0.802656059693229,0.802656059693229
1999,"NSEI","black","private",0.15,"Southeast",NA,NA,NA,NA,NA,NA,NA,NA,NA,NA,NA,1,NA,NA,NA,0.802656059693229,0.802656059693229
2000,"NSEI","black","private",0.15,"Southeast",NA,NA,NA,NA,NA,NA,NA,NA,NA,NA,NA,1,NA,NA,NA,0.802656059693229,0.802656059693229
2001,"NSEI","black","private",0.15,"Southeast",NA,NA,NA,NA,NA,NA,NA,NA,NA,NA,NA,1,NA,NA,NA,0.802656059693229,0.802656059693229
2002,"NSEI","black","private",0.15,"Southeast",NA,NA,NA,NA,NA,NA,NA,NA,NA,NA,NA,1,NA,NA,NA,0.802656059693229,0.802656059693229
2003,"NSEI","black","private",0.15,"Southeast",NA,NA,NA,NA,NA,NA,NA,NA,NA,NA,NA,1,NA,NA,NA,0.802656059693229,0.802656059693229
2004,"NSEI","black","private",0.15,"Southeast",NA,NA,NA,NA,NA,NA,NA,NA,NA,NA,NA,1,NA,NA,NA,0.802656059693229,0.802656059693229
2005,"NSEI","black","private",0.15,"Southeast",NA,NA,NA,NA,NA,NA,NA,NA,NA,NA,NA,1,NA,NA,NA,0.802656059693229,0.802656059693229
2006,"NSEI","black","private",0.15,"Southeast",29,1,29,1.31849341148276,0.447356292461829,0.0801766873701263,71.6428571428571,23.4285714285714,3.06100050634987,9.47402652820251,"bootstrap",0.339293536521156,2.90678039927586,0.986251801560684,0.176759338572849,0.802656059693229,0.176759338572849
2007,"NSEI","black","private",0.15,"Southeast",NA,NA,NA,NA,NA,NA,NA,NA,NA,NA,NA,1,NA,NA,NA,0.802656059693229,0.802656059693229
2008,"NSEI","black","private",0.15,"Southeast",NA,NA,NA,NA,NA,NA,NA,NA,NA,NA,NA,1,NA,NA,NA,0.802656059693229,0.802656059693229
2009,"NSEI","black","private",0.15,"Southeast",10,1,10,1.8517401546,0.627777417950544,0.182039332358213,71.6428571428571,23.4285714285714,3.06100050634987,3.26690569938018,"bootstrap",0.339020254213881,4.08238823119346,1.38401229593896,0.401328029846614,0.802656059693229,0.401328029846614
2010,"NSEI","black","private",0.15,"Southeast",18,1,18,1.08826744844444,0.493120484295753,0.110823692512219,71.6428571428571,23.4285714285714,3.06100050634987,5.88043025888432,"bootstrap",0.453124353761215,2.3992190334503,1.08714457406377,0.244324419344363,0.802656059693229,0.244324419344363
2011,"NSEI","black","private",0.15,"Southeast",21,8,2.625,1.32103116438095,0.494557261018891,0.104458779851396,71.6428571428571,23.4285714285714,3.06100050634987,8,"bootstrap",0.374372137731244,2.91237518671918,1.09031212452749,0.230292188917988,0.802656059693229,0.230292188917988
2012,"NSEI","black","private",0.15,"Southeast",36,10,3.6,1.06367612530556,0.451793234999832,0.0720593259211202,71.6428571428571,23.4285714285714,3.06100050634987,10,"bootstrap",0.424746992295278,2.34500444620259,0.996033585443605,0.158863619907654,0.802656059693229,0.158863619907654
2013,"NSEI","black","private",0.15,"Southeast",31,13,2.38461538461538,1.11928280454839,0.627539082516226,0.114503665393696,71.6428571428571,23.4285714285714,3.06100050634987,13,"bootstrap",0.56066177374129,2.46759618908442,1.38348685624932,0.252437370799853,0.802656059693229,0.252437370799853
2014,"NSEI","black","private",0.15,"Southeast",56,19,2.94736842105263,1.47862881185714,0.395861539383112,0.0521649770021195,71.6428571428571,23.4285714285714,3.06100050634987,19,"bootstrap",0.267722051814961,3.25981852520398,0.87272530411203,0.115004088270652,0.802656059693229,0.115004088270652
2015,"NSEI","black","private",0.15,"Southeast",49,15,3.26666666666667,0.828665304489796,0.581305120044316,0.0835116157756647,71.6428571428571,23.4285714285714,3.06100050634987,15,"bootstrap",0.701495666458754,1.82689427468739,1.28155841677151,0.184111597171779,0.802656059693229,0.184111597171779
2016,"NSEI","black","private",0.15,"Southeast",46,29,1.58620689655172,1.38572368493478,0.600055363981856,0.0897493967006872,71.6428571428571,23.4285714285714,3.06100050634987,29,"bootstrap",0.43302670691531,3.05499778087697,1.32289562868673,0.197863550097688,0.802656059693229,0.197863550097688
2017,"NSEI","black","private",0.15,"Southeast",59,29,2.03448275862069,1.32604724971186,0.592834012817799,0.0767501606804738,71.6428571428571,23.4285714285714,3.06100050634987,29,"bootstrap",0.447068543708844,2.92343376190356,1.30697527456349,0.169205140324807,0.802656059693229,0.169205140324807
2018,"NSEI","black","private",0.15,"Southeast",55,18,3.05555555555556,1.5394486524,0.425687194878659,0.0570356207280836,71.6428571428571,23.4285714285714,3.06100050634987,18,"bootstrap",0.276519255263898,3.39390332140956,0.93847961887384,0.125742019602874,0.802656059693229,0.125742019602874
2019,"NSEI","black","private",0.15,"Southeast",87,25,3.48,1.41621160575862,0.599433936894738,0.0632177309940387,71.6428571428571,23.4285714285714,3.06100050634987,25,"bootstrap",0.423265799021355,3.12221214076198,1.32152561647379,0.139371239734533,0.802656059693229,0.139371239734533
2020,"NSEI","black","private",0.15,"Southeast",NA,NA,NA,NA,NA,NA,NA,NA,NA,NA,NA,1,NA,NA,NA,0.802656059693229,0.802656059693229
2021,"NSEI","black","private",0.15,"Southeast",NA,NA,NA,NA,NA,NA,NA,NA,NA,NA,NA,1,NA,NA,NA,0.802656059693229,0.802656059693229
2022,"NSEI","black","private",0.15,"Southeast",115,26,4.42307692307692,1.25872837589565,0.432441780720155,0.0391449552990836,71.6428571428571,23.4285714285714,3.06100050634987,26,"bootstrap",0.343554486417652,2.77502104993541,0.953370931608734,0.0862998539112486,0.802656059693229,0.0862998539112486
2023,"NSEI","black","private",0.15,"Southeast",88,25,3.52,1.219861785,0.354167629292736,0.0361038645347846,71.6428571428571,23.4285714285714,3.06100050634987,25,"bootstrap",0.290334227736084,2.68933488448458,0.78080596681054,0.0795953964228019,0.802656059693229,0.0795953964228019
2024,"NSEI","black","private",0.15,"Southeast",114,29,3.93103448275862,1.37201725638596,0.442114188674537,0.0414355892272509,71.6428571428571,23.4285714285714,3.06100050634987,29,"bootstrap",0.322236609355128,3.02478027845883,0.974694940974832,0.0913498372834256,0.802656059693229,0.0913498372834256
2025,"NSEI","black","private",0.15,"Southeast",288,NA,NA,1.458328563,0.157942298,NA,NA,NA,NA,NA,"4-stage",0.108303644327647,3.2150641373819,0.348203162825581,NA,0.802656059693229,0.802656059693229
1977,"NSEO","black","private",0.15,"Southeast",NA,NA,NA,NA,NA,NA,NA,NA,NA,NA,NA,1,NA,NA,NA,0.587840819520064,0.587840819520064
1978,"NSEO","black","private",0.15,"Southeast",NA,NA,NA,NA,NA,NA,NA,NA,NA,NA,NA,1,NA,NA,NA,0.587840819520064,0.587840819520064
1979,"NSEO","black","private",0.15,"Southeast",NA,NA,NA,NA,NA,NA,NA,NA,NA,NA,NA,1,NA,NA,NA,0.587840819520064,0.587840819520064
1980,"NSEO","black","private",0.15,"Southeast",NA,NA,NA,NA,NA,NA,NA,NA,NA,NA,NA,1,NA,NA,NA,0.587840819520064,0.587840819520064
1981,"NSEO","black","private",0.15,"Southeast",NA,NA,NA,NA,NA,NA,NA,NA,NA,NA,NA,1,NA,NA,NA,0.587840819520064,0.587840819520064
1982,"NSEO","black","private",0.15,"Southeast",NA,NA,NA,NA,NA,NA,NA,NA,NA,NA,NA,1,NA,NA,NA,0.587840819520064,0.587840819520064
1983,"NSEO","black","private",0.15,"Southeast",NA,NA,NA,NA,NA,NA,NA,NA,NA,NA,NA,1,NA,NA,NA,0.587840819520064,0.587840819520064
1984,"NSEO","black","private",0.15,"Southeast",NA,NA,NA,NA,NA,NA,NA,NA,NA,NA,NA,1,NA,NA,NA,0.587840819520064,0.587840819520064
1985,"NSEO","black","private",0.15,"Southeast",NA,NA,NA,NA,NA,NA,NA,NA,NA,NA,NA,1,NA,NA,NA,0.587840819520064,0.587840819520064
1986,"NSEO","black","private",0.15,"Southeast",NA,NA,NA,NA,NA,NA,NA,NA,NA,NA,NA,1,NA,NA,NA,0.587840819520064,0.587840819520064
1987,"NSEO","black","private",0.15,"Southeast",NA,NA,NA,NA,NA,NA,NA,NA,NA,NA,NA,1,NA,NA,NA,0.587840819520064,0.587840819520064
1988,"NSEO","black","private",0.15,"Southeast",NA,NA,NA,NA,NA,NA,NA,NA,NA,NA,NA,1,NA,NA,NA,0.587840819520064,0.587840819520064
1989,"NSEO","black","private",0.15,"Southeast",NA,NA,NA,NA,NA,NA,NA,NA,NA,NA,NA,1,NA,NA,NA,0.587840819520064,0.587840819520064
1990,"NSEO","black","private",0.15,"Southeast",NA,NA,NA,NA,NA,NA,NA,NA,NA,NA,NA,1,NA,NA,NA,0.587840819520064,0.587840819520064
1991,"NSEO","black","private",0.15,"Southeast",NA,NA,NA,NA,NA,NA,NA,NA,NA,NA,NA,1,NA,NA,NA,0.587840819520064,0.587840819520064
1992,"NSEO","black","private",0.15,"Southeast",NA,NA,NA,NA,NA,NA,NA,NA,NA,NA,NA,1,NA,NA,NA,0.587840819520064,0.587840819520064
1993,"NSEO","black","private",0.15,"Southeast",NA,NA,NA,NA,NA,NA,NA,NA,NA,NA,NA,1,NA,NA,NA,0.587840819520064,0.587840819520064
1994,"NSEO","black","private",0.15,"Southeast",NA,NA,NA,NA,NA,NA,NA,NA,NA,NA,NA,1,NA,NA,NA,0.587840819520064,0.587840819520064
1995,"NSEO","black","private",0.15,"Southeast",NA,NA,NA,NA,NA,NA,NA,NA,NA,NA,NA,1,NA,NA,NA,0.587840819520064,0.587840819520064
1996,"NSEO","black","private",0.15,"Southeast",NA,NA,NA,NA,NA,NA,NA,NA,NA,NA,NA,1,NA,NA,NA,0.587840819520064,0.587840819520064
1997,"NSEO","black","private",0.15,"Southeast",NA,NA,NA,NA,NA,NA,NA,NA,NA,NA,NA,1,NA,NA,NA,0.587840819520064,0.587840819520064
1998,"NSEO","black","private",0.15,"Southeast",NA,NA,NA,NA,NA,NA,NA,NA,NA,NA,NA,1,NA,NA,NA,0.587840819520064,0.587840819520064
1999,"NSEO","black","private",0.15,"Southeast",NA,NA,NA,NA,NA,NA,NA,NA,NA,NA,NA,1,NA,NA,NA,0.587840819520064,0.587840819520064
2000,"NSEO","black","private",0.15,"Southeast",NA,NA,NA,NA,NA,NA,NA,NA,NA,NA,NA,1,NA,NA,NA,0.587840819520064,0.587840819520064
2001,"NSEO","black","private",0.15,"Southeast",NA,NA,NA,NA,NA,NA,NA,NA,NA,NA,NA,1,NA,NA,NA,0.587840819520064,0.587840819520064
2002,"NSEO","black","private",0.15,"Southeast",NA,NA,NA,NA,NA,NA,NA,NA,NA,NA,NA,1,NA,NA,NA,0.587840819520064,0.587840819520064
2003,"NSEO","black","private",0.15,"Southeast",NA,NA,NA,NA,NA,NA,NA,NA,NA,NA,NA,1,NA,NA,NA,0.587840819520064,0.587840819520064
2004,"NSEO","black","private",0.15,"Southeast",NA,NA,NA,NA,NA,NA,NA,NA,NA,NA,NA,1,NA,NA,NA,0.587840819520064,0.587840819520064
2005,"NSEO","black","private",0.15,"Southeast",NA,NA,NA,NA,NA,NA,NA,NA,NA,NA,NA,1,NA,NA,NA,0.587840819520064,0.587840819520064
2006,"NSEO","black","private",0.15,"Southeast",16,1,16,1.555624331125,0.546045592690177,0.133320055366225,44.4666666666667,13.9333333333333,3.08990583064752,5.17815133435541,"bootstrap",0.351013790260844,3.42956458862054,1.20382446519607,0.293920409760032,0.587840819520064,0.293920409760032
2007,"NSEO","black","private",0.15,"Southeast",NA,NA,NA,NA,NA,NA,NA,NA,NA,NA,NA,1,NA,NA,NA,0.587840819520064,0.587840819520064
2008,"NSEO","black","private",0.15,"Southeast",NA,NA,NA,NA,NA,NA,NA,NA,NA,NA,NA,1,NA,NA,NA,0.587840819520064,0.587840819520064
2009,"NSEO","black","private",0.15,"Southeast",17,1,17,1.36589716117647,0.545481269215881,0.132197923465672,44.4666666666667,13.9333333333333,3.08990583064752,5.50178579275262,"bootstrap",0.399357495366671,3.01128777812343,1.20258034489964,0.291446532389449,0.587840819520064,0.291446532389449
2010,"NSEO","black","private",0.15,"Southeast",24,1,24,1.30128293958333,0.55098470876171,0.110256489914355,44.4666666666667,13.9333333333333,3.08990583064752,7.76722700153311,"bootstrap",0.423416531487099,2.8688378036255,1.21471335221018,0.243073951666989,0.587840819520064,0.243073951666989
2011,"NSEO","black","private",0.15,"Southeast",27,11,2.45454545454545,1.58739961451852,0.582984481129397,0.112030370387362,44.4666666666667,13.9333333333333,3.08990583064752,11,"bootstrap",0.367257542333613,3.49961709714681,1.28526077420683,0.246984688682956,0.587840819520064,0.246984688682956
2012,"NSEO","black","private",0.15,"Southeast",37,7,5.28571428571429,1.44642348202703,0.408619425619433,0.0644037343231014,44.4666666666667,13.9333333333333,3.08990583064752,7,"bootstrap",0.282503312962529,3.18881792657595,0.900851628692009,0.14198592950118,0.587840819520064,0.14198592950118
2013,"NSEO","black","private",0.15,"Southeast",36,11,3.27272727272727,1.49919891922222,0.521112635343023,0.0892884838753774,44.4666666666667,13.9333333333333,3.08990583064752,11,"bootstrap",0.347594057507308,3.30516784919686,1.14885670344504,0.196847411257162,0.587840819520064,0.196847411257162
2014,"NSEO","black","private",0.15,"Southeast",45,13,3.46153846153846,1.53776473822222,0.610249908134795,0.0913272598704854,44.4666666666667,13.9333333333333,3.08990583064752,13,"bootstrap",0.396842178108657,3.39019092612308,1.34537075132689,0.20134214293309,0.587840819520064,0.20134214293309
2015,"NSEO","black","private",0.15,"Southeast",33,12,2.75,1.50815550366667,0.466454174830144,0.0794543676308038,44.4666666666667,13.9333333333333,3.08990583064752,12,"bootstrap",0.309287851084379,3.32491373786103,1.02835542502397,0.175166896136666,0.587840819520064,0.175166896136666
2016,"NSEO","black","private",0.15,"Southeast",60,23,2.60869565217391,1.46676466983333,0.540457126197514,0.0668610306033578,44.4666666666667,13.9333333333333,3.08990583064752,23,"bootstrap",0.3684688739189,3.23366256933139,1.19150400555523,0.147403340464675,0.587840819520064,0.147403340464675
2017,"NSEO","black","private",0.15,"Southeast",48,15,3.2,1.68749318464583,0.460561735242113,0.0644227223094252,44.4666666666667,13.9333333333333,3.08990583064752,15,"bootstrap",0.272926575012376,3.72028564596603,1.01536481942121,0.142027790845337,0.587840819520064,0.142027790845337
2018,"NSEO","black","private",0.15,"Southeast",64,17,3.76470588235294,1.66841883789063,0.451165738997509,0.0546963887553192,44.4666666666667,13.9333333333333,3.08990583064752,17,"bootstrap",0.27041515520642,3.6782339096478,0.994650193562924,0.12058489588229,0.587840819520064,0.12058489588229
2019,"NSEO","black","private",0.15,"Southeast",67,26,2.57692307692308,1.73109972437313,0.338864136791282,0.0416530655080113,44.4666666666667,13.9333333333333,3.08990583064752,26,"bootstrap",0.1957507889466,3.81642160982877,0.747067541076834,0.0918292904113035,0.587840819520064,0.0918292904113035
2020,"NSEO","black","private",0.15,"Southeast",NA,NA,NA,NA,NA,NA,NA,NA,NA,NA,NA,1,NA,NA,NA,0.587840819520064,0.587840819520064
2021,"NSEO","black","private",0.15,"Southeast",NA,NA,NA,NA,NA,NA,NA,NA,NA,NA,NA,1,NA,NA,NA,0.587840819520064,0.587840819520064
2022,"NSEO","black","private",0.15,"Southeast",40,15,2.66666666666667,1.5326015225,0.42876637840754,0.066003354780118,44.4666666666667,13.9333333333333,3.08990583064752,15,"bootstrap",0.279763769063814,3.37880798394994,0.945268056532742,0.145512488944133,0.587840819520064,0.145512488944133
2023,"NSEO","black","private",0.15,"Southeast",54,15,3.6,1.31485612512963,0.317110580385373,0.0443574132483667,44.4666666666667,13.9333333333333,3.08990583064752,15,"bootstrap",0.241175117432799,2.89876155550633,0.699109158558922,0.0977913566120369,0.587840819520064,0.0977913566120369
2024,"NSEO","black","private",0.15,"Southeast",26,9,2.88888888888889,1.5121703725,0.349378557413187,0.065937321374033,44.4666666666667,13.9333333333333,3.08990583064752,9,"bootstrap",0.231044440340129,3.33376500850733,0.770247870616081,0.145366910203403,0.587840819520064,0.145366910203403
2025,"NSEO","black","private",0.15,"Southeast",142,NA,NA,1.785529311,0.466054219,NA,NA,NA,NA,NA,"4-stage",0.26101740034667,3.93641830770361,1.02747367335383,NA,0.587840819520064,0.587840819520064
1977,"SSEI","black","private",0.15,"Southeast",NA,NA,NA,NA,NA,NA,NA,NA,NA,NA,NA,1,NA,NA,NA,0.612137781748657,0.612137781748657
1978,"SSEI","black","private",0.15,"Southeast",NA,NA,NA,NA,NA,NA,NA,NA,NA,NA,NA,1,NA,NA,NA,0.612137781748657,0.612137781748657
1979,"SSEI","black","private",0.15,"Southeast",NA,NA,NA,NA,NA,NA,NA,NA,NA,NA,NA,1,NA,NA,NA,0.612137781748657,0.612137781748657
1980,"SSEI","black","private",0.15,"Southeast",NA,NA,NA,NA,NA,NA,NA,NA,NA,NA,NA,1,NA,NA,NA,0.612137781748657,0.612137781748657
1981,"SSEI","black","private",0.15,"Southeast",NA,NA,NA,NA,NA,NA,NA,NA,NA,NA,NA,1,NA,NA,NA,0.612137781748657,0.612137781748657
1982,"SSEI","black","private",0.15,"Southeast",NA,NA,NA,NA,NA,NA,NA,NA,NA,NA,NA,1,NA,NA,NA,0.612137781748657,0.612137781748657
1983,"SSEI","black","private",0.15,"Southeast",NA,NA,NA,NA,NA,NA,NA,NA,NA,NA,NA,1,NA,NA,NA,0.612137781748657,0.612137781748657
1984,"SSEI","black","private",0.15,"Southeast",NA,NA,NA,NA,NA,NA,NA,NA,NA,NA,NA,1,NA,NA,NA,0.612137781748657,0.612137781748657
1985,"SSEI","black","private",0.15,"Southeast",NA,NA,NA,NA,NA,NA,NA,NA,NA,NA,NA,1,NA,NA,NA,0.612137781748657,0.612137781748657
1986,"SSEI","black","private",0.15,"Southeast",NA,NA,NA,NA,NA,NA,NA,NA,NA,NA,NA,1,NA,NA,NA,0.612137781748657,0.612137781748657
1987,"SSEI","black","private",0.15,"Southeast",NA,NA,NA,NA,NA,NA,NA,NA,NA,NA,NA,1,NA,NA,NA,0.612137781748657,0.612137781748657
1988,"SSEI","black","private",0.15,"Southeast",NA,NA,NA,NA,NA,NA,NA,NA,NA,NA,NA,1,NA,NA,NA,0.612137781748657,0.612137781748657
1989,"SSEI","black","private",0.15,"Southeast",NA,NA,NA,NA,NA,NA,NA,NA,NA,NA,NA,1,NA,NA,NA,0.612137781748657,0.612137781748657
1990,"SSEI","black","private",0.15,"Southeast",NA,NA,NA,NA,NA,NA,NA,NA,NA,NA,NA,1,NA,NA,NA,0.612137781748657,0.612137781748657
1991,"SSEI","black","private",0.15,"Southeast",NA,NA,NA,NA,NA,NA,NA,NA,NA,NA,NA,1,NA,NA,NA,0.612137781748657,0.612137781748657
1992,"SSEI","black","private",0.15,"Southeast",NA,NA,NA,NA,NA,NA,NA,NA,NA,NA,NA,1,NA,NA,NA,0.612137781748657,0.612137781748657
1993,"SSEI","black","private",0.15,"Southeast",NA,NA,NA,NA,NA,NA,NA,NA,NA,NA,NA,1,NA,NA,NA,0.612137781748657,0.612137781748657
1994,"SSEI","black","private",0.15,"Southeast",NA,NA,NA,NA,NA,NA,NA,NA,NA,NA,NA,1,NA,NA,NA,0.612137781748657,0.612137781748657
1995,"SSEI","black","private",0.15,"Southeast",NA,NA,NA,NA,NA,NA,NA,NA,NA,NA,NA,1,NA,NA,NA,0.612137781748657,0.612137781748657
1996,"SSEI","black","private",0.15,"Southeast",NA,NA,NA,NA,NA,NA,NA,NA,NA,NA,NA,1,NA,NA,NA,0.612137781748657,0.612137781748657
1997,"SSEI","black","private",0.15,"Southeast",NA,NA,NA,NA,NA,NA,NA,NA,NA,NA,NA,1,NA,NA,NA,0.612137781748657,0.612137781748657
1998,"SSEI","black","private",0.15,"Southeast",NA,NA,NA,NA,NA,NA,NA,NA,NA,NA,NA,1,NA,NA,NA,0.612137781748657,0.612137781748657
1999,"SSEI","black","private",0.15,"Southeast",NA,NA,NA,NA,NA,NA,NA,NA,NA,NA,NA,1,NA,NA,NA,0.612137781748657,0.612137781748657
2000,"SSEI","black","private",0.15,"Southeast",NA,NA,NA,NA,NA,NA,NA,NA,NA,NA,NA,1,NA,NA,NA,0.612137781748657,0.612137781748657
2001,"SSEI","black","private",0.15,"Southeast",NA,NA,NA,NA,NA,NA,NA,NA,NA,NA,NA,1,NA,NA,NA,0.612137781748657,0.612137781748657
2002,"SSEI","black","private",0.15,"Southeast",NA,NA,NA,NA,NA,NA,NA,NA,NA,NA,NA,1,NA,NA,NA,0.612137781748657,0.612137781748657
2003,"SSEI","black","private",0.15,"Southeast",NA,NA,NA,NA,NA,NA,NA,NA,NA,NA,NA,1,NA,NA,NA,0.612137781748657,0.612137781748657
2004,"SSEI","black","private",0.15,"Southeast",NA,NA,NA,NA,NA,NA,NA,NA,NA,NA,NA,1,NA,NA,NA,0.612137781748657,0.612137781748657
2005,"SSEI","black","private",0.15,"Southeast",NA,NA,NA,NA,NA,NA,NA,NA,NA,NA,NA,1,NA,NA,NA,0.612137781748657,0.612137781748657
2006,"SSEI","black","private",0.15,"Southeast",26,1,26,1.64885434696154,0.529455839898913,0.10590367642016,116.066666666667,37.5333333333333,2.99402189506678,8.6839712304175,"bootstrap",0.32110528190351,3.63510159039674,1.16725032093224,0.233477640577045,0.612137781748657,0.233477640577045
2007,"SSEI","black","private",0.15,"Southeast",31,1,31,1.29325099741935,0.348701002572719,0.0598760812648932,116.066666666667,37.5333333333333,2.99402189506678,10.3539656978055,"bootstrap",0.269631342460623,2.85113040224826,0.768754117888494,0.132004163153542,0.612137781748657,0.132004163153542
2008,"SSEI","black","private",0.15,"Southeast",44,1,44,1.26287552377273,0.535328510958075,0.0822646178657015,116.066666666667,37.5333333333333,2.99402189506678,14.6959513130142,"bootstrap",0.423896497224705,2.78416394595371,1.18019734438909,0.181362437372382,0.612137781748657,0.181362437372382
2009,"SSEI","black","private",0.15,"Southeast",34,1,34,1.48413147076471,0.503093581694387,0.0823951231304804,116.066666666667,37.5333333333333,2.99402189506678,11.3559623782383,"bootstrap",0.33898181637181,3.27194981150175,1.10913149018026,0.181650152231142,0.612137781748657,0.181650152231142
2010,"SSEI","black","private",0.15,"Southeast",28,1,28,1.11078905103571,0.339333919847629,0.0614704780883549,116.066666666667,37.5333333333333,2.99402189506678,9.35196901737269,"bootstrap",0.305489075113975,2.44887066796166,0.74810323542935,0.135519206455802,0.612137781748657,0.135519206455802
2011,"SSEI","black","private",0.15,"Southeast",64,20,3.2,1.40923890439063,0.379376066203921,0.04695415343058,116.066666666667,37.5333333333333,2.99402189506678,20,"bootstrap",0.269206353175417,3.1068399656036,0.836381057039782,0.103516188756007,0.612137781748657,0.103516188756007
2012,"SSEI","black","private",0.15,"Southeast",21,14,1.5,1.29684007419048,0.651855020293399,0.13883051371138,116.066666666667,37.5333333333333,2.99402189506678,14,"bootstrap",0.502648733075513,2.85904296208281,1.43709432269939,0.306068890874328,0.612137781748657,0.306068890874328
2013,"SSEI","black","private",0.15,"Southeast",49,18,2.72222222222222,1.36583284493878,0.536861000475647,0.0740568202221966,116.066666666667,37.5333333333333,2.99402189506678,18,"bootstrap",0.393064936507447,3.01114598509099,1.18357590544444,0.163267341027128,0.612137781748657,0.163267341027128
2014,"SSEI","black","private",0.15,"Southeast",80,43,1.86046511627907,1.1844307161125,0.578000361584831,0.0637640983229603,116.066666666667,37.5333333333333,2.99402189506678,43,"bootstrap",0.487998456745469,2.61122274856442,1.2742726715181,0.140575773506702,0.612137781748657,0.140575773506702
2015,"SSEI","black","private",0.15,"Southeast",68,29,2.3448275862069,1.5055386195,0.942311199439038,0.111248450808122,116.066666666667,37.5333333333333,2.99402189506678,29,"bootstrap",0.625896398294974,3.31914449583327,2.07744058536263,0.245260851091543,0.612137781748657,0.245260851091543
2016,"SSEI","black","private",0.15,"Southeast",67,33,2.03030303030303,1.35784927932836,0.547388764824698,0.0655941217821857,116.066666666667,37.5333333333333,2.99402189506678,33,"bootstrap",0.403129252383192,2.993545235758,1.20678565286639,0.144610284620041,0.612137781748657,0.144610284620041
2017,"SSEI","black","private",0.15,"Southeast",90,46,1.95652173913043,1.333647978,0.645863916044452,0.0694954234797742,116.066666666667,37.5333333333333,2.99402189506678,46,"bootstrap",0.484283654081656,2.94019049941606,1.42388619875338,0.153211182589989,0.612137781748657,0.153211182589989
2018,"SSEI","black","private",0.15,"Southeast",114,51,2.23529411764706,1.34184461414035,0.678909011435233,0.0631811819293184,116.066666666667,37.5333333333333,2.99402189506678,51,"bootstrap",0.505952033701141,2.95826098885899,1.49673816353195,0.139290662839711,0.612137781748657,0.139290662839711
2019,"SSEI","black","private",0.15,"Southeast",128,43,2.97674418604651,1.35217191070312,0.601333542843394,0.0539573230548461,116.066666666667,37.5333333333333,2.99402189506678,43,"bootstrap",0.444716783482586,2.98102878046472,1.32571353071729,0.118955534921361,0.612137781748657,0.118955534921361
2020,"SSEI","black","private",0.15,"Southeast",197,43,4.58139534883721,1.40234152854822,0.528126278882841,0.036554807021968,116.066666666667,37.5333333333333,2.99402189506678,43,"bootstrap",0.376603179847056,3.09163385480278,1.16431914064154,0.0805895544303655,0.612137781748657,0.0805895544303655
2021,"SSEI","black","private",0.15,"Southeast",195,39,5,1.42679211637949,0.514805538262847,0.0372307371454101,116.066666666667,37.5333333333333,2.99402189506678,39,"bootstrap",0.3608132764072,3.1455381738079,1.13495193455555,0.0820797252700453,0.612137781748657,0.0820797252700453
2022,"SSEI","black","private",0.15,"Southeast",135,33,4.09090909090909,1.3059653608,0.441914071451434,0.037563505478522,116.066666666667,37.5333333333333,2.99402189506678,33,"bootstrap",0.338381158272628,2.87916077535614,0.974253758018128,0.0828133538644435,0.612137781748657,0.0828133538644435
2023,"SSEI","black","private",0.15,"Southeast",109,39,2.79487179487179,1.44652714763303,0.436474158156204,0.0421871406354016,116.066666666667,37.5333333333333,2.99402189506678,39,"bootstrap",0.301739347837621,3.18904647011586,0.962260802116625,0.0930067245179275,0.612137781748657,0.0930067245179275
2024,"SSEI","black","private",0.15,"Southeast",201,50,4.02,1.25522232072139,0.542855472613609,0.039537049217307,116.066666666667,37.5333333333333,2.99402189506678,50,"bootstrap",0.432477548918684,2.76729152139127,1.19679145431475,0.0871642730325283,0.612137781748657,0.0871642730325283
2025,"SSEI","black","private",0.15,"Southeast",270,NA,NA,1.379317509,0.229224273,NA,NA,NA,NA,NA,"4-stage",0.166186734746945,3.04087458050345,0.505353017308855,NA,0.612137781748657,0.612137781748657
1977,"SSEO","black","private",0.15,"Southeast",NA,NA,NA,NA,NA,NA,NA,NA,NA,NA,NA,1,NA,NA,NA,0.557303176149903,0.557303176149903
1978,"SSEO","black","private",0.15,"Southeast",NA,NA,NA,NA,NA,NA,NA,NA,NA,NA,NA,1,NA,NA,NA,0.557303176149903,0.557303176149903
1979,"SSEO","black","private",0.15,"Southeast",NA,NA,NA,NA,NA,NA,NA,NA,NA,NA,NA,1,NA,NA,NA,0.557303176149903,0.557303176149903
1980,"SSEO","black","private",0.15,"Southeast",NA,NA,NA,NA,NA,NA,NA,NA,NA,NA,NA,1,NA,NA,NA,0.557303176149903,0.557303176149903
1981,"SSEO","black","private",0.15,"Southeast",NA,NA,NA,NA,NA,NA,NA,NA,NA,NA,NA,1,NA,NA,NA,0.557303176149903,0.557303176149903
1982,"SSEO","black","private",0.15,"Southeast",NA,NA,NA,NA,NA,NA,NA,NA,NA,NA,NA,1,NA,NA,NA,0.557303176149903,0.557303176149903
1983,"SSEO","black","private",0.15,"Southeast",NA,NA,NA,NA,NA,NA,NA,NA,NA,NA,NA,1,NA,NA,NA,0.557303176149903,0.557303176149903
1984,"SSEO","black","private",0.15,"Southeast",NA,NA,NA,NA,NA,NA,NA,NA,NA,NA,NA,1,NA,NA,NA,0.557303176149903,0.557303176149903
1985,"SSEO","black","private",0.15,"Southeast",NA,NA,NA,NA,NA,NA,NA,NA,NA,NA,NA,1,NA,NA,NA,0.557303176149903,0.557303176149903
1986,"SSEO","black","private",0.15,"Southeast",NA,NA,NA,NA,NA,NA,NA,NA,NA,NA,NA,1,NA,NA,NA,0.557303176149903,0.557303176149903
1987,"SSEO","black","private",0.15,"Southeast",NA,NA,NA,NA,NA,NA,NA,NA,NA,NA,NA,1,NA,NA,NA,0.557303176149903,0.557303176149903
1988,"SSEO","black","private",0.15,"Southeast",NA,NA,NA,NA,NA,NA,NA,NA,NA,NA,NA,1,NA,NA,NA,0.557303176149903,0.557303176149903
1989,"SSEO","black","private",0.15,"Southeast",NA,NA,NA,NA,NA,NA,NA,NA,NA,NA,NA,1,NA,NA,NA,0.557303176149903,0.557303176149903
1990,"SSEO","black","private",0.15,"Southeast",NA,NA,NA,NA,NA,NA,NA,NA,NA,NA,NA,1,NA,NA,NA,0.557303176149903,0.557303176149903
1991,"SSEO","black","private",0.15,"Southeast",NA,NA,NA,NA,NA,NA,NA,NA,NA,NA,NA,1,NA,NA,NA,0.557303176149903,0.557303176149903
1992,"SSEO","black","private",0.15,"Southeast",NA,NA,NA,NA,NA,NA,NA,NA,NA,NA,NA,1,NA,NA,NA,0.557303176149903,0.557303176149903
1993,"SSEO","black","private",0.15,"Southeast",NA,NA,NA,NA,NA,NA,NA,NA,NA,NA,NA,1,NA,NA,NA,0.557303176149903,0.557303176149903
1994,"SSEO","black","private",0.15,"Southeast",NA,NA,NA,NA,NA,NA,NA,NA,NA,NA,NA,1,NA,NA,NA,0.557303176149903,0.557303176149903
1995,"SSEO","black","private",0.15,"Southeast",NA,NA,NA,NA,NA,NA,NA,NA,NA,NA,NA,1,NA,NA,NA,0.557303176149903,0.557303176149903
1996,"SSEO","black","private",0.15,"Southeast",NA,NA,NA,NA,NA,NA,NA,NA,NA,NA,NA,1,NA,NA,NA,0.557303176149903,0.557303176149903
1997,"SSEO","black","private",0.15,"Southeast",NA,NA,NA,NA,NA,NA,NA,NA,NA,NA,NA,1,NA,NA,NA,0.557303176149903,0.557303176149903
1998,"SSEO","black","private",0.15,"Southeast",NA,NA,NA,NA,NA,NA,NA,NA,NA,NA,NA,1,NA,NA,NA,0.557303176149903,0.557303176149903
1999,"SSEO","black","private",0.15,"Southeast",NA,NA,NA,NA,NA,NA,NA,NA,NA,NA,NA,1,NA,NA,NA,0.557303176149903,0.557303176149903
2000,"SSEO","black","private",0.15,"Southeast",NA,NA,NA,NA,NA,NA,NA,NA,NA,NA,NA,1,NA,NA,NA,0.557303176149903,0.557303176149903
2001,"SSEO","black","private",0.15,"Southeast",NA,NA,NA,NA,NA,NA,NA,NA,NA,NA,NA,1,NA,NA,NA,0.557303176149903,0.557303176149903
2002,"SSEO","black","private",0.15,"Southeast",NA,NA,NA,NA,NA,NA,NA,NA,NA,NA,NA,1,NA,NA,NA,0.557303176149903,0.557303176149903
2003,"SSEO","black","private",0.15,"Southeast",NA,NA,NA,NA,NA,NA,NA,NA,NA,NA,NA,1,NA,NA,NA,0.557303176149903,0.557303176149903
2004,"SSEO","black","private",0.15,"Southeast",NA,NA,NA,NA,NA,NA,NA,NA,NA,NA,NA,1,NA,NA,NA,0.557303176149903,0.557303176149903
2005,"SSEO","black","private",0.15,"Southeast",NA,NA,NA,NA,NA,NA,NA,NA,NA,NA,NA,1,NA,NA,NA,0.557303176149903,0.557303176149903
2006,"SSEO","black","private",0.15,"Southeast",24,1,24,1.48207839370833,0.619541533450325,0.126394234345174,71.8666666666667,23.0666666666667,3.01039291726778,7.97238123380328,"bootstrap",0.41802210738675,3.26742355138265,1.36585527867407,0.278651588074951,0.557303176149903,0.278651588074951
2007,"SSEO","black","private",0.15,"Southeast",120,1,120,1.34814614758333,0.441689661147851,0.0414797696451744,71.8666666666667,23.0666666666667,3.01039291726778,39.8619061690164,"bootstrap",0.327627432633783,2.97215349202807,0.973759017986688,0.0914472384321409,0.557303176149903,0.0914472384321409
2008,"SSEO","black","private",0.15,"Southeast",134,1,134,1.48345998115672,0.463108628326205,0.037490707145386,71.8666666666667,23.0666666666667,3.01039291726778,44.512461888735,"bootstrap",0.312181409818079,3.27046943032288,1.02097975752512,0.0826528610125136,0.557303176149903,0.0826528610125136
2009,"SSEO","black","private",0.15,"Southeast",87,1,87,1.53042195428736,0.479780644553259,0.0492761314245804,71.8666666666667,23.0666666666667,3.01039291726778,28.8998819725369,"bootstrap",0.313495662558414,3.37400285856652,1.05773526162029,0.108635273964723,0.557303176149903,0.108635273964723
2010,"SSEO","black","private",0.15,"Southeast",56,1,56,1.27001901217857,0.382799203402448,0.0521033613835338,71.8666666666667,23.0666666666667,3.01039291726778,18.6022228788743,"bootstrap",0.30141218338598,2.79991264207893,0.843927782739018,0.114868249084173,0.557303176149903,0.114868249084173
2011,"SSEO","black","private",0.15,"Southeast",91,26,3.5,1.60830831006593,0.384323469628406,0.0401882439952441,71.8666666666667,23.0666666666667,3.01039291726778,26,"bootstrap",0.238961315578013,3.54571288030532,0.847288214539667,0.0885999117699943,0.557303176149903,0.0885999117699943
2012,"SSEO","black","private",0.15,"Southeast",103,26,3.96153846153846,1.48098561968932,0.410309138089306,0.0401770674301979,71.8666666666667,23.0666666666667,3.01039291726778,26,"bootstrap",0.277051399172519,3.26501439706179,0.904576807024388,0.0885752716618796,0.557303176149903,0.0885752716618796
2013,"SSEO","black","private",0.15,"Southeast",71,19,3.73684210526316,1.41046536309859,0.348905812609286,0.039150629922697,71.8666666666667,23.0666666666667,3.01039291726778,19,"bootstrap",0.247369287993567,3.10954384421366,0.769205646727913,0.0863123643148267,0.557303176149903,0.0863123643148267
2014,"SSEO","black","private",0.15,"Southeast",111,31,3.58064516129032,1.36037710065766,0.400966366027864,0.0373186303680223,71.8666666666667,23.0666666666667,3.01039291726778,31,"bootstrap",0.294746483040637,2.99911812783989,0.883979520404228,0.0822734966567609,0.557303176149903,0.0822734966567609
2015,"SSEO","black","private",0.15,"Southeast",91,33,2.75757575757576,1.3227480829011,0.389163643958099,0.0409595340463298,71.8666666666667,23.0666666666667,3.01039291726778,33,"bootstrap",0.294208435444919,2.9161603441254,0.857958972351651,0.0903003152631988,0.557303176149903,0.0903003152631988
2016,"SSEO","black","private",0.15,"Southeast",28,17,1.64705882352941,1.66293382860714,0.54176921871717,0.104967012836087,71.8666666666667,23.0666666666667,3.01039291726778,17,"bootstrap",0.325791206719844,3.6661415341105,1.1943966744036,0.231412650852268,0.557303176149903,0.231412650852268
2017,"SSEO","black","private",0.15,"Southeast",67,27,2.48148148148148,1.42495746220896,0.381423811222546,0.0467279543398188,71.8666666666667,23.0666666666667,3.01039291726778,27,"bootstrap",0.267673822789956,3.14149345372367,0.840895562027835,0.103017505123892,0.557303176149903,0.103017505123892
2018,"SSEO","black","private",0.15,"Southeast",55,29,1.89655172413793,1.45508955041818,0.484157600677919,0.0635120012929781,71.8666666666667,23.0666666666667,3.01039291726778,29,"bootstrap",0.332733886061361,3.20792333697755,1.06738479809947,0.140019994691969,0.557303176149903,0.140019994691969
2019,"SSEO","black","private",0.15,"Southeast",76,27,2.81481481481481,1.32518957593421,0.453516070622585,0.0522173054325552,71.8666666666667,23.0666666666667,3.01039291726778,27,"bootstrap",0.342227315139325,2.92154291489277,0.999831787828068,0.11511945271206,0.557303176149903,0.11511945271206
2020,"SSEO","black","private",0.15,"Southeast",36,12,3,1.12888696175,0.492839306953491,0.0785677956506725,71.8666666666667,23.0666666666667,3.01039291726778,12,"bootstrap",0.436570997497829,2.48876973129712,1.08652468413479,0.17321233949501,0.557303176149903,0.17321233949501
2021,"SSEO","black","private",0.15,"Southeast",30,13,2.30769230769231,1.1926762939,0.589098735277131,0.105062786463798,71.8666666666667,23.0666666666667,3.01039291726778,13,"bootstrap",0.493930111875372,2.62940113586971,1.29874039720535,0.231623795558319,0.557303176149903,0.231623795558319
2022,"SSEO","black","private",0.15,"Southeast",34,12,2.83333333333333,0.949280366676471,0.373095673615842,0.0633990689090002,71.8666666666667,23.0666666666667,3.01039291726778,12,"bootstrap",0.39303001169411,2.09280496909684,0.822535161477622,0.139771021403721,0.557303176149903,0.139771021403721
2023,"SSEO","black","private",0.15,"Southeast",23,12,1.91666666666667,1.49191386421739,0.468780268212259,0.0948766506117011,71.8666666666667,23.0666666666667,3.01039291726778,12,"bootstrap",0.314214030350985,3.28910705214527,1.03348358311041,0.209167210048393,0.557303176149903,0.209167210048393
2024,"SSEO","black","private",0.15,"Southeast",146,27,5.40740740740741,1.0465959479863,0.363964532707102,0.0298038835318209,71.8666666666667,23.0666666666667,3.01039291726778,27,"bootstrap",0.347760311328729,2.30734910093094,0.802404441683807,0.0657063157980978,0.557303176149903,0.0657063157980978
2025,"SSEO","black","private",0.15,"Southeast",129,NA,NA,1.094220783,0.153352052,NA,NA,NA,NA,NA,"4-stage",0.140147266787931,2.41234388947591,0.338083402662616,NA,0.557303176149903,0.557303176149903
1977,"CI","yelloweye","charter",0.927756353809389,"Central",NA,NA,NA,NA,NA,NA,NA,NA,NA,NA,NA,1,NA,NA,NA,10,10
1978,"CI","yelloweye","charter",0.927756353809389,"Central",NA,NA,NA,NA,NA,NA,NA,NA,NA,NA,NA,1,NA,NA,NA,10,10
1979,"CI","yelloweye","charter",0.927756353809389,"Central",NA,NA,NA,NA,NA,NA,NA,NA,NA,NA,NA,1,NA,NA,NA,10,10
1980,"CI","yelloweye","charter",0.927756353809389,"Central",NA,NA,NA,NA,NA,NA,NA,NA,NA,NA,NA,1,NA,NA,NA,10,10
1981,"CI","yelloweye","charter",0.927756353809389,"Central",NA,NA,NA,NA,NA,NA,NA,NA,NA,NA,NA,1,NA,NA,NA,10,10
1982,"CI","yelloweye","charter",0.927756353809389,"Central",NA,NA,NA,NA,NA,NA,NA,NA,NA,NA,NA,1,NA,NA,NA,10,10
1983,"CI","yelloweye","charter",0.927756353809389,"Central",NA,NA,NA,NA,NA,NA,NA,NA,NA,NA,NA,1,NA,NA,NA,10,10
1984,"CI","yelloweye","charter",0.927756353809389,"Central",NA,NA,NA,NA,NA,NA,NA,NA,NA,NA,NA,1,NA,NA,NA,10,10
1985,"CI","yelloweye","charter",0.927756353809389,"Central",NA,NA,NA,NA,NA,NA,NA,NA,NA,NA,NA,1,NA,NA,NA,10,10
1986,"CI","yelloweye","charter",0.927756353809389,"Central",NA,NA,NA,NA,NA,NA,NA,NA,NA,NA,NA,1,NA,NA,NA,10,10
1987,"CI","yelloweye","charter",0.927756353809389,"Central",NA,NA,NA,NA,NA,NA,NA,NA,NA,NA,NA,1,NA,NA,NA,10,10
1988,"CI","yelloweye","charter",0.927756353809389,"Central",NA,NA,NA,NA,NA,NA,NA,NA,NA,NA,NA,1,NA,NA,NA,10,10
1989,"CI","yelloweye","charter",0.927756353809389,"Central",NA,NA,NA,NA,NA,NA,NA,NA,NA,NA,NA,1,NA,NA,NA,10,10
1990,"CI","yelloweye","charter",0.927756353809389,"Central",NA,NA,NA,NA,NA,NA,NA,NA,NA,NA,NA,1,NA,NA,NA,10,10
1991,"CI","yelloweye","charter",0.927756353809389,"Central",NA,NA,NA,NA,NA,NA,NA,NA,NA,NA,NA,1,NA,NA,NA,10,10
1992,"CI","yelloweye","charter",0.927756353809389,"Central",NA,NA,NA,NA,NA,NA,NA,NA,NA,NA,NA,1,NA,NA,NA,10,10
1993,"CI","yelloweye","charter",0.927756353809389,"Central",NA,NA,NA,NA,NA,NA,NA,NA,NA,NA,NA,1,NA,NA,NA,10,10
1994,"CI","yelloweye","charter",0.927756353809389,"Central",NA,NA,NA,NA,NA,NA,NA,NA,NA,NA,NA,1,NA,NA,NA,10,10
1995,"CI","yelloweye","charter",0.927756353809389,"Central",NA,NA,NA,NA,NA,NA,NA,NA,NA,NA,NA,1,NA,NA,NA,10,10
1996,"CI","yelloweye","charter",0.927756353809389,"Central",NA,NA,NA,NA,NA,NA,NA,NA,NA,NA,NA,1,NA,NA,NA,10,10
1997,"CI","yelloweye","charter",0.927756353809389,"Central",NA,NA,NA,NA,NA,NA,NA,NA,NA,NA,NA,1,NA,NA,NA,10,10
1998,"CI","yelloweye","charter",0.927756353809389,"Central",NA,NA,NA,NA,NA,NA,NA,NA,NA,NA,NA,1,NA,NA,NA,10,10
1999,"CI","yelloweye","charter",0.927756353809389,"Central",NA,NA,NA,NA,NA,NA,NA,NA,NA,NA,NA,1,NA,NA,NA,10,10
2000,"CI","yelloweye","charter",0.927756353809389,"Central",NA,NA,NA,NA,NA,NA,NA,NA,NA,NA,NA,1,NA,NA,NA,10,10
2001,"CI","yelloweye","charter",0.927756353809389,"Central",NA,NA,NA,NA,NA,NA,NA,NA,NA,NA,NA,1,NA,NA,NA,10,10
2002,"CI","yelloweye","charter",0.927756353809389,"Central",NA,NA,NA,NA,NA,NA,NA,NA,NA,NA,NA,1,NA,NA,NA,10,10
2003,"CI","yelloweye","charter",0.927756353809389,"Central",NA,NA,NA,NA,NA,NA,NA,NA,NA,NA,NA,1,NA,NA,NA,10,10
2004,"CI","yelloweye","charter",0.927756353809389,"Central",NA,NA,NA,NA,NA,NA,NA,NA,NA,NA,NA,1,NA,NA,NA,10,10
2005,"CI","yelloweye","charter",0.927756353809389,"Central",NA,NA,NA,NA,NA,NA,NA,NA,NA,NA,NA,1,NA,NA,NA,10,10
2006,"CI","yelloweye","charter",0.927756353809389,"Central",NA,NA,NA,NA,NA,NA,NA,NA,NA,NA,NA,1,NA,NA,NA,10,10
2007,"CI","yelloweye","charter",0.927756353809389,"Central",NA,NA,NA,NA,NA,NA,NA,NA,NA,NA,NA,1,NA,NA,NA,10,10
2008,"CI","yelloweye","charter",0.927756353809389,"Central",NA,NA,NA,NA,NA,NA,NA,NA,NA,NA,NA,1,NA,NA,NA,10,10
2009,"CI","yelloweye","charter",0.927756353809389,"Central",NA,NA,NA,NA,NA,NA,NA,NA,NA,NA,NA,1,NA,NA,NA,10,10
2010,"CI","yelloweye","charter",0.927756353809389,"Central",NA,NA,NA,NA,NA,NA,NA,NA,NA,NA,NA,1,NA,NA,NA,10,10
2011,"CI","yelloweye","charter",0.927756353809389,"Central",NA,NA,NA,NA,NA,NA,NA,NA,NA,NA,NA,1,NA,NA,NA,10,10
2012,"CI","yelloweye","charter",0.927756353809389,"Central",NA,NA,NA,NA,NA,NA,NA,NA,NA,NA,NA,1,NA,NA,NA,10,10
2013,"CI","yelloweye","charter",0.27233134854105,"Central",NA,NA,NA,NA,NA,NA,NA,NA,NA,NA,NA,1,NA,NA,NA,10,10
2014,"CI","yelloweye","charter",0.27233134854105,"Central",NA,NA,NA,NA,NA,NA,NA,NA,NA,NA,NA,1,NA,NA,NA,10,10
2015,"CI","yelloweye","charter",0.27233134854105,"Central",NA,NA,NA,NA,NA,NA,NA,NA,NA,NA,NA,1,NA,NA,NA,10,10
2016,"CI","yelloweye","charter",0.27233134854105,"Central",NA,NA,NA,NA,NA,NA,NA,NA,NA,NA,NA,1,NA,NA,NA,10,10
2017,"CI","yelloweye","charter",0.27233134854105,"Central",NA,NA,NA,NA,NA,NA,NA,NA,NA,NA,NA,1,NA,NA,NA,10,10
2018,"CI","yelloweye","charter",0.27233134854105,"Central",NA,NA,NA,NA,NA,NA,NA,NA,NA,NA,NA,1,NA,NA,NA,10,10
2019,"CI","yelloweye","charter",0.27233134854105,"Central",NA,NA,NA,NA,NA,NA,NA,NA,NA,NA,NA,1,NA,NA,NA,10,10
2020,"CI","yelloweye","charter",0.27233134854105,"Central",NA,NA,NA,NA,NA,NA,NA,NA,NA,NA,NA,1,NA,NA,NA,10,10
2021,"CI","yelloweye","charter",0.27233134854105,"Central",NA,NA,NA,NA,NA,NA,NA,NA,NA,NA,NA,1,NA,NA,NA,10,10
2022,"CI","yelloweye","charter",0.27233134854105,"Central",NA,NA,NA,NA,NA,NA,NA,NA,NA,NA,NA,1,NA,NA,NA,10,10
2023,"CI","yelloweye","charter",0.27233134854105,"Central",NA,NA,NA,NA,NA,NA,NA,NA,NA,NA,NA,1,NA,NA,NA,10,10
2024,"CI","yelloweye","charter",0.27233134854105,"Central",NA,NA,NA,NA,NA,NA,NA,NA,NA,NA,NA,1,NA,NA,NA,10,10
2025,"CI","yelloweye","charter",0.27233134854105,"Central",NA,NA,NA,NA,NA,NA,NA,NA,NA,NA,NA,1,NA,NA,NA,10,10
1977,"NG","yelloweye","charter",0.953303964757709,"Central",NA,NA,NA,NA,NA,NA,NA,NA,NA,NA,NA,1,NA,NA,NA,1.44722383320515,1.44722383320515
1978,"NG","yelloweye","charter",0.953303964757709,"Central",NA,NA,NA,NA,NA,NA,NA,NA,NA,NA,NA,1,NA,NA,NA,1.44722383320515,1.44722383320515
1979,"NG","yelloweye","charter",0.953303964757709,"Central",NA,NA,NA,NA,NA,NA,NA,NA,NA,NA,NA,1,NA,NA,NA,1.44722383320515,1.44722383320515
1980,"NG","yelloweye","charter",0.953303964757709,"Central",NA,NA,NA,NA,NA,NA,NA,NA,NA,NA,NA,1,NA,NA,NA,1.44722383320515,1.44722383320515
1981,"NG","yelloweye","charter",0.953303964757709,"Central",NA,NA,NA,NA,NA,NA,NA,NA,NA,NA,NA,1,NA,NA,NA,1.44722383320515,1.44722383320515
1982,"NG","yelloweye","charter",0.953303964757709,"Central",NA,NA,NA,NA,NA,NA,NA,NA,NA,NA,NA,1,NA,NA,NA,1.44722383320515,1.44722383320515
1983,"NG","yelloweye","charter",0.953303964757709,"Central",NA,NA,NA,NA,NA,NA,NA,NA,NA,NA,NA,1,NA,NA,NA,1.44722383320515,1.44722383320515
1984,"NG","yelloweye","charter",0.953303964757709,"Central",NA,NA,NA,NA,NA,NA,NA,NA,NA,NA,NA,1,NA,NA,NA,1.44722383320515,1.44722383320515
1985,"NG","yelloweye","charter",0.953303964757709,"Central",NA,NA,NA,NA,NA,NA,NA,NA,NA,NA,NA,1,NA,NA,NA,1.44722383320515,1.44722383320515
1986,"NG","yelloweye","charter",0.953303964757709,"Central",NA,NA,NA,NA,NA,NA,NA,NA,NA,NA,NA,1,NA,NA,NA,1.44722383320515,1.44722383320515
1987,"NG","yelloweye","charter",0.953303964757709,"Central",NA,NA,NA,NA,NA,NA,NA,NA,NA,NA,NA,1,NA,NA,NA,1.44722383320515,1.44722383320515
1988,"NG","yelloweye","charter",0.953303964757709,"Central",NA,NA,NA,NA,NA,NA,NA,NA,NA,NA,NA,1,NA,NA,NA,1.44722383320515,1.44722383320515
1989,"NG","yelloweye","charter",0.953303964757709,"Central",NA,NA,NA,NA,NA,NA,NA,NA,NA,NA,NA,1,NA,NA,NA,1.44722383320515,1.44722383320515
1990,"NG","yelloweye","charter",0.953303964757709,"Central",NA,NA,NA,NA,NA,NA,NA,NA,NA,NA,NA,1,NA,NA,NA,1.44722383320515,1.44722383320515
1991,"NG","yelloweye","charter",0.953303964757709,"Central",NA,NA,NA,NA,NA,NA,NA,NA,NA,NA,NA,1,NA,NA,NA,1.44722383320515,1.44722383320515
1992,"NG","yelloweye","charter",0.953303964757709,"Central",NA,NA,NA,NA,NA,NA,NA,NA,NA,NA,NA,1,NA,NA,NA,1.44722383320515,1.44722383320515
1993,"NG","yelloweye","charter",0.953303964757709,"Central",NA,NA,NA,NA,NA,NA,NA,NA,NA,NA,NA,1,NA,NA,NA,1.44722383320515,1.44722383320515
1994,"NG","yelloweye","charter",0.953303964757709,"Central",NA,NA,NA,NA,NA,NA,NA,NA,NA,NA,NA,1,NA,NA,NA,1.44722383320515,1.44722383320515
1995,"NG","yelloweye","charter",0.953303964757709,"Central",NA,NA,NA,NA,NA,NA,NA,NA,NA,NA,NA,1,NA,NA,NA,1.44722383320515,1.44722383320515
1996,"NG","yelloweye","charter",0.953303964757709,"Central",NA,NA,NA,NA,NA,NA,NA,NA,NA,NA,NA,1,NA,NA,NA,1.44722383320515,1.44722383320515
1997,"NG","yelloweye","charter",0.953303964757709,"Central",NA,NA,NA,NA,NA,NA,NA,NA,NA,NA,NA,1,NA,NA,NA,1.44722383320515,1.44722383320515
1998,"NG","yelloweye","charter",0.953303964757709,"Central",NA,NA,NA,NA,NA,NA,NA,NA,NA,NA,NA,1,NA,NA,NA,1.44722383320515,1.44722383320515
1999,"NG","yelloweye","charter",0.953303964757709,"Central",NA,NA,NA,NA,NA,NA,NA,NA,NA,NA,NA,1,NA,NA,NA,1.44722383320515,1.44722383320515
2000,"NG","yelloweye","charter",0.953303964757709,"Central",NA,NA,NA,NA,NA,NA,NA,NA,NA,NA,NA,1,NA,NA,NA,1.44722383320515,1.44722383320515
2001,"NG","yelloweye","charter",0.953303964757709,"Central",NA,NA,NA,NA,NA,NA,NA,NA,NA,NA,NA,1,NA,NA,NA,1.44722383320515,1.44722383320515
2002,"NG","yelloweye","charter",0.953303964757709,"Central",NA,NA,NA,NA,NA,NA,NA,NA,NA,NA,NA,1,NA,NA,NA,1.44722383320515,1.44722383320515
2003,"NG","yelloweye","charter",0.953303964757709,"Central",NA,NA,NA,NA,NA,NA,NA,NA,NA,NA,NA,1,NA,NA,NA,1.44722383320515,1.44722383320515
2004,"NG","yelloweye","charter",0.953303964757709,"Central",NA,NA,NA,NA,NA,NA,NA,NA,NA,NA,NA,1,NA,NA,NA,1.44722383320515,1.44722383320515
2005,"NG","yelloweye","charter",0.953303964757709,"Central",NA,NA,NA,NA,NA,NA,NA,NA,NA,NA,NA,1,NA,NA,NA,1.44722383320515,1.44722383320515
2006,"NG","yelloweye","charter",0.953303964757709,"Central",NA,NA,NA,NA,NA,NA,NA,NA,NA,NA,NA,1,NA,NA,NA,1.44722383320515,1.44722383320515
2007,"NG","yelloweye","charter",0.953303964757709,"Central",55,24,2.29166666666667,5.21678975343294,2.29167792081294,0.305283875046012,75,19.4666666666667,3.86235552226731,14.2400148517953,"bootstrap",0.439288916963711,11.5010526942025,5.05228498197878,0.673035736447692,1.44722383320515,0.673035736447692
2008,"NG","yelloweye","charter",0.953303964757709,"Central",102,22,4.63636363636364,4.72789413933466,1.80980463812704,0.174892116967395,75,19.4666666666667,3.86235552226731,26.4087548160567,"bootstrap",0.382792969721976,10.4232223645426,3.98993624299579,0.385571117126005,1.44722383320515,0.385571117126005
2009,"NG","yelloweye","charter",0.953303964757709,"Central",101,28,3.60714285714286,4.29643648979633,2.14614481102326,0.208015950326019,75,19.4666666666667,3.86235552226731,26.149845455115,"bootstrap",0.499517406138825,9.47202107079839,4.7314393961775,0.458596669409538,1.44722383320515,0.458596669409538
2010,"NG","yelloweye","charter",0.953303964757709,"Central",205,36,5.69444444444444,4.6495258478035,1.90745122513415,0.132553707190881,75,19.4666666666667,3.86235552226731,53.0764189930551,"bootstrap",0.410246396637467,10.2504498563423,4.20521011747746,0.292230901237873,1.44722383320515,0.292230901237873
2011,"NG","yelloweye","charter",0.953303964757709,"Central",98,19,5.15789473684211,4.93682382374004,1.73461621633944,0.177528802588559,75,19.4666666666667,3.86235552226731,19,"bootstrap",0.351362794839482,10.8838334727722,3.82417414756074,0.391384013888252,1.44722383320515,0.391384013888252
2012,"NG","yelloweye","charter",0.953303964757709,"Central",104,25,4.16,3.52895667134475,1.75175643490202,0.16311214613716,75,19.4666666666667,3.86235552226731,25,"bootstrap",0.496394996608018,7.78001770264654,3.86196186111555,0.359600726970729,1.44722383320515,0.359600726970729
2013,"NG","yelloweye","charter",0.094086518236298,"Central",128,27,4.74074074074074,4.38575571207958,1.66123719658931,0.14799423104516,75,19.4666666666667,3.86235552226731,27,"bootstrap",0.378780147743707,9.66893624864485,3.66240110078618,0.326271429391666,1.44722383320515,0.326271429391666
2014,"NG","yelloweye","charter",0.094086518236298,"Central",74,21,3.52380952380952,3.87462305584292,2.12597513235389,0.250131678567736,75,19.4666666666667,3.86235552226731,21,"bootstrap",0.548692118359211,8.54208163288483,4.68697286634488,0.551445956549,1.44722383320515,0.551445956549
2015,"NG","yelloweye","charter",0.094086518236298,"Central",47,11,4.27272727272727,4.64469524286684,2.20256348095455,0.309954909275789,75,19.4666666666667,3.86235552226731,11,"bootstrap",0.474210548977819,10.2398001954306,4.85582127209834,0.683333604169452,1.44722383320515,0.683333604169452
2016,"NG","yelloweye","charter",0.094086518236298,"Central",74,22,3.36363636363636,3.69507382536005,2.16349119448643,0.247457520183432,75,19.4666666666667,3.86235552226731,22,"bootstrap",0.58550689289019,8.1462433379587,4.7696816255356,0.545550446485501,1.44722383320515,0.545550446485501
2017,"NG","yelloweye","charter",0.094086518236298,"Central",47,17,2.76470588235294,3.76478542625719,1.64711003065449,0.234748650603071,75,19.4666666666667,3.86235552226731,17,"bootstrap",0.437504357928836,8.29993111017294,3.63125603120978,0.517532185134007,1.44722383320515,0.517532185134007
2018,"NG","yelloweye","charter",0.094086518236298,"Central",91,23,3.95652173913043,3.80051964062392,1.70865544326519,0.178014067589166,75,19.4666666666667,3.86235552226731,23,"bootstrap",0.449584689683299,8.37871156747376,3.76694044000856,0.392453840085284,1.44722383320515,0.392453840085284
2019,"NG","yelloweye","charter",0.094086518236298,"Central",91,25,3.64,4.05683353983173,1.98868927200253,0.201313830513738,75,19.4666666666667,3.86235552226731,25,"bootstrap",0.490207264477758,8.9437869874877,4.38430935320811,0.443821024469433,1.44722383320515,0.443821024469433
2020,"NG","yelloweye","charter",0.094086518236298,"Central",46,8,5.75,3.84782608695652,1.59690521953973,0.233633336117891,75,19.4666666666667,3.86235552226731,8,"bootstrap",0.415014915812585,8.48300442913043,3.52057336899335,0.515073337591565,1.44722383320515,0.515073337591565
2021,"NG","yelloweye","charter",0.094086518236298,"Central",47,18,2.61111111111111,3.25159649870921,1.98654051256189,0.284502545249299,75,19.4666666666667,3.86235552226731,18,"bootstrap",0.610943120817878,7.16854319216712,4.37957214954034,0.627220746704178,1.44722383320515,0.627220746704178
2022,"NG","yelloweye","charter",0.094086518236298,"Central",49,19,2.57894736842105,3.65045394044673,1.97377213339141,0.286464143116023,75,19.4666666666667,3.86235552226731,19,"bootstrap",0.540692244195216,8.04787333037699,4.35142269200036,0.631545329732502,1.44722383320515,0.631545329732502
2023,"NG","yelloweye","charter",0.094086518236298,"Central",48,14,3.42857142857143,3.81283656887643,2.2158526052682,0.32822484448725,75,19.4666666666667,3.86235552226731,14,"bootstrap",0.581155936070234,8.40586574610816,4.8851187761602,0.723611916602574,1.44722383320515,0.723611916602574
2024,"NG","yelloweye","charter",0.094086518236298,"Central",48,18,2.66666666666667,4.0983446420061,1.63239895450621,0.238383647047566,75,19.4666666666667,3.86235552226731,18,"bootstrap",0.39830690122419,9.03530330232245,3.59882365996874,0.52554598051916,1.44722383320515,0.52554598051916
2025,"NG","yelloweye","charter",0.094086518236298,"Central",133,25,5.32,4.16331208100239,1.75646826636278,0.144795016736336,75,19.4666666666667,3.86235552226731,25,"bootstrap",0.421892049452099,9.17853198789714,3.87234967133557,0.319218369160205,1.44722383320515,0.319218369160205
1977,"PWSI","yelloweye","charter",0.916744186046512,"Central",NA,NA,NA,NA,NA,NA,NA,NA,NA,NA,NA,1,NA,NA,NA,1.33765901213058,1.33765901213058
1978,"PWSI","yelloweye","charter",0.916744186046512,"Central",NA,NA,NA,NA,NA,NA,NA,NA,NA,NA,NA,1,NA,NA,NA,1.33765901213058,1.33765901213058
1979,"PWSI","yelloweye","charter",0.916744186046512,"Central",NA,NA,NA,NA,NA,NA,NA,NA,NA,NA,NA,1,NA,NA,NA,1.33765901213058,1.33765901213058
1980,"PWSI","yelloweye","charter",0.916744186046512,"Central",NA,NA,NA,NA,NA,NA,NA,NA,NA,NA,NA,1,NA,NA,NA,1.33765901213058,1.33765901213058
1981,"PWSI","yelloweye","charter",0.916744186046512,"Central",NA,NA,NA,NA,NA,NA,NA,NA,NA,NA,NA,1,NA,NA,NA,1.33765901213058,1.33765901213058
1982,"PWSI","yelloweye","charter",0.916744186046512,"Central",NA,NA,NA,NA,NA,NA,NA,NA,NA,NA,NA,1,NA,NA,NA,1.33765901213058,1.33765901213058
1983,"PWSI","yelloweye","charter",0.916744186046512,"Central",NA,NA,NA,NA,NA,NA,NA,NA,NA,NA,NA,1,NA,NA,NA,1.33765901213058,1.33765901213058
1984,"PWSI","yelloweye","charter",0.916744186046512,"Central",NA,NA,NA,NA,NA,NA,NA,NA,NA,NA,NA,1,NA,NA,NA,1.33765901213058,1.33765901213058
1985,"PWSI","yelloweye","charter",0.916744186046512,"Central",NA,NA,NA,NA,NA,NA,NA,NA,NA,NA,NA,1,NA,NA,NA,1.33765901213058,1.33765901213058
1986,"PWSI","yelloweye","charter",0.916744186046512,"Central",NA,NA,NA,NA,NA,NA,NA,NA,NA,NA,NA,1,NA,NA,NA,1.33765901213058,1.33765901213058
1987,"PWSI","yelloweye","charter",0.916744186046512,"Central",NA,NA,NA,NA,NA,NA,NA,NA,NA,NA,NA,1,NA,NA,NA,1.33765901213058,1.33765901213058
1988,"PWSI","yelloweye","charter",0.916744186046512,"Central",NA,NA,NA,NA,NA,NA,NA,NA,NA,NA,NA,1,NA,NA,NA,1.33765901213058,1.33765901213058
1989,"PWSI","yelloweye","charter",0.916744186046512,"Central",NA,NA,NA,NA,NA,NA,NA,NA,NA,NA,NA,1,NA,NA,NA,1.33765901213058,1.33765901213058
1990,"PWSI","yelloweye","charter",0.916744186046512,"Central",NA,NA,NA,NA,NA,NA,NA,NA,NA,NA,NA,1,NA,NA,NA,1.33765901213058,1.33765901213058
1991,"PWSI","yelloweye","charter",0.916744186046512,"Central",NA,NA,NA,NA,NA,NA,NA,NA,NA,NA,NA,1,NA,NA,NA,1.33765901213058,1.33765901213058
1992,"PWSI","yelloweye","charter",0.916744186046512,"Central",NA,NA,NA,NA,NA,NA,NA,NA,NA,NA,NA,1,NA,NA,NA,1.33765901213058,1.33765901213058
1993,"PWSI","yelloweye","charter",0.916744186046512,"Central",NA,NA,NA,NA,NA,NA,NA,NA,NA,NA,NA,1,NA,NA,NA,1.33765901213058,1.33765901213058
1994,"PWSI","yelloweye","charter",0.916744186046512,"Central",NA,NA,NA,NA,NA,NA,NA,NA,NA,NA,NA,1,NA,NA,NA,1.33765901213058,1.33765901213058
1995,"PWSI","yelloweye","charter",0.916744186046512,"Central",NA,NA,NA,NA,NA,NA,NA,NA,NA,NA,NA,1,NA,NA,NA,1.33765901213058,1.33765901213058
1996,"PWSI","yelloweye","charter",0.916744186046512,"Central",NA,NA,NA,NA,NA,NA,NA,NA,NA,NA,NA,1,NA,NA,NA,1.33765901213058,1.33765901213058
1997,"PWSI","yelloweye","charter",0.916744186046512,"Central",NA,NA,NA,NA,NA,NA,NA,NA,NA,NA,NA,1,NA,NA,NA,1.33765901213058,1.33765901213058
1998,"PWSI","yelloweye","charter",0.916744186046512,"Central",NA,NA,NA,NA,NA,NA,NA,NA,NA,NA,NA,1,NA,NA,NA,1.33765901213058,1.33765901213058
1999,"PWSI","yelloweye","charter",0.916744186046512,"Central",NA,NA,NA,NA,NA,NA,NA,NA,NA,NA,NA,1,NA,NA,NA,1.33765901213058,1.33765901213058
2000,"PWSI","yelloweye","charter",0.916744186046512,"Central",NA,NA,NA,NA,NA,NA,NA,NA,NA,NA,NA,1,NA,NA,NA,1.33765901213058,1.33765901213058
2001,"PWSI","yelloweye","charter",0.916744186046512,"Central",NA,NA,NA,NA,NA,NA,NA,NA,NA,NA,NA,1,NA,NA,NA,1.33765901213058,1.33765901213058
2002,"PWSI","yelloweye","charter",0.916744186046512,"Central",NA,NA,NA,NA,NA,NA,NA,NA,NA,NA,NA,1,NA,NA,NA,1.33765901213058,1.33765901213058
2003,"PWSI","yelloweye","charter",0.916744186046512,"Central",NA,NA,NA,NA,NA,NA,NA,NA,NA,NA,NA,1,NA,NA,NA,1.33765901213058,1.33765901213058
2004,"PWSI","yelloweye","charter",0.916744186046512,"Central",NA,NA,NA,NA,NA,NA,NA,NA,NA,NA,NA,1,NA,NA,NA,1.33765901213058,1.33765901213058
2005,"PWSI","yelloweye","charter",0.916744186046512,"Central",NA,NA,NA,NA,NA,NA,NA,NA,NA,NA,NA,1,NA,NA,NA,1.33765901213058,1.33765901213058
2006,"PWSI","yelloweye","charter",0.916744186046512,"Central",NA,NA,NA,NA,NA,NA,NA,NA,NA,NA,NA,1,NA,NA,NA,1.33765901213058,1.33765901213058
2007,"PWSI","yelloweye","charter",0.916744186046512,"Central",76,17,4.47058823529412,3.44707939849579,1.28812780316825,0.143645237651752,64.1333333333333,11.7333333333333,5.9424406960852,12.7893577549824,"bootstrap",0.37368672265871,7.59950921485981,2.83983569231563,0.316683540182328,1.33765901213058,0.316683540182328
2008,"PWSI","yelloweye","charter",0.916744186046512,"Central",97,17,5.70588235294118,3.45821982026182,1.46516594553162,0.147735602039699,64.1333333333333,11.7333333333333,5.9424406960852,16.3232592399117,"bootstrap",0.423676348434292,7.62406964068154,3.2301379855727,0.325701250036039,1.33765901213058,0.325701250036039
2009,"PWSI","yelloweye","charter",0.916744186046512,"Central",72,19,3.78947368421053,3.38309436305209,1.34118878725521,0.159558663652138,64.1333333333333,11.7333333333333,5.9424406960852,12.1162336626149,"bootstrap",0.396438480079889,7.45844635837913,2.9568151380732,0.351766639104475,1.33765901213058,0.351766639104475
2010,"PWSI","yelloweye","charter",0.916744186046512,"Central",99,22,4.5,3.36102150773931,1.73644623368202,0.175075685821292,64.1333333333333,11.7333333333333,5.9424406960852,16.6598212860954,"bootstrap",0.516642404603352,7.40978404226859,3.82820864518919,0.385975817173634,1.33765901213058,0.385975817173634
2011,"PWSI","yelloweye","charter",0.916744186046512,"Central",77,16,4.8125,3.13997306838572,1.50711392938275,0.169035981838596,64.1333333333333,11.7333333333333,5.9424406960852,16,"bootstrap",0.479976705710271,6.92245565275396,3.32261745963429,0.372660549155278,1.33765901213058,0.372660549155278
2012,"PWSI","yelloweye","charter",0.916744186046512,"Central",91,23,3.95652173913043,3.32517089416834,1.52998725391845,0.161123280712768,64.1333333333333,11.7333333333333,5.9424406960852,23,"bootstrap",0.460122893714043,7.33074696864915,3.3730445083003,0.355216029267978,1.33765901213058,0.355216029267978
2013,"PWSI","yelloweye","charter",0.0809183064997019,"Central",75,16,4.6875,3.36771627993849,1.70697115417071,0.199271538460634,64.1333333333333,11.7333333333333,5.9424406960852,16,"bootstrap",0.506863112055831,7.42454348849465,3.76322721817225,0.439318541212514,1.33765901213058,0.439318541212514
2014,"PWSI","yelloweye","charter",0.0809183064997019,"Central",66,16,4.125,3.72469941050485,1.73634564082198,0.21137526192098,64.1333333333333,11.7333333333333,5.9424406960852,16,"bootstrap",0.466170675659069,8.21155657309966,3.82798687589453,0.466002683739417,1.33765901213058,0.466002683739417
2015,"PWSI","yelloweye","charter",0.0809183064997019,"Central",75,9,8.33333333333333,3.530929700272,1.34250668006033,0.15000511276286,64.1333333333333,11.7333333333333,5.9424406960852,9,"bootstrap",0.380213369854662,7.78436748684947,2.95972059436211,0.330704664712652,1.33765901213058,0.330704664712652
2016,"PWSI","yelloweye","charter",0.0809183064997019,"Central",80,17,4.70588235294118,3.44312450764514,1.64189400691705,0.18221315405682,64.1333333333333,11.7333333333333,5.9424406960852,17,"bootstrap",0.476861642171631,7.59079017303084,3.61975666729176,0.40171124109521,1.33765901213058,0.40171124109521
2017,"PWSI","yelloweye","charter",0.0809183064997019,"Central",114,8,14.25,3.45376453758913,1.30843517808409,0.125357400805089,64.1333333333333,11.7333333333333,5.9424406960852,8,"bootstrap",0.378843190913481,7.61424742372284,2.88460579040791,0.276365761399305,1.33765901213058,0.276365761399305
2018,"PWSI","yelloweye","charter",0.0809183064997019,"Central",66,11,6,2.91141797809292,1.41819343128182,0.174486132418143,64.1333333333333,11.7333333333333,5.9424406960852,11,"bootstrap",0.487114334648296,6.41857793077832,3.12658131813932,0.384676074405353,1.33765901213058,0.384676074405353
2019,"PWSI","yelloweye","charter",0.0809183064997019,"Central",115,14,8.21428571428571,3.83020789167215,1.39145596289305,0.131549534436425,64.1333333333333,11.7333333333333,5.9424406960852,14,"bootstrap",0.363284709928782,8.44416295728293,3.0676352905279,0.290017079269011,1.33765901213058,0.290017079269011
2020,"PWSI","yelloweye","charter",0.0809183064997019,"Central",45,4,11.25,3.70444444444444,1.50059920691635,0.218492381034105,64.1333333333333,11.7333333333333,5.9424406960852,4,"bootstrap",0.405080769713472,8.16690201675554,3.30825495512185,0.481693245525447,1.33765901213058,0.481693245525447
2021,"PWSI","yelloweye","charter",0.0809183064997019,"Central",35,9,3.88888888888889,2.28285802330236,1.52911518050558,0.256052925817218,64.1333333333333,11.7333333333333,5.9424406960852,9,"bootstrap",0.669824914601381,5.03284043642087,3.37112191552798,0.564500072173821,1.33765901213058,0.564500072173821
2022,"PWSI","yelloweye","charter",0.0809183064997019,"Central",45,10,4.5,2.66339308679159,1.2934591219201,0.186695194468601,64.1333333333333,11.7333333333333,5.9424406960852,10,"bootstrap",0.485643342822611,5.87177664509236,2.85158923823039,0.411592448770777,1.33765901213058,0.411592448770777
2023,"PWSI","yelloweye","charter",0.0809183064997019,"Central",24,7,3.42857142857143,2.93638319137245,1.49834748246417,0.292901544292406,64.1333333333333,11.7333333333333,5.9424406960852,7,"bootstrap",0.51026973825029,6.47361680468749,3.30329075246056,0.64573736997997,1.33765901213058,0.64573736997997
2024,"PWSI","yelloweye","charter",0.0809183064997019,"Central",23,9,2.55555555555556,2.60280136579672,1.48442699712739,0.303375961036493,64.1333333333333,11.7333333333333,5.9424406960852,9,"bootstrap",0.570318971180118,5.73819476640234,3.27260133560572,0.668829506065291,1.33765901213058,0.668829506065291
2025,"PWSI","yelloweye","charter",0.0809183064997019,"Central",31,7,4.42857142857143,2.626976495965,1.55089437290024,0.281197213623915,64.1333333333333,11.7333333333333,5.9424406960852,7,"bootstrap",0.590372382578372,5.79149180521278,3.41913681572658,0.619933737836255,1.33765901213058,0.619933737836255
1977,"PWSO","yelloweye","charter",0.913220910623946,"Central",NA,NA,NA,NA,NA,NA,NA,NA,NA,NA,NA,1,NA,NA,NA,1.05015632566682,1.05015632566682
1978,"PWSO","yelloweye","charter",0.913220910623946,"Central",NA,NA,NA,NA,NA,NA,NA,NA,NA,NA,NA,1,NA,NA,NA,1.05015632566682,1.05015632566682
1979,"PWSO","yelloweye","charter",0.913220910623946,"Central",NA,NA,NA,NA,NA,NA,NA,NA,NA,NA,NA,1,NA,NA,NA,1.05015632566682,1.05015632566682
1980,"PWSO","yelloweye","charter",0.913220910623946,"Central",NA,NA,NA,NA,NA,NA,NA,NA,NA,NA,NA,1,NA,NA,NA,1.05015632566682,1.05015632566682
1981,"PWSO","yelloweye","charter",0.913220910623946,"Central",NA,NA,NA,NA,NA,NA,NA,NA,NA,NA,NA,1,NA,NA,NA,1.05015632566682,1.05015632566682
1982,"PWSO","yelloweye","charter",0.913220910623946,"Central",NA,NA,NA,NA,NA,NA,NA,NA,NA,NA,NA,1,NA,NA,NA,1.05015632566682,1.05015632566682
1983,"PWSO","yelloweye","charter",0.913220910623946,"Central",NA,NA,NA,NA,NA,NA,NA,NA,NA,NA,NA,1,NA,NA,NA,1.05015632566682,1.05015632566682
1984,"PWSO","yelloweye","charter",0.913220910623946,"Central",NA,NA,NA,NA,NA,NA,NA,NA,NA,NA,NA,1,NA,NA,NA,1.05015632566682,1.05015632566682
1985,"PWSO","yelloweye","charter",0.913220910623946,"Central",NA,NA,NA,NA,NA,NA,NA,NA,NA,NA,NA,1,NA,NA,NA,1.05015632566682,1.05015632566682
1986,"PWSO","yelloweye","charter",0.913220910623946,"Central",NA,NA,NA,NA,NA,NA,NA,NA,NA,NA,NA,1,NA,NA,NA,1.05015632566682,1.05015632566682
1987,"PWSO","yelloweye","charter",0.913220910623946,"Central",NA,NA,NA,NA,NA,NA,NA,NA,NA,NA,NA,1,NA,NA,NA,1.05015632566682,1.05015632566682
1988,"PWSO","yelloweye","charter",0.913220910623946,"Central",NA,NA,NA,NA,NA,NA,NA,NA,NA,NA,NA,1,NA,NA,NA,1.05015632566682,1.05015632566682
1989,"PWSO","yelloweye","charter",0.913220910623946,"Central",NA,NA,NA,NA,NA,NA,NA,NA,NA,NA,NA,1,NA,NA,NA,1.05015632566682,1.05015632566682
1990,"PWSO","yelloweye","charter",0.913220910623946,"Central",NA,NA,NA,NA,NA,NA,NA,NA,NA,NA,NA,1,NA,NA,NA,1.05015632566682,1.05015632566682
1991,"PWSO","yelloweye","charter",0.913220910623946,"Central",NA,NA,NA,NA,NA,NA,NA,NA,NA,NA,NA,1,NA,NA,NA,1.05015632566682,1.05015632566682
1992,"PWSO","yelloweye","charter",0.913220910623946,"Central",NA,NA,NA,NA,NA,NA,NA,NA,NA,NA,NA,1,NA,NA,NA,1.05015632566682,1.05015632566682
1993,"PWSO","yelloweye","charter",0.913220910623946,"Central",NA,NA,NA,NA,NA,NA,NA,NA,NA,NA,NA,1,NA,NA,NA,1.05015632566682,1.05015632566682
1994,"PWSO","yelloweye","charter",0.913220910623946,"Central",NA,NA,NA,NA,NA,NA,NA,NA,NA,NA,NA,1,NA,NA,NA,1.05015632566682,1.05015632566682
1995,"PWSO","yelloweye","charter",0.913220910623946,"Central",NA,NA,NA,NA,NA,NA,NA,NA,NA,NA,NA,1,NA,NA,NA,1.05015632566682,1.05015632566682
1996,"PWSO","yelloweye","charter",0.913220910623946,"Central",NA,NA,NA,NA,NA,NA,NA,NA,NA,NA,NA,1,NA,NA,NA,1.05015632566682,1.05015632566682
1997,"PWSO","yelloweye","charter",0.913220910623946,"Central",NA,NA,NA,NA,NA,NA,NA,NA,NA,NA,NA,1,NA,NA,NA,1.05015632566682,1.05015632566682
1998,"PWSO","yelloweye","charter",0.913220910623946,"Central",NA,NA,NA,NA,NA,NA,NA,NA,NA,NA,NA,1,NA,NA,NA,1.05015632566682,1.05015632566682
1999,"PWSO","yelloweye","charter",0.913220910623946,"Central",NA,NA,NA,NA,NA,NA,NA,NA,NA,NA,NA,1,NA,NA,NA,1.05015632566682,1.05015632566682
2000,"PWSO","yelloweye","charter",0.913220910623946,"Central",NA,NA,NA,NA,NA,NA,NA,NA,NA,NA,NA,1,NA,NA,NA,1.05015632566682,1.05015632566682
2001,"PWSO","yelloweye","charter",0.913220910623946,"Central",NA,NA,NA,NA,NA,NA,NA,NA,NA,NA,NA,1,NA,NA,NA,1.05015632566682,1.05015632566682
2002,"PWSO","yelloweye","charter",0.913220910623946,"Central",NA,NA,NA,NA,NA,NA,NA,NA,NA,NA,NA,1,NA,NA,NA,1.05015632566682,1.05015632566682
2003,"PWSO","yelloweye","charter",0.913220910623946,"Central",NA,NA,NA,NA,NA,NA,NA,NA,NA,NA,NA,1,NA,NA,NA,1.05015632566682,1.05015632566682
2004,"PWSO","yelloweye","charter",0.913220910623946,"Central",NA,NA,NA,NA,NA,NA,NA,NA,NA,NA,NA,1,NA,NA,NA,1.05015632566682,1.05015632566682
2005,"PWSO","yelloweye","charter",0.913220910623946,"Central",NA,NA,NA,NA,NA,NA,NA,NA,NA,NA,NA,1,NA,NA,NA,1.05015632566682,1.05015632566682
2006,"PWSO","yelloweye","charter",0.913220910623946,"Central",NA,NA,NA,NA,NA,NA,NA,NA,NA,NA,NA,1,NA,NA,NA,1.05015632566682,1.05015632566682
2007,"PWSO","yelloweye","charter",0.913220910623946,"Central",167,22,7.59090909090909,4.35993622673254,1.29422730146492,0.0977556584764528,137.2,18.4,7.15231956703353,23.3490685692704,"bootstrap",0.296845466117024,9.61201402721201,2.85328278423112,0.215514335910183,1.05015632566682,0.215514335910183
2008,"PWSO","yelloweye","charter",0.913220910623946,"Central",181,23,7.8695652173913,4.55330365637522,1.60162871690707,0.111711411769845,137.2,18.4,7.15231956703353,25.3064755151972,"bootstrap",0.351750912694913,10.0383162365735,3.5309868981349,0.246281505299935,1.05015632566682,0.246281505299935
2009,"PWSO","yelloweye","charter",0.913220910623946,"Central",265,30,8.83333333333333,4.54336962326472,1.50106082338718,0.0947803697415238,137.2,18.4,7.15231956703353,37.0509171907584,"bootstrap",0.330384923053777,10.0164154424703,3.3092726452352,0.208954947064127,1.05015632566682,0.208954947064127
2010,"PWSO","yelloweye","charter",0.913220910623946,"Central",258,26,9.92307692307692,4.39568067193338,1.65882789264538,0.104411153263753,137.2,18.4,7.15231956703353,36.072213717795,"bootstrap",0.37737679700827,9.69081703964113,3.65708949481294,0.230187190265557,1.05015632566682,0.230187190265557
2011,"PWSO","yelloweye","charter",0.913220910623946,"Central",156,19,8.21052631578947,4.06490232769547,1.19591216786519,0.0967744458470949,137.2,18.4,7.15231956703353,19,"bootstrap",0.294204404301934,8.96157561972809,2.63653501680884,0.21335113235247,1.05015632566682,0.21335113235247
2012,"PWSO","yelloweye","charter",0.913220910623946,"Central",241,28,8.60714285714286,4.47893728289805,1.66669169083322,0.11197864183647,137.2,18.4,7.15231956703353,28,"bootstrap",0.372117666661053,9.87436644743838,3.67442620217696,0.24687064674956,1.05015632566682,0.24687064674956
2013,"PWSO","yelloweye","charter",0.0457693143942744,"Central",221,23,9.60869565217391,4.19899980806836,1.42183483341125,0.0918671488831266,137.2,18.4,7.15231956703353,23,"bootstrap",0.338612740748214,9.25720995824316,3.13460923564237,0.202532394462649,1.05015632566682,0.202532394462649
2014,"PWSO","yelloweye","charter",0.0457693143942744,"Central",164,26,6.30769230769231,3.80919080006376,1.63232018869356,0.129007919632815,137.2,18.4,7.15231956703353,26,"bootstrap",0.428521508732573,8.39782820171646,3.59865001107649,0.284413777781646,1.05015632566682,0.284413777781646
2015,"PWSO","yelloweye","charter",0.0457693143942744,"Central",209,23,9.08695652173913,3.92601440215263,1.56936285805438,0.105756280890123,137.2,18.4,7.15231956703353,23,"bootstrap",0.399734360932018,8.65538015743146,3.45985285585453,0.233152689057439,1.05015632566682,0.233152689057439
2016,"PWSO","yelloweye","charter",0.0457693143942744,"Central",208,26,8,4.03755425399465,1.53935813178203,0.104110873602531,137.2,18.4,7.15231956703353,26,"bootstrap",0.381260048768145,8.90128343783383,3.3937037576076,0.229525186932101,1.05015632566682,0.229525186932101
2017,"PWSO","yelloweye","charter",0.0457693143942744,"Central",105,18,5.83333333333333,3.95878847192945,1.83610947923624,0.176080007472556,137.2,18.4,7.15231956703353,18,"bootstrap",0.463805907351587,8.7276346130109,4.04792849072063,0.388189967403766,1.05015632566682,0.388189967403766
2018,"PWSO","yelloweye","charter",0.0457693143942744,"Central",130,23,5.65217391304348,4.04694483807345,1.49777785524401,0.129887110003535,137.2,18.4,7.15231956703353,23,"bootstrap",0.370100882313243,8.92198613190896,3.30203493940603,0.286352060760222,1.05015632566682,0.286352060760222
2019,"PWSO","yelloweye","charter",0.0457693143942744,"Central",214,26,8.23076923076923,3.8597552521037,1.49427712259712,0.100992618546165,137.2,18.4,7.15231956703353,26,"bootstrap",0.387142972804477,8.50930373645162,3.29431714502612,0.222650611299907,1.05015632566682,0.222650611299907
2020,"PWSO","yelloweye","charter",0.0457693143942744,"Central",49,10,4.9,4.15510204081633,1.64063773480642,0.238171448514581,137.2,18.4,7.15231956703353,10,"bootstrap",0.394848963681309,9.16043194759184,3.61698706137979,0.525078162833411,1.05015632566682,0.525078162833411
2021,"PWSO","yelloweye","charter",0.0457693143942744,"Central",84,13,6.46153846153846,3.52028124124144,1.57258798879565,0.177637261415005,137.2,18.4,7.15231956703353,13,"bootstrap",0.446722259111625,7.76089165320256,3.4669630520392,0.391623124670373,1.05015632566682,0.391623124670373
2022,"PWSO","yelloweye","charter",0.0457693143942744,"Central",134,19,7.05263157894737,3.99248873227846,1.64005378985607,0.138430284148191,137.2,18.4,7.15231956703353,19,"bootstrap",0.410784826165336,8.80193096927622,3.61569968313342,0.305186535726129,1.05015632566682,0.305186535726129
2023,"PWSO","yelloweye","charter",0.0457693143942744,"Central",63,9,7,4.47681040305757,1.72816802199542,0.213270597742753,137.2,18.4,7.15231956703353,9,"bootstrap",0.386026627532655,9.86967748003203,3.80995831245176,0.470181183964594,1.05015632566682,0.470181183964594
2024,"PWSO","yelloweye","charter",0.0457693143942744,"Central",42,7,6,4.40394250446416,1.43779394238608,0.224587051809783,137.2,18.4,7.15231956703353,7,"bootstrap",0.326478817770356,9.70903126252114,3.16979304828333,0.49512969457896,1.05015632566682,0.49512969457896
2025,"PWSO","yelloweye","charter",0.0457693143942744,"Central",38,6,6.33333333333333,4.24151737232594,0.992250201850275,0.159838849597399,137.2,18.4,7.15231956703353,6,"bootstrap",0.233937554594089,9.35094514215273,2.18753723969868,0.352384343377204,1.05015632566682,0.352384343377204
1977,"BSAI","yelloweye","charter",0.927756353809389,"Kodiak",NA,NA,NA,NA,NA,NA,NA,NA,NA,NA,NA,1,NA,NA,NA,10,10
1978,"BSAI","yelloweye","charter",0.927756353809389,"Kodiak",NA,NA,NA,NA,NA,NA,NA,NA,NA,NA,NA,1,NA,NA,NA,10,10
1979,"BSAI","yelloweye","charter",0.927756353809389,"Kodiak",NA,NA,NA,NA,NA,NA,NA,NA,NA,NA,NA,1,NA,NA,NA,10,10
1980,"BSAI","yelloweye","charter",0.927756353809389,"Kodiak",NA,NA,NA,NA,NA,NA,NA,NA,NA,NA,NA,1,NA,NA,NA,10,10
1981,"BSAI","yelloweye","charter",0.927756353809389,"Kodiak",NA,NA,NA,NA,NA,NA,NA,NA,NA,NA,NA,1,NA,NA,NA,10,10
1982,"BSAI","yelloweye","charter",0.927756353809389,"Kodiak",NA,NA,NA,NA,NA,NA,NA,NA,NA,NA,NA,1,NA,NA,NA,10,10
1983,"BSAI","yelloweye","charter",0.927756353809389,"Kodiak",NA,NA,NA,NA,NA,NA,NA,NA,NA,NA,NA,1,NA,NA,NA,10,10
1984,"BSAI","yelloweye","charter",0.927756353809389,"Kodiak",NA,NA,NA,NA,NA,NA,NA,NA,NA,NA,NA,1,NA,NA,NA,10,10
1985,"BSAI","yelloweye","charter",0.927756353809389,"Kodiak",NA,NA,NA,NA,NA,NA,NA,NA,NA,NA,NA,1,NA,NA,NA,10,10
1986,"BSAI","yelloweye","charter",0.927756353809389,"Kodiak",NA,NA,NA,NA,NA,NA,NA,NA,NA,NA,NA,1,NA,NA,NA,10,10
1987,"BSAI","yelloweye","charter",0.927756353809389,"Kodiak",NA,NA,NA,NA,NA,NA,NA,NA,NA,NA,NA,1,NA,NA,NA,10,10
1988,"BSAI","yelloweye","charter",0.927756353809389,"Kodiak",NA,NA,NA,NA,NA,NA,NA,NA,NA,NA,NA,1,NA,NA,NA,10,10
1989,"BSAI","yelloweye","charter",0.927756353809389,"Kodiak",NA,NA,NA,NA,NA,NA,NA,NA,NA,NA,NA,1,NA,NA,NA,10,10
1990,"BSAI","yelloweye","charter",0.927756353809389,"Kodiak",NA,NA,NA,NA,NA,NA,NA,NA,NA,NA,NA,1,NA,NA,NA,10,10
1991,"BSAI","yelloweye","charter",0.927756353809389,"Kodiak",NA,NA,NA,NA,NA,NA,NA,NA,NA,NA,NA,1,NA,NA,NA,10,10
1992,"BSAI","yelloweye","charter",0.927756353809389,"Kodiak",NA,NA,NA,NA,NA,NA,NA,NA,NA,NA,NA,1,NA,NA,NA,10,10
1993,"BSAI","yelloweye","charter",0.927756353809389,"Kodiak",NA,NA,NA,NA,NA,NA,NA,NA,NA,NA,NA,1,NA,NA,NA,10,10
1994,"BSAI","yelloweye","charter",0.927756353809389,"Kodiak",NA,NA,NA,NA,NA,NA,NA,NA,NA,NA,NA,1,NA,NA,NA,10,10
1995,"BSAI","yelloweye","charter",0.927756353809389,"Kodiak",NA,NA,NA,NA,NA,NA,NA,NA,NA,NA,NA,1,NA,NA,NA,10,10
1996,"BSAI","yelloweye","charter",0.927756353809389,"Kodiak",NA,NA,NA,NA,NA,NA,NA,NA,NA,NA,NA,1,NA,NA,NA,10,10
1997,"BSAI","yelloweye","charter",0.927756353809389,"Kodiak",NA,NA,NA,NA,NA,NA,NA,NA,NA,NA,NA,1,NA,NA,NA,10,10
1998,"BSAI","yelloweye","charter",0.927756353809389,"Kodiak",NA,NA,NA,NA,NA,NA,NA,NA,NA,NA,NA,1,NA,NA,NA,10,10
1999,"BSAI","yelloweye","charter",0.927756353809389,"Kodiak",NA,NA,NA,NA,NA,NA,NA,NA,NA,NA,NA,1,NA,NA,NA,10,10
2000,"BSAI","yelloweye","charter",0.927756353809389,"Kodiak",NA,NA,NA,NA,NA,NA,NA,NA,NA,NA,NA,1,NA,NA,NA,10,10
2001,"BSAI","yelloweye","charter",0.927756353809389,"Kodiak",NA,NA,NA,NA,NA,NA,NA,NA,NA,NA,NA,1,NA,NA,NA,10,10
2002,"BSAI","yelloweye","charter",0.927756353809389,"Kodiak",NA,NA,NA,NA,NA,NA,NA,NA,NA,NA,NA,1,NA,NA,NA,10,10
2003,"BSAI","yelloweye","charter",0.927756353809389,"Kodiak",NA,NA,NA,NA,NA,NA,NA,NA,NA,NA,NA,1,NA,NA,NA,10,10
2004,"BSAI","yelloweye","charter",0.927756353809389,"Kodiak",NA,NA,NA,NA,NA,NA,NA,NA,NA,NA,NA,1,NA,NA,NA,10,10
2005,"BSAI","yelloweye","charter",0.927756353809389,"Kodiak",NA,NA,NA,NA,NA,NA,NA,NA,NA,NA,NA,1,NA,NA,NA,10,10
2006,"BSAI","yelloweye","charter",0.927756353809389,"Kodiak",NA,NA,NA,NA,NA,NA,NA,NA,NA,NA,NA,1,NA,NA,NA,10,10
2007,"BSAI","yelloweye","charter",0.927756353809389,"Kodiak",NA,NA,NA,NA,NA,NA,NA,NA,NA,NA,NA,1,NA,NA,NA,10,10
2008,"BSAI","yelloweye","charter",0.927756353809389,"Kodiak",NA,NA,NA,NA,NA,NA,NA,NA,NA,NA,NA,1,NA,NA,NA,10,10
2009,"BSAI","yelloweye","charter",0.927756353809389,"Kodiak",NA,NA,NA,NA,NA,NA,NA,NA,NA,NA,NA,1,NA,NA,NA,10,10
2010,"BSAI","yelloweye","charter",0.927756353809389,"Kodiak",NA,NA,NA,NA,NA,NA,NA,NA,NA,NA,NA,1,NA,NA,NA,10,10
2011,"BSAI","yelloweye","charter",0.927756353809389,"Kodiak",NA,NA,NA,NA,NA,NA,NA,NA,NA,NA,NA,1,NA,NA,NA,10,10
2012,"BSAI","yelloweye","charter",0.927756353809389,"Kodiak",NA,NA,NA,NA,NA,NA,NA,NA,NA,NA,NA,1,NA,NA,NA,10,10
2013,"BSAI","yelloweye","charter",0.27233134854105,"Kodiak",NA,NA,NA,NA,NA,NA,NA,NA,NA,NA,NA,1,NA,NA,NA,10,10
2014,"BSAI","yelloweye","charter",0.27233134854105,"Kodiak",NA,NA,NA,NA,NA,NA,NA,NA,NA,NA,NA,1,NA,NA,NA,10,10
2015,"BSAI","yelloweye","charter",0.27233134854105,"Kodiak",NA,NA,NA,NA,NA,NA,NA,NA,NA,NA,NA,1,NA,NA,NA,10,10
2016,"BSAI","yelloweye","charter",0.27233134854105,"Kodiak",NA,NA,NA,NA,NA,NA,NA,NA,NA,NA,NA,1,NA,NA,NA,10,10
2017,"BSAI","yelloweye","charter",0.27233134854105,"Kodiak",NA,NA,NA,NA,NA,NA,NA,NA,NA,NA,NA,1,NA,NA,NA,10,10
2018,"BSAI","yelloweye","charter",0.27233134854105,"Kodiak",NA,NA,NA,NA,NA,NA,NA,NA,NA,NA,NA,1,NA,NA,NA,10,10
2019,"BSAI","yelloweye","charter",0.27233134854105,"Kodiak",NA,NA,NA,NA,NA,NA,NA,NA,NA,NA,NA,1,NA,NA,NA,10,10
2020,"BSAI","yelloweye","charter",0.27233134854105,"Kodiak",NA,NA,NA,NA,NA,NA,NA,NA,NA,NA,NA,1,NA,NA,NA,10,10
2021,"BSAI","yelloweye","charter",0.27233134854105,"Kodiak",NA,NA,NA,NA,NA,NA,NA,NA,NA,NA,NA,1,NA,NA,NA,10,10
2022,"BSAI","yelloweye","charter",0.27233134854105,"Kodiak",NA,NA,NA,NA,NA,NA,NA,NA,NA,NA,NA,1,NA,NA,NA,10,10
2023,"BSAI","yelloweye","charter",0.27233134854105,"Kodiak",NA,NA,NA,NA,NA,NA,NA,NA,NA,NA,NA,1,NA,NA,NA,10,10
2024,"BSAI","yelloweye","charter",0.27233134854105,"Kodiak",NA,NA,NA,NA,NA,NA,NA,NA,NA,NA,NA,1,NA,NA,NA,10,10
2025,"BSAI","yelloweye","charter",0.27233134854105,"Kodiak",NA,NA,NA,NA,NA,NA,NA,NA,NA,NA,NA,1,NA,NA,NA,10,10
1977,"SOKO2SAP","yelloweye","charter",0.927756353809389,"Kodiak",NA,NA,NA,NA,NA,NA,NA,NA,NA,NA,NA,1,NA,NA,NA,10,10
1978,"SOKO2SAP","yelloweye","charter",0.927756353809389,"Kodiak",NA,NA,NA,NA,NA,NA,NA,NA,NA,NA,NA,1,NA,NA,NA,10,10
1979,"SOKO2SAP","yelloweye","charter",0.927756353809389,"Kodiak",NA,NA,NA,NA,NA,NA,NA,NA,NA,NA,NA,1,NA,NA,NA,10,10
1980,"SOKO2SAP","yelloweye","charter",0.927756353809389,"Kodiak",NA,NA,NA,NA,NA,NA,NA,NA,NA,NA,NA,1,NA,NA,NA,10,10
1981,"SOKO2SAP","yelloweye","charter",0.927756353809389,"Kodiak",NA,NA,NA,NA,NA,NA,NA,NA,NA,NA,NA,1,NA,NA,NA,10,10
1982,"SOKO2SAP","yelloweye","charter",0.927756353809389,"Kodiak",NA,NA,NA,NA,NA,NA,NA,NA,NA,NA,NA,1,NA,NA,NA,10,10
1983,"SOKO2SAP","yelloweye","charter",0.927756353809389,"Kodiak",NA,NA,NA,NA,NA,NA,NA,NA,NA,NA,NA,1,NA,NA,NA,10,10
1984,"SOKO2SAP","yelloweye","charter",0.927756353809389,"Kodiak",NA,NA,NA,NA,NA,NA,NA,NA,NA,NA,NA,1,NA,NA,NA,10,10
1985,"SOKO2SAP","yelloweye","charter",0.927756353809389,"Kodiak",NA,NA,NA,NA,NA,NA,NA,NA,NA,NA,NA,1,NA,NA,NA,10,10
1986,"SOKO2SAP","yelloweye","charter",0.927756353809389,"Kodiak",NA,NA,NA,NA,NA,NA,NA,NA,NA,NA,NA,1,NA,NA,NA,10,10
1987,"SOKO2SAP","yelloweye","charter",0.927756353809389,"Kodiak",NA,NA,NA,NA,NA,NA,NA,NA,NA,NA,NA,1,NA,NA,NA,10,10
1988,"SOKO2SAP","yelloweye","charter",0.927756353809389,"Kodiak",NA,NA,NA,NA,NA,NA,NA,NA,NA,NA,NA,1,NA,NA,NA,10,10
1989,"SOKO2SAP","yelloweye","charter",0.927756353809389,"Kodiak",NA,NA,NA,NA,NA,NA,NA,NA,NA,NA,NA,1,NA,NA,NA,10,10
1990,"SOKO2SAP","yelloweye","charter",0.927756353809389,"Kodiak",NA,NA,NA,NA,NA,NA,NA,NA,NA,NA,NA,1,NA,NA,NA,10,10
1991,"SOKO2SAP","yelloweye","charter",0.927756353809389,"Kodiak",NA,NA,NA,NA,NA,NA,NA,NA,NA,NA,NA,1,NA,NA,NA,10,10
1992,"SOKO2SAP","yelloweye","charter",0.927756353809389,"Kodiak",NA,NA,NA,NA,NA,NA,NA,NA,NA,NA,NA,1,NA,NA,NA,10,10
1993,"SOKO2SAP","yelloweye","charter",0.927756353809389,"Kodiak",NA,NA,NA,NA,NA,NA,NA,NA,NA,NA,NA,1,NA,NA,NA,10,10
1994,"SOKO2SAP","yelloweye","charter",0.927756353809389,"Kodiak",NA,NA,NA,NA,NA,NA,NA,NA,NA,NA,NA,1,NA,NA,NA,10,10
1995,"SOKO2SAP","yelloweye","charter",0.927756353809389,"Kodiak",NA,NA,NA,NA,NA,NA,NA,NA,NA,NA,NA,1,NA,NA,NA,10,10
1996,"SOKO2SAP","yelloweye","charter",0.927756353809389,"Kodiak",NA,NA,NA,NA,NA,NA,NA,NA,NA,NA,NA,1,NA,NA,NA,10,10
1997,"SOKO2SAP","yelloweye","charter",0.927756353809389,"Kodiak",NA,NA,NA,NA,NA,NA,NA,NA,NA,NA,NA,1,NA,NA,NA,10,10
1998,"SOKO2SAP","yelloweye","charter",0.927756353809389,"Kodiak",NA,NA,NA,NA,NA,NA,NA,NA,NA,NA,NA,1,NA,NA,NA,10,10
1999,"SOKO2SAP","yelloweye","charter",0.927756353809389,"Kodiak",NA,NA,NA,NA,NA,NA,NA,NA,NA,NA,NA,1,NA,NA,NA,10,10
2000,"SOKO2SAP","yelloweye","charter",0.927756353809389,"Kodiak",NA,NA,NA,NA,NA,NA,NA,NA,NA,NA,NA,1,NA,NA,NA,10,10
2001,"SOKO2SAP","yelloweye","charter",0.927756353809389,"Kodiak",NA,NA,NA,NA,NA,NA,NA,NA,NA,NA,NA,1,NA,NA,NA,10,10
2002,"SOKO2SAP","yelloweye","charter",0.927756353809389,"Kodiak",NA,NA,NA,NA,NA,NA,NA,NA,NA,NA,NA,1,NA,NA,NA,10,10
2003,"SOKO2SAP","yelloweye","charter",0.927756353809389,"Kodiak",NA,NA,NA,NA,NA,NA,NA,NA,NA,NA,NA,1,NA,NA,NA,10,10
2004,"SOKO2SAP","yelloweye","charter",0.927756353809389,"Kodiak",NA,NA,NA,NA,NA,NA,NA,NA,NA,NA,NA,1,NA,NA,NA,10,10
2005,"SOKO2SAP","yelloweye","charter",0.927756353809389,"Kodiak",NA,NA,NA,NA,NA,NA,NA,NA,NA,NA,NA,1,NA,NA,NA,10,10
2006,"SOKO2SAP","yelloweye","charter",0.927756353809389,"Kodiak",NA,NA,NA,NA,NA,NA,NA,NA,NA,NA,NA,1,NA,NA,NA,10,10
2007,"SOKO2SAP","yelloweye","charter",0.927756353809389,"Kodiak",NA,NA,NA,NA,NA,NA,NA,NA,NA,NA,NA,1,NA,NA,NA,10,10
2008,"SOKO2SAP","yelloweye","charter",0.927756353809389,"Kodiak",NA,NA,NA,NA,NA,NA,NA,NA,NA,NA,NA,1,NA,NA,NA,10,10
2009,"SOKO2SAP","yelloweye","charter",0.927756353809389,"Kodiak",NA,NA,NA,NA,NA,NA,NA,NA,NA,NA,NA,1,NA,NA,NA,10,10
2010,"SOKO2SAP","yelloweye","charter",0.927756353809389,"Kodiak",NA,NA,NA,NA,NA,NA,NA,NA,NA,NA,NA,1,NA,NA,NA,10,10
2011,"SOKO2SAP","yelloweye","charter",0.927756353809389,"Kodiak",NA,NA,NA,NA,NA,NA,NA,NA,NA,NA,NA,1,NA,NA,NA,10,10
2012,"SOKO2SAP","yelloweye","charter",0.927756353809389,"Kodiak",NA,NA,NA,NA,NA,NA,NA,NA,NA,NA,NA,1,NA,NA,NA,10,10
2013,"SOKO2SAP","yelloweye","charter",0.27233134854105,"Kodiak",NA,NA,NA,NA,NA,NA,NA,NA,NA,NA,NA,1,NA,NA,NA,10,10
2014,"SOKO2SAP","yelloweye","charter",0.27233134854105,"Kodiak",NA,NA,NA,NA,NA,NA,NA,NA,NA,NA,NA,1,NA,NA,NA,10,10
2015,"SOKO2SAP","yelloweye","charter",0.27233134854105,"Kodiak",NA,NA,NA,NA,NA,NA,NA,NA,NA,NA,NA,1,NA,NA,NA,10,10
2016,"SOKO2SAP","yelloweye","charter",0.27233134854105,"Kodiak",NA,NA,NA,NA,NA,NA,NA,NA,NA,NA,NA,1,NA,NA,NA,10,10
2017,"SOKO2SAP","yelloweye","charter",0.27233134854105,"Kodiak",NA,NA,NA,NA,NA,NA,NA,NA,NA,NA,NA,1,NA,NA,NA,10,10
2018,"SOKO2SAP","yelloweye","charter",0.27233134854105,"Kodiak",NA,NA,NA,NA,NA,NA,NA,NA,NA,NA,NA,1,NA,NA,NA,10,10
2019,"SOKO2SAP","yelloweye","charter",0.27233134854105,"Kodiak",NA,NA,NA,NA,NA,NA,NA,NA,NA,NA,NA,1,NA,NA,NA,10,10
2020,"SOKO2SAP","yelloweye","charter",0.27233134854105,"Kodiak",NA,NA,NA,NA,NA,NA,NA,NA,NA,NA,NA,1,NA,NA,NA,10,10
2021,"SOKO2SAP","yelloweye","charter",0.27233134854105,"Kodiak",NA,NA,NA,NA,NA,NA,NA,NA,NA,NA,NA,1,NA,NA,NA,10,10
2022,"SOKO2SAP","yelloweye","charter",0.27233134854105,"Kodiak",NA,NA,NA,NA,NA,NA,NA,NA,NA,NA,NA,1,NA,NA,NA,10,10
2023,"SOKO2SAP","yelloweye","charter",0.27233134854105,"Kodiak",NA,NA,NA,NA,NA,NA,NA,NA,NA,NA,NA,1,NA,NA,NA,10,10
2024,"SOKO2SAP","yelloweye","charter",0.27233134854105,"Kodiak",NA,NA,NA,NA,NA,NA,NA,NA,NA,NA,NA,1,NA,NA,NA,10,10
2025,"SOKO2SAP","yelloweye","charter",0.27233134854105,"Kodiak",NA,NA,NA,NA,NA,NA,NA,NA,NA,NA,NA,1,NA,NA,NA,10,10
1977,"WKMA","yelloweye","charter",0.927756353809389,"Kodiak",NA,NA,NA,NA,NA,NA,NA,NA,NA,NA,NA,1,NA,NA,NA,10,10
1978,"WKMA","yelloweye","charter",0.927756353809389,"Kodiak",NA,NA,NA,NA,NA,NA,NA,NA,NA,NA,NA,1,NA,NA,NA,10,10
1979,"WKMA","yelloweye","charter",0.927756353809389,"Kodiak",NA,NA,NA,NA,NA,NA,NA,NA,NA,NA,NA,1,NA,NA,NA,10,10
1980,"WKMA","yelloweye","charter",0.927756353809389,"Kodiak",NA,NA,NA,NA,NA,NA,NA,NA,NA,NA,NA,1,NA,NA,NA,10,10
1981,"WKMA","yelloweye","charter",0.927756353809389,"Kodiak",NA,NA,NA,NA,NA,NA,NA,NA,NA,NA,NA,1,NA,NA,NA,10,10
1982,"WKMA","yelloweye","charter",0.927756353809389,"Kodiak",NA,NA,NA,NA,NA,NA,NA,NA,NA,NA,NA,1,NA,NA,NA,10,10
1983,"WKMA","yelloweye","charter",0.927756353809389,"Kodiak",NA,NA,NA,NA,NA,NA,NA,NA,NA,NA,NA,1,NA,NA,NA,10,10
1984,"WKMA","yelloweye","charter",0.927756353809389,"Kodiak",NA,NA,NA,NA,NA,NA,NA,NA,NA,NA,NA,1,NA,NA,NA,10,10
1985,"WKMA","yelloweye","charter",0.927756353809389,"Kodiak",NA,NA,NA,NA,NA,NA,NA,NA,NA,NA,NA,1,NA,NA,NA,10,10
1986,"WKMA","yelloweye","charter",0.927756353809389,"Kodiak",NA,NA,NA,NA,NA,NA,NA,NA,NA,NA,NA,1,NA,NA,NA,10,10
1987,"WKMA","yelloweye","charter",0.927756353809389,"Kodiak",NA,NA,NA,NA,NA,NA,NA,NA,NA,NA,NA,1,NA,NA,NA,10,10
1988,"WKMA","yelloweye","charter",0.927756353809389,"Kodiak",NA,NA,NA,NA,NA,NA,NA,NA,NA,NA,NA,1,NA,NA,NA,10,10
1989,"WKMA","yelloweye","charter",0.927756353809389,"Kodiak",NA,NA,NA,NA,NA,NA,NA,NA,NA,NA,NA,1,NA,NA,NA,10,10
1990,"WKMA","yelloweye","charter",0.927756353809389,"Kodiak",NA,NA,NA,NA,NA,NA,NA,NA,NA,NA,NA,1,NA,NA,NA,10,10
1991,"WKMA","yelloweye","charter",0.927756353809389,"Kodiak",NA,NA,NA,NA,NA,NA,NA,NA,NA,NA,NA,1,NA,NA,NA,10,10
1992,"WKMA","yelloweye","charter",0.927756353809389,"Kodiak",NA,NA,NA,NA,NA,NA,NA,NA,NA,NA,NA,1,NA,NA,NA,10,10
1993,"WKMA","yelloweye","charter",0.927756353809389,"Kodiak",NA,NA,NA,NA,NA,NA,NA,NA,NA,NA,NA,1,NA,NA,NA,10,10
1994,"WKMA","yelloweye","charter",0.927756353809389,"Kodiak",NA,NA,NA,NA,NA,NA,NA,NA,NA,NA,NA,1,NA,NA,NA,10,10
1995,"WKMA","yelloweye","charter",0.927756353809389,"Kodiak",NA,NA,NA,NA,NA,NA,NA,NA,NA,NA,NA,1,NA,NA,NA,10,10
1996,"WKMA","yelloweye","charter",0.927756353809389,"Kodiak",NA,NA,NA,NA,NA,NA,NA,NA,NA,NA,NA,1,NA,NA,NA,10,10
1997,"WKMA","yelloweye","charter",0.927756353809389,"Kodiak",NA,NA,NA,NA,NA,NA,NA,NA,NA,NA,NA,1,NA,NA,NA,10,10
1998,"WKMA","yelloweye","charter",0.927756353809389,"Kodiak",NA,NA,NA,NA,NA,NA,NA,NA,NA,NA,NA,1,NA,NA,NA,10,10
1999,"WKMA","yelloweye","charter",0.927756353809389,"Kodiak",NA,NA,NA,NA,NA,NA,NA,NA,NA,NA,NA,1,NA,NA,NA,10,10
2000,"WKMA","yelloweye","charter",0.927756353809389,"Kodiak",NA,NA,NA,NA,NA,NA,NA,NA,NA,NA,NA,1,NA,NA,NA,10,10
2001,"WKMA","yelloweye","charter",0.927756353809389,"Kodiak",NA,NA,NA,NA,NA,NA,NA,NA,NA,NA,NA,1,NA,NA,NA,10,10
2002,"WKMA","yelloweye","charter",0.927756353809389,"Kodiak",NA,NA,NA,NA,NA,NA,NA,NA,NA,NA,NA,1,NA,NA,NA,10,10
2003,"WKMA","yelloweye","charter",0.927756353809389,"Kodiak",NA,NA,NA,NA,NA,NA,NA,NA,NA,NA,NA,1,NA,NA,NA,10,10
2004,"WKMA","yelloweye","charter",0.927756353809389,"Kodiak",NA,NA,NA,NA,NA,NA,NA,NA,NA,NA,NA,1,NA,NA,NA,10,10
2005,"WKMA","yelloweye","charter",0.927756353809389,"Kodiak",NA,NA,NA,NA,NA,NA,NA,NA,NA,NA,NA,1,NA,NA,NA,10,10
2006,"WKMA","yelloweye","charter",0.927756353809389,"Kodiak",NA,NA,NA,NA,NA,NA,NA,NA,NA,NA,NA,1,NA,NA,NA,10,10
2007,"WKMA","yelloweye","charter",0.927756353809389,"Kodiak",NA,NA,NA,NA,NA,NA,NA,NA,NA,NA,NA,1,NA,NA,NA,10,10
2008,"WKMA","yelloweye","charter",0.927756353809389,"Kodiak",NA,NA,NA,NA,NA,NA,NA,NA,NA,NA,NA,1,NA,NA,NA,10,10
2009,"WKMA","yelloweye","charter",0.927756353809389,"Kodiak",NA,NA,NA,NA,NA,NA,NA,NA,NA,NA,NA,1,NA,NA,NA,10,10
2010,"WKMA","yelloweye","charter",0.927756353809389,"Kodiak",NA,NA,NA,NA,NA,NA,NA,NA,NA,NA,NA,1,NA,NA,NA,10,10
2011,"WKMA","yelloweye","charter",0.927756353809389,"Kodiak",NA,NA,NA,NA,NA,NA,NA,NA,NA,NA,NA,1,NA,NA,NA,10,10
2012,"WKMA","yelloweye","charter",0.927756353809389,"Kodiak",NA,NA,NA,NA,NA,NA,NA,NA,NA,NA,NA,1,NA,NA,NA,10,10
2013,"WKMA","yelloweye","charter",0.27233134854105,"Kodiak",NA,NA,NA,NA,NA,NA,NA,NA,NA,NA,NA,1,NA,NA,NA,10,10
2014,"WKMA","yelloweye","charter",0.27233134854105,"Kodiak",NA,NA,NA,NA,NA,NA,NA,NA,NA,NA,NA,1,NA,NA,NA,10,10
2015,"WKMA","yelloweye","charter",0.27233134854105,"Kodiak",NA,NA,NA,NA,NA,NA,NA,NA,NA,NA,NA,1,NA,NA,NA,10,10
2016,"WKMA","yelloweye","charter",0.27233134854105,"Kodiak",NA,NA,NA,NA,NA,NA,NA,NA,NA,NA,NA,1,NA,NA,NA,10,10
2017,"WKMA","yelloweye","charter",0.27233134854105,"Kodiak",NA,NA,NA,NA,NA,NA,NA,NA,NA,NA,NA,1,NA,NA,NA,10,10
2018,"WKMA","yelloweye","charter",0.27233134854105,"Kodiak",NA,NA,NA,NA,NA,NA,NA,NA,NA,NA,NA,1,NA,NA,NA,10,10
2019,"WKMA","yelloweye","charter",0.27233134854105,"Kodiak",NA,NA,NA,NA,NA,NA,NA,NA,NA,NA,NA,1,NA,NA,NA,10,10
2020,"WKMA","yelloweye","charter",0.27233134854105,"Kodiak",NA,NA,NA,NA,NA,NA,NA,NA,NA,NA,NA,1,NA,NA,NA,10,10
2021,"WKMA","yelloweye","charter",0.27233134854105,"Kodiak",NA,NA,NA,NA,NA,NA,NA,NA,NA,NA,NA,1,NA,NA,NA,10,10
2022,"WKMA","yelloweye","charter",0.27233134854105,"Kodiak",NA,NA,NA,NA,NA,NA,NA,NA,NA,NA,NA,1,NA,NA,NA,10,10
2023,"WKMA","yelloweye","charter",0.27233134854105,"Kodiak",NA,NA,NA,NA,NA,NA,NA,NA,NA,NA,NA,1,NA,NA,NA,10,10
2024,"WKMA","yelloweye","charter",0.27233134854105,"Kodiak",NA,NA,NA,NA,NA,NA,NA,NA,NA,NA,NA,1,NA,NA,NA,10,10
2025,"WKMA","yelloweye","charter",0.27233134854105,"Kodiak",NA,NA,NA,NA,NA,NA,NA,NA,NA,NA,NA,1,NA,NA,NA,10,10
1977,"AFOGNAK","yelloweye","charter",0.927756353809389,"Kodiak",NA,NA,NA,NA,NA,NA,NA,NA,NA,NA,NA,1,NA,NA,NA,10,10
1978,"AFOGNAK","yelloweye","charter",0.927756353809389,"Kodiak",NA,NA,NA,NA,NA,NA,NA,NA,NA,NA,NA,1,NA,NA,NA,10,10
1979,"AFOGNAK","yelloweye","charter",0.927756353809389,"Kodiak",NA,NA,NA,NA,NA,NA,NA,NA,NA,NA,NA,1,NA,NA,NA,10,10
1980,"AFOGNAK","yelloweye","charter",0.927756353809389,"Kodiak",NA,NA,NA,NA,NA,NA,NA,NA,NA,NA,NA,1,NA,NA,NA,10,10
1981,"AFOGNAK","yelloweye","charter",0.927756353809389,"Kodiak",NA,NA,NA,NA,NA,NA,NA,NA,NA,NA,NA,1,NA,NA,NA,10,10
1982,"AFOGNAK","yelloweye","charter",0.927756353809389,"Kodiak",NA,NA,NA,NA,NA,NA,NA,NA,NA,NA,NA,1,NA,NA,NA,10,10
1983,"AFOGNAK","yelloweye","charter",0.927756353809389,"Kodiak",NA,NA,NA,NA,NA,NA,NA,NA,NA,NA,NA,1,NA,NA,NA,10,10
1984,"AFOGNAK","yelloweye","charter",0.927756353809389,"Kodiak",NA,NA,NA,NA,NA,NA,NA,NA,NA,NA,NA,1,NA,NA,NA,10,10
1985,"AFOGNAK","yelloweye","charter",0.927756353809389,"Kodiak",NA,NA,NA,NA,NA,NA,NA,NA,NA,NA,NA,1,NA,NA,NA,10,10
1986,"AFOGNAK","yelloweye","charter",0.927756353809389,"Kodiak",NA,NA,NA,NA,NA,NA,NA,NA,NA,NA,NA,1,NA,NA,NA,10,10
1987,"AFOGNAK","yelloweye","charter",0.927756353809389,"Kodiak",NA,NA,NA,NA,NA,NA,NA,NA,NA,NA,NA,1,NA,NA,NA,10,10
1988,"AFOGNAK","yelloweye","charter",0.927756353809389,"Kodiak",NA,NA,NA,NA,NA,NA,NA,NA,NA,NA,NA,1,NA,NA,NA,10,10
1989,"AFOGNAK","yelloweye","charter",0.927756353809389,"Kodiak",NA,NA,NA,NA,NA,NA,NA,NA,NA,NA,NA,1,NA,NA,NA,10,10
1990,"AFOGNAK","yelloweye","charter",0.927756353809389,"Kodiak",NA,NA,NA,NA,NA,NA,NA,NA,NA,NA,NA,1,NA,NA,NA,10,10
1991,"AFOGNAK","yelloweye","charter",0.927756353809389,"Kodiak",NA,NA,NA,NA,NA,NA,NA,NA,NA,NA,NA,1,NA,NA,NA,10,10
1992,"AFOGNAK","yelloweye","charter",0.927756353809389,"Kodiak",NA,NA,NA,NA,NA,NA,NA,NA,NA,NA,NA,1,NA,NA,NA,10,10
1993,"AFOGNAK","yelloweye","charter",0.927756353809389,"Kodiak",NA,NA,NA,NA,NA,NA,NA,NA,NA,NA,NA,1,NA,NA,NA,10,10
1994,"AFOGNAK","yelloweye","charter",0.927756353809389,"Kodiak",NA,NA,NA,NA,NA,NA,NA,NA,NA,NA,NA,1,NA,NA,NA,10,10
1995,"AFOGNAK","yelloweye","charter",0.927756353809389,"Kodiak",NA,NA,NA,NA,NA,NA,NA,NA,NA,NA,NA,1,NA,NA,NA,10,10
1996,"AFOGNAK","yelloweye","charter",0.927756353809389,"Kodiak",NA,NA,NA,NA,NA,NA,NA,NA,NA,NA,NA,1,NA,NA,NA,10,10
1997,"AFOGNAK","yelloweye","charter",0.927756353809389,"Kodiak",NA,NA,NA,NA,NA,NA,NA,NA,NA,NA,NA,1,NA,NA,NA,10,10
1998,"AFOGNAK","yelloweye","charter",0.927756353809389,"Kodiak",NA,NA,NA,NA,NA,NA,NA,NA,NA,NA,NA,1,NA,NA,NA,10,10
1999,"AFOGNAK","yelloweye","charter",0.927756353809389,"Kodiak",NA,NA,NA,NA,NA,NA,NA,NA,NA,NA,NA,1,NA,NA,NA,10,10
2000,"AFOGNAK","yelloweye","charter",0.927756353809389,"Kodiak",NA,NA,NA,NA,NA,NA,NA,NA,NA,NA,NA,1,NA,NA,NA,10,10
2001,"AFOGNAK","yelloweye","charter",0.927756353809389,"Kodiak",NA,NA,NA,NA,NA,NA,NA,NA,NA,NA,NA,1,NA,NA,NA,10,10
2002,"AFOGNAK","yelloweye","charter",0.927756353809389,"Kodiak",NA,NA,NA,NA,NA,NA,NA,NA,NA,NA,NA,1,NA,NA,NA,10,10
2003,"AFOGNAK","yelloweye","charter",0.927756353809389,"Kodiak",NA,NA,NA,NA,NA,NA,NA,NA,NA,NA,NA,1,NA,NA,NA,10,10
2004,"AFOGNAK","yelloweye","charter",0.927756353809389,"Kodiak",NA,NA,NA,NA,NA,NA,NA,NA,NA,NA,NA,1,NA,NA,NA,10,10
2005,"AFOGNAK","yelloweye","charter",0.927756353809389,"Kodiak",NA,NA,NA,NA,NA,NA,NA,NA,NA,NA,NA,1,NA,NA,NA,10,10
2006,"AFOGNAK","yelloweye","charter",0.927756353809389,"Kodiak",NA,NA,NA,NA,NA,NA,NA,NA,NA,NA,NA,1,NA,NA,NA,10,10
2007,"AFOGNAK","yelloweye","charter",0.927756353809389,"Kodiak",NA,NA,NA,NA,NA,NA,NA,NA,NA,NA,NA,1,NA,NA,NA,10,10
2008,"AFOGNAK","yelloweye","charter",0.927756353809389,"Kodiak",NA,NA,NA,NA,NA,NA,NA,NA,NA,NA,NA,1,NA,NA,NA,10,10
2009,"AFOGNAK","yelloweye","charter",0.927756353809389,"Kodiak",NA,NA,NA,NA,NA,NA,NA,NA,NA,NA,NA,1,NA,NA,NA,10,10
2010,"AFOGNAK","yelloweye","charter",0.927756353809389,"Kodiak",NA,NA,NA,NA,NA,NA,NA,NA,NA,NA,NA,1,NA,NA,NA,10,10
2011,"AFOGNAK","yelloweye","charter",0.927756353809389,"Kodiak",NA,NA,NA,NA,NA,NA,NA,NA,NA,NA,NA,1,NA,NA,NA,10,10
2012,"AFOGNAK","yelloweye","charter",0.927756353809389,"Kodiak",NA,NA,NA,NA,NA,NA,NA,NA,NA,NA,NA,1,NA,NA,NA,10,10
2013,"AFOGNAK","yelloweye","charter",0.27233134854105,"Kodiak",NA,NA,NA,NA,NA,NA,NA,NA,NA,NA,NA,1,NA,NA,NA,10,10
2014,"AFOGNAK","yelloweye","charter",0.27233134854105,"Kodiak",NA,NA,NA,NA,NA,NA,NA,NA,NA,NA,NA,1,NA,NA,NA,10,10
2015,"AFOGNAK","yelloweye","charter",0.27233134854105,"Kodiak",NA,NA,NA,NA,NA,NA,NA,NA,NA,NA,NA,1,NA,NA,NA,10,10
2016,"AFOGNAK","yelloweye","charter",0.27233134854105,"Kodiak",NA,NA,NA,NA,NA,NA,NA,NA,NA,NA,NA,1,NA,NA,NA,10,10
2017,"AFOGNAK","yelloweye","charter",0.27233134854105,"Kodiak",NA,NA,NA,NA,NA,NA,NA,NA,NA,NA,NA,1,NA,NA,NA,10,10
2018,"AFOGNAK","yelloweye","charter",0.27233134854105,"Kodiak",NA,NA,NA,NA,NA,NA,NA,NA,NA,NA,NA,1,NA,NA,NA,10,10
2019,"AFOGNAK","yelloweye","charter",0.27233134854105,"Kodiak",NA,NA,NA,NA,NA,NA,NA,NA,NA,NA,NA,1,NA,NA,NA,10,10
2020,"AFOGNAK","yelloweye","charter",0.27233134854105,"Kodiak",NA,NA,NA,NA,NA,NA,NA,NA,NA,NA,NA,1,NA,NA,NA,10,10
2021,"AFOGNAK","yelloweye","charter",0.27233134854105,"Kodiak",NA,NA,NA,NA,NA,NA,NA,NA,NA,NA,NA,1,NA,NA,NA,10,10
2022,"AFOGNAK","yelloweye","charter",0.27233134854105,"Kodiak",NA,NA,NA,NA,NA,NA,NA,NA,NA,NA,NA,1,NA,NA,NA,10,10
2023,"AFOGNAK","yelloweye","charter",0.27233134854105,"Kodiak",NA,NA,NA,NA,NA,NA,NA,NA,NA,NA,NA,1,NA,NA,NA,10,10
2024,"AFOGNAK","yelloweye","charter",0.27233134854105,"Kodiak",NA,NA,NA,NA,NA,NA,NA,NA,NA,NA,NA,1,NA,NA,NA,10,10
2025,"AFOGNAK","yelloweye","charter",0.27233134854105,"Kodiak",NA,NA,NA,NA,NA,NA,NA,NA,NA,NA,NA,1,NA,NA,NA,10,10
1977,"EASTSIDE","yelloweye","charter",0.927756353809389,"Kodiak",NA,NA,NA,NA,NA,NA,NA,NA,NA,NA,NA,1,NA,NA,NA,10,10
1978,"EASTSIDE","yelloweye","charter",0.927756353809389,"Kodiak",NA,NA,NA,NA,NA,NA,NA,NA,NA,NA,NA,1,NA,NA,NA,10,10
1979,"EASTSIDE","yelloweye","charter",0.927756353809389,"Kodiak",NA,NA,NA,NA,NA,NA,NA,NA,NA,NA,NA,1,NA,NA,NA,10,10
1980,"EASTSIDE","yelloweye","charter",0.927756353809389,"Kodiak",NA,NA,NA,NA,NA,NA,NA,NA,NA,NA,NA,1,NA,NA,NA,10,10
1981,"EASTSIDE","yelloweye","charter",0.927756353809389,"Kodiak",NA,NA,NA,NA,NA,NA,NA,NA,NA,NA,NA,1,NA,NA,NA,10,10
1982,"EASTSIDE","yelloweye","charter",0.927756353809389,"Kodiak",NA,NA,NA,NA,NA,NA,NA,NA,NA,NA,NA,1,NA,NA,NA,10,10
1983,"EASTSIDE","yelloweye","charter",0.927756353809389,"Kodiak",NA,NA,NA,NA,NA,NA,NA,NA,NA,NA,NA,1,NA,NA,NA,10,10
1984,"EASTSIDE","yelloweye","charter",0.927756353809389,"Kodiak",NA,NA,NA,NA,NA,NA,NA,NA,NA,NA,NA,1,NA,NA,NA,10,10
1985,"EASTSIDE","yelloweye","charter",0.927756353809389,"Kodiak",NA,NA,NA,NA,NA,NA,NA,NA,NA,NA,NA,1,NA,NA,NA,10,10
1986,"EASTSIDE","yelloweye","charter",0.927756353809389,"Kodiak",NA,NA,NA,NA,NA,NA,NA,NA,NA,NA,NA,1,NA,NA,NA,10,10
1987,"EASTSIDE","yelloweye","charter",0.927756353809389,"Kodiak",NA,NA,NA,NA,NA,NA,NA,NA,NA,NA,NA,1,NA,NA,NA,10,10
1988,"EASTSIDE","yelloweye","charter",0.927756353809389,"Kodiak",NA,NA,NA,NA,NA,NA,NA,NA,NA,NA,NA,1,NA,NA,NA,10,10
1989,"EASTSIDE","yelloweye","charter",0.927756353809389,"Kodiak",NA,NA,NA,NA,NA,NA,NA,NA,NA,NA,NA,1,NA,NA,NA,10,10
1990,"EASTSIDE","yelloweye","charter",0.927756353809389,"Kodiak",NA,NA,NA,NA,NA,NA,NA,NA,NA,NA,NA,1,NA,NA,NA,10,10
1991,"EASTSIDE","yelloweye","charter",0.927756353809389,"Kodiak",NA,NA,NA,NA,NA,NA,NA,NA,NA,NA,NA,1,NA,NA,NA,10,10
1992,"EASTSIDE","yelloweye","charter",0.927756353809389,"Kodiak",NA,NA,NA,NA,NA,NA,NA,NA,NA,NA,NA,1,NA,NA,NA,10,10
1993,"EASTSIDE","yelloweye","charter",0.927756353809389,"Kodiak",NA,NA,NA,NA,NA,NA,NA,NA,NA,NA,NA,1,NA,NA,NA,10,10
1994,"EASTSIDE","yelloweye","charter",0.927756353809389,"Kodiak",NA,NA,NA,NA,NA,NA,NA,NA,NA,NA,NA,1,NA,NA,NA,10,10
1995,"EASTSIDE","yelloweye","charter",0.927756353809389,"Kodiak",NA,NA,NA,NA,NA,NA,NA,NA,NA,NA,NA,1,NA,NA,NA,10,10
1996,"EASTSIDE","yelloweye","charter",0.927756353809389,"Kodiak",NA,NA,NA,NA,NA,NA,NA,NA,NA,NA,NA,1,NA,NA,NA,10,10
1997,"EASTSIDE","yelloweye","charter",0.927756353809389,"Kodiak",NA,NA,NA,NA,NA,NA,NA,NA,NA,NA,NA,1,NA,NA,NA,10,10
1998,"EASTSIDE","yelloweye","charter",0.927756353809389,"Kodiak",NA,NA,NA,NA,NA,NA,NA,NA,NA,NA,NA,1,NA,NA,NA,10,10
1999,"EASTSIDE","yelloweye","charter",0.927756353809389,"Kodiak",NA,NA,NA,NA,NA,NA,NA,NA,NA,NA,NA,1,NA,NA,NA,10,10
2000,"EASTSIDE","yelloweye","charter",0.927756353809389,"Kodiak",NA,NA,NA,NA,NA,NA,NA,NA,NA,NA,NA,1,NA,NA,NA,10,10
2001,"EASTSIDE","yelloweye","charter",0.927756353809389,"Kodiak",NA,NA,NA,NA,NA,NA,NA,NA,NA,NA,NA,1,NA,NA,NA,10,10
2002,"EASTSIDE","yelloweye","charter",0.927756353809389,"Kodiak",NA,NA,NA,NA,NA,NA,NA,NA,NA,NA,NA,1,NA,NA,NA,10,10
2003,"EASTSIDE","yelloweye","charter",0.927756353809389,"Kodiak",NA,NA,NA,NA,NA,NA,NA,NA,NA,NA,NA,1,NA,NA,NA,10,10
2004,"EASTSIDE","yelloweye","charter",0.927756353809389,"Kodiak",NA,NA,NA,NA,NA,NA,NA,NA,NA,NA,NA,1,NA,NA,NA,10,10
2005,"EASTSIDE","yelloweye","charter",0.927756353809389,"Kodiak",NA,NA,NA,NA,NA,NA,NA,NA,NA,NA,NA,1,NA,NA,NA,10,10
2006,"EASTSIDE","yelloweye","charter",0.927756353809389,"Kodiak",NA,NA,NA,NA,NA,NA,NA,NA,NA,NA,NA,1,NA,NA,NA,10,10
2007,"EASTSIDE","yelloweye","charter",0.927756353809389,"Kodiak",NA,NA,NA,NA,NA,NA,NA,NA,NA,NA,NA,1,NA,NA,NA,10,10
2008,"EASTSIDE","yelloweye","charter",0.927756353809389,"Kodiak",NA,NA,NA,NA,NA,NA,NA,NA,NA,NA,NA,1,NA,NA,NA,10,10
2009,"EASTSIDE","yelloweye","charter",0.927756353809389,"Kodiak",NA,NA,NA,NA,NA,NA,NA,NA,NA,NA,NA,1,NA,NA,NA,10,10
2010,"EASTSIDE","yelloweye","charter",0.927756353809389,"Kodiak",NA,NA,NA,NA,NA,NA,NA,NA,NA,NA,NA,1,NA,NA,NA,10,10
2011,"EASTSIDE","yelloweye","charter",0.927756353809389,"Kodiak",NA,NA,NA,NA,NA,NA,NA,NA,NA,NA,NA,1,NA,NA,NA,10,10
2012,"EASTSIDE","yelloweye","charter",0.927756353809389,"Kodiak",NA,NA,NA,NA,NA,NA,NA,NA,NA,NA,NA,1,NA,NA,NA,10,10
2013,"EASTSIDE","yelloweye","charter",0.27233134854105,"Kodiak",NA,NA,NA,NA,NA,NA,NA,NA,NA,NA,NA,1,NA,NA,NA,10,10
2014,"EASTSIDE","yelloweye","charter",0.27233134854105,"Kodiak",NA,NA,NA,NA,NA,NA,NA,NA,NA,NA,NA,1,NA,NA,NA,10,10
2015,"EASTSIDE","yelloweye","charter",0.27233134854105,"Kodiak",NA,NA,NA,NA,NA,NA,NA,NA,NA,NA,NA,1,NA,NA,NA,10,10
2016,"EASTSIDE","yelloweye","charter",0.27233134854105,"Kodiak",NA,NA,NA,NA,NA,NA,NA,NA,NA,NA,NA,1,NA,NA,NA,10,10
2017,"EASTSIDE","yelloweye","charter",0.27233134854105,"Kodiak",NA,NA,NA,NA,NA,NA,NA,NA,NA,NA,NA,1,NA,NA,NA,10,10
2018,"EASTSIDE","yelloweye","charter",0.27233134854105,"Kodiak",NA,NA,NA,NA,NA,NA,NA,NA,NA,NA,NA,1,NA,NA,NA,10,10
2019,"EASTSIDE","yelloweye","charter",0.27233134854105,"Kodiak",NA,NA,NA,NA,NA,NA,NA,NA,NA,NA,NA,1,NA,NA,NA,10,10
2020,"EASTSIDE","yelloweye","charter",0.27233134854105,"Kodiak",NA,NA,NA,NA,NA,NA,NA,NA,NA,NA,NA,1,NA,NA,NA,10,10
2021,"EASTSIDE","yelloweye","charter",0.27233134854105,"Kodiak",NA,NA,NA,NA,NA,NA,NA,NA,NA,NA,NA,1,NA,NA,NA,10,10
2022,"EASTSIDE","yelloweye","charter",0.27233134854105,"Kodiak",NA,NA,NA,NA,NA,NA,NA,NA,NA,NA,NA,1,NA,NA,NA,10,10
2023,"EASTSIDE","yelloweye","charter",0.27233134854105,"Kodiak",NA,NA,NA,NA,NA,NA,NA,NA,NA,NA,NA,1,NA,NA,NA,10,10
2024,"EASTSIDE","yelloweye","charter",0.27233134854105,"Kodiak",NA,NA,NA,NA,NA,NA,NA,NA,NA,NA,NA,1,NA,NA,NA,10,10
2025,"EASTSIDE","yelloweye","charter",0.27233134854105,"Kodiak",NA,NA,NA,NA,NA,NA,NA,NA,NA,NA,NA,1,NA,NA,NA,10,10
1977,"NORTHEAST","yelloweye","charter",0.927756353809389,"Kodiak",NA,NA,NA,NA,NA,NA,NA,NA,NA,NA,NA,1,NA,NA,NA,2.68586648227364,2.68586648227364
1978,"NORTHEAST","yelloweye","charter",0.927756353809389,"Kodiak",NA,NA,NA,NA,NA,NA,NA,NA,NA,NA,NA,1,NA,NA,NA,2.68586648227364,2.68586648227364
1979,"NORTHEAST","yelloweye","charter",0.927756353809389,"Kodiak",NA,NA,NA,NA,NA,NA,NA,NA,NA,NA,NA,1,NA,NA,NA,2.68586648227364,2.68586648227364
1980,"NORTHEAST","yelloweye","charter",0.927756353809389,"Kodiak",NA,NA,NA,NA,NA,NA,NA,NA,NA,NA,NA,1,NA,NA,NA,2.68586648227364,2.68586648227364
1981,"NORTHEAST","yelloweye","charter",0.927756353809389,"Kodiak",NA,NA,NA,NA,NA,NA,NA,NA,NA,NA,NA,1,NA,NA,NA,2.68586648227364,2.68586648227364
1982,"NORTHEAST","yelloweye","charter",0.927756353809389,"Kodiak",NA,NA,NA,NA,NA,NA,NA,NA,NA,NA,NA,1,NA,NA,NA,2.68586648227364,2.68586648227364
1983,"NORTHEAST","yelloweye","charter",0.927756353809389,"Kodiak",NA,NA,NA,NA,NA,NA,NA,NA,NA,NA,NA,1,NA,NA,NA,2.68586648227364,2.68586648227364
1984,"NORTHEAST","yelloweye","charter",0.927756353809389,"Kodiak",NA,NA,NA,NA,NA,NA,NA,NA,NA,NA,NA,1,NA,NA,NA,2.68586648227364,2.68586648227364
1985,"NORTHEAST","yelloweye","charter",0.927756353809389,"Kodiak",NA,NA,NA,NA,NA,NA,NA,NA,NA,NA,NA,1,NA,NA,NA,2.68586648227364,2.68586648227364
1986,"NORTHEAST","yelloweye","charter",0.927756353809389,"Kodiak",NA,NA,NA,NA,NA,NA,NA,NA,NA,NA,NA,1,NA,NA,NA,2.68586648227364,2.68586648227364
1987,"NORTHEAST","yelloweye","charter",0.927756353809389,"Kodiak",NA,NA,NA,NA,NA,NA,NA,NA,NA,NA,NA,1,NA,NA,NA,2.68586648227364,2.68586648227364
1988,"NORTHEAST","yelloweye","charter",0.927756353809389,"Kodiak",NA,NA,NA,NA,NA,NA,NA,NA,NA,NA,NA,1,NA,NA,NA,2.68586648227364,2.68586648227364
1989,"NORTHEAST","yelloweye","charter",0.927756353809389,"Kodiak",NA,NA,NA,NA,NA,NA,NA,NA,NA,NA,NA,1,NA,NA,NA,2.68586648227364,2.68586648227364
1990,"NORTHEAST","yelloweye","charter",0.927756353809389,"Kodiak",NA,NA,NA,NA,NA,NA,NA,NA,NA,NA,NA,1,NA,NA,NA,2.68586648227364,2.68586648227364
1991,"NORTHEAST","yelloweye","charter",0.927756353809389,"Kodiak",NA,NA,NA,NA,NA,NA,NA,NA,NA,NA,NA,1,NA,NA,NA,2.68586648227364,2.68586648227364
1992,"NORTHEAST","yelloweye","charter",0.927756353809389,"Kodiak",NA,NA,NA,NA,NA,NA,NA,NA,NA,NA,NA,1,NA,NA,NA,2.68586648227364,2.68586648227364
1993,"NORTHEAST","yelloweye","charter",0.927756353809389,"Kodiak",NA,NA,NA,NA,NA,NA,NA,NA,NA,NA,NA,1,NA,NA,NA,2.68586648227364,2.68586648227364
1994,"NORTHEAST","yelloweye","charter",0.927756353809389,"Kodiak",NA,NA,NA,NA,NA,NA,NA,NA,NA,NA,NA,1,NA,NA,NA,2.68586648227364,2.68586648227364
1995,"NORTHEAST","yelloweye","charter",0.927756353809389,"Kodiak",NA,NA,NA,NA,NA,NA,NA,NA,NA,NA,NA,1,NA,NA,NA,2.68586648227364,2.68586648227364
1996,"NORTHEAST","yelloweye","charter",0.927756353809389,"Kodiak",NA,NA,NA,NA,NA,NA,NA,NA,NA,NA,NA,1,NA,NA,NA,2.68586648227364,2.68586648227364
1997,"NORTHEAST","yelloweye","charter",0.927756353809389,"Kodiak",NA,NA,NA,NA,NA,NA,NA,NA,NA,NA,NA,1,NA,NA,NA,2.68586648227364,2.68586648227364
1998,"NORTHEAST","yelloweye","charter",0.927756353809389,"Kodiak",NA,NA,NA,NA,NA,NA,NA,NA,NA,NA,NA,1,NA,NA,NA,2.68586648227364,2.68586648227364
1999,"NORTHEAST","yelloweye","charter",0.927756353809389,"Kodiak",NA,NA,NA,NA,NA,NA,NA,NA,NA,NA,NA,1,NA,NA,NA,2.68586648227364,2.68586648227364
2000,"NORTHEAST","yelloweye","charter",0.927756353809389,"Kodiak",NA,NA,NA,NA,NA,NA,NA,NA,NA,NA,NA,1,NA,NA,NA,2.68586648227364,2.68586648227364
2001,"NORTHEAST","yelloweye","charter",0.927756353809389,"Kodiak",NA,NA,NA,NA,NA,NA,NA,NA,NA,NA,NA,1,NA,NA,NA,2.68586648227364,2.68586648227364
2002,"NORTHEAST","yelloweye","charter",0.927756353809389,"Kodiak",NA,NA,NA,NA,NA,NA,NA,NA,NA,NA,NA,1,NA,NA,NA,2.68586648227364,2.68586648227364
2003,"NORTHEAST","yelloweye","charter",0.927756353809389,"Kodiak",NA,NA,NA,NA,NA,NA,NA,NA,NA,NA,NA,1,NA,NA,NA,2.68586648227364,2.68586648227364
2004,"NORTHEAST","yelloweye","charter",0.927756353809389,"Kodiak",NA,NA,NA,NA,NA,NA,NA,NA,NA,NA,NA,1,NA,NA,NA,2.68586648227364,2.68586648227364
2005,"NORTHEAST","yelloweye","charter",0.927756353809389,"Kodiak",NA,NA,NA,NA,NA,NA,NA,NA,NA,NA,NA,1,NA,NA,NA,2.68586648227364,2.68586648227364
2006,"NORTHEAST","yelloweye","charter",0.927756353809389,"Kodiak",NA,NA,NA,NA,NA,NA,NA,NA,NA,NA,NA,1,NA,NA,NA,2.68586648227364,2.68586648227364
2007,"NORTHEAST","yelloweye","charter",0.927756353809389,"Kodiak",NA,NA,NA,NA,NA,NA,NA,NA,NA,NA,NA,1,NA,NA,NA,2.68586648227364,2.68586648227364
2008,"NORTHEAST","yelloweye","charter",0.927756353809389,"Kodiak",NA,NA,NA,NA,NA,NA,NA,NA,NA,NA,NA,1,NA,NA,NA,2.68586648227364,2.68586648227364
2009,"NORTHEAST","yelloweye","charter",0.927756353809389,"Kodiak",16,4,4,3.55625,2.51792738841559,0.609144272109854,17.3333333333333,5,3.46666666666667,4.61538461538461,"bootstrap",0.708028791118619,7.840189192375,5.55107967601854,1.34293324113682,2.68586648227364,1.34293324113682
2010,"NORTHEAST","yelloweye","charter",0.927756353809389,"Kodiak",NA,NA,NA,NA,NA,NA,NA,NA,NA,NA,NA,1,NA,NA,NA,2.68586648227364,2.68586648227364
2011,"NORTHEAST","yelloweye","charter",0.927756353809389,"Kodiak",NA,NA,NA,NA,NA,NA,NA,NA,NA,NA,NA,1,NA,NA,NA,2.68586648227364,2.68586648227364
2012,"NORTHEAST","yelloweye","charter",0.927756353809389,"Kodiak",NA,NA,NA,NA,NA,NA,NA,NA,NA,NA,NA,1,NA,NA,NA,2.68586648227364,2.68586648227364
2013,"NORTHEAST","yelloweye","charter",0.27233134854105,"Kodiak",19,5,3.8,4.04736842105263,1.67011923095749,0.361177879976792,17.3333333333333,5,3.46666666666667,5,"bootstrap",0.412643243019406,8.92291997252631,3.68198263466589,0.796260924040481,2.68586648227364,0.796260924040481
2014,"NORTHEAST","yelloweye","charter",0.27233134854105,"Kodiak",12,5,2.4,4.08333333333333,1.62471442712157,0.449120389962687,17.3333333333333,5,3.46666666666667,5,"bootstrap",0.397889247458344,9.00220903166666,3.58188217707255,0.990140970814961,2.68586648227364,0.990140970814961
2015,"NORTHEAST","yelloweye","charter",0.27233134854105,"Kodiak",NA,NA,NA,NA,NA,NA,NA,NA,NA,NA,NA,1,NA,NA,NA,2.68586648227364,2.68586648227364
2016,"NORTHEAST","yelloweye","charter",0.27233134854105,"Kodiak",NA,NA,NA,NA,NA,NA,NA,NA,NA,NA,NA,1,NA,NA,NA,2.68586648227364,2.68586648227364
2017,"NORTHEAST","yelloweye","charter",0.27233134854105,"Kodiak",NA,NA,NA,NA,NA,NA,NA,NA,NA,NA,NA,1,NA,NA,NA,2.68586648227364,2.68586648227364
2018,"NORTHEAST","yelloweye","charter",0.27233134854105,"Kodiak",NA,NA,NA,NA,NA,NA,NA,NA,NA,NA,NA,1,NA,NA,NA,2.68586648227364,2.68586648227364
2019,"NORTHEAST","yelloweye","charter",0.27233134854105,"Kodiak",NA,NA,NA,NA,NA,NA,NA,NA,NA,NA,NA,1,NA,NA,NA,2.68586648227364,2.68586648227364
2020,"NORTHEAST","yelloweye","charter",0.27233134854105,"Kodiak",NA,NA,NA,NA,NA,NA,NA,NA,NA,NA,NA,1,NA,NA,NA,2.68586648227364,2.68586648227364
2021,"NORTHEAST","yelloweye","charter",0.27233134854105,"Kodiak",NA,NA,NA,NA,NA,NA,NA,NA,NA,NA,NA,1,NA,NA,NA,2.68586648227364,2.68586648227364
2022,"NORTHEAST","yelloweye","charter",0.27233134854105,"Kodiak",NA,NA,NA,NA,NA,NA,NA,NA,NA,NA,NA,1,NA,NA,NA,2.68586648227364,2.68586648227364
2023,"NORTHEAST","yelloweye","charter",0.27233134854105,"Kodiak",NA,NA,NA,NA,NA,NA,NA,NA,NA,NA,NA,1,NA,NA,NA,2.68586648227364,2.68586648227364
2024,"NORTHEAST","yelloweye","charter",0.27233134854105,"Kodiak",NA,NA,NA,NA,NA,NA,NA,NA,NA,NA,NA,1,NA,NA,NA,2.68586648227364,2.68586648227364
2025,"NORTHEAST","yelloweye","charter",0.27233134854105,"Kodiak",21,5,4.2,2.21904761904762,1.6283792702006,0.348797154240513,17.3333333333333,5,3.46666666666667,5,"bootstrap",0.733818984425163,4.89216257580953,3.58996177302333,0.768966096030264,2.68586648227364,0.768966096030264
1977,"CSEO","yelloweye","charter",0.9,"Southeast",NA,NA,NA,NA,NA,NA,NA,NA,NA,NA,NA,1,NA,NA,NA,0.393023877096275,0.393023877096275
1978,"CSEO","yelloweye","charter",0.9,"Southeast",NA,NA,NA,NA,NA,NA,NA,NA,NA,NA,NA,1,NA,NA,NA,0.393023877096275,0.393023877096275
1979,"CSEO","yelloweye","charter",0.9,"Southeast",NA,NA,NA,NA,NA,NA,NA,NA,NA,NA,NA,1,NA,NA,NA,0.393023877096275,0.393023877096275
1980,"CSEO","yelloweye","charter",0.9,"Southeast",NA,NA,NA,NA,NA,NA,NA,NA,NA,NA,NA,1,NA,NA,NA,0.393023877096275,0.393023877096275
1981,"CSEO","yelloweye","charter",0.9,"Southeast",NA,NA,NA,NA,NA,NA,NA,NA,NA,NA,NA,1,NA,NA,NA,0.393023877096275,0.393023877096275
1982,"CSEO","yelloweye","charter",0.9,"Southeast",NA,NA,NA,NA,NA,NA,NA,NA,NA,NA,NA,1,NA,NA,NA,0.393023877096275,0.393023877096275
1983,"CSEO","yelloweye","charter",0.9,"Southeast",NA,NA,NA,NA,NA,NA,NA,NA,NA,NA,NA,1,NA,NA,NA,0.393023877096275,0.393023877096275
1984,"CSEO","yelloweye","charter",0.9,"Southeast",NA,NA,NA,NA,NA,NA,NA,NA,NA,NA,NA,1,NA,NA,NA,0.393023877096275,0.393023877096275
1985,"CSEO","yelloweye","charter",0.9,"Southeast",NA,NA,NA,NA,NA,NA,NA,NA,NA,NA,NA,1,NA,NA,NA,0.393023877096275,0.393023877096275
1986,"CSEO","yelloweye","charter",0.9,"Southeast",NA,NA,NA,NA,NA,NA,NA,NA,NA,NA,NA,1,NA,NA,NA,0.393023877096275,0.393023877096275
1987,"CSEO","yelloweye","charter",0.9,"Southeast",NA,NA,NA,NA,NA,NA,NA,NA,NA,NA,NA,1,NA,NA,NA,0.393023877096275,0.393023877096275
1988,"CSEO","yelloweye","charter",0.9,"Southeast",NA,NA,NA,NA,NA,NA,NA,NA,NA,NA,NA,1,NA,NA,NA,0.393023877096275,0.393023877096275
1989,"CSEO","yelloweye","charter",0.9,"Southeast",NA,NA,NA,NA,NA,NA,NA,NA,NA,NA,NA,1,NA,NA,NA,0.393023877096275,0.393023877096275
1990,"CSEO","yelloweye","charter",0.9,"Southeast",NA,NA,NA,NA,NA,NA,NA,NA,NA,NA,NA,1,NA,NA,NA,0.393023877096275,0.393023877096275
1991,"CSEO","yelloweye","charter",0.9,"Southeast",NA,NA,NA,NA,NA,NA,NA,NA,NA,NA,NA,1,NA,NA,NA,0.393023877096275,0.393023877096275
1992,"CSEO","yelloweye","charter",0.9,"Southeast",NA,NA,NA,NA,NA,NA,NA,NA,NA,NA,NA,1,NA,NA,NA,0.393023877096275,0.393023877096275
1993,"CSEO","yelloweye","charter",0.9,"Southeast",NA,NA,NA,NA,NA,NA,NA,NA,NA,NA,NA,1,NA,NA,NA,0.393023877096275,0.393023877096275
1994,"CSEO","yelloweye","charter",0.9,"Southeast",NA,NA,NA,NA,NA,NA,NA,NA,NA,NA,NA,1,NA,NA,NA,0.393023877096275,0.393023877096275
1995,"CSEO","yelloweye","charter",0.9,"Southeast",NA,NA,NA,NA,NA,NA,NA,NA,NA,NA,NA,1,NA,NA,NA,0.393023877096275,0.393023877096275
1996,"CSEO","yelloweye","charter",0.9,"Southeast",NA,NA,NA,NA,NA,NA,NA,NA,NA,NA,NA,1,NA,NA,NA,0.393023877096275,0.393023877096275
1997,"CSEO","yelloweye","charter",0.9,"Southeast",NA,NA,NA,NA,NA,NA,NA,NA,NA,NA,NA,1,NA,NA,NA,0.393023877096275,0.393023877096275
1998,"CSEO","yelloweye","charter",0.9,"Southeast",NA,NA,NA,NA,NA,NA,NA,NA,NA,NA,NA,1,NA,NA,NA,0.393023877096275,0.393023877096275
1999,"CSEO","yelloweye","charter",0.9,"Southeast",NA,NA,NA,NA,NA,NA,NA,NA,NA,NA,NA,1,NA,NA,NA,0.393023877096275,0.393023877096275
2000,"CSEO","yelloweye","charter",0.9,"Southeast",NA,NA,NA,NA,NA,NA,NA,NA,NA,NA,NA,1,NA,NA,NA,0.393023877096275,0.393023877096275
2001,"CSEO","yelloweye","charter",0.9,"Southeast",NA,NA,NA,NA,NA,NA,NA,NA,NA,NA,NA,1,NA,NA,NA,0.393023877096275,0.393023877096275
2002,"CSEO","yelloweye","charter",0.9,"Southeast",NA,NA,NA,NA,NA,NA,NA,NA,NA,NA,NA,1,NA,NA,NA,0.393023877096275,0.393023877096275
2003,"CSEO","yelloweye","charter",0.9,"Southeast",NA,NA,NA,NA,NA,NA,NA,NA,NA,NA,NA,1,NA,NA,NA,0.393023877096275,0.393023877096275
2004,"CSEO","yelloweye","charter",0.9,"Southeast",NA,NA,NA,NA,NA,NA,NA,NA,NA,NA,NA,1,NA,NA,NA,0.393023877096275,0.393023877096275
2005,"CSEO","yelloweye","charter",0.9,"Southeast",NA,NA,NA,NA,NA,NA,NA,NA,NA,NA,NA,1,NA,NA,NA,0.393023877096275,0.393023877096275
2006,"CSEO","yelloweye","charter",0.9,"Southeast",728,1,728,3.69836479929533,1.47119677708275,0.0562796982143528,408.5,194.083333333333,1.93135998351913,376.93646249909,"bootstrap",0.397796555213554,8.15349869353824,3.24343369322773,0.124075495730136,0.393023877096275,0.124075495730136
2007,"CSEO","yelloweye","charter",0.9,"Southeast",288,1,288,3.40993709488542,1.46240821101883,0.0864778489519236,408.5,194.083333333333,1.93135998351913,149.117721428211,"bootstrap",0.428866624317587,7.51762445216148,3.22405822168585,0.190651021928354,0.393023877096275,0.190651021928354
2008,"CSEO","yelloweye","charter",0.9,"Southeast",529,1,529,3.61256879131191,1.59215330902084,0.0697940263291722,408.5,194.083333333333,1.93135998351913,273.900259151124,"bootstrap",0.440726087445008,7.9643508736323,3.51009719957519,0.153869489186169,0.393023877096275,0.153869489186169
2009,"CSEO","yelloweye","charter",0.9,"Southeast",634,1,634,3.48289753923502,1.56292129478924,0.0628948114899869,408.5,194.083333333333,1.93135998351913,328.266095088493,"bootstrap",0.448741680506777,7.67847469813986,3.44565163977205,0.138659324091461,0.393023877096275,0.138659324091461
2010,"CSEO","yelloweye","charter",0.9,"Southeast",541,1,541,3.44611042355638,1.48013045216617,0.0625927941032535,408.5,194.083333333333,1.93135998351913,280.113497543966,"bootstrap",0.429507552064649,7.59737299079018,3.26312907539637,0.137993489729035,0.393023877096275,0.137993489729035
2011,"CSEO","yelloweye","charter",0.9,"Southeast",436,195,2.23589743589744,3.1916855739289,1.31670316627647,0.0619528997522822,408.5,194.083333333333,1.93135998351913,195,"bootstrap",0.4125416291103,7.03646221221133,2.90283358419873,0.136582764168474,0.393023877096275,0.136582764168474
2012,"CSEO","yelloweye","charter",0.9,"Southeast",773,366,2.1120218579235,3.09770681053428,1.29887239231564,0.0445038205124263,408.5,194.083333333333,1.93135998351913,366,"bootstrap",0.419301267601764,6.82927450463193,2.86352345659257,0.098114129378115,0.393023877096275,0.098114129378115
2013,"CSEO","yelloweye","charter",0.2,"Southeast",794,390,2.03589743589744,3.06354614315239,1.38518307340449,0.0479205144999841,408.5,194.083333333333,1.93135998351913,390,"bootstrap",0.452150223524669,6.75396312460752,3.05380593646866,0.105646650228703,0.393023877096275,0.105646650228703
2014,"CSEO","yelloweye","charter",0.2,"Southeast",361,181,1.99447513812155,3.12820188447922,1.49298211880205,0.0764965636803473,408.5,194.083333333333,1.93135998351913,181,"bootstrap",0.477265270572714,6.89650463444951,3.29146215036653,0.168646054641964,0.393023877096275,0.168646054641964
2015,"CSEO","yelloweye","charter",0.2,"Southeast",426,225,1.89333333333333,3.05538831480986,1.5106205576793,0.0722937532897642,408.5,194.083333333333,1.93135998351913,225,"bootstrap",0.494411970601945,6.7359781917135,3.3303482516968,0.159380443787314,0.393023877096275,0.159380443787314
2016,"CSEO","yelloweye","charter",0.2,"Southeast",548,261,2.09961685823755,3.0851462610146,1.26897730499362,0.0534650624801136,408.5,194.083333333333,1.93135998351913,261,"bootstrap",0.411318361475769,6.80158323304121,2.79761607085557,0.117870286123372,0.393023877096275,0.117870286123372
2017,"CSEO","yelloweye","charter",0.2,"Southeast",299,145,2.06206896551724,3.05253387452174,1.54704111208297,0.089136316014093,408.5,194.083333333333,1.93135998351913,145,"bootstrap",0.506805550954076,6.72968522808687,3.41064182976807,0.196511938548138,0.393023877096275,0.196511938548138
2018,"CSEO","yelloweye","charter",0.2,"Southeast",423,207,2.04347826086957,3.17236466210638,1.21203219493771,0.0611390158378739,408.5,194.083333333333,1.93135998351913,207,"bootstrap",0.382059543600182,6.99386689296838,2.67207359312792,0.134788457280715,0.393023877096275,0.134788457280715
2019,"CSEO","yelloweye","charter",0.2,"Southeast",336,144,2.33333333333333,3.04298744230952,1.29428699220498,0.0713592177110439,408.5,194.083333333333,1.93135998351913,144,"bootstrap",0.425334319231584,6.70863894769151,2.85341437978686,0.157320145511272,0.393023877096275,0.157320145511272
2020,"CSEO","yelloweye","charter",0.2,"Southeast",NA,NA,NA,NA,NA,NA,NA,NA,NA,NA,NA,1,NA,NA,NA,0.393023877096275,0.393023877096275
2021,"CSEO","yelloweye","charter",0.2,"Southeast",NA,NA,NA,NA,NA,NA,NA,NA,NA,NA,NA,1,NA,NA,NA,0.393023877096275,0.393023877096275
2022,"CSEO","yelloweye","charter",0.2,"Southeast",NA,NA,NA,NA,NA,NA,NA,NA,NA,NA,NA,1,NA,NA,NA,0.393023877096275,0.393023877096275
2023,"CSEO","yelloweye","charter",0.2,"Southeast",NA,NA,NA,NA,NA,NA,NA,NA,NA,NA,NA,1,NA,NA,NA,0.393023877096275,0.393023877096275
2024,"CSEO","yelloweye","charter",0.2,"Southeast",NA,NA,NA,NA,NA,NA,NA,NA,NA,NA,NA,1,NA,NA,NA,0.393023877096275,0.393023877096275
2025,"CSEO","yelloweye","charter",0.2,"Southeast",515,NA,NA,3.343403099,0.313613542,NA,NA,NA,NA,NA,"4-stage",0.0938006972876829,7.3709420998335,0.69139950863152,NA,0.393023877096275,0.393023877096275
1977,"EWYKT","yelloweye","charter",0.9,"Southeast",NA,NA,NA,NA,NA,NA,NA,NA,NA,NA,NA,1,NA,NA,NA,1.59712901755436,1.59712901755436
1978,"EWYKT","yelloweye","charter",0.9,"Southeast",NA,NA,NA,NA,NA,NA,NA,NA,NA,NA,NA,1,NA,NA,NA,1.59712901755436,1.59712901755436
1979,"EWYKT","yelloweye","charter",0.9,"Southeast",NA,NA,NA,NA,NA,NA,NA,NA,NA,NA,NA,1,NA,NA,NA,1.59712901755436,1.59712901755436
1980,"EWYKT","yelloweye","charter",0.9,"Southeast",NA,NA,NA,NA,NA,NA,NA,NA,NA,NA,NA,1,NA,NA,NA,1.59712901755436,1.59712901755436
1981,"EWYKT","yelloweye","charter",0.9,"Southeast",NA,NA,NA,NA,NA,NA,NA,NA,NA,NA,NA,1,NA,NA,NA,1.59712901755436,1.59712901755436
1982,"EWYKT","yelloweye","charter",0.9,"Southeast",NA,NA,NA,NA,NA,NA,NA,NA,NA,NA,NA,1,NA,NA,NA,1.59712901755436,1.59712901755436
1983,"EWYKT","yelloweye","charter",0.9,"Southeast",NA,NA,NA,NA,NA,NA,NA,NA,NA,NA,NA,1,NA,NA,NA,1.59712901755436,1.59712901755436
1984,"EWYKT","yelloweye","charter",0.9,"Southeast",NA,NA,NA,NA,NA,NA,NA,NA,NA,NA,NA,1,NA,NA,NA,1.59712901755436,1.59712901755436
1985,"EWYKT","yelloweye","charter",0.9,"Southeast",NA,NA,NA,NA,NA,NA,NA,NA,NA,NA,NA,1,NA,NA,NA,1.59712901755436,1.59712901755436
1986,"EWYKT","yelloweye","charter",0.9,"Southeast",NA,NA,NA,NA,NA,NA,NA,NA,NA,NA,NA,1,NA,NA,NA,1.59712901755436,1.59712901755436
1987,"EWYKT","yelloweye","charter",0.9,"Southeast",NA,NA,NA,NA,NA,NA,NA,NA,NA,NA,NA,1,NA,NA,NA,1.59712901755436,1.59712901755436
1988,"EWYKT","yelloweye","charter",0.9,"Southeast",NA,NA,NA,NA,NA,NA,NA,NA,NA,NA,NA,1,NA,NA,NA,1.59712901755436,1.59712901755436
1989,"EWYKT","yelloweye","charter",0.9,"Southeast",NA,NA,NA,NA,NA,NA,NA,NA,NA,NA,NA,1,NA,NA,NA,1.59712901755436,1.59712901755436
1990,"EWYKT","yelloweye","charter",0.9,"Southeast",NA,NA,NA,NA,NA,NA,NA,NA,NA,NA,NA,1,NA,NA,NA,1.59712901755436,1.59712901755436
1991,"EWYKT","yelloweye","charter",0.9,"Southeast",NA,NA,NA,NA,NA,NA,NA,NA,NA,NA,NA,1,NA,NA,NA,1.59712901755436,1.59712901755436
1992,"EWYKT","yelloweye","charter",0.9,"Southeast",NA,NA,NA,NA,NA,NA,NA,NA,NA,NA,NA,1,NA,NA,NA,1.59712901755436,1.59712901755436
1993,"EWYKT","yelloweye","charter",0.9,"Southeast",NA,NA,NA,NA,NA,NA,NA,NA,NA,NA,NA,1,NA,NA,NA,1.59712901755436,1.59712901755436
1994,"EWYKT","yelloweye","charter",0.9,"Southeast",NA,NA,NA,NA,NA,NA,NA,NA,NA,NA,NA,1,NA,NA,NA,1.59712901755436,1.59712901755436
1995,"EWYKT","yelloweye","charter",0.9,"Southeast",NA,NA,NA,NA,NA,NA,NA,NA,NA,NA,NA,1,NA,NA,NA,1.59712901755436,1.59712901755436
1996,"EWYKT","yelloweye","charter",0.9,"Southeast",NA,NA,NA,NA,NA,NA,NA,NA,NA,NA,NA,1,NA,NA,NA,1.59712901755436,1.59712901755436
1997,"EWYKT","yelloweye","charter",0.9,"Southeast",NA,NA,NA,NA,NA,NA,NA,NA,NA,NA,NA,1,NA,NA,NA,1.59712901755436,1.59712901755436
1998,"EWYKT","yelloweye","charter",0.9,"Southeast",NA,NA,NA,NA,NA,NA,NA,NA,NA,NA,NA,1,NA,NA,NA,1.59712901755436,1.59712901755436
1999,"EWYKT","yelloweye","charter",0.9,"Southeast",NA,NA,NA,NA,NA,NA,NA,NA,NA,NA,NA,1,NA,NA,NA,1.59712901755436,1.59712901755436
2000,"EWYKT","yelloweye","charter",0.9,"Southeast",NA,NA,NA,NA,NA,NA,NA,NA,NA,NA,NA,1,NA,NA,NA,1.59712901755436,1.59712901755436
2001,"EWYKT","yelloweye","charter",0.9,"Southeast",NA,NA,NA,NA,NA,NA,NA,NA,NA,NA,NA,1,NA,NA,NA,1.59712901755436,1.59712901755436
2002,"EWYKT","yelloweye","charter",0.9,"Southeast",NA,NA,NA,NA,NA,NA,NA,NA,NA,NA,NA,1,NA,NA,NA,1.59712901755436,1.59712901755436
2003,"EWYKT","yelloweye","charter",0.9,"Southeast",NA,NA,NA,NA,NA,NA,NA,NA,NA,NA,NA,1,NA,NA,NA,1.59712901755436,1.59712901755436
2004,"EWYKT","yelloweye","charter",0.9,"Southeast",NA,NA,NA,NA,NA,NA,NA,NA,NA,NA,NA,1,NA,NA,NA,1.59712901755436,1.59712901755436
2005,"EWYKT","yelloweye","charter",0.9,"Southeast",NA,NA,NA,NA,NA,NA,NA,NA,NA,NA,NA,1,NA,NA,NA,1.59712901755436,1.59712901755436
2006,"EWYKT","yelloweye","charter",0.9,"Southeast",37,1,37,3.4141216447027,1.22792329238342,0.20171620434557,46.6,27.7,1.67233721671604,22.124724385825,"bootstrap",0.359660088353515,7.52684980534317,2.70710746601336,0.444708106920786,1.59712901755436,0.444708106920786
2007,"EWYKT","yelloweye","charter",0.9,"Southeast",15,1,15,3.32629214853333,1.03570427956308,0.257716425463928,46.6,27.7,1.67233721671604,8.96948285911822,"bootstrap",0.311369005882347,7.33321891138498,2.28333708235557,0.56816746112332,1.59712901755436,0.56816746112332
2008,"EWYKT","yelloweye","charter",0.9,"Southeast",35,1,35,4.12904576942857,1.4828248757997,0.242384844400551,46.6,27.7,1.67233721671604,20.9287933379425,"bootstrap",0.359120474463743,9.10298770229753,3.26906926268671,0.534367110710635,1.59712901755436,0.534367110710635
2009,"EWYKT","yelloweye","charter",0.9,"Southeast",21,1,21,3.74574154790476,1.6661301452211,0.35900088200629,46.6,27.7,1.67233721671604,12.5572760027655,"bootstrap",0.444806488625217,8.25794654518465,3.67318820601832,0.791461465071018,1.59712901755436,0.791461465071018
2010,"EWYKT","yelloweye","charter",0.9,"Southeast",25,1,25,3.76074308128,1.17123724772659,0.226307789721273,46.6,27.7,1.67233721671604,14.9491380985304,"bootstrap",0.311437719198821,8.29101926499839,2.58213612972458,0.498923272301722,1.59712901755436,0.498923272301722
2011,"EWYKT","yelloweye","charter",0.9,"Southeast",30,19,1.57894736842105,3.72194855803333,2.01765884080594,0.362222768437883,46.6,27.7,1.67233721671604,19,"bootstrap",0.542097454961083,8.20549198151666,4.44817631988375,0.798564508777179,1.59712901755436,0.798564508777179
2012,"EWYKT","yelloweye","charter",0.9,"Southeast",50,36,1.38888888888889,3.1322892596,1.72776075959074,0.247871124950785,46.6,27.7,1.67233721671604,36,"bootstrap",0.551596808722378,6.90551575409721,3.80906045254213,0.546462288911347,1.59712901755436,0.546462288911347
2013,"EWYKT","yelloweye","charter",0.2,"Southeast",15,9,1.66666666666667,2.29057971593333,1.36345657753337,0.33690690978254,46.6,27.7,1.67233721671604,9,"bootstrap",0.595245198431267,5.04986385465979,3.00590721221785,0.742752594140887,1.59712901755436,0.742752594140887
2014,"EWYKT","yelloweye","charter",0.2,"Southeast",36,26,1.38461538461538,2.9556927025,1.31062393384814,0.215309611281748,46.6,27.7,1.67233721671604,26,"bootstrap",0.443423611913235,6.51618698970043,2.88943117087499,0.474676439335149,1.59712901755436,0.474676439335149
2015,"EWYKT","yelloweye","charter",0.2,"Southeast",38,29,1.31034482758621,2.36893974423684,1.08224904816034,0.178737376760993,46.6,27.7,1.67233721671604,29,"bootstrap",0.456849546635045,5.22261814556155,2.38595073204775,0.394048463846747,1.59712901755436,0.394048463846747
2016,"EWYKT","yelloweye","charter",0.2,"Southeast",58,37,1.56756756756757,2.9975913822069,0.987406862058332,0.131120600761474,46.6,27.7,1.67233721671604,37,"bootstrap",0.329400086989635,6.6085577667304,2.17685950323702,0.289071442386735,1.59712901755436,0.289071442386735
2017,"EWYKT","yelloweye","charter",0.2,"Southeast",57,25,2.28,3.43277683933333,1.48220312812744,0.193912038944124,46.6,27.7,1.67233721671604,25,"bootstrap",0.431779634243656,7.56797746940636,3.26769854370451,0.427502867346537,1.59712901755436,0.427502867346537
2018,"EWYKT","yelloweye","charter",0.2,"Southeast",40,25,1.6,2.874711676225,1.16829894580795,0.188202502840191,46.6,27.7,1.67233721671604,25,"bootstrap",0.406405607724157,6.33765438738375,2.57565828285036,0.414915494902099,1.59712901755436,0.414915494902099
2019,"EWYKT","yelloweye","charter",0.2,"Southeast",54,30,1.8,2.94143474651852,1.86373089422875,0.25132595649755,46.6,27.7,1.67233721671604,30,"bootstrap",0.633612864074126,6.48475357742869,4.10882328700953,0.554078888687635,1.59712901755436,0.554078888687635
2020,"EWYKT","yelloweye","charter",0.2,"Southeast",NA,NA,NA,NA,NA,NA,NA,NA,NA,NA,NA,1,NA,NA,NA,1.59712901755436,1.59712901755436
2021,"EWYKT","yelloweye","charter",0.2,"Southeast",NA,NA,NA,NA,NA,NA,NA,NA,NA,NA,NA,1,NA,NA,NA,1.59712901755436,1.59712901755436
2022,"EWYKT","yelloweye","charter",0.2,"Southeast",NA,NA,NA,NA,NA,NA,NA,NA,NA,NA,NA,1,NA,NA,NA,1.59712901755436,1.59712901755436
2023,"EWYKT","yelloweye","charter",0.2,"Southeast",NA,NA,NA,NA,NA,NA,NA,NA,NA,NA,NA,1,NA,NA,NA,1.59712901755436,1.59712901755436
2024,"EWYKT","yelloweye","charter",0.2,"Southeast",NA,NA,NA,NA,NA,NA,NA,NA,NA,NA,NA,1,NA,NA,NA,1.59712901755436,1.59712901755436
2025,"EWYKT","yelloweye","charter",0.2,"Southeast",93,NA,NA,3.787614436,0.58697286,NA,NA,NA,NA,NA,"4-stage",0.154971650340389,8.35026046144414,1.29405364448209,NA,1.59712901755436,1.59712901755436
1977,"NSEI","yelloweye","charter",0.9,"Southeast",NA,NA,NA,NA,NA,NA,NA,NA,NA,NA,NA,1,NA,NA,NA,1.57085410494161,1.57085410494161
1978,"NSEI","yelloweye","charter",0.9,"Southeast",NA,NA,NA,NA,NA,NA,NA,NA,NA,NA,NA,1,NA,NA,NA,1.57085410494161,1.57085410494161
1979,"NSEI","yelloweye","charter",0.9,"Southeast",NA,NA,NA,NA,NA,NA,NA,NA,NA,NA,NA,1,NA,NA,NA,1.57085410494161,1.57085410494161
1980,"NSEI","yelloweye","charter",0.9,"Southeast",NA,NA,NA,NA,NA,NA,NA,NA,NA,NA,NA,1,NA,NA,NA,1.57085410494161,1.57085410494161
1981,"NSEI","yelloweye","charter",0.9,"Southeast",NA,NA,NA,NA,NA,NA,NA,NA,NA,NA,NA,1,NA,NA,NA,1.57085410494161,1.57085410494161
1982,"NSEI","yelloweye","charter",0.9,"Southeast",NA,NA,NA,NA,NA,NA,NA,NA,NA,NA,NA,1,NA,NA,NA,1.57085410494161,1.57085410494161
1983,"NSEI","yelloweye","charter",0.9,"Southeast",NA,NA,NA,NA,NA,NA,NA,NA,NA,NA,NA,1,NA,NA,NA,1.57085410494161,1.57085410494161
1984,"NSEI","yelloweye","charter",0.9,"Southeast",NA,NA,NA,NA,NA,NA,NA,NA,NA,NA,NA,1,NA,NA,NA,1.57085410494161,1.57085410494161
1985,"NSEI","yelloweye","charter",0.9,"Southeast",NA,NA,NA,NA,NA,NA,NA,NA,NA,NA,NA,1,NA,NA,NA,1.57085410494161,1.57085410494161
1986,"NSEI","yelloweye","charter",0.9,"Southeast",NA,NA,NA,NA,NA,NA,NA,NA,NA,NA,NA,1,NA,NA,NA,1.57085410494161,1.57085410494161
1987,"NSEI","yelloweye","charter",0.9,"Southeast",NA,NA,NA,NA,NA,NA,NA,NA,NA,NA,NA,1,NA,NA,NA,1.57085410494161,1.57085410494161
1988,"NSEI","yelloweye","charter",0.9,"Southeast",NA,NA,NA,NA,NA,NA,NA,NA,NA,NA,NA,1,NA,NA,NA,1.57085410494161,1.57085410494161
1989,"NSEI","yelloweye","charter",0.9,"Southeast",NA,NA,NA,NA,NA,NA,NA,NA,NA,NA,NA,1,NA,NA,NA,1.57085410494161,1.57085410494161
1990,"NSEI","yelloweye","charter",0.9,"Southeast",NA,NA,NA,NA,NA,NA,NA,NA,NA,NA,NA,1,NA,NA,NA,1.57085410494161,1.57085410494161
1991,"NSEI","yelloweye","charter",0.9,"Southeast",NA,NA,NA,NA,NA,NA,NA,NA,NA,NA,NA,1,NA,NA,NA,1.57085410494161,1.57085410494161
1992,"NSEI","yelloweye","charter",0.9,"Southeast",NA,NA,NA,NA,NA,NA,NA,NA,NA,NA,NA,1,NA,NA,NA,1.57085410494161,1.57085410494161
1993,"NSEI","yelloweye","charter",0.9,"Southeast",NA,NA,NA,NA,NA,NA,NA,NA,NA,NA,NA,1,NA,NA,NA,1.57085410494161,1.57085410494161
1994,"NSEI","yelloweye","charter",0.9,"Southeast",NA,NA,NA,NA,NA,NA,NA,NA,NA,NA,NA,1,NA,NA,NA,1.57085410494161,1.57085410494161
1995,"NSEI","yelloweye","charter",0.9,"Southeast",NA,NA,NA,NA,NA,NA,NA,NA,NA,NA,NA,1,NA,NA,NA,1.57085410494161,1.57085410494161
1996,"NSEI","yelloweye","charter",0.9,"Southeast",NA,NA,NA,NA,NA,NA,NA,NA,NA,NA,NA,1,NA,NA,NA,1.57085410494161,1.57085410494161
1997,"NSEI","yelloweye","charter",0.9,"Southeast",NA,NA,NA,NA,NA,NA,NA,NA,NA,NA,NA,1,NA,NA,NA,1.57085410494161,1.57085410494161
1998,"NSEI","yelloweye","charter",0.9,"Southeast",NA,NA,NA,NA,NA,NA,NA,NA,NA,NA,NA,1,NA,NA,NA,1.57085410494161,1.57085410494161
1999,"NSEI","yelloweye","charter",0.9,"Southeast",NA,NA,NA,NA,NA,NA,NA,NA,NA,NA,NA,1,NA,NA,NA,1.57085410494161,1.57085410494161
2000,"NSEI","yelloweye","charter",0.9,"Southeast",NA,NA,NA,NA,NA,NA,NA,NA,NA,NA,NA,1,NA,NA,NA,1.57085410494161,1.57085410494161
2001,"NSEI","yelloweye","charter",0.9,"Southeast",NA,NA,NA,NA,NA,NA,NA,NA,NA,NA,NA,1,NA,NA,NA,1.57085410494161,1.57085410494161
2002,"NSEI","yelloweye","charter",0.9,"Southeast",NA,NA,NA,NA,NA,NA,NA,NA,NA,NA,NA,1,NA,NA,NA,1.57085410494161,1.57085410494161
2003,"NSEI","yelloweye","charter",0.9,"Southeast",NA,NA,NA,NA,NA,NA,NA,NA,NA,NA,NA,1,NA,NA,NA,1.57085410494161,1.57085410494161
2004,"NSEI","yelloweye","charter",0.9,"Southeast",NA,NA,NA,NA,NA,NA,NA,NA,NA,NA,NA,1,NA,NA,NA,1.57085410494161,1.57085410494161
2005,"NSEI","yelloweye","charter",0.9,"Southeast",NA,NA,NA,NA,NA,NA,NA,NA,NA,NA,NA,1,NA,NA,NA,1.57085410494161,1.57085410494161
2006,"NSEI","yelloweye","charter",0.9,"Southeast",114,1,114,4.12366230050877,2.14616581591998,0.192649333844848,69.3636363636364,37.2727272727273,1.77849606656826,64.0991015628006,"bootstrap",0.520451399634541,9.09111918494287,4.73148570404794,0.424719079122283,1.57085410494161,0.424719079122283
2007,"NSEI","yelloweye","charter",0.9,"Southeast",92,1,92,3.76204322609783,1.65011145468719,0.174682418342718,69.3636363636364,37.2727272727273,1.77849606656826,51.7290995068215,"bootstrap",0.438621077833485,8.29388559367305,3.63787303852448,0.385108810794659,1.57085410494161,0.385108810794659
2008,"NSEI","yelloweye","charter",0.9,"Southeast",97,1,97,3.27339397878351,2.09964701605359,0.20003907231728,69.3636363636364,37.2727272727273,1.77849606656826,54.5404636104531,"bootstrap",0.641428141452707,7.21659840979793,4.62892930560725,0.441010663714491,1.57085410494161,0.441010663714491
2009,"NSEI","yelloweye","charter",0.9,"Southeast",77,1,77,3.66659978962338,1.59315956283214,0.181338344141962,69.3636363636364,37.2727272727273,1.77849606656826,43.2950071959267,"bootstrap",0.434505987629423,8.08346883469095,3.51231560948905,0.399782615368714,1.57085410494161,0.399782615368714
2010,"NSEI","yelloweye","charter",0.9,"Southeast",77,1,77,3.32109236980519,1.85894624967229,0.210956009230796,69.3636363636364,37.2727272727273,1.77849606656826,43.2950071959267,"bootstrap",0.55973939977506,7.32175536158193,4.0982749513917,0.465078389775142,1.57085410494161,0.465078389775142
2011,"NSEI","yelloweye","charter",0.9,"Southeast",75,41,1.82926829268293,2.30732066549333,1.62492575262362,0.190184278021618,69.3636363636364,37.2727272727273,1.77849606656826,41,"bootstrap",0.704247908374796,5.08677133074005,3.58234807005456,0.419284561294828,1.57085410494161,0.419284561294828
2012,"NSEI","yelloweye","charter",0.9,"Southeast",95,40,2.375,2.11630029672632,1.48204241894571,0.152813172934969,69.3636363636364,37.2727272727273,1.77849606656826,40,"bootstrap",0.700298734181658,4.66564350487556,3.26734424060723,0.336895377686404,1.57085410494161,0.336895377686404
2013,"NSEI","yelloweye","charter",0.2,"Southeast",97,53,1.83018867924528,2.61469488507216,1.67619770739099,0.166005405965714,69.3636363636364,37.2727272727273,1.77849606656826,53,"bootstrap",0.641068186181398,5.76441548802838,3.69538338130632,0.365979273034296,1.57085410494161,0.365979273034296
2014,"NSEI","yelloweye","charter",0.2,"Southeast",48,30,1.6,2.70655366966667,2.5264344813381,0.356263718491106,69.3636363636364,37.2727272727273,1.77849606656826,30,"bootstrap",0.933450723572479,5.96692944239115,5.56983460550594,0.785427052470804,1.57085410494161,0.785427052470804
2015,"NSEI","yelloweye","charter",0.2,"Southeast",64,37,1.72972972972973,1.9775181364375,1.58561904636055,0.19761827546908,69.3636363636364,37.2727272727273,1.77849606656826,37,"bootstrap",0.801822758104784,4.35968121505036,3.4956916163093,0.435673720224525,1.57085410494161,0.435673720224525
2016,"NSEI","yelloweye","charter",0.2,"Southeast",101,49,2.06122448979592,2.55682948649505,1.68497559256846,0.16383357614483,69.3636363636364,37.2727272727273,1.77849606656826,49,"bootstrap",0.659009762468852,5.63684412140997,3.71473530552433,0.361191207884385,1.57085410494161,0.361191207884385
2017,"NSEI","yelloweye","charter",0.2,"Southeast",58,34,1.70588235294118,2.82116818417241,1.78214718639336,0.228635819844217,69.3636363636364,37.2727272727273,1.77849606656826,34,"bootstrap",0.63170540359548,6.21961119365082,3.92896199929216,0.504055700170806,1.57085410494161,0.504055700170806
2018,"NSEI","yelloweye","charter",0.2,"Southeast",105,60,1.75,2.66078898109524,1.3842790068031,0.129987652302363,69.3636363636364,37.2727272727273,1.77849606656826,60,"bootstrap",0.520251330202555,5.86603557476932,3.05181281078925,0.286573718586485,1.57085410494161,0.286573718586485
2019,"NSEI","yelloweye","charter",0.2,"Southeast",55,34,1.61764705882353,2.55217289518182,1.79543138537326,0.238314575887173,69.3636363636364,37.2727272727273,1.77849606656826,34,"bootstrap",0.703491283354199,5.62657809486873,3.95824864485183,0.525393704676568,1.57085410494161,0.525393704676568
2020,"NSEI","yelloweye","charter",0.2,"Southeast",NA,NA,NA,NA,NA,NA,NA,NA,NA,NA,NA,1,NA,NA,NA,1.57085410494161,1.57085410494161
2021,"NSEI","yelloweye","charter",0.2,"Southeast",NA,NA,NA,NA,NA,NA,NA,NA,NA,NA,NA,1,NA,NA,NA,1.57085410494161,1.57085410494161
2022,"NSEI","yelloweye","charter",0.2,"Southeast",NA,NA,NA,NA,NA,NA,NA,NA,NA,NA,NA,1,NA,NA,NA,1.57085410494161,1.57085410494161
2023,"NSEI","yelloweye","charter",0.2,"Southeast",NA,NA,NA,NA,NA,NA,NA,NA,NA,NA,NA,1,NA,NA,NA,1.57085410494161,1.57085410494161
2024,"NSEI","yelloweye","charter",0.2,"Southeast",NA,NA,NA,NA,NA,NA,NA,NA,NA,NA,NA,1,NA,NA,NA,1.57085410494161,1.57085410494161
2025,"NSEI","yelloweye","charter",0.2,"Southeast",65,NA,NA,3.805909737,1.180186764,NA,NA,NA,NA,NA,"4-stage",0.31009320912857,8.39059469586845,2.601866435739,NA,1.57085410494161,1.57085410494161
1977,"NSEO","yelloweye","charter",0.9,"Southeast",NA,NA,NA,NA,NA,NA,NA,NA,NA,NA,NA,1,NA,NA,NA,0.829296438896579,0.829296438896579
1978,"NSEO","yelloweye","charter",0.9,"Southeast",NA,NA,NA,NA,NA,NA,NA,NA,NA,NA,NA,1,NA,NA,NA,0.829296438896579,0.829296438896579
1979,"NSEO","yelloweye","charter",0.9,"Southeast",NA,NA,NA,NA,NA,NA,NA,NA,NA,NA,NA,1,NA,NA,NA,0.829296438896579,0.829296438896579
1980,"NSEO","yelloweye","charter",0.9,"Southeast",NA,NA,NA,NA,NA,NA,NA,NA,NA,NA,NA,1,NA,NA,NA,0.829296438896579,0.829296438896579
1981,"NSEO","yelloweye","charter",0.9,"Southeast",NA,NA,NA,NA,NA,NA,NA,NA,NA,NA,NA,1,NA,NA,NA,0.829296438896579,0.829296438896579
1982,"NSEO","yelloweye","charter",0.9,"Southeast",NA,NA,NA,NA,NA,NA,NA,NA,NA,NA,NA,1,NA,NA,NA,0.829296438896579,0.829296438896579
1983,"NSEO","yelloweye","charter",0.9,"Southeast",NA,NA,NA,NA,NA,NA,NA,NA,NA,NA,NA,1,NA,NA,NA,0.829296438896579,0.829296438896579
1984,"NSEO","yelloweye","charter",0.9,"Southeast",NA,NA,NA,NA,NA,NA,NA,NA,NA,NA,NA,1,NA,NA,NA,0.829296438896579,0.829296438896579
1985,"NSEO","yelloweye","charter",0.9,"Southeast",NA,NA,NA,NA,NA,NA,NA,NA,NA,NA,NA,1,NA,NA,NA,0.829296438896579,0.829296438896579
1986,"NSEO","yelloweye","charter",0.9,"Southeast",NA,NA,NA,NA,NA,NA,NA,NA,NA,NA,NA,1,NA,NA,NA,0.829296438896579,0.829296438896579
1987,"NSEO","yelloweye","charter",0.9,"Southeast",NA,NA,NA,NA,NA,NA,NA,NA,NA,NA,NA,1,NA,NA,NA,0.829296438896579,0.829296438896579
1988,"NSEO","yelloweye","charter",0.9,"Southeast",NA,NA,NA,NA,NA,NA,NA,NA,NA,NA,NA,1,NA,NA,NA,0.829296438896579,0.829296438896579
1989,"NSEO","yelloweye","charter",0.9,"Southeast",NA,NA,NA,NA,NA,NA,NA,NA,NA,NA,NA,1,NA,NA,NA,0.829296438896579,0.829296438896579
1990,"NSEO","yelloweye","charter",0.9,"Southeast",NA,NA,NA,NA,NA,NA,NA,NA,NA,NA,NA,1,NA,NA,NA,0.829296438896579,0.829296438896579
1991,"NSEO","yelloweye","charter",0.9,"Southeast",NA,NA,NA,NA,NA,NA,NA,NA,NA,NA,NA,1,NA,NA,NA,0.829296438896579,0.829296438896579
1992,"NSEO","yelloweye","charter",0.9,"Southeast",NA,NA,NA,NA,NA,NA,NA,NA,NA,NA,NA,1,NA,NA,NA,0.829296438896579,0.829296438896579
1993,"NSEO","yelloweye","charter",0.9,"Southeast",NA,NA,NA,NA,NA,NA,NA,NA,NA,NA,NA,1,NA,NA,NA,0.829296438896579,0.829296438896579
1994,"NSEO","yelloweye","charter",0.9,"Southeast",NA,NA,NA,NA,NA,NA,NA,NA,NA,NA,NA,1,NA,NA,NA,0.829296438896579,0.829296438896579
1995,"NSEO","yelloweye","charter",0.9,"Southeast",NA,NA,NA,NA,NA,NA,NA,NA,NA,NA,NA,1,NA,NA,NA,0.829296438896579,0.829296438896579
1996,"NSEO","yelloweye","charter",0.9,"Southeast",NA,NA,NA,NA,NA,NA,NA,NA,NA,NA,NA,1,NA,NA,NA,0.829296438896579,0.829296438896579
1997,"NSEO","yelloweye","charter",0.9,"Southeast",NA,NA,NA,NA,NA,NA,NA,NA,NA,NA,NA,1,NA,NA,NA,0.829296438896579,0.829296438896579
1998,"NSEO","yelloweye","charter",0.9,"Southeast",NA,NA,NA,NA,NA,NA,NA,NA,NA,NA,NA,1,NA,NA,NA,0.829296438896579,0.829296438896579
1999,"NSEO","yelloweye","charter",0.9,"Southeast",NA,NA,NA,NA,NA,NA,NA,NA,NA,NA,NA,1,NA,NA,NA,0.829296438896579,0.829296438896579
2000,"NSEO","yelloweye","charter",0.9,"Southeast",NA,NA,NA,NA,NA,NA,NA,NA,NA,NA,NA,1,NA,NA,NA,0.829296438896579,0.829296438896579
2001,"NSEO","yelloweye","charter",0.9,"Southeast",NA,NA,NA,NA,NA,NA,NA,NA,NA,NA,NA,1,NA,NA,NA,0.829296438896579,0.829296438896579
2002,"NSEO","yelloweye","charter",0.9,"Southeast",NA,NA,NA,NA,NA,NA,NA,NA,NA,NA,NA,1,NA,NA,NA,0.829296438896579,0.829296438896579
2003,"NSEO","yelloweye","charter",0.9,"Southeast",NA,NA,NA,NA,NA,NA,NA,NA,NA,NA,NA,1,NA,NA,NA,0.829296438896579,0.829296438896579
2004,"NSEO","yelloweye","charter",0.9,"Southeast",NA,NA,NA,NA,NA,NA,NA,NA,NA,NA,NA,1,NA,NA,NA,0.829296438896579,0.829296438896579
2005,"NSEO","yelloweye","charter",0.9,"Southeast",NA,NA,NA,NA,NA,NA,NA,NA,NA,NA,NA,1,NA,NA,NA,0.829296438896579,0.829296438896579
2006,"NSEO","yelloweye","charter",0.9,"Southeast",132,1,132,4.08305580015909,2.04582849010712,0.179354683755372,236.5,108.5,2.18443244432585,60.4275954346288,"bootstrap",0.501053277309462,9.00159717575293,4.5102797659306,0.39540939281004,0.829296438896579,0.39540939281004
2007,"NSEO","yelloweye","charter",0.9,"Southeast",75,1,75,3.94890721126667,1.65512295803754,0.188081268733553,236.5,108.5,2.18443244432585,34.3338610424027,"bootstrap",0.419134426181322,8.70585016223962,3.64892151217087,0.41464821944829,0.829296438896579,0.41464821944829
2008,"NSEO","yelloweye","charter",0.9,"Southeast",143,1,143,3.59729566588112,1.48999178905774,0.125446382004202,236.5,108.5,2.18443244432585,65.4632283875145,"bootstrap",0.414197755049635,7.93067939582948,3.28486960177096,0.276561931363625,0.829296438896579,0.276561931363625
2009,"NSEO","yelloweye","charter",0.9,"Southeast",152,1,152,3.56604965700658,1.80091321541017,0.146142251002975,236.5,108.5,2.18443244432585,69.5832917126028,"bootstrap",0.505016303368556,7.86179373787995,3.97033401135019,0.322188512298876,0.829296438896579,0.322188512298876
2010,"NSEO","yelloweye","charter",0.9,"Southeast",166,1,166,2.91140921423494,1.77222508251118,0.13456325321445,236.5,108.5,2.18443244432585,75.9922791071847,"bootstrap",0.608717274729408,6.41855860977877,3.90708750463551,0.296661191857364,0.829296438896579,0.296661191857364
2011,"NSEO","yelloweye","charter",0.9,"Southeast",246,105,2.34285714285714,2.64560678793089,1.56919580399865,0.100457687453983,236.5,108.5,2.18443244432585,105,"bootstrap",0.59313266474717,5.83256456829798,3.45948456470451,0.221471290113941,0.829296438896579,0.221471290113941
2012,"NSEO","yelloweye","charter",0.9,"Southeast",220,96,2.29166666666667,2.73816657916818,1.64052734296436,0.111679718778957,236.5,108.5,2.18443244432585,96,"bootstrap",0.599133506137063,6.03662397776219,3.61674368902773,0.246211634215327,0.829296438896579,0.246211634215327
2013,"NSEO","yelloweye","charter",0.2,"Southeast",250,113,2.21238938053097,2.349815357192,1.5707731384707,0.0966512542650902,236.5,108.5,2.18443244432585,113,"bootstrap",0.668466623840502,5.18045608928886,3.4629619919609,0.213079541404189,0.829296438896579,0.213079541404189
2014,"NSEO","yelloweye","charter",0.2,"Southeast",255,124,2.05645161290323,2.17763245418431,1.60860198904963,0.0984920918855539,236.5,108.5,2.18443244432585,124,"bootstrap",0.738693063633722,4.80085776654084,3.54636033163581,0.217137893662011,0.829296438896579,0.217137893662011
2015,"NSEO","yelloweye","charter",0.2,"Southeast",306,138,2.21739130434783,2.2952065532549,1.57145660769956,0.0929369881767871,236.5,108.5,2.18443244432585,138,"bootstrap",0.684668926842785,5.06006428487799,3.46446878368292,0.204890986369217,0.829296438896579,0.204890986369217
2016,"NSEO","yelloweye","charter",0.2,"Southeast",279,127,2.19685039370079,3.02671760943369,1.73873760880874,0.104982311472956,236.5,108.5,2.18443244432585,127,"bootstrap",0.574463109273701,6.67277010610984,3.83326026262446,0.231446378573164,0.829296438896579,0.231446378573164
2017,"NSEO","yelloweye","charter",0.2,"Southeast",203,103,1.97087378640777,3.18286567432512,1.71817354009453,0.12344800512324,236.5,108.5,2.18443244432585,103,"bootstrap",0.539819683235248,7.01701766203871,3.78792425157788,0.272156264488571,0.829296438896579,0.272156264488571
2018,"NSEO","yelloweye","charter",0.2,"Southeast",234,110,2.12727272727273,3.01883911970513,1.52633783822039,0.0979332337453031,236.5,108.5,2.18443244432585,110,"bootstrap",0.50560423318268,6.65540100944282,3.36499892390257,0.215905822364643,0.829296438896579,0.215905822364643
2019,"NSEO","yelloweye","charter",0.2,"Southeast",186,91,2.04395604395604,3.48984812358602,1.49007314046093,0.113690682266745,236.5,108.5,2.18443244432585,91,"bootstrap",0.426973635439984,7.69379811362229,3.2850489509146,0.250645049808499,0.829296438896579,0.250645049808499
2020,"NSEO","yelloweye","charter",0.2,"Southeast",NA,NA,NA,NA,NA,NA,NA,NA,NA,NA,NA,1,NA,NA,NA,0.829296438896579,0.829296438896579
2021,"NSEO","yelloweye","charter",0.2,"Southeast",NA,NA,NA,NA,NA,NA,NA,NA,NA,NA,NA,1,NA,NA,NA,0.829296438896579,0.829296438896579
2022,"NSEO","yelloweye","charter",0.2,"Southeast",NA,NA,NA,NA,NA,NA,NA,NA,NA,NA,NA,1,NA,NA,NA,0.829296438896579,0.829296438896579
2023,"NSEO","yelloweye","charter",0.2,"Southeast",NA,NA,NA,NA,NA,NA,NA,NA,NA,NA,NA,1,NA,NA,NA,0.829296438896579,0.829296438896579
2024,"NSEO","yelloweye","charter",0.2,"Southeast",NA,NA,NA,NA,NA,NA,NA,NA,NA,NA,NA,1,NA,NA,NA,0.829296438896579,0.829296438896579
2025,"NSEO","yelloweye","charter",0.2,"Southeast",195,NA,NA,3.676732977,0.52156558,NA,NA,NA,NA,NA,"4-stage",0.141855713554039,8.10580868879414,1.14985527548142,NA,0.829296438896579,0.829296438896579
1977,"SSEI","yelloweye","charter",0.9,"Southeast",NA,NA,NA,NA,NA,NA,NA,NA,NA,NA,NA,1,NA,NA,NA,0.891709168255002,0.891709168255002
1978,"SSEI","yelloweye","charter",0.9,"Southeast",NA,NA,NA,NA,NA,NA,NA,NA,NA,NA,NA,1,NA,NA,NA,0.891709168255002,0.891709168255002
1979,"SSEI","yelloweye","charter",0.9,"Southeast",NA,NA,NA,NA,NA,NA,NA,NA,NA,NA,NA,1,NA,NA,NA,0.891709168255002,0.891709168255002
1980,"SSEI","yelloweye","charter",0.9,"Southeast",NA,NA,NA,NA,NA,NA,NA,NA,NA,NA,NA,1,NA,NA,NA,0.891709168255002,0.891709168255002
1981,"SSEI","yelloweye","charter",0.9,"Southeast",NA,NA,NA,NA,NA,NA,NA,NA,NA,NA,NA,1,NA,NA,NA,0.891709168255002,0.891709168255002
1982,"SSEI","yelloweye","charter",0.9,"Southeast",NA,NA,NA,NA,NA,NA,NA,NA,NA,NA,NA,1,NA,NA,NA,0.891709168255002,0.891709168255002
1983,"SSEI","yelloweye","charter",0.9,"Southeast",NA,NA,NA,NA,NA,NA,NA,NA,NA,NA,NA,1,NA,NA,NA,0.891709168255002,0.891709168255002
1984,"SSEI","yelloweye","charter",0.9,"Southeast",NA,NA,NA,NA,NA,NA,NA,NA,NA,NA,NA,1,NA,NA,NA,0.891709168255002,0.891709168255002
1985,"SSEI","yelloweye","charter",0.9,"Southeast",NA,NA,NA,NA,NA,NA,NA,NA,NA,NA,NA,1,NA,NA,NA,0.891709168255002,0.891709168255002
1986,"SSEI","yelloweye","charter",0.9,"Southeast",NA,NA,NA,NA,NA,NA,NA,NA,NA,NA,NA,1,NA,NA,NA,0.891709168255002,0.891709168255002
1987,"SSEI","yelloweye","charter",0.9,"Southeast",NA,NA,NA,NA,NA,NA,NA,NA,NA,NA,NA,1,NA,NA,NA,0.891709168255002,0.891709168255002
1988,"SSEI","yelloweye","charter",0.9,"Southeast",NA,NA,NA,NA,NA,NA,NA,NA,NA,NA,NA,1,NA,NA,NA,0.891709168255002,0.891709168255002
1989,"SSEI","yelloweye","charter",0.9,"Southeast",NA,NA,NA,NA,NA,NA,NA,NA,NA,NA,NA,1,NA,NA,NA,0.891709168255002,0.891709168255002
1990,"SSEI","yelloweye","charter",0.9,"Southeast",NA,NA,NA,NA,NA,NA,NA,NA,NA,NA,NA,1,NA,NA,NA,0.891709168255002,0.891709168255002
1991,"SSEI","yelloweye","charter",0.9,"Southeast",NA,NA,NA,NA,NA,NA,NA,NA,NA,NA,NA,1,NA,NA,NA,0.891709168255002,0.891709168255002
1992,"SSEI","yelloweye","charter",0.9,"Southeast",NA,NA,NA,NA,NA,NA,NA,NA,NA,NA,NA,1,NA,NA,NA,0.891709168255002,0.891709168255002
1993,"SSEI","yelloweye","charter",0.9,"Southeast",NA,NA,NA,NA,NA,NA,NA,NA,NA,NA,NA,1,NA,NA,NA,0.891709168255002,0.891709168255002
1994,"SSEI","yelloweye","charter",0.9,"Southeast",NA,NA,NA,NA,NA,NA,NA,NA,NA,NA,NA,1,NA,NA,NA,0.891709168255002,0.891709168255002
1995,"SSEI","yelloweye","charter",0.9,"Southeast",NA,NA,NA,NA,NA,NA,NA,NA,NA,NA,NA,1,NA,NA,NA,0.891709168255002,0.891709168255002
1996,"SSEI","yelloweye","charter",0.9,"Southeast",NA,NA,NA,NA,NA,NA,NA,NA,NA,NA,NA,1,NA,NA,NA,0.891709168255002,0.891709168255002
1997,"SSEI","yelloweye","charter",0.9,"Southeast",NA,NA,NA,NA,NA,NA,NA,NA,NA,NA,NA,1,NA,NA,NA,0.891709168255002,0.891709168255002
1998,"SSEI","yelloweye","charter",0.9,"Southeast",NA,NA,NA,NA,NA,NA,NA,NA,NA,NA,NA,1,NA,NA,NA,0.891709168255002,0.891709168255002
1999,"SSEI","yelloweye","charter",0.9,"Southeast",NA,NA,NA,NA,NA,NA,NA,NA,NA,NA,NA,1,NA,NA,NA,0.891709168255002,0.891709168255002
2000,"SSEI","yelloweye","charter",0.9,"Southeast",NA,NA,NA,NA,NA,NA,NA,NA,NA,NA,NA,1,NA,NA,NA,0.891709168255002,0.891709168255002
2001,"SSEI","yelloweye","charter",0.9,"Southeast",NA,NA,NA,NA,NA,NA,NA,NA,NA,NA,NA,1,NA,NA,NA,0.891709168255002,0.891709168255002
2002,"SSEI","yelloweye","charter",0.9,"Southeast",NA,NA,NA,NA,NA,NA,NA,NA,NA,NA,NA,1,NA,NA,NA,0.891709168255002,0.891709168255002
2003,"SSEI","yelloweye","charter",0.9,"Southeast",NA,NA,NA,NA,NA,NA,NA,NA,NA,NA,NA,1,NA,NA,NA,0.891709168255002,0.891709168255002
2004,"SSEI","yelloweye","charter",0.9,"Southeast",NA,NA,NA,NA,NA,NA,NA,NA,NA,NA,NA,1,NA,NA,NA,0.891709168255002,0.891709168255002
2005,"SSEI","yelloweye","charter",0.9,"Southeast",NA,NA,NA,NA,NA,NA,NA,NA,NA,NA,NA,1,NA,NA,NA,0.891709168255002,0.891709168255002
2006,"SSEI","yelloweye","charter",0.9,"Southeast",103,1,103,3.59145875658252,1.76678252969055,0.176110198776046,198.769230769231,90.3846153846154,1.94624385624861,52.92245350926,"bootstrap",0.491940086031155,7.9178112135589,3.89508872957661,0.388256527834367,0.891709168255002,0.388256527834367
2007,"SSEI","yelloweye","charter",0.9,"Southeast",68,1,68,3.68969225039706,1.58052069494556,0.195735518414384,198.769230769231,90.3846153846154,1.94624385624861,34.9390955206765,"bootstrap",0.428361117319602,8.13437899606406,3.4844516754551,0.431522951433777,0.891709168255002,0.431522951433777
2008,"SSEI","yelloweye","charter",0.9,"Southeast",107,1,107,3.99413576013084,1.92548882487559,0.18350762383434,198.769230769231,90.3846153846154,1.94624385624861,54.9776944222409,"bootstrap",0.482078962887459,8.80556204413534,4.24497621787794,0.404565058447637,0.891709168255002,0.404565058447637
2009,"SSEI","yelloweye","charter",0.9,"Southeast",91,1,91,3.54534081771429,1.94277823552005,0.202236237659351,198.769230769231,90.3846153846154,1.94624385624861,46.756730770317,"bootstrap",0.547980669675807,7.81613856234222,4.28309284367119,0.445854584127501,0.891709168255002,0.445854584127501
2010,"SSEI","yelloweye","charter",0.9,"Southeast",147,1,147,3.43473253592517,1.35337756469237,0.108043547496144,198.769230769231,90.3846153846154,1.94624385624861,75.5301035520506,"bootstrap",0.394027060487791,7.57228904235059,2.98368679252131,0.238195248755043,0.891709168255002,0.238195248755043
2011,"SSEI","yelloweye","charter",0.9,"Southeast",161,69,2.33333333333333,3.94209271862733,2.1081136921553,0.169438436575422,198.769230769231,90.3846153846154,1.94624385624861,69,"bootstrap",0.534770195077848,8.69082677762311,4.64759513125729,0.373547809971611,0.891709168255002,0.373547809971611
2012,"SSEI","yelloweye","charter",0.9,"Southeast",125,70,1.78571428571429,3.302800411464,1.50994997818003,0.137813270696587,198.769230769231,90.3846153846154,1.94624385624861,70,"bootstrap",0.457172638388624,7.28142849645884,3.3288698769642,0.303826253913879,0.891709168255002,0.303826253913879
2013,"SSEI","yelloweye","charter",0.2,"Southeast",151,56,2.69642857142857,2.95468789292715,1.65540372754217,0.139356273929256,198.769230769231,90.3846153846154,1.94624385624861,56,"bootstrap",0.560263482144706,6.51397176378733,3.64954050297178,0.307227993743354,0.891709168255002,0.307227993743354
2014,"SSEI","yelloweye","charter",0.2,"Southeast",268,129,2.07751937984496,3.30280721889925,2.12889896874004,0.127710214770605,198.769230769231,90.3846153846154,1.94624385624861,129,"bootstrap",0.644572579519053,7.28144350428458,4.69341882217897,0.281552828288334,0.891709168255002,0.281552828288334
2015,"SSEI","yelloweye","charter",0.2,"Southeast",401,177,2.26553672316384,2.84566416964589,1.57487213964972,0.0794326713148709,198.769230769231,90.3846153846154,1.94624385624861,177,"bootstrap",0.553428671045781,6.27361559732485,3.47199874267957,0.17511906394779,0.891709168255002,0.17511906394779
2016,"SSEI","yelloweye","charter",0.2,"Southeast",554,204,2.7156862745098,3.45277725656859,1.8998101021603,0.0801581410412693,198.769230769231,90.3846153846154,1.94624385624861,204,"bootstrap",0.550226661319113,7.61207084165266,4.18836432492711,0.176718450916733,0.891709168255002,0.176718450916733
2017,"SSEI","yelloweye","charter",0.2,"Southeast",253,134,1.88805970149254,3.26359429788933,1.66199274600359,0.108134928937041,198.769230769231,90.3846153846154,1.94624385624861,134,"bootstrap",0.509252252057939,7.19499381162983,3.66406680211543,0.238396710346693,0.891709168255002,0.238396710346693
2018,"SSEI","yelloweye","charter",0.2,"Southeast",163,88,1.85227272727273,3.35418175744172,1.43053245598873,0.109809692274051,198.769230769231,90.3846153846154,1.94624385624861,88,"bootstrap",0.426492229532551,7.39470497404737,3.15378421111691,0.242088931482612,0.891709168255002,0.242088931482612
2019,"SSEI","yelloweye","charter",0.2,"Southeast",155,74,2.09459459459459,3.419298363,1.69323538815915,0.134089328774569,198.769230769231,90.3846153846154,1.94624385624861,74,"bootstrap",0.495199660398618,7.53826251559877,3.73294503772014,0.295616367317032,0.891709168255002,0.295616367317032
2020,"SSEI","yelloweye","charter",0.2,"Southeast",NA,NA,NA,NA,NA,NA,NA,NA,NA,NA,NA,1,NA,NA,NA,0.891709168255002,0.891709168255002
2021,"SSEI","yelloweye","charter",0.2,"Southeast",NA,NA,NA,NA,NA,NA,NA,NA,NA,NA,NA,1,NA,NA,NA,0.891709168255002,0.891709168255002
2022,"SSEI","yelloweye","charter",0.2,"Southeast",NA,NA,NA,NA,NA,NA,NA,NA,NA,NA,NA,1,NA,NA,NA,0.891709168255002,0.891709168255002
2023,"SSEI","yelloweye","charter",0.2,"Southeast",NA,NA,NA,NA,NA,NA,NA,NA,NA,NA,NA,1,NA,NA,NA,0.891709168255002,0.891709168255002
2024,"SSEI","yelloweye","charter",0.2,"Southeast",NA,NA,NA,NA,NA,NA,NA,NA,NA,NA,NA,1,NA,NA,NA,0.891709168255002,0.891709168255002
2025,"SSEI","yelloweye","charter",0.2,"Southeast",348,NA,NA,3.03996196,0.375788415,NA,NA,NA,NA,NA,"4-stage",0.12361615702586,6.70196890095553,0.828471640042947,NA,0.891709168255002,0.891709168255002
1977,"SSEO","yelloweye","charter",0.9,"Southeast",NA,NA,NA,NA,NA,NA,NA,NA,NA,NA,NA,1,NA,NA,NA,0.820659350989345,0.820659350989345
1978,"SSEO","yelloweye","charter",0.9,"Southeast",NA,NA,NA,NA,NA,NA,NA,NA,NA,NA,NA,1,NA,NA,NA,0.820659350989345,0.820659350989345
1979,"SSEO","yelloweye","charter",0.9,"Southeast",NA,NA,NA,NA,NA,NA,NA,NA,NA,NA,NA,1,NA,NA,NA,0.820659350989345,0.820659350989345
1980,"SSEO","yelloweye","charter",0.9,"Southeast",NA,NA,NA,NA,NA,NA,NA,NA,NA,NA,NA,1,NA,NA,NA,0.820659350989345,0.820659350989345
1981,"SSEO","yelloweye","charter",0.9,"Southeast",NA,NA,NA,NA,NA,NA,NA,NA,NA,NA,NA,1,NA,NA,NA,0.820659350989345,0.820659350989345
1982,"SSEO","yelloweye","charter",0.9,"Southeast",NA,NA,NA,NA,NA,NA,NA,NA,NA,NA,NA,1,NA,NA,NA,0.820659350989345,0.820659350989345
1983,"SSEO","yelloweye","charter",0.9,"Southeast",NA,NA,NA,NA,NA,NA,NA,NA,NA,NA,NA,1,NA,NA,NA,0.820659350989345,0.820659350989345
1984,"SSEO","yelloweye","charter",0.9,"Southeast",NA,NA,NA,NA,NA,NA,NA,NA,NA,NA,NA,1,NA,NA,NA,0.820659350989345,0.820659350989345
1985,"SSEO","yelloweye","charter",0.9,"Southeast",NA,NA,NA,NA,NA,NA,NA,NA,NA,NA,NA,1,NA,NA,NA,0.820659350989345,0.820659350989345
1986,"SSEO","yelloweye","charter",0.9,"Southeast",NA,NA,NA,NA,NA,NA,NA,NA,NA,NA,NA,1,NA,NA,NA,0.820659350989345,0.820659350989345
1987,"SSEO","yelloweye","charter",0.9,"Southeast",NA,NA,NA,NA,NA,NA,NA,NA,NA,NA,NA,1,NA,NA,NA,0.820659350989345,0.820659350989345
1988,"SSEO","yelloweye","charter",0.9,"Southeast",NA,NA,NA,NA,NA,NA,NA,NA,NA,NA,NA,1,NA,NA,NA,0.820659350989345,0.820659350989345
1989,"SSEO","yelloweye","charter",0.9,"Southeast",NA,NA,NA,NA,NA,NA,NA,NA,NA,NA,NA,1,NA,NA,NA,0.820659350989345,0.820659350989345
1990,"SSEO","yelloweye","charter",0.9,"Southeast",NA,NA,NA,NA,NA,NA,NA,NA,NA,NA,NA,1,NA,NA,NA,0.820659350989345,0.820659350989345
1991,"SSEO","yelloweye","charter",0.9,"Southeast",NA,NA,NA,NA,NA,NA,NA,NA,NA,NA,NA,1,NA,NA,NA,0.820659350989345,0.820659350989345
1992,"SSEO","yelloweye","charter",0.9,"Southeast",NA,NA,NA,NA,NA,NA,NA,NA,NA,NA,NA,1,NA,NA,NA,0.820659350989345,0.820659350989345
1993,"SSEO","yelloweye","charter",0.9,"Southeast",NA,NA,NA,NA,NA,NA,NA,NA,NA,NA,NA,1,NA,NA,NA,0.820659350989345,0.820659350989345
1994,"SSEO","yelloweye","charter",0.9,"Southeast",NA,NA,NA,NA,NA,NA,NA,NA,NA,NA,NA,1,NA,NA,NA,0.820659350989345,0.820659350989345
1995,"SSEO","yelloweye","charter",0.9,"Southeast",NA,NA,NA,NA,NA,NA,NA,NA,NA,NA,NA,1,NA,NA,NA,0.820659350989345,0.820659350989345
1996,"SSEO","yelloweye","charter",0.9,"Southeast",NA,NA,NA,NA,NA,NA,NA,NA,NA,NA,NA,1,NA,NA,NA,0.820659350989345,0.820659350989345
1997,"SSEO","yelloweye","charter",0.9,"Southeast",NA,NA,NA,NA,NA,NA,NA,NA,NA,NA,NA,1,NA,NA,NA,0.820659350989345,0.820659350989345
1998,"SSEO","yelloweye","charter",0.9,"Southeast",NA,NA,NA,NA,NA,NA,NA,NA,NA,NA,NA,1,NA,NA,NA,0.820659350989345,0.820659350989345
1999,"SSEO","yelloweye","charter",0.9,"Southeast",NA,NA,NA,NA,NA,NA,NA,NA,NA,NA,NA,1,NA,NA,NA,0.820659350989345,0.820659350989345
2000,"SSEO","yelloweye","charter",0.9,"Southeast",NA,NA,NA,NA,NA,NA,NA,NA,NA,NA,NA,1,NA,NA,NA,0.820659350989345,0.820659350989345
2001,"SSEO","yelloweye","charter",0.9,"Southeast",NA,NA,NA,NA,NA,NA,NA,NA,NA,NA,NA,1,NA,NA,NA,0.820659350989345,0.820659350989345
2002,"SSEO","yelloweye","charter",0.9,"Southeast",NA,NA,NA,NA,NA,NA,NA,NA,NA,NA,NA,1,NA,NA,NA,0.820659350989345,0.820659350989345
2003,"SSEO","yelloweye","charter",0.9,"Southeast",NA,NA,NA,NA,NA,NA,NA,NA,NA,NA,NA,1,NA,NA,NA,0.820659350989345,0.820659350989345
2004,"SSEO","yelloweye","charter",0.9,"Southeast",NA,NA,NA,NA,NA,NA,NA,NA,NA,NA,NA,1,NA,NA,NA,0.820659350989345,0.820659350989345
2005,"SSEO","yelloweye","charter",0.9,"Southeast",NA,NA,NA,NA,NA,NA,NA,NA,NA,NA,NA,1,NA,NA,NA,0.820659350989345,0.820659350989345
2006,"SSEO","yelloweye","charter",0.9,"Southeast",122,1,122,3.90783967007377,2.0170345630868,0.18612241014504,215.909090909091,90.4545454545455,2.28082085070144,53.4895145151274,"bootstrap",0.516150797724187,8.61531173197797,4.44680002310298,0.410329675494673,0.820659350989345,0.410329675494673
2007,"SSEO","yelloweye","charter",0.9,"Southeast",112,1,112,3.74320199995536,1.47702540237442,0.138747377517192,215.909090909091,90.4545454545455,2.28082085070144,49.1051280794612,"bootstrap",0.394588751125917,8.25234780033082,3.25628361238925,0.305885606940081,0.820659350989345,0.305885606940081
2008,"SSEO","yelloweye","charter",0.9,"Southeast",242,1,242,4.10490896268595,1.82064820095226,0.114149123734694,215.909090909091,90.4545454545455,2.28082085070144,106.102151743122,"bootstrap",0.443529495416864,9.04977515217818,4.01384220688166,0.251655740238685,0.820659350989345,0.251655740238685
2009,"SSEO","yelloweye","charter",0.9,"Southeast",174,1,174,3.88926994381609,1.83086074292595,0.136381454058314,215.909090909091,90.4545454545455,2.28082085070144,76.2883239805915,"bootstrap",0.470746636097349,8.57437249342308,4.03635700792455,0.30066963856545,0.820659350989345,0.30066963856545
2010,"SSEO","yelloweye","charter",0.9,"Southeast",202,1,202,4.02377363421287,1.49874750184129,0.107890501844043,215.909090909091,90.4545454545455,2.28082085070144,88.5646060004568,"bootstrap",0.372473115559463,8.8709023717453,3.3041726442278,0.237857840848529,0.820659350989345,0.237857840848529
2011,"SSEO","yelloweye","charter",0.9,"Southeast",119,51,2.33333333333333,4.26617541436134,1.68752794766548,0.153003141918396,215.909090909091,90.4545454545455,2.28082085070144,51,"bootstrap",0.395559906417516,9.40530681938888,3.72036228530549,0.337314187604366,0.820659350989345,0.337314187604366
2012,"SSEO","yelloweye","charter",0.9,"Southeast",185,75,2.46666666666667,4.16700660931892,1.75524426298018,0.128252629526428,215.909090909091,90.4545454545455,2.28082085070144,75,"bootstrap",0.421224257013374,9.18667702859399,3.86965120579133,0.282748648128443,0.820659350989345,0.282748648128443
2013,"SSEO","yelloweye","charter",0.2,"Southeast",157,69,2.27536231884058,4.21709958603822,1.63234864647061,0.128041011613749,215.909090909091,90.4545454545455,2.28082085070144,69,"bootstrap",0.3870785152608,9.2971131381725,3.59871274973549,0.282282110491354,0.820659350989345,0.282282110491354
2014,"SSEO","yelloweye","charter",0.2,"Southeast",176,75,2.34666666666667,3.99394327151136,1.75626553198351,0.133067342591862,215.909090909091,90.4545454545455,2.28082085070144,75,"bootstrap",0.439732217658394,8.80513767937074,3.87190271853718,0.293363273461308,0.820659350989345,0.293363273461308
2015,"SSEO","yelloweye","charter",0.2,"Southeast",196,68,2.88235294117647,3.68028851502551,1.55532002439112,0.114916752927787,215.909090909091,90.4545454545455,2.28082085070144,68,"bootstrap",0.422608178147234,8.11364730835145,3.42889370711161,0.25334807292155,0.820659350989345,0.25334807292155
2016,"SSEO","yelloweye","charter",0.2,"Southeast",197,79,2.49367088607595,3.74859878448223,1.53861916464143,0.106731111201495,215.909090909091,90.4545454545455,2.28082085070144,79,"bootstrap",0.410451812290696,8.26424567357403,3.392074613934,0.235301822012551,0.820659350989345,0.235301822012551
2017,"SSEO","yelloweye","charter",0.2,"Southeast",329,148,2.22297297297297,3.7535676026535,1.48016684619435,0.0825875815819843,215.909090909091,90.4545454545455,2.28082085070144,148,"bootstrap",0.394336003206118,8.27520004250908,3.26320931049412,0.182074450486738,0.820659350989345,0.182074450486738
2018,"SSEO","yelloweye","charter",0.2,"Southeast",307,137,2.24087591240876,3.57676330819544,1.47013851318289,0.0841098249192944,215.909090909091,90.4545454545455,2.28082085070144,137,"bootstrap",0.41102482510217,7.8854132956337,3.24110062069617,0.185430422581316,0.820659350989345,0.185430422581316
2019,"SSEO","yelloweye","charter",0.2,"Southeast",247,104,2.375,3.81038233881781,1.26105919358478,0.0813429318152305,215.909090909091,90.4545454545455,2.28082085070144,104,"bootstrap",0.330953453341911,8.40045509500625,2.78015962333596,0.179330467456975,0.820659350989345,0.179330467456975
2020,"SSEO","yelloweye","charter",0.2,"Southeast",NA,NA,NA,NA,NA,NA,NA,NA,NA,NA,NA,1,NA,NA,NA,0.820659350989345,0.820659350989345
2021,"SSEO","yelloweye","charter",0.2,"Southeast",NA,NA,NA,NA,NA,NA,NA,NA,NA,NA,NA,1,NA,NA,NA,0.820659350989345,0.820659350989345
2022,"SSEO","yelloweye","charter",0.2,"Southeast",NA,NA,NA,NA,NA,NA,NA,NA,NA,NA,NA,1,NA,NA,NA,0.820659350989345,0.820659350989345
2023,"SSEO","yelloweye","charter",0.2,"Southeast",NA,NA,NA,NA,NA,NA,NA,NA,NA,NA,NA,1,NA,NA,NA,0.820659350989345,0.820659350989345
2024,"SSEO","yelloweye","charter",0.2,"Southeast",NA,NA,NA,NA,NA,NA,NA,NA,NA,NA,NA,1,NA,NA,NA,0.820659350989345,0.820659350989345
2025,"SSEO","yelloweye","charter",0.2,"Southeast",472,NA,NA,3.85305384,0.427238862,NA,NA,NA,NA,NA,"4-stage",0.110883179872721,8.49452965174186,0.941900459308258,NA,0.820659350989345,0.820659350989345
1977,"CI","yelloweye","private",0.886890104707329,"Central",NA,NA,NA,NA,NA,NA,NA,NA,NA,NA,NA,1,NA,NA,NA,10,10
1978,"CI","yelloweye","private",0.886890104707329,"Central",NA,NA,NA,NA,NA,NA,NA,NA,NA,NA,NA,1,NA,NA,NA,10,10
1979,"CI","yelloweye","private",0.886890104707329,"Central",NA,NA,NA,NA,NA,NA,NA,NA,NA,NA,NA,1,NA,NA,NA,10,10
1980,"CI","yelloweye","private",0.886890104707329,"Central",NA,NA,NA,NA,NA,NA,NA,NA,NA,NA,NA,1,NA,NA,NA,10,10
1981,"CI","yelloweye","private",0.886890104707329,"Central",NA,NA,NA,NA,NA,NA,NA,NA,NA,NA,NA,1,NA,NA,NA,10,10
1982,"CI","yelloweye","private",0.886890104707329,"Central",NA,NA,NA,NA,NA,NA,NA,NA,NA,NA,NA,1,NA,NA,NA,10,10
1983,"CI","yelloweye","private",0.886890104707329,"Central",NA,NA,NA,NA,NA,NA,NA,NA,NA,NA,NA,1,NA,NA,NA,10,10
1984,"CI","yelloweye","private",0.886890104707329,"Central",NA,NA,NA,NA,NA,NA,NA,NA,NA,NA,NA,1,NA,NA,NA,10,10
1985,"CI","yelloweye","private",0.886890104707329,"Central",NA,NA,NA,NA,NA,NA,NA,NA,NA,NA,NA,1,NA,NA,NA,10,10
1986,"CI","yelloweye","private",0.886890104707329,"Central",NA,NA,NA,NA,NA,NA,NA,NA,NA,NA,NA,1,NA,NA,NA,10,10
1987,"CI","yelloweye","private",0.886890104707329,"Central",NA,NA,NA,NA,NA,NA,NA,NA,NA,NA,NA,1,NA,NA,NA,10,10
1988,"CI","yelloweye","private",0.886890104707329,"Central",NA,NA,NA,NA,NA,NA,NA,NA,NA,NA,NA,1,NA,NA,NA,10,10
1989,"CI","yelloweye","private",0.886890104707329,"Central",NA,NA,NA,NA,NA,NA,NA,NA,NA,NA,NA,1,NA,NA,NA,10,10
1990,"CI","yelloweye","private",0.886890104707329,"Central",NA,NA,NA,NA,NA,NA,NA,NA,NA,NA,NA,1,NA,NA,NA,10,10
1991,"CI","yelloweye","private",0.886890104707329,"Central",NA,NA,NA,NA,NA,NA,NA,NA,NA,NA,NA,1,NA,NA,NA,10,10
1992,"CI","yelloweye","private",0.886890104707329,"Central",NA,NA,NA,NA,NA,NA,NA,NA,NA,NA,NA,1,NA,NA,NA,10,10
1993,"CI","yelloweye","private",0.886890104707329,"Central",NA,NA,NA,NA,NA,NA,NA,NA,NA,NA,NA,1,NA,NA,NA,10,10
1994,"CI","yelloweye","private",0.886890104707329,"Central",NA,NA,NA,NA,NA,NA,NA,NA,NA,NA,NA,1,NA,NA,NA,10,10
1995,"CI","yelloweye","private",0.886890104707329,"Central",NA,NA,NA,NA,NA,NA,NA,NA,NA,NA,NA,1,NA,NA,NA,10,10
1996,"CI","yelloweye","private",0.886890104707329,"Central",NA,NA,NA,NA,NA,NA,NA,NA,NA,NA,NA,1,NA,NA,NA,10,10
1997,"CI","yelloweye","private",0.886890104707329,"Central",NA,NA,NA,NA,NA,NA,NA,NA,NA,NA,NA,1,NA,NA,NA,10,10
1998,"CI","yelloweye","private",0.886890104707329,"Central",NA,NA,NA,NA,NA,NA,NA,NA,NA,NA,NA,1,NA,NA,NA,10,10
1999,"CI","yelloweye","private",0.886890104707329,"Central",NA,NA,NA,NA,NA,NA,NA,NA,NA,NA,NA,1,NA,NA,NA,10,10
2000,"CI","yelloweye","private",0.886890104707329,"Central",NA,NA,NA,NA,NA,NA,NA,NA,NA,NA,NA,1,NA,NA,NA,10,10
2001,"CI","yelloweye","private",0.886890104707329,"Central",NA,NA,NA,NA,NA,NA,NA,NA,NA,NA,NA,1,NA,NA,NA,10,10
2002,"CI","yelloweye","private",0.886890104707329,"Central",NA,NA,NA,NA,NA,NA,NA,NA,NA,NA,NA,1,NA,NA,NA,10,10
2003,"CI","yelloweye","private",0.886890104707329,"Central",NA,NA,NA,NA,NA,NA,NA,NA,NA,NA,NA,1,NA,NA,NA,10,10
2004,"CI","yelloweye","private",0.886890104707329,"Central",NA,NA,NA,NA,NA,NA,NA,NA,NA,NA,NA,1,NA,NA,NA,10,10
2005,"CI","yelloweye","private",0.886890104707329,"Central",NA,NA,NA,NA,NA,NA,NA,NA,NA,NA,NA,1,NA,NA,NA,10,10
2006,"CI","yelloweye","private",0.886890104707329,"Central",NA,NA,NA,NA,NA,NA,NA,NA,NA,NA,NA,1,NA,NA,NA,10,10
2007,"CI","yelloweye","private",0.886890104707329,"Central",NA,NA,NA,NA,NA,NA,NA,NA,NA,NA,NA,1,NA,NA,NA,10,10
2008,"CI","yelloweye","private",0.886890104707329,"Central",NA,NA,NA,NA,NA,NA,NA,NA,NA,NA,NA,1,NA,NA,NA,10,10
2009,"CI","yelloweye","private",0.886890104707329,"Central",NA,NA,NA,NA,NA,NA,NA,NA,NA,NA,NA,1,NA,NA,NA,10,10
2010,"CI","yelloweye","private",0.886890104707329,"Central",NA,NA,NA,NA,NA,NA,NA,NA,NA,NA,NA,1,NA,NA,NA,10,10
2011,"CI","yelloweye","private",0.886890104707329,"Central",NA,NA,NA,NA,NA,NA,NA,NA,NA,NA,NA,1,NA,NA,NA,10,10
2012,"CI","yelloweye","private",0.886890104707329,"Central",NA,NA,NA,NA,NA,NA,NA,NA,NA,NA,NA,1,NA,NA,NA,10,10
2013,"CI","yelloweye","private",0.248725556652691,"Central",NA,NA,NA,NA,NA,NA,NA,NA,NA,NA,NA,1,NA,NA,NA,10,10
2014,"CI","yelloweye","private",0.248725556652691,"Central",NA,NA,NA,NA,NA,NA,NA,NA,NA,NA,NA,1,NA,NA,NA,10,10
2015,"CI","yelloweye","private",0.248725556652691,"Central",NA,NA,NA,NA,NA,NA,NA,NA,NA,NA,NA,1,NA,NA,NA,10,10
2016,"CI","yelloweye","private",0.248725556652691,"Central",NA,NA,NA,NA,NA,NA,NA,NA,NA,NA,NA,1,NA,NA,NA,10,10
2017,"CI","yelloweye","private",0.248725556652691,"Central",NA,NA,NA,NA,NA,NA,NA,NA,NA,NA,NA,1,NA,NA,NA,10,10
2018,"CI","yelloweye","private",0.248725556652691,"Central",NA,NA,NA,NA,NA,NA,NA,NA,NA,NA,NA,1,NA,NA,NA,10,10
2019,"CI","yelloweye","private",0.248725556652691,"Central",NA,NA,NA,NA,NA,NA,NA,NA,NA,NA,NA,1,NA,NA,NA,10,10
2020,"CI","yelloweye","private",0.248725556652691,"Central",NA,NA,NA,NA,NA,NA,NA,NA,NA,NA,NA,1,NA,NA,NA,10,10
2021,"CI","yelloweye","private",0.248725556652691,"Central",NA,NA,NA,NA,NA,NA,NA,NA,NA,NA,NA,1,NA,NA,NA,10,10
2022,"CI","yelloweye","private",0.248725556652691,"Central",NA,NA,NA,NA,NA,NA,NA,NA,NA,NA,NA,1,NA,NA,NA,10,10
2023,"CI","yelloweye","private",0.248725556652691,"Central",NA,NA,NA,NA,NA,NA,NA,NA,NA,NA,NA,1,NA,NA,NA,10,10
2024,"CI","yelloweye","private",0.248725556652691,"Central",NA,NA,NA,NA,NA,NA,NA,NA,NA,NA,NA,1,NA,NA,NA,10,10
2025,"CI","yelloweye","private",0.248725556652691,"Central",NA,NA,NA,NA,NA,NA,NA,NA,NA,NA,NA,1,NA,NA,NA,10,10
1977,"NG","yelloweye","private",0.87774011299435,"Central",NA,NA,NA,NA,NA,NA,NA,NA,NA,NA,NA,1,NA,NA,NA,1.59304676348701,1.59304676348701
1978,"NG","yelloweye","private",0.87774011299435,"Central",NA,NA,NA,NA,NA,NA,NA,NA,NA,NA,NA,1,NA,NA,NA,1.59304676348701,1.59304676348701
1979,"NG","yelloweye","private",0.87774011299435,"Central",NA,NA,NA,NA,NA,NA,NA,NA,NA,NA,NA,1,NA,NA,NA,1.59304676348701,1.59304676348701
1980,"NG","yelloweye","private",0.87774011299435,"Central",NA,NA,NA,NA,NA,NA,NA,NA,NA,NA,NA,1,NA,NA,NA,1.59304676348701,1.59304676348701
1981,"NG","yelloweye","private",0.87774011299435,"Central",NA,NA,NA,NA,NA,NA,NA,NA,NA,NA,NA,1,NA,NA,NA,1.59304676348701,1.59304676348701
1982,"NG","yelloweye","private",0.87774011299435,"Central",NA,NA,NA,NA,NA,NA,NA,NA,NA,NA,NA,1,NA,NA,NA,1.59304676348701,1.59304676348701
1983,"NG","yelloweye","private",0.87774011299435,"Central",NA,NA,NA,NA,NA,NA,NA,NA,NA,NA,NA,1,NA,NA,NA,1.59304676348701,1.59304676348701
1984,"NG","yelloweye","private",0.87774011299435,"Central",NA,NA,NA,NA,NA,NA,NA,NA,NA,NA,NA,1,NA,NA,NA,1.59304676348701,1.59304676348701
1985,"NG","yelloweye","private",0.87774011299435,"Central",NA,NA,NA,NA,NA,NA,NA,NA,NA,NA,NA,1,NA,NA,NA,1.59304676348701,1.59304676348701
1986,"NG","yelloweye","private",0.87774011299435,"Central",NA,NA,NA,NA,NA,NA,NA,NA,NA,NA,NA,1,NA,NA,NA,1.59304676348701,1.59304676348701
1987,"NG","yelloweye","private",0.87774011299435,"Central",NA,NA,NA,NA,NA,NA,NA,NA,NA,NA,NA,1,NA,NA,NA,1.59304676348701,1.59304676348701
1988,"NG","yelloweye","private",0.87774011299435,"Central",NA,NA,NA,NA,NA,NA,NA,NA,NA,NA,NA,1,NA,NA,NA,1.59304676348701,1.59304676348701
1989,"NG","yelloweye","private",0.87774011299435,"Central",NA,NA,NA,NA,NA,NA,NA,NA,NA,NA,NA,1,NA,NA,NA,1.59304676348701,1.59304676348701
1990,"NG","yelloweye","private",0.87774011299435,"Central",NA,NA,NA,NA,NA,NA,NA,NA,NA,NA,NA,1,NA,NA,NA,1.59304676348701,1.59304676348701
1991,"NG","yelloweye","private",0.87774011299435,"Central",NA,NA,NA,NA,NA,NA,NA,NA,NA,NA,NA,1,NA,NA,NA,1.59304676348701,1.59304676348701
1992,"NG","yelloweye","private",0.87774011299435,"Central",NA,NA,NA,NA,NA,NA,NA,NA,NA,NA,NA,1,NA,NA,NA,1.59304676348701,1.59304676348701
1993,"NG","yelloweye","private",0.87774011299435,"Central",NA,NA,NA,NA,NA,NA,NA,NA,NA,NA,NA,1,NA,NA,NA,1.59304676348701,1.59304676348701
1994,"NG","yelloweye","private",0.87774011299435,"Central",NA,NA,NA,NA,NA,NA,NA,NA,NA,NA,NA,1,NA,NA,NA,1.59304676348701,1.59304676348701
1995,"NG","yelloweye","private",0.87774011299435,"Central",NA,NA,NA,NA,NA,NA,NA,NA,NA,NA,NA,1,NA,NA,NA,1.59304676348701,1.59304676348701
1996,"NG","yelloweye","private",0.87774011299435,"Central",NA,NA,NA,NA,NA,NA,NA,NA,NA,NA,NA,1,NA,NA,NA,1.59304676348701,1.59304676348701
1997,"NG","yelloweye","private",0.87774011299435,"Central",NA,NA,NA,NA,NA,NA,NA,NA,NA,NA,NA,1,NA,NA,NA,1.59304676348701,1.59304676348701
1998,"NG","yelloweye","private",0.87774011299435,"Central",NA,NA,NA,NA,NA,NA,NA,NA,NA,NA,NA,1,NA,NA,NA,1.59304676348701,1.59304676348701
1999,"NG","yelloweye","private",0.87774011299435,"Central",NA,NA,NA,NA,NA,NA,NA,NA,NA,NA,NA,1,NA,NA,NA,1.59304676348701,1.59304676348701
2000,"NG","yelloweye","private",0.87774011299435,"Central",NA,NA,NA,NA,NA,NA,NA,NA,NA,NA,NA,1,NA,NA,NA,1.59304676348701,1.59304676348701
2001,"NG","yelloweye","private",0.87774011299435,"Central",NA,NA,NA,NA,NA,NA,NA,NA,NA,NA,NA,1,NA,NA,NA,1.59304676348701,1.59304676348701
2002,"NG","yelloweye","private",0.87774011299435,"Central",NA,NA,NA,NA,NA,NA,NA,NA,NA,NA,NA,1,NA,NA,NA,1.59304676348701,1.59304676348701
2003,"NG","yelloweye","private",0.87774011299435,"Central",NA,NA,NA,NA,NA,NA,NA,NA,NA,NA,NA,1,NA,NA,NA,1.59304676348701,1.59304676348701
2004,"NG","yelloweye","private",0.87774011299435,"Central",NA,NA,NA,NA,NA,NA,NA,NA,NA,NA,NA,1,NA,NA,NA,1.59304676348701,1.59304676348701
2005,"NG","yelloweye","private",0.87774011299435,"Central",NA,NA,NA,NA,NA,NA,NA,NA,NA,NA,NA,1,NA,NA,NA,1.59304676348701,1.59304676348701
2006,"NG","yelloweye","private",0.87774011299435,"Central",NA,NA,NA,NA,NA,NA,NA,NA,NA,NA,NA,1,NA,NA,NA,1.59304676348701,1.59304676348701
2007,"NG","yelloweye","private",0.87774011299435,"Central",30,11,2.72727272727273,4.09904258570186,1.92530035859341,0.350587163498648,52.4,23,2.36183510970516,12.701987482837,"bootstrap",0.469695134495352,9.03684200478161,4.24456072084914,0.772912390930758,1.59304676348701,0.772912390930758
2008,"NG","yelloweye","private",0.87774011299435,"Central",28,14,2,3.31916778203122,1.45722442562481,0.271659774830889,52.4,23,2.36183510970516,11.8551883173146,"bootstrap",0.439033071336044,7.31751237184126,3.21262993114896,0.598907284536285,1.59304676348701,0.598907284536285
2009,"NG","yelloweye","private",0.87774011299435,"Central",41,23,1.78260869565217,3.69943581703886,2.17595242672951,0.330287425987127,52.4,23,2.36183510970516,17.3593828932106,"bootstrap",0.588184938013388,8.15585988348205,4.79715394001177,0.728159130432796,1.59304676348701,0.728159130432796
2010,"NG","yelloweye","private",0.87774011299435,"Central",68,36,1.88888888888889,3.49780034481694,1.52119566292547,0.184424731511381,52.4,23,2.36183510970516,28.791171627764,"bootstrap",0.43490065554473,7.71132976042723,3.35366236793139,0.406586934777417,1.59304676348701,0.406586934777417
2011,"NG","yelloweye","private",0.87774011299435,"Central",59,26,2.26923076923077,3.39955704476061,1.59853917330988,0.215003549572708,52.4,23,2.36183510970516,26,"bootstrap",0.470219841074161,7.49474035885959,3.52417562043506,0.474001688768283,1.59304676348701,0.474001688768283
2012,"NG","yelloweye","private",0.87774011299435,"Central",70,29,2.41379310344828,3.75056418214174,1.73013666188155,0.208510095921095,52.4,23,2.36183510970516,29,"bootstrap",0.461300374519538,8.26857863371148,3.81429842047536,0.459686073966016,1.59304676348701,0.459686073966016
2013,"NG","yelloweye","private",0.0682905656735797,"Central",66,30,2.2,3.7836867223286,1.7560979355998,0.210917203739068,52.4,23,2.36183510970516,30,"bootstrap",0.464123502941343,8.34160133503929,3.87153323175862,0.464992838310298,1.59304676348701,0.464992838310298
2014,"NG","yelloweye","private",0.0682905656735797,"Central",75,35,2.14285714285714,3.54889768829766,1.47527457471695,0.166369439578841,52.4,23,2.36183510970516,35,"bootstrap",0.415699381692971,7.82398011968673,3.25242369813187,0.366781829772236,1.59304676348701,0.366781829772236
2015,"NG","yelloweye","private",0.0682905656735797,"Central",55,27,2.03703703703704,3.44860618892056,1.93270676380262,0.263146703719645,52.4,23,2.36183510970516,27,"bootstrap",0.560431275108154,7.60287521156626,4.26088904930625,0.580139175398767,1.59304676348701,0.580139175398767
2016,"NG","yelloweye","private",0.0682905656735797,"Central",52,27,1.92592592592593,2.87203760558903,1.5371243530928,0.219103759437421,52.4,23,2.36183510970516,27,"bootstrap",0.535203421466882,6.33175907077221,3.38877911858125,0.483041104182777,1.59304676348701,0.483041104182777
2017,"NG","yelloweye","private",0.0682905656735797,"Central",20,6,3.33333333333333,4.24661494455388,1.60548138349612,0.353473278040721,52.4,23,2.36183510970516,6,"bootstrap",0.378061445282457,9.36218336519353,3.53948057404444,0.779275184334123,1.59304676348701,0.779275184334123
2018,"NG","yelloweye","private",0.0682905656735797,"Central",67,30,2.23333333333333,3.28302520832053,1.54966239998197,0.184842449957983,52.4,23,2.36183510970516,30,"bootstrap",0.472022692988921,7.23783163629365,3.41642078036374,0.407507846313587,1.59304676348701,0.407507846313587
2019,"NG","yelloweye","private",0.0682905656735797,"Central",67,31,2.16129032258065,3.04331209905286,1.859897180774,0.223135998654386,52.4,23,2.36183510970516,31,"bootstrap",0.611142439631097,6.70935469329162,4.10037139560859,0.491930669969749,1.59304676348701,0.491930669969749
2020,"NG","yelloweye","private",0.0682905656735797,"Central",34,16,2.125,4.11176470588235,1.64828004127762,0.274725516413901,52.4,23,2.36183510970516,16,"bootstrap",0.400869251812869,9.06488947870588,3.63383546309517,0.605666087777267,1.59304676348701,0.605666087777267
2021,"NG","yelloweye","private",0.0682905656735797,"Central",23,11,2.09090909090909,3.62331226190746,1.79429544146519,0.361296928788432,52.4,23,2.36183510970516,11,"bootstrap",0.495208613491292,7.98803617192455,3.95574431721704,0.796523381743506,1.59304676348701,0.796523381743506
2022,"NG","yelloweye","private",0.0682905656735797,"Central",39,13,3,3.17330222657148,1.63837544919541,0.259216133698057,52.4,23,2.36183510970516,13,"bootstrap",0.516299845465887,6.99593386879585,3.61199957534886,0.571473751819681,1.59304676348701,0.571473751819681
2023,"NG","yelloweye","private",0.0682905656735797,"Central",29,12,2.41666666666667,3.94591575560202,1.67354904936403,0.302659171231425,52.4,23,2.36183510970516,12,"bootstrap",0.424121839648525,8.6992551314146,3.68954408990744,0.667249255047253,1.59304676348701,0.667249255047253
2024,"NG","yelloweye","private",0.0682905656735797,"Central",79,33,2.39393939393939,3.63564120563378,2.48984657076881,0.276993444094204,52.4,23,2.36183510970516,33,"bootstrap",0.684843863830829,8.0152168401443,5.48917207024635,0.610666012441788,1.59304676348701,0.610666012441788
2025,"NG","yelloweye","private",0.0682905656735797,"Central",51,19,2.68421052631579,4.54360714940713,2.16756698844781,0.304441992880971,52.4,23,2.36183510970516,19,"bootstrap",0.477058627027348,10.0169390979767,4.77866721309732,0.671179703983268,1.59304676348701,0.671179703983268
1977,"PWSI","yelloweye","private",0.87477377654663,"Central",NA,NA,NA,NA,NA,NA,NA,NA,NA,NA,NA,1,NA,NA,NA,1.067067522356,1.067067522356
1978,"PWSI","yelloweye","private",0.87477377654663,"Central",NA,NA,NA,NA,NA,NA,NA,NA,NA,NA,NA,1,NA,NA,NA,1.067067522356,1.067067522356
1979,"PWSI","yelloweye","private",0.87477377654663,"Central",NA,NA,NA,NA,NA,NA,NA,NA,NA,NA,NA,1,NA,NA,NA,1.067067522356,1.067067522356
1980,"PWSI","yelloweye","private",0.87477377654663,"Central",NA,NA,NA,NA,NA,NA,NA,NA,NA,NA,NA,1,NA,NA,NA,1.067067522356,1.067067522356
1981,"PWSI","yelloweye","private",0.87477377654663,"Central",NA,NA,NA,NA,NA,NA,NA,NA,NA,NA,NA,1,NA,NA,NA,1.067067522356,1.067067522356
1982,"PWSI","yelloweye","private",0.87477377654663,"Central",NA,NA,NA,NA,NA,NA,NA,NA,NA,NA,NA,1,NA,NA,NA,1.067067522356,1.067067522356
1983,"PWSI","yelloweye","private",0.87477377654663,"Central",NA,NA,NA,NA,NA,NA,NA,NA,NA,NA,NA,1,NA,NA,NA,1.067067522356,1.067067522356
1984,"PWSI","yelloweye","private",0.87477377654663,"Central",NA,NA,NA,NA,NA,NA,NA,NA,NA,NA,NA,1,NA,NA,NA,1.067067522356,1.067067522356
1985,"PWSI","yelloweye","private",0.87477377654663,"Central",NA,NA,NA,NA,NA,NA,NA,NA,NA,NA,NA,1,NA,NA,NA,1.067067522356,1.067067522356
1986,"PWSI","yelloweye","private",0.87477377654663,"Central",NA,NA,NA,NA,NA,NA,NA,NA,NA,NA,NA,1,NA,NA,NA,1.067067522356,1.067067522356
1987,"PWSI","yelloweye","private",0.87477377654663,"Central",NA,NA,NA,NA,NA,NA,NA,NA,NA,NA,NA,1,NA,NA,NA,1.067067522356,1.067067522356
1988,"PWSI","yelloweye","private",0.87477377654663,"Central",NA,NA,NA,NA,NA,NA,NA,NA,NA,NA,NA,1,NA,NA,NA,1.067067522356,1.067067522356
1989,"PWSI","yelloweye","private",0.87477377654663,"Central",NA,NA,NA,NA,NA,NA,NA,NA,NA,NA,NA,1,NA,NA,NA,1.067067522356,1.067067522356
1990,"PWSI","yelloweye","private",0.87477377654663,"Central",NA,NA,NA,NA,NA,NA,NA,NA,NA,NA,NA,1,NA,NA,NA,1.067067522356,1.067067522356
1991,"PWSI","yelloweye","private",0.87477377654663,"Central",NA,NA,NA,NA,NA,NA,NA,NA,NA,NA,NA,1,NA,NA,NA,1.067067522356,1.067067522356
1992,"PWSI","yelloweye","private",0.87477377654663,"Central",NA,NA,NA,NA,NA,NA,NA,NA,NA,NA,NA,1,NA,NA,NA,1.067067522356,1.067067522356
1993,"PWSI","yelloweye","private",0.87477377654663,"Central",NA,NA,NA,NA,NA,NA,NA,NA,NA,NA,NA,1,NA,NA,NA,1.067067522356,1.067067522356
1994,"PWSI","yelloweye","private",0.87477377654663,"Central",NA,NA,NA,NA,NA,NA,NA,NA,NA,NA,NA,1,NA,NA,NA,1.067067522356,1.067067522356
1995,"PWSI","yelloweye","private",0.87477377654663,"Central",NA,NA,NA,NA,NA,NA,NA,NA,NA,NA,NA,1,NA,NA,NA,1.067067522356,1.067067522356
1996,"PWSI","yelloweye","private",0.87477377654663,"Central",NA,NA,NA,NA,NA,NA,NA,NA,NA,NA,NA,1,NA,NA,NA,1.067067522356,1.067067522356
1997,"PWSI","yelloweye","private",0.87477377654663,"Central",NA,NA,NA,NA,NA,NA,NA,NA,NA,NA,NA,1,NA,NA,NA,1.067067522356,1.067067522356
1998,"PWSI","yelloweye","private",0.87477377654663,"Central",NA,NA,NA,NA,NA,NA,NA,NA,NA,NA,NA,1,NA,NA,NA,1.067067522356,1.067067522356
1999,"PWSI","yelloweye","private",0.87477377654663,"Central",121,4,30.25,2.69867700362123,0.99966519821816,0.0898510742227434,90.6666666666667,40.2666666666667,2.21931797780643,54.5212543718482,"bootstrap",0.370427878874262,5.94956436625719,2.20388450841854,0.198087710662759,1.067067522356,0.198087710662759
2000,"PWSI","yelloweye","private",0.87477377654663,"Central",NA,NA,NA,NA,NA,NA,NA,NA,NA,NA,NA,1,NA,NA,NA,1.067067522356,1.067067522356
2001,"PWSI","yelloweye","private",0.87477377654663,"Central",NA,NA,NA,NA,NA,NA,NA,NA,NA,NA,NA,1,NA,NA,NA,1.067067522356,1.067067522356
2002,"PWSI","yelloweye","private",0.87477377654663,"Central",NA,NA,NA,NA,NA,NA,NA,NA,NA,NA,NA,1,NA,NA,NA,1.067067522356,1.067067522356
2003,"PWSI","yelloweye","private",0.87477377654663,"Central",NA,NA,NA,NA,NA,NA,NA,NA,NA,NA,NA,1,NA,NA,NA,1.067067522356,1.067067522356
2004,"PWSI","yelloweye","private",0.87477377654663,"Central",NA,NA,NA,NA,NA,NA,NA,NA,NA,NA,NA,1,NA,NA,NA,1.067067522356,1.067067522356
2005,"PWSI","yelloweye","private",0.87477377654663,"Central",NA,NA,NA,NA,NA,NA,NA,NA,NA,NA,NA,1,NA,NA,NA,1.067067522356,1.067067522356
2006,"PWSI","yelloweye","private",0.87477377654663,"Central",NA,NA,NA,NA,NA,NA,NA,NA,NA,NA,NA,1,NA,NA,NA,1.067067522356,1.067067522356
2007,"PWSI","yelloweye","private",0.87477377654663,"Central",125,31,4.03225806451613,2.75824822173323,1.2971734493671,0.115869974644238,90.6666666666667,40.2666666666667,2.21931797780643,56.3236098882729,"bootstrap",0.470288873621382,6.08089642120785,2.85977792853813,0.255449567079514,1.067067522356,0.255449567079514
2008,"PWSI","yelloweye","private",0.87477377654663,"Central",155,44,3.52272727272727,2.96237152914623,1.37259116971792,0.110711672269638,90.6666666666667,40.2666666666667,2.21931797780643,69.8412762614584,"bootstrap",0.463342006974226,6.53091128199977,3.02604554077239,0.244077456983671,1.067067522356,0.244077456983671
2009,"PWSI","yelloweye","private",0.87477377654663,"Central",147,67,2.19402985074627,2.65516122961437,1.37615483329367,0.111049828222689,90.6666666666667,40.2666666666667,2.21931797780643,66.236565228609,"bootstrap",0.518294263242741,5.85362850655485,3.03390207410155,0.244822963246855,1.067067522356,0.244822963246855
2010,"PWSI","yelloweye","private",0.87477377654663,"Central",122,61,2,3.00369498453399,1.54090626349001,0.145031748929983,90.6666666666667,40.2666666666667,2.21931797780643,54.9718432509544,"bootstrap",0.513003574405567,6.62201390648418,3.39711680378976,0.319740274309201,1.067067522356,0.319740274309201
2011,"PWSI","yelloweye","private",0.87477377654663,"Central",134,64,2.09375,2.32062612202869,1.04730098346353,0.0922256030854722,90.6666666666667,40.2666666666667,2.21931797780643,64,"bootstrap",0.451301040491598,5.11610484118733,2.30890343809194,0.203322650705374,1.067067522356,0.203322650705374
2012,"PWSI","yelloweye","private",0.87477377654663,"Central",158,62,2.54838709677419,2.86121696603824,1.17845455446719,0.0912613794541085,90.6666666666667,40.2666666666667,2.21931797780643,62,"bootstrap",0.411871790379786,6.30790364405568,2.59804756742039,0.201196901476931,1.067067522356,0.201196901476931
2013,"PWSI","yelloweye","private",0.0634688512216213,"Central",147,69,2.1304347826087,2.51230220530155,1.1798433337884,0.0978593575398093,90.6666666666667,40.2666666666667,2.21931797780643,69,"bootstrap",0.469626357569027,5.53867827008368,2.60110930172612,0.215742953210931,1.067067522356,0.215742953210931
2014,"PWSI","yelloweye","private",0.0634688512216213,"Central",182,71,2.56338028169014,2.75389954862942,1.32759391897491,0.0966968105513737,90.6666666666667,40.2666666666667,2.21931797780643,71,"bootstrap",0.482077830193783,6.07130923811621,2.92684358394653,0.213179975823413,1.067067522356,0.213179975823413
2015,"PWSI","yelloweye","private",0.0634688512216213,"Central",148,56,2.64285714285714,2.51122528774694,1.32162870637552,0.109577211270546,90.6666666666667,40.2666666666667,2.21931797780643,56,"bootstrap",0.526288387116904,5.53630407328291,2.91369254131681,0.241576398603565,1.067067522356,0.241576398603565
2016,"PWSI","yelloweye","private",0.0634688512216213,"Central",37,16,2.3125,2.84170351103727,1.42039506659228,0.237504697696355,90.6666666666667,40.2666666666667,2.21931797780643,16,"bootstrap",0.499839290438084,6.26488383976618,3.13143509314575,0.523608228897646,1.067067522356,0.523608228897646
2017,"PWSI","yelloweye","private",0.0634688512216213,"Central",51,22,2.31818181818182,2.86874984995079,1.19380196355083,0.163672895558261,90.6666666666667,40.2666666666667,2.21931797780643,22,"bootstrap",0.416140139779461,6.32451081032312,2.63188281264457,0.36083696782864,1.067067522356,0.36083696782864
2018,"PWSI","yelloweye","private",0.0634688512216213,"Central",70,35,2,3.14690250799024,1.62248261661411,0.196534044197978,90.6666666666667,40.2666666666667,2.21931797780643,35,"bootstrap",0.515580833055519,6.93773245205001,3.57696187714425,0.433283399438942,1.067067522356,0.433283399438942
2019,"PWSI","yelloweye","private",0.0634688512216213,"Central",99,52,1.90384615384615,2.81188267452684,1.25639184132177,0.119950662162329,90.6666666666667,40.2666666666667,2.21931797780643,52,"bootstrap",0.446815172163321,6.19914014904797,2.76986987296142,0.264445943087049,1.067067522356,0.264445943087049
2020,"PWSI","yelloweye","private",0.0634688512216213,"Central",34,24,1.41666666666667,3.10882352941176,1.00735707221657,0.171140422839833,90.6666666666667,40.2666666666667,2.21931797780643,24,"bootstrap",0.324031603172786,6.8537826745294,2.22084218782562,0.37730004738906,1.067067522356,0.37730004738906
2021,"PWSI","yelloweye","private",0.0634688512216213,"Central",57,33,1.72727272727273,2.61314831955688,1.53836588992453,0.20717198308,90.6666666666667,40.2666666666667,2.21931797780643,33,"bootstrap",0.58870209486823,5.76100589471009,3.39151623876405,0.456736040128425,1.067067522356,0.456736040128425
2022,"PWSI","yelloweye","private",0.0634688512216213,"Central",126,51,2.47058823529412,3.25832727448988,1.42123579234645,0.123724019362268,90.6666666666667,40.2666666666667,2.21931797780643,51,"bootstrap",0.436185708990499,7.18338201270334,3.13328857616061,0.272764771723374,1.067067522356,0.272764771723374
2023,"PWSI","yelloweye","private",0.0634688512216213,"Central",34,14,2.42857142857143,2.83571068594218,1.31883249674099,0.228063230229317,90.6666666666667,40.2666666666667,2.21931797780643,14,"bootstrap",0.46508006027519,6.25167192200385,2.90752795430626,0.50279335615382,1.067067522356,0.50279335615382
2024,"PWSI","yelloweye","private",0.0634688512216213,"Central",48,20,2.4,2.61471989067199,0.966407012312257,0.140235345425285,90.6666666666667,40.2666666666667,2.21931797780643,20,"bootstrap",0.369602501499267,5.7644706159394,2.13056275947022,0.309166014648097,1.067067522356,0.309166014648097
2025,"PWSI","yelloweye","private",0.0634688512216213,"Central",35,15,2.33333333333333,3.03216213833687,1.47556059695198,0.242006843410688,90.6666666666667,40.2666666666667,2.21931797780643,15,"bootstrap",0.48663644278644,6.68477323768503,3.25305426922104,0.533533761178001,1.067067522356,0.533533761178001
1977,"PWSO","yelloweye","private",0.908156424581006,"Central",NA,NA,NA,NA,NA,NA,NA,NA,NA,NA,NA,1,NA,NA,NA,2.04749602735033,2.04749602735033
1978,"PWSO","yelloweye","private",0.908156424581006,"Central",NA,NA,NA,NA,NA,NA,NA,NA,NA,NA,NA,1,NA,NA,NA,2.04749602735033,2.04749602735033
1979,"PWSO","yelloweye","private",0.908156424581006,"Central",NA,NA,NA,NA,NA,NA,NA,NA,NA,NA,NA,1,NA,NA,NA,2.04749602735033,2.04749602735033
1980,"PWSO","yelloweye","private",0.908156424581006,"Central",NA,NA,NA,NA,NA,NA,NA,NA,NA,NA,NA,1,NA,NA,NA,2.04749602735033,2.04749602735033
1981,"PWSO","yelloweye","private",0.908156424581006,"Central",NA,NA,NA,NA,NA,NA,NA,NA,NA,NA,NA,1,NA,NA,NA,2.04749602735033,2.04749602735033
1982,"PWSO","yelloweye","private",0.908156424581006,"Central",NA,NA,NA,NA,NA,NA,NA,NA,NA,NA,NA,1,NA,NA,NA,2.04749602735033,2.04749602735033
1983,"PWSO","yelloweye","private",0.908156424581006,"Central",NA,NA,NA,NA,NA,NA,NA,NA,NA,NA,NA,1,NA,NA,NA,2.04749602735033,2.04749602735033
1984,"PWSO","yelloweye","private",0.908156424581006,"Central",NA,NA,NA,NA,NA,NA,NA,NA,NA,NA,NA,1,NA,NA,NA,2.04749602735033,2.04749602735033
1985,"PWSO","yelloweye","private",0.908156424581006,"Central",NA,NA,NA,NA,NA,NA,NA,NA,NA,NA,NA,1,NA,NA,NA,2.04749602735033,2.04749602735033
1986,"PWSO","yelloweye","private",0.908156424581006,"Central",NA,NA,NA,NA,NA,NA,NA,NA,NA,NA,NA,1,NA,NA,NA,2.04749602735033,2.04749602735033
1987,"PWSO","yelloweye","private",0.908156424581006,"Central",NA,NA,NA,NA,NA,NA,NA,NA,NA,NA,NA,1,NA,NA,NA,2.04749602735033,2.04749602735033
1988,"PWSO","yelloweye","private",0.908156424581006,"Central",NA,NA,NA,NA,NA,NA,NA,NA,NA,NA,NA,1,NA,NA,NA,2.04749602735033,2.04749602735033
1989,"PWSO","yelloweye","private",0.908156424581006,"Central",NA,NA,NA,NA,NA,NA,NA,NA,NA,NA,NA,1,NA,NA,NA,2.04749602735033,2.04749602735033
1990,"PWSO","yelloweye","private",0.908156424581006,"Central",NA,NA,NA,NA,NA,NA,NA,NA,NA,NA,NA,1,NA,NA,NA,2.04749602735033,2.04749602735033
1991,"PWSO","yelloweye","private",0.908156424581006,"Central",NA,NA,NA,NA,NA,NA,NA,NA,NA,NA,NA,1,NA,NA,NA,2.04749602735033,2.04749602735033
1992,"PWSO","yelloweye","private",0.908156424581006,"Central",NA,NA,NA,NA,NA,NA,NA,NA,NA,NA,NA,1,NA,NA,NA,2.04749602735033,2.04749602735033
1993,"PWSO","yelloweye","private",0.908156424581006,"Central",NA,NA,NA,NA,NA,NA,NA,NA,NA,NA,NA,1,NA,NA,NA,2.04749602735033,2.04749602735033
1994,"PWSO","yelloweye","private",0.908156424581006,"Central",NA,NA,NA,NA,NA,NA,NA,NA,NA,NA,NA,1,NA,NA,NA,2.04749602735033,2.04749602735033
1995,"PWSO","yelloweye","private",0.908156424581006,"Central",NA,NA,NA,NA,NA,NA,NA,NA,NA,NA,NA,1,NA,NA,NA,2.04749602735033,2.04749602735033
1996,"PWSO","yelloweye","private",0.908156424581006,"Central",NA,NA,NA,NA,NA,NA,NA,NA,NA,NA,NA,1,NA,NA,NA,2.04749602735033,2.04749602735033
1997,"PWSO","yelloweye","private",0.908156424581006,"Central",NA,NA,NA,NA,NA,NA,NA,NA,NA,NA,NA,1,NA,NA,NA,2.04749602735033,2.04749602735033
1998,"PWSO","yelloweye","private",0.908156424581006,"Central",NA,NA,NA,NA,NA,NA,NA,NA,NA,NA,NA,1,NA,NA,NA,2.04749602735033,2.04749602735033
1999,"PWSO","yelloweye","private",0.908156424581006,"Central",NA,NA,NA,NA,NA,NA,NA,NA,NA,NA,NA,1,NA,NA,NA,2.04749602735033,2.04749602735033
2000,"PWSO","yelloweye","private",0.908156424581006,"Central",NA,NA,NA,NA,NA,NA,NA,NA,NA,NA,NA,1,NA,NA,NA,2.04749602735033,2.04749602735033
2001,"PWSO","yelloweye","private",0.908156424581006,"Central",NA,NA,NA,NA,NA,NA,NA,NA,NA,NA,NA,1,NA,NA,NA,2.04749602735033,2.04749602735033
2002,"PWSO","yelloweye","private",0.908156424581006,"Central",NA,NA,NA,NA,NA,NA,NA,NA,NA,NA,NA,1,NA,NA,NA,2.04749602735033,2.04749602735033
2003,"PWSO","yelloweye","private",0.908156424581006,"Central",NA,NA,NA,NA,NA,NA,NA,NA,NA,NA,NA,1,NA,NA,NA,2.04749602735033,2.04749602735033
2004,"PWSO","yelloweye","private",0.908156424581006,"Central",NA,NA,NA,NA,NA,NA,NA,NA,NA,NA,NA,1,NA,NA,NA,2.04749602735033,2.04749602735033
2005,"PWSO","yelloweye","private",0.908156424581006,"Central",NA,NA,NA,NA,NA,NA,NA,NA,NA,NA,NA,1,NA,NA,NA,2.04749602735033,2.04749602735033
2006,"PWSO","yelloweye","private",0.908156424581006,"Central",NA,NA,NA,NA,NA,NA,NA,NA,NA,NA,NA,1,NA,NA,NA,2.04749602735033,2.04749602735033
2007,"PWSO","yelloweye","private",0.908156424581006,"Central",NA,NA,NA,NA,NA,NA,NA,NA,NA,NA,NA,1,NA,NA,NA,2.04749602735033,2.04749602735033
2008,"PWSO","yelloweye","private",0.908156424581006,"Central",NA,NA,NA,NA,NA,NA,NA,NA,NA,NA,NA,1,NA,NA,NA,2.04749602735033,2.04749602735033
2009,"PWSO","yelloweye","private",0.908156424581006,"Central",24,10,2.4,4.92527889606388,1.59475021203462,0.299207302391747,30.2307692307692,10.9230769230769,2.92314335990807,8.21033970798983,"bootstrap",0.323788813930738,10.8583812640711,3.51582239070132,0.659639186922025,2.04749602735033,0.659639186922025
2010,"PWSO","yelloweye","private",0.908156424581006,"Central",15,5,3,3.74969447416911,1.31467861961174,0.321656775232118,30.2307692307692,10.9230769230769,2.92314335990807,5.13146231749364,"bootstrap",0.350609530634641,8.26666125584222,2.89837022282642,0.709131802552983,2.04749602735033,0.709131802552983
2011,"PWSO","yelloweye","private",0.908156424581006,"Central",17,9,1.88888888888889,3.01297954604365,1.52474200263346,0.359644240135308,30.2307692307692,10.9230769230769,2.92314335990807,9,"bootstrap",0.506057867082305,6.64248286080516,3.36148070866983,0.792879826955012,2.04749602735033,0.792879826955012
2012,"PWSO","yelloweye","private",0.908156424581006,"Central",48,16,3,3.68143497535231,1.38028133709855,0.200528449689506,30.2307692307692,10.9230769230769,2.92314335990807,16,"bootstrap",0.374930250388697,8.11617482072085,3.04299945773131,0.442089556139017,2.04749602735033,0.442089556139017
2013,"PWSO","yelloweye","private",0.0726731207421029,"Central",43,17,2.52941176470588,3.783028284877,1.60309836912803,0.23483212279198,30.2307692307692,10.9230769230769,2.92314335990807,17,"bootstrap",0.423760608805533,8.34014972893964,3.53422692666476,0.517716209809817,2.04749602735033,0.517716209809817
2014,"PWSO","yelloweye","private",0.0726731207421029,"Central",47,17,2.76470588235294,3.52497191762564,1.57631803577021,0.228485295609394,30.2307692307692,10.9230769230769,2.92314335990807,17,"bootstrap",0.447185984060829,7.77123282446226,3.47518639797297,0.503723851037857,2.04749602735033,0.503723851037857
2015,"PWSO","yelloweye","private",0.0726731207421029,"Central",35,10,3.5,4.31996031073565,1.80638055072259,0.297821665080915,30.2307692307692,10.9230769230769,2.92314335990807,10,"bootstrap",0.418147487659436,9.52388221855004,3.98238742245108,0.656584379563449,2.04749602735033,0.656584379563449
2016,"PWSO","yelloweye","private",0.0726731207421029,"Central",48,12,4,3.45530676173481,1.20354247710951,0.170872782492383,30.2307692307692,10.9230769230769,2.92314335990807,12,"bootstrap",0.348317113385686,7.61764744595951,2.65335696916646,0.376710001425048,2.04749602735033,0.376710001425048
2017,"PWSO","yelloweye","private",0.0726731207421029,"Central",18,4,4.5,4.1187218627408,2.06159527333798,0.464364288195123,30.2307692307692,10.9230769230769,2.92314335990807,4,"bootstrap",0.500542484305093,9.0802273840869,4.54503957288599,1.02374801367517,2.04749602735033,1.02374801367517
2018,"PWSO","yelloweye","private",0.0726731207421029,"Central",17,10,1.7,3.94164620220984,1.34729348500108,0.322333981596896,30.2307692307692,10.9230769230769,2.92314335990807,10,"bootstrap",0.341809846922774,8.68984237742891,2.97027369281201,0.710624787023181,2.04749602735033,0.710624787023181
2019,"PWSO","yelloweye","private",0.0726731207421029,"Central",38,20,1.9,3.5822853070797,1.80105599833207,0.284725067354447,30.2307692307692,10.9230769230769,2.92314335990807,20,"bootstrap",0.502767324191802,7.89758721928155,3.97064879380956,0.627711323970637,2.04749602735033,0.627711323970637
2020,"PWSO","yelloweye","private",0.0726731207421029,"Central",16,5,3.2,3.63125,1.60029945114448,0.390605354561048,30.2307692307692,10.9230769230769,2.92314335990807,5,"bootstrap",0.440702086373695,8.005535888875,3.52805636876671,0.861137400158407,2.04749602735033,0.861137400158407
2021,"PWSO","yelloweye","private",0.0726731207421029,"Central",23,8,2.875,4.05270122921225,1.35034077397785,0.272110330123736,30.2307692307692,10.9230769230769,2.92314335990807,8,"bootstrap",0.333195243765928,8.93467680202313,2.97699181501988,0.599900588926456,2.04749602735033,0.599900588926456
2022,"PWSO","yelloweye","private",0.0726731207421029,"Central",23,7,3.28571428571429,3.99691328714968,1.76977667197753,0.36078544545994,30.2307692307692,10.9230769230769,2.92314335990807,7,"bootstrap",0.442785856192445,8.81168544302874,3.90168968338998,0.79539575402776,2.04749602735033,0.79539575402776
2023,"PWSO","yelloweye","private",0.0726731207421029,"Central",20,7,2.85714285714286,4.26275544211567,1.27311981905573,0.282566712236233,30.2307692307692,10.9230769230769,2.92314335990807,7,"bootstrap",0.29866123833364,9.39776707121631,2.80674875106057,0.62295296545503,2.04749602735033,0.62295296545503
2024,"PWSO","yelloweye","private",0.0726731207421029,"Central",NA,NA,NA,NA,NA,NA,NA,NA,NA,NA,NA,1,NA,NA,NA,2.04749602735033,2.04749602735033
2025,"PWSO","yelloweye","private",0.0726731207421029,"Central",NA,NA,NA,NA,NA,NA,NA,NA,NA,NA,NA,1,NA,NA,NA,2.04749602735033,2.04749602735033
1977,"BSAI","yelloweye","private",0.886890104707329,"Kodiak",NA,NA,NA,NA,NA,NA,NA,NA,NA,NA,NA,1,NA,NA,NA,10,10
1978,"BSAI","yelloweye","private",0.886890104707329,"Kodiak",NA,NA,NA,NA,NA,NA,NA,NA,NA,NA,NA,1,NA,NA,NA,10,10
1979,"BSAI","yelloweye","private",0.886890104707329,"Kodiak",NA,NA,NA,NA,NA,NA,NA,NA,NA,NA,NA,1,NA,NA,NA,10,10
1980,"BSAI","yelloweye","private",0.886890104707329,"Kodiak",NA,NA,NA,NA,NA,NA,NA,NA,NA,NA,NA,1,NA,NA,NA,10,10
1981,"BSAI","yelloweye","private",0.886890104707329,"Kodiak",NA,NA,NA,NA,NA,NA,NA,NA,NA,NA,NA,1,NA,NA,NA,10,10
1982,"BSAI","yelloweye","private",0.886890104707329,"Kodiak",NA,NA,NA,NA,NA,NA,NA,NA,NA,NA,NA,1,NA,NA,NA,10,10
1983,"BSAI","yelloweye","private",0.886890104707329,"Kodiak",NA,NA,NA,NA,NA,NA,NA,NA,NA,NA,NA,1,NA,NA,NA,10,10
1984,"BSAI","yelloweye","private",0.886890104707329,"Kodiak",NA,NA,NA,NA,NA,NA,NA,NA,NA,NA,NA,1,NA,NA,NA,10,10
1985,"BSAI","yelloweye","private",0.886890104707329,"Kodiak",NA,NA,NA,NA,NA,NA,NA,NA,NA,NA,NA,1,NA,NA,NA,10,10
1986,"BSAI","yelloweye","private",0.886890104707329,"Kodiak",NA,NA,NA,NA,NA,NA,NA,NA,NA,NA,NA,1,NA,NA,NA,10,10
1987,"BSAI","yelloweye","private",0.886890104707329,"Kodiak",NA,NA,NA,NA,NA,NA,NA,NA,NA,NA,NA,1,NA,NA,NA,10,10
1988,"BSAI","yelloweye","private",0.886890104707329,"Kodiak",NA,NA,NA,NA,NA,NA,NA,NA,NA,NA,NA,1,NA,NA,NA,10,10
1989,"BSAI","yelloweye","private",0.886890104707329,"Kodiak",NA,NA,NA,NA,NA,NA,NA,NA,NA,NA,NA,1,NA,NA,NA,10,10
1990,"BSAI","yelloweye","private",0.886890104707329,"Kodiak",NA,NA,NA,NA,NA,NA,NA,NA,NA,NA,NA,1,NA,NA,NA,10,10
1991,"BSAI","yelloweye","private",0.886890104707329,"Kodiak",NA,NA,NA,NA,NA,NA,NA,NA,NA,NA,NA,1,NA,NA,NA,10,10
1992,"BSAI","yelloweye","private",0.886890104707329,"Kodiak",NA,NA,NA,NA,NA,NA,NA,NA,NA,NA,NA,1,NA,NA,NA,10,10
1993,"BSAI","yelloweye","private",0.886890104707329,"Kodiak",NA,NA,NA,NA,NA,NA,NA,NA,NA,NA,NA,1,NA,NA,NA,10,10
1994,"BSAI","yelloweye","private",0.886890104707329,"Kodiak",NA,NA,NA,NA,NA,NA,NA,NA,NA,NA,NA,1,NA,NA,NA,10,10
1995,"BSAI","yelloweye","private",0.886890104707329,"Kodiak",NA,NA,NA,NA,NA,NA,NA,NA,NA,NA,NA,1,NA,NA,NA,10,10
1996,"BSAI","yelloweye","private",0.886890104707329,"Kodiak",NA,NA,NA,NA,NA,NA,NA,NA,NA,NA,NA,1,NA,NA,NA,10,10
1997,"BSAI","yelloweye","private",0.886890104707329,"Kodiak",NA,NA,NA,NA,NA,NA,NA,NA,NA,NA,NA,1,NA,NA,NA,10,10
1998,"BSAI","yelloweye","private",0.886890104707329,"Kodiak",NA,NA,NA,NA,NA,NA,NA,NA,NA,NA,NA,1,NA,NA,NA,10,10
1999,"BSAI","yelloweye","private",0.886890104707329,"Kodiak",NA,NA,NA,NA,NA,NA,NA,NA,NA,NA,NA,1,NA,NA,NA,10,10
2000,"BSAI","yelloweye","private",0.886890104707329,"Kodiak",NA,NA,NA,NA,NA,NA,NA,NA,NA,NA,NA,1,NA,NA,NA,10,10
2001,"BSAI","yelloweye","private",0.886890104707329,"Kodiak",NA,NA,NA,NA,NA,NA,NA,NA,NA,NA,NA,1,NA,NA,NA,10,10
2002,"BSAI","yelloweye","private",0.886890104707329,"Kodiak",NA,NA,NA,NA,NA,NA,NA,NA,NA,NA,NA,1,NA,NA,NA,10,10
2003,"BSAI","yelloweye","private",0.886890104707329,"Kodiak",NA,NA,NA,NA,NA,NA,NA,NA,NA,NA,NA,1,NA,NA,NA,10,10
2004,"BSAI","yelloweye","private",0.886890104707329,"Kodiak",NA,NA,NA,NA,NA,NA,NA,NA,NA,NA,NA,1,NA,NA,NA,10,10
2005,"BSAI","yelloweye","private",0.886890104707329,"Kodiak",NA,NA,NA,NA,NA,NA,NA,NA,NA,NA,NA,1,NA,NA,NA,10,10
2006,"BSAI","yelloweye","private",0.886890104707329,"Kodiak",NA,NA,NA,NA,NA,NA,NA,NA,NA,NA,NA,1,NA,NA,NA,10,10
2007,"BSAI","yelloweye","private",0.886890104707329,"Kodiak",NA,NA,NA,NA,NA,NA,NA,NA,NA,NA,NA,1,NA,NA,NA,10,10
2008,"BSAI","yelloweye","private",0.886890104707329,"Kodiak",NA,NA,NA,NA,NA,NA,NA,NA,NA,NA,NA,1,NA,NA,NA,10,10
2009,"BSAI","yelloweye","private",0.886890104707329,"Kodiak",NA,NA,NA,NA,NA,NA,NA,NA,NA,NA,NA,1,NA,NA,NA,10,10
2010,"BSAI","yelloweye","private",0.886890104707329,"Kodiak",NA,NA,NA,NA,NA,NA,NA,NA,NA,NA,NA,1,NA,NA,NA,10,10
2011,"BSAI","yelloweye","private",0.886890104707329,"Kodiak",NA,NA,NA,NA,NA,NA,NA,NA,NA,NA,NA,1,NA,NA,NA,10,10
2012,"BSAI","yelloweye","private",0.886890104707329,"Kodiak",NA,NA,NA,NA,NA,NA,NA,NA,NA,NA,NA,1,NA,NA,NA,10,10
2013,"BSAI","yelloweye","private",0.248725556652691,"Kodiak",NA,NA,NA,NA,NA,NA,NA,NA,NA,NA,NA,1,NA,NA,NA,10,10
2014,"BSAI","yelloweye","private",0.248725556652691,"Kodiak",NA,NA,NA,NA,NA,NA,NA,NA,NA,NA,NA,1,NA,NA,NA,10,10
2015,"BSAI","yelloweye","private",0.248725556652691,"Kodiak",NA,NA,NA,NA,NA,NA,NA,NA,NA,NA,NA,1,NA,NA,NA,10,10
2016,"BSAI","yelloweye","private",0.248725556652691,"Kodiak",NA,NA,NA,NA,NA,NA,NA,NA,NA,NA,NA,1,NA,NA,NA,10,10
2017,"BSAI","yelloweye","private",0.248725556652691,"Kodiak",NA,NA,NA,NA,NA,NA,NA,NA,NA,NA,NA,1,NA,NA,NA,10,10
2018,"BSAI","yelloweye","private",0.248725556652691,"Kodiak",NA,NA,NA,NA,NA,NA,NA,NA,NA,NA,NA,1,NA,NA,NA,10,10
2019,"BSAI","yelloweye","private",0.248725556652691,"Kodiak",NA,NA,NA,NA,NA,NA,NA,NA,NA,NA,NA,1,NA,NA,NA,10,10
2020,"BSAI","yelloweye","private",0.248725556652691,"Kodiak",NA,NA,NA,NA,NA,NA,NA,NA,NA,NA,NA,1,NA,NA,NA,10,10
2021,"BSAI","yelloweye","private",0.248725556652691,"Kodiak",NA,NA,NA,NA,NA,NA,NA,NA,NA,NA,NA,1,NA,NA,NA,10,10
2022,"BSAI","yelloweye","private",0.248725556652691,"Kodiak",NA,NA,NA,NA,NA,NA,NA,NA,NA,NA,NA,1,NA,NA,NA,10,10
2023,"BSAI","yelloweye","private",0.248725556652691,"Kodiak",NA,NA,NA,NA,NA,NA,NA,NA,NA,NA,NA,1,NA,NA,NA,10,10
2024,"BSAI","yelloweye","private",0.248725556652691,"Kodiak",NA,NA,NA,NA,NA,NA,NA,NA,NA,NA,NA,1,NA,NA,NA,10,10
2025,"BSAI","yelloweye","private",0.248725556652691,"Kodiak",NA,NA,NA,NA,NA,NA,NA,NA,NA,NA,NA,1,NA,NA,NA,10,10
1977,"SOKO2SAP","yelloweye","private",0.886890104707329,"Kodiak",NA,NA,NA,NA,NA,NA,NA,NA,NA,NA,NA,1,NA,NA,NA,10,10
1978,"SOKO2SAP","yelloweye","private",0.886890104707329,"Kodiak",NA,NA,NA,NA,NA,NA,NA,NA,NA,NA,NA,1,NA,NA,NA,10,10
1979,"SOKO2SAP","yelloweye","private",0.886890104707329,"Kodiak",NA,NA,NA,NA,NA,NA,NA,NA,NA,NA,NA,1,NA,NA,NA,10,10
1980,"SOKO2SAP","yelloweye","private",0.886890104707329,"Kodiak",NA,NA,NA,NA,NA,NA,NA,NA,NA,NA,NA,1,NA,NA,NA,10,10
1981,"SOKO2SAP","yelloweye","private",0.886890104707329,"Kodiak",NA,NA,NA,NA,NA,NA,NA,NA,NA,NA,NA,1,NA,NA,NA,10,10
1982,"SOKO2SAP","yelloweye","private",0.886890104707329,"Kodiak",NA,NA,NA,NA,NA,NA,NA,NA,NA,NA,NA,1,NA,NA,NA,10,10
1983,"SOKO2SAP","yelloweye","private",0.886890104707329,"Kodiak",NA,NA,NA,NA,NA,NA,NA,NA,NA,NA,NA,1,NA,NA,NA,10,10
1984,"SOKO2SAP","yelloweye","private",0.886890104707329,"Kodiak",NA,NA,NA,NA,NA,NA,NA,NA,NA,NA,NA,1,NA,NA,NA,10,10
1985,"SOKO2SAP","yelloweye","private",0.886890104707329,"Kodiak",NA,NA,NA,NA,NA,NA,NA,NA,NA,NA,NA,1,NA,NA,NA,10,10
1986,"SOKO2SAP","yelloweye","private",0.886890104707329,"Kodiak",NA,NA,NA,NA,NA,NA,NA,NA,NA,NA,NA,1,NA,NA,NA,10,10
1987,"SOKO2SAP","yelloweye","private",0.886890104707329,"Kodiak",NA,NA,NA,NA,NA,NA,NA,NA,NA,NA,NA,1,NA,NA,NA,10,10
1988,"SOKO2SAP","yelloweye","private",0.886890104707329,"Kodiak",NA,NA,NA,NA,NA,NA,NA,NA,NA,NA,NA,1,NA,NA,NA,10,10
1989,"SOKO2SAP","yelloweye","private",0.886890104707329,"Kodiak",NA,NA,NA,NA,NA,NA,NA,NA,NA,NA,NA,1,NA,NA,NA,10,10
1990,"SOKO2SAP","yelloweye","private",0.886890104707329,"Kodiak",NA,NA,NA,NA,NA,NA,NA,NA,NA,NA,NA,1,NA,NA,NA,10,10
1991,"SOKO2SAP","yelloweye","private",0.886890104707329,"Kodiak",NA,NA,NA,NA,NA,NA,NA,NA,NA,NA,NA,1,NA,NA,NA,10,10
1992,"SOKO2SAP","yelloweye","private",0.886890104707329,"Kodiak",NA,NA,NA,NA,NA,NA,NA,NA,NA,NA,NA,1,NA,NA,NA,10,10
1993,"SOKO2SAP","yelloweye","private",0.886890104707329,"Kodiak",NA,NA,NA,NA,NA,NA,NA,NA,NA,NA,NA,1,NA,NA,NA,10,10
1994,"SOKO2SAP","yelloweye","private",0.886890104707329,"Kodiak",NA,NA,NA,NA,NA,NA,NA,NA,NA,NA,NA,1,NA,NA,NA,10,10
1995,"SOKO2SAP","yelloweye","private",0.886890104707329,"Kodiak",NA,NA,NA,NA,NA,NA,NA,NA,NA,NA,NA,1,NA,NA,NA,10,10
1996,"SOKO2SAP","yelloweye","private",0.886890104707329,"Kodiak",NA,NA,NA,NA,NA,NA,NA,NA,NA,NA,NA,1,NA,NA,NA,10,10
1997,"SOKO2SAP","yelloweye","private",0.886890104707329,"Kodiak",NA,NA,NA,NA,NA,NA,NA,NA,NA,NA,NA,1,NA,NA,NA,10,10
1998,"SOKO2SAP","yelloweye","private",0.886890104707329,"Kodiak",NA,NA,NA,NA,NA,NA,NA,NA,NA,NA,NA,1,NA,NA,NA,10,10
1999,"SOKO2SAP","yelloweye","private",0.886890104707329,"Kodiak",NA,NA,NA,NA,NA,NA,NA,NA,NA,NA,NA,1,NA,NA,NA,10,10
2000,"SOKO2SAP","yelloweye","private",0.886890104707329,"Kodiak",NA,NA,NA,NA,NA,NA,NA,NA,NA,NA,NA,1,NA,NA,NA,10,10
2001,"SOKO2SAP","yelloweye","private",0.886890104707329,"Kodiak",NA,NA,NA,NA,NA,NA,NA,NA,NA,NA,NA,1,NA,NA,NA,10,10
2002,"SOKO2SAP","yelloweye","private",0.886890104707329,"Kodiak",NA,NA,NA,NA,NA,NA,NA,NA,NA,NA,NA,1,NA,NA,NA,10,10
2003,"SOKO2SAP","yelloweye","private",0.886890104707329,"Kodiak",NA,NA,NA,NA,NA,NA,NA,NA,NA,NA,NA,1,NA,NA,NA,10,10
2004,"SOKO2SAP","yelloweye","private",0.886890104707329,"Kodiak",NA,NA,NA,NA,NA,NA,NA,NA,NA,NA,NA,1,NA,NA,NA,10,10
2005,"SOKO2SAP","yelloweye","private",0.886890104707329,"Kodiak",NA,NA,NA,NA,NA,NA,NA,NA,NA,NA,NA,1,NA,NA,NA,10,10
2006,"SOKO2SAP","yelloweye","private",0.886890104707329,"Kodiak",NA,NA,NA,NA,NA,NA,NA,NA,NA,NA,NA,1,NA,NA,NA,10,10
2007,"SOKO2SAP","yelloweye","private",0.886890104707329,"Kodiak",NA,NA,NA,NA,NA,NA,NA,NA,NA,NA,NA,1,NA,NA,NA,10,10
2008,"SOKO2SAP","yelloweye","private",0.886890104707329,"Kodiak",NA,NA,NA,NA,NA,NA,NA,NA,NA,NA,NA,1,NA,NA,NA,10,10
2009,"SOKO2SAP","yelloweye","private",0.886890104707329,"Kodiak",NA,NA,NA,NA,NA,NA,NA,NA,NA,NA,NA,1,NA,NA,NA,10,10
2010,"SOKO2SAP","yelloweye","private",0.886890104707329,"Kodiak",NA,NA,NA,NA,NA,NA,NA,NA,NA,NA,NA,1,NA,NA,NA,10,10
2011,"SOKO2SAP","yelloweye","private",0.886890104707329,"Kodiak",NA,NA,NA,NA,NA,NA,NA,NA,NA,NA,NA,1,NA,NA,NA,10,10
2012,"SOKO2SAP","yelloweye","private",0.886890104707329,"Kodiak",NA,NA,NA,NA,NA,NA,NA,NA,NA,NA,NA,1,NA,NA,NA,10,10
2013,"SOKO2SAP","yelloweye","private",0.248725556652691,"Kodiak",NA,NA,NA,NA,NA,NA,NA,NA,NA,NA,NA,1,NA,NA,NA,10,10
2014,"SOKO2SAP","yelloweye","private",0.248725556652691,"Kodiak",NA,NA,NA,NA,NA,NA,NA,NA,NA,NA,NA,1,NA,NA,NA,10,10
2015,"SOKO2SAP","yelloweye","private",0.248725556652691,"Kodiak",NA,NA,NA,NA,NA,NA,NA,NA,NA,NA,NA,1,NA,NA,NA,10,10
2016,"SOKO2SAP","yelloweye","private",0.248725556652691,"Kodiak",NA,NA,NA,NA,NA,NA,NA,NA,NA,NA,NA,1,NA,NA,NA,10,10
2017,"SOKO2SAP","yelloweye","private",0.248725556652691,"Kodiak",NA,NA,NA,NA,NA,NA,NA,NA,NA,NA,NA,1,NA,NA,NA,10,10
2018,"SOKO2SAP","yelloweye","private",0.248725556652691,"Kodiak",NA,NA,NA,NA,NA,NA,NA,NA,NA,NA,NA,1,NA,NA,NA,10,10
2019,"SOKO2SAP","yelloweye","private",0.248725556652691,"Kodiak",NA,NA,NA,NA,NA,NA,NA,NA,NA,NA,NA,1,NA,NA,NA,10,10
2020,"SOKO2SAP","yelloweye","private",0.248725556652691,"Kodiak",NA,NA,NA,NA,NA,NA,NA,NA,NA,NA,NA,1,NA,NA,NA,10,10
2021,"SOKO2SAP","yelloweye","private",0.248725556652691,"Kodiak",NA,NA,NA,NA,NA,NA,NA,NA,NA,NA,NA,1,NA,NA,NA,10,10
2022,"SOKO2SAP","yelloweye","private",0.248725556652691,"Kodiak",NA,NA,NA,NA,NA,NA,NA,NA,NA,NA,NA,1,NA,NA,NA,10,10
2023,"SOKO2SAP","yelloweye","private",0.248725556652691,"Kodiak",NA,NA,NA,NA,NA,NA,NA,NA,NA,NA,NA,1,NA,NA,NA,10,10
2024,"SOKO2SAP","yelloweye","private",0.248725556652691,"Kodiak",NA,NA,NA,NA,NA,NA,NA,NA,NA,NA,NA,1,NA,NA,NA,10,10
2025,"SOKO2SAP","yelloweye","private",0.248725556652691,"Kodiak",NA,NA,NA,NA,NA,NA,NA,NA,NA,NA,NA,1,NA,NA,NA,10,10
1977,"WKMA","yelloweye","private",0.886890104707329,"Kodiak",NA,NA,NA,NA,NA,NA,NA,NA,NA,NA,NA,1,NA,NA,NA,10,10
1978,"WKMA","yelloweye","private",0.886890104707329,"Kodiak",NA,NA,NA,NA,NA,NA,NA,NA,NA,NA,NA,1,NA,NA,NA,10,10
1979,"WKMA","yelloweye","private",0.886890104707329,"Kodiak",NA,NA,NA,NA,NA,NA,NA,NA,NA,NA,NA,1,NA,NA,NA,10,10
1980,"WKMA","yelloweye","private",0.886890104707329,"Kodiak",NA,NA,NA,NA,NA,NA,NA,NA,NA,NA,NA,1,NA,NA,NA,10,10
1981,"WKMA","yelloweye","private",0.886890104707329,"Kodiak",NA,NA,NA,NA,NA,NA,NA,NA,NA,NA,NA,1,NA,NA,NA,10,10
1982,"WKMA","yelloweye","private",0.886890104707329,"Kodiak",NA,NA,NA,NA,NA,NA,NA,NA,NA,NA,NA,1,NA,NA,NA,10,10
1983,"WKMA","yelloweye","private",0.886890104707329,"Kodiak",NA,NA,NA,NA,NA,NA,NA,NA,NA,NA,NA,1,NA,NA,NA,10,10
1984,"WKMA","yelloweye","private",0.886890104707329,"Kodiak",NA,NA,NA,NA,NA,NA,NA,NA,NA,NA,NA,1,NA,NA,NA,10,10
1985,"WKMA","yelloweye","private",0.886890104707329,"Kodiak",NA,NA,NA,NA,NA,NA,NA,NA,NA,NA,NA,1,NA,NA,NA,10,10
1986,"WKMA","yelloweye","private",0.886890104707329,"Kodiak",NA,NA,NA,NA,NA,NA,NA,NA,NA,NA,NA,1,NA,NA,NA,10,10
1987,"WKMA","yelloweye","private",0.886890104707329,"Kodiak",NA,NA,NA,NA,NA,NA,NA,NA,NA,NA,NA,1,NA,NA,NA,10,10
1988,"WKMA","yelloweye","private",0.886890104707329,"Kodiak",NA,NA,NA,NA,NA,NA,NA,NA,NA,NA,NA,1,NA,NA,NA,10,10
1989,"WKMA","yelloweye","private",0.886890104707329,"Kodiak",NA,NA,NA,NA,NA,NA,NA,NA,NA,NA,NA,1,NA,NA,NA,10,10
1990,"WKMA","yelloweye","private",0.886890104707329,"Kodiak",NA,NA,NA,NA,NA,NA,NA,NA,NA,NA,NA,1,NA,NA,NA,10,10
1991,"WKMA","yelloweye","private",0.886890104707329,"Kodiak",NA,NA,NA,NA,NA,NA,NA,NA,NA,NA,NA,1,NA,NA,NA,10,10
1992,"WKMA","yelloweye","private",0.886890104707329,"Kodiak",NA,NA,NA,NA,NA,NA,NA,NA,NA,NA,NA,1,NA,NA,NA,10,10
1993,"WKMA","yelloweye","private",0.886890104707329,"Kodiak",NA,NA,NA,NA,NA,NA,NA,NA,NA,NA,NA,1,NA,NA,NA,10,10
1994,"WKMA","yelloweye","private",0.886890104707329,"Kodiak",NA,NA,NA,NA,NA,NA,NA,NA,NA,NA,NA,1,NA,NA,NA,10,10
1995,"WKMA","yelloweye","private",0.886890104707329,"Kodiak",NA,NA,NA,NA,NA,NA,NA,NA,NA,NA,NA,1,NA,NA,NA,10,10
1996,"WKMA","yelloweye","private",0.886890104707329,"Kodiak",NA,NA,NA,NA,NA,NA,NA,NA,NA,NA,NA,1,NA,NA,NA,10,10
1997,"WKMA","yelloweye","private",0.886890104707329,"Kodiak",NA,NA,NA,NA,NA,NA,NA,NA,NA,NA,NA,1,NA,NA,NA,10,10
1998,"WKMA","yelloweye","private",0.886890104707329,"Kodiak",NA,NA,NA,NA,NA,NA,NA,NA,NA,NA,NA,1,NA,NA,NA,10,10
1999,"WKMA","yelloweye","private",0.886890104707329,"Kodiak",NA,NA,NA,NA,NA,NA,NA,NA,NA,NA,NA,1,NA,NA,NA,10,10
2000,"WKMA","yelloweye","private",0.886890104707329,"Kodiak",NA,NA,NA,NA,NA,NA,NA,NA,NA,NA,NA,1,NA,NA,NA,10,10
2001,"WKMA","yelloweye","private",0.886890104707329,"Kodiak",NA,NA,NA,NA,NA,NA,NA,NA,NA,NA,NA,1,NA,NA,NA,10,10
2002,"WKMA","yelloweye","private",0.886890104707329,"Kodiak",NA,NA,NA,NA,NA,NA,NA,NA,NA,NA,NA,1,NA,NA,NA,10,10
2003,"WKMA","yelloweye","private",0.886890104707329,"Kodiak",NA,NA,NA,NA,NA,NA,NA,NA,NA,NA,NA,1,NA,NA,NA,10,10
2004,"WKMA","yelloweye","private",0.886890104707329,"Kodiak",NA,NA,NA,NA,NA,NA,NA,NA,NA,NA,NA,1,NA,NA,NA,10,10
2005,"WKMA","yelloweye","private",0.886890104707329,"Kodiak",NA,NA,NA,NA,NA,NA,NA,NA,NA,NA,NA,1,NA,NA,NA,10,10
2006,"WKMA","yelloweye","private",0.886890104707329,"Kodiak",NA,NA,NA,NA,NA,NA,NA,NA,NA,NA,NA,1,NA,NA,NA,10,10
2007,"WKMA","yelloweye","private",0.886890104707329,"Kodiak",NA,NA,NA,NA,NA,NA,NA,NA,NA,NA,NA,1,NA,NA,NA,10,10
2008,"WKMA","yelloweye","private",0.886890104707329,"Kodiak",NA,NA,NA,NA,NA,NA,NA,NA,NA,NA,NA,1,NA,NA,NA,10,10
2009,"WKMA","yelloweye","private",0.886890104707329,"Kodiak",NA,NA,NA,NA,NA,NA,NA,NA,NA,NA,NA,1,NA,NA,NA,10,10
2010,"WKMA","yelloweye","private",0.886890104707329,"Kodiak",NA,NA,NA,NA,NA,NA,NA,NA,NA,NA,NA,1,NA,NA,NA,10,10
2011,"WKMA","yelloweye","private",0.886890104707329,"Kodiak",NA,NA,NA,NA,NA,NA,NA,NA,NA,NA,NA,1,NA,NA,NA,10,10
2012,"WKMA","yelloweye","private",0.886890104707329,"Kodiak",NA,NA,NA,NA,NA,NA,NA,NA,NA,NA,NA,1,NA,NA,NA,10,10
2013,"WKMA","yelloweye","private",0.248725556652691,"Kodiak",NA,NA,NA,NA,NA,NA,NA,NA,NA,NA,NA,1,NA,NA,NA,10,10
2014,"WKMA","yelloweye","private",0.248725556652691,"Kodiak",NA,NA,NA,NA,NA,NA,NA,NA,NA,NA,NA,1,NA,NA,NA,10,10
2015,"WKMA","yelloweye","private",0.248725556652691,"Kodiak",NA,NA,NA,NA,NA,NA,NA,NA,NA,NA,NA,1,NA,NA,NA,10,10
2016,"WKMA","yelloweye","private",0.248725556652691,"Kodiak",NA,NA,NA,NA,NA,NA,NA,NA,NA,NA,NA,1,NA,NA,NA,10,10
2017,"WKMA","yelloweye","private",0.248725556652691,"Kodiak",NA,NA,NA,NA,NA,NA,NA,NA,NA,NA,NA,1,NA,NA,NA,10,10
2018,"WKMA","yelloweye","private",0.248725556652691,"Kodiak",NA,NA,NA,NA,NA,NA,NA,NA,NA,NA,NA,1,NA,NA,NA,10,10
2019,"WKMA","yelloweye","private",0.248725556652691,"Kodiak",NA,NA,NA,NA,NA,NA,NA,NA,NA,NA,NA,1,NA,NA,NA,10,10
2020,"WKMA","yelloweye","private",0.248725556652691,"Kodiak",NA,NA,NA,NA,NA,NA,NA,NA,NA,NA,NA,1,NA,NA,NA,10,10
2021,"WKMA","yelloweye","private",0.248725556652691,"Kodiak",NA,NA,NA,NA,NA,NA,NA,NA,NA,NA,NA,1,NA,NA,NA,10,10
2022,"WKMA","yelloweye","private",0.248725556652691,"Kodiak",NA,NA,NA,NA,NA,NA,NA,NA,NA,NA,NA,1,NA,NA,NA,10,10
2023,"WKMA","yelloweye","private",0.248725556652691,"Kodiak",NA,NA,NA,NA,NA,NA,NA,NA,NA,NA,NA,1,NA,NA,NA,10,10
2024,"WKMA","yelloweye","private",0.248725556652691,"Kodiak",NA,NA,NA,NA,NA,NA,NA,NA,NA,NA,NA,1,NA,NA,NA,10,10
2025,"WKMA","yelloweye","private",0.248725556652691,"Kodiak",NA,NA,NA,NA,NA,NA,NA,NA,NA,NA,NA,1,NA,NA,NA,10,10
1977,"AFOGNAK","yelloweye","private",0.886890104707329,"Kodiak",NA,NA,NA,NA,NA,NA,NA,NA,NA,NA,NA,1,NA,NA,NA,10,10
1978,"AFOGNAK","yelloweye","private",0.886890104707329,"Kodiak",NA,NA,NA,NA,NA,NA,NA,NA,NA,NA,NA,1,NA,NA,NA,10,10
1979,"AFOGNAK","yelloweye","private",0.886890104707329,"Kodiak",NA,NA,NA,NA,NA,NA,NA,NA,NA,NA,NA,1,NA,NA,NA,10,10
1980,"AFOGNAK","yelloweye","private",0.886890104707329,"Kodiak",NA,NA,NA,NA,NA,NA,NA,NA,NA,NA,NA,1,NA,NA,NA,10,10
1981,"AFOGNAK","yelloweye","private",0.886890104707329,"Kodiak",NA,NA,NA,NA,NA,NA,NA,NA,NA,NA,NA,1,NA,NA,NA,10,10
1982,"AFOGNAK","yelloweye","private",0.886890104707329,"Kodiak",NA,NA,NA,NA,NA,NA,NA,NA,NA,NA,NA,1,NA,NA,NA,10,10
1983,"AFOGNAK","yelloweye","private",0.886890104707329,"Kodiak",NA,NA,NA,NA,NA,NA,NA,NA,NA,NA,NA,1,NA,NA,NA,10,10
1984,"AFOGNAK","yelloweye","private",0.886890104707329,"Kodiak",NA,NA,NA,NA,NA,NA,NA,NA,NA,NA,NA,1,NA,NA,NA,10,10
1985,"AFOGNAK","yelloweye","private",0.886890104707329,"Kodiak",NA,NA,NA,NA,NA,NA,NA,NA,NA,NA,NA,1,NA,NA,NA,10,10
1986,"AFOGNAK","yelloweye","private",0.886890104707329,"Kodiak",NA,NA,NA,NA,NA,NA,NA,NA,NA,NA,NA,1,NA,NA,NA,10,10
1987,"AFOGNAK","yelloweye","private",0.886890104707329,"Kodiak",NA,NA,NA,NA,NA,NA,NA,NA,NA,NA,NA,1,NA,NA,NA,10,10
1988,"AFOGNAK","yelloweye","private",0.886890104707329,"Kodiak",NA,NA,NA,NA,NA,NA,NA,NA,NA,NA,NA,1,NA,NA,NA,10,10
1989,"AFOGNAK","yelloweye","private",0.886890104707329,"Kodiak",NA,NA,NA,NA,NA,NA,NA,NA,NA,NA,NA,1,NA,NA,NA,10,10
1990,"AFOGNAK","yelloweye","private",0.886890104707329,"Kodiak",NA,NA,NA,NA,NA,NA,NA,NA,NA,NA,NA,1,NA,NA,NA,10,10
1991,"AFOGNAK","yelloweye","private",0.886890104707329,"Kodiak",NA,NA,NA,NA,NA,NA,NA,NA,NA,NA,NA,1,NA,NA,NA,10,10
1992,"AFOGNAK","yelloweye","private",0.886890104707329,"Kodiak",NA,NA,NA,NA,NA,NA,NA,NA,NA,NA,NA,1,NA,NA,NA,10,10
1993,"AFOGNAK","yelloweye","private",0.886890104707329,"Kodiak",NA,NA,NA,NA,NA,NA,NA,NA,NA,NA,NA,1,NA,NA,NA,10,10
1994,"AFOGNAK","yelloweye","private",0.886890104707329,"Kodiak",NA,NA,NA,NA,NA,NA,NA,NA,NA,NA,NA,1,NA,NA,NA,10,10
1995,"AFOGNAK","yelloweye","private",0.886890104707329,"Kodiak",NA,NA,NA,NA,NA,NA,NA,NA,NA,NA,NA,1,NA,NA,NA,10,10
1996,"AFOGNAK","yelloweye","private",0.886890104707329,"Kodiak",NA,NA,NA,NA,NA,NA,NA,NA,NA,NA,NA,1,NA,NA,NA,10,10
1997,"AFOGNAK","yelloweye","private",0.886890104707329,"Kodiak",NA,NA,NA,NA,NA,NA,NA,NA,NA,NA,NA,1,NA,NA,NA,10,10
1998,"AFOGNAK","yelloweye","private",0.886890104707329,"Kodiak",NA,NA,NA,NA,NA,NA,NA,NA,NA,NA,NA,1,NA,NA,NA,10,10
1999,"AFOGNAK","yelloweye","private",0.886890104707329,"Kodiak",NA,NA,NA,NA,NA,NA,NA,NA,NA,NA,NA,1,NA,NA,NA,10,10
2000,"AFOGNAK","yelloweye","private",0.886890104707329,"Kodiak",NA,NA,NA,NA,NA,NA,NA,NA,NA,NA,NA,1,NA,NA,NA,10,10
2001,"AFOGNAK","yelloweye","private",0.886890104707329,"Kodiak",NA,NA,NA,NA,NA,NA,NA,NA,NA,NA,NA,1,NA,NA,NA,10,10
2002,"AFOGNAK","yelloweye","private",0.886890104707329,"Kodiak",NA,NA,NA,NA,NA,NA,NA,NA,NA,NA,NA,1,NA,NA,NA,10,10
2003,"AFOGNAK","yelloweye","private",0.886890104707329,"Kodiak",NA,NA,NA,NA,NA,NA,NA,NA,NA,NA,NA,1,NA,NA,NA,10,10
2004,"AFOGNAK","yelloweye","private",0.886890104707329,"Kodiak",NA,NA,NA,NA,NA,NA,NA,NA,NA,NA,NA,1,NA,NA,NA,10,10
2005,"AFOGNAK","yelloweye","private",0.886890104707329,"Kodiak",NA,NA,NA,NA,NA,NA,NA,NA,NA,NA,NA,1,NA,NA,NA,10,10
2006,"AFOGNAK","yelloweye","private",0.886890104707329,"Kodiak",NA,NA,NA,NA,NA,NA,NA,NA,NA,NA,NA,1,NA,NA,NA,10,10
2007,"AFOGNAK","yelloweye","private",0.886890104707329,"Kodiak",NA,NA,NA,NA,NA,NA,NA,NA,NA,NA,NA,1,NA,NA,NA,10,10
2008,"AFOGNAK","yelloweye","private",0.886890104707329,"Kodiak",NA,NA,NA,NA,NA,NA,NA,NA,NA,NA,NA,1,NA,NA,NA,10,10
2009,"AFOGNAK","yelloweye","private",0.886890104707329,"Kodiak",NA,NA,NA,NA,NA,NA,NA,NA,NA,NA,NA,1,NA,NA,NA,10,10
2010,"AFOGNAK","yelloweye","private",0.886890104707329,"Kodiak",NA,NA,NA,NA,NA,NA,NA,NA,NA,NA,NA,1,NA,NA,NA,10,10
2011,"AFOGNAK","yelloweye","private",0.886890104707329,"Kodiak",NA,NA,NA,NA,NA,NA,NA,NA,NA,NA,NA,1,NA,NA,NA,10,10
2012,"AFOGNAK","yelloweye","private",0.886890104707329,"Kodiak",NA,NA,NA,NA,NA,NA,NA,NA,NA,NA,NA,1,NA,NA,NA,10,10
2013,"AFOGNAK","yelloweye","private",0.248725556652691,"Kodiak",NA,NA,NA,NA,NA,NA,NA,NA,NA,NA,NA,1,NA,NA,NA,10,10
2014,"AFOGNAK","yelloweye","private",0.248725556652691,"Kodiak",NA,NA,NA,NA,NA,NA,NA,NA,NA,NA,NA,1,NA,NA,NA,10,10
2015,"AFOGNAK","yelloweye","private",0.248725556652691,"Kodiak",NA,NA,NA,NA,NA,NA,NA,NA,NA,NA,NA,1,NA,NA,NA,10,10
2016,"AFOGNAK","yelloweye","private",0.248725556652691,"Kodiak",NA,NA,NA,NA,NA,NA,NA,NA,NA,NA,NA,1,NA,NA,NA,10,10
2017,"AFOGNAK","yelloweye","private",0.248725556652691,"Kodiak",NA,NA,NA,NA,NA,NA,NA,NA,NA,NA,NA,1,NA,NA,NA,10,10
2018,"AFOGNAK","yelloweye","private",0.248725556652691,"Kodiak",NA,NA,NA,NA,NA,NA,NA,NA,NA,NA,NA,1,NA,NA,NA,10,10
2019,"AFOGNAK","yelloweye","private",0.248725556652691,"Kodiak",NA,NA,NA,NA,NA,NA,NA,NA,NA,NA,NA,1,NA,NA,NA,10,10
2020,"AFOGNAK","yelloweye","private",0.248725556652691,"Kodiak",NA,NA,NA,NA,NA,NA,NA,NA,NA,NA,NA,1,NA,NA,NA,10,10
2021,"AFOGNAK","yelloweye","private",0.248725556652691,"Kodiak",NA,NA,NA,NA,NA,NA,NA,NA,NA,NA,NA,1,NA,NA,NA,10,10
2022,"AFOGNAK","yelloweye","private",0.248725556652691,"Kodiak",NA,NA,NA,NA,NA,NA,NA,NA,NA,NA,NA,1,NA,NA,NA,10,10
2023,"AFOGNAK","yelloweye","private",0.248725556652691,"Kodiak",NA,NA,NA,NA,NA,NA,NA,NA,NA,NA,NA,1,NA,NA,NA,10,10
2024,"AFOGNAK","yelloweye","private",0.248725556652691,"Kodiak",NA,NA,NA,NA,NA,NA,NA,NA,NA,NA,NA,1,NA,NA,NA,10,10
2025,"AFOGNAK","yelloweye","private",0.248725556652691,"Kodiak",NA,NA,NA,NA,NA,NA,NA,NA,NA,NA,NA,1,NA,NA,NA,10,10
1977,"EASTSIDE","yelloweye","private",0.886890104707329,"Kodiak",NA,NA,NA,NA,NA,NA,NA,NA,NA,NA,NA,1,NA,NA,NA,10,10
1978,"EASTSIDE","yelloweye","private",0.886890104707329,"Kodiak",NA,NA,NA,NA,NA,NA,NA,NA,NA,NA,NA,1,NA,NA,NA,10,10
1979,"EASTSIDE","yelloweye","private",0.886890104707329,"Kodiak",NA,NA,NA,NA,NA,NA,NA,NA,NA,NA,NA,1,NA,NA,NA,10,10
1980,"EASTSIDE","yelloweye","private",0.886890104707329,"Kodiak",NA,NA,NA,NA,NA,NA,NA,NA,NA,NA,NA,1,NA,NA,NA,10,10
1981,"EASTSIDE","yelloweye","private",0.886890104707329,"Kodiak",NA,NA,NA,NA,NA,NA,NA,NA,NA,NA,NA,1,NA,NA,NA,10,10
1982,"EASTSIDE","yelloweye","private",0.886890104707329,"Kodiak",NA,NA,NA,NA,NA,NA,NA,NA,NA,NA,NA,1,NA,NA,NA,10,10
1983,"EASTSIDE","yelloweye","private",0.886890104707329,"Kodiak",NA,NA,NA,NA,NA,NA,NA,NA,NA,NA,NA,1,NA,NA,NA,10,10
1984,"EASTSIDE","yelloweye","private",0.886890104707329,"Kodiak",NA,NA,NA,NA,NA,NA,NA,NA,NA,NA,NA,1,NA,NA,NA,10,10
1985,"EASTSIDE","yelloweye","private",0.886890104707329,"Kodiak",NA,NA,NA,NA,NA,NA,NA,NA,NA,NA,NA,1,NA,NA,NA,10,10
1986,"EASTSIDE","yelloweye","private",0.886890104707329,"Kodiak",NA,NA,NA,NA,NA,NA,NA,NA,NA,NA,NA,1,NA,NA,NA,10,10
1987,"EASTSIDE","yelloweye","private",0.886890104707329,"Kodiak",NA,NA,NA,NA,NA,NA,NA,NA,NA,NA,NA,1,NA,NA,NA,10,10
1988,"EASTSIDE","yelloweye","private",0.886890104707329,"Kodiak",NA,NA,NA,NA,NA,NA,NA,NA,NA,NA,NA,1,NA,NA,NA,10,10
1989,"EASTSIDE","yelloweye","private",0.886890104707329,"Kodiak",NA,NA,NA,NA,NA,NA,NA,NA,NA,NA,NA,1,NA,NA,NA,10,10
1990,"EASTSIDE","yelloweye","private",0.886890104707329,"Kodiak",NA,NA,NA,NA,NA,NA,NA,NA,NA,NA,NA,1,NA,NA,NA,10,10
1991,"EASTSIDE","yelloweye","private",0.886890104707329,"Kodiak",NA,NA,NA,NA,NA,NA,NA,NA,NA,NA,NA,1,NA,NA,NA,10,10
1992,"EASTSIDE","yelloweye","private",0.886890104707329,"Kodiak",NA,NA,NA,NA,NA,NA,NA,NA,NA,NA,NA,1,NA,NA,NA,10,10
1993,"EASTSIDE","yelloweye","private",0.886890104707329,"Kodiak",NA,NA,NA,NA,NA,NA,NA,NA,NA,NA,NA,1,NA,NA,NA,10,10
1994,"EASTSIDE","yelloweye","private",0.886890104707329,"Kodiak",NA,NA,NA,NA,NA,NA,NA,NA,NA,NA,NA,1,NA,NA,NA,10,10
1995,"EASTSIDE","yelloweye","private",0.886890104707329,"Kodiak",NA,NA,NA,NA,NA,NA,NA,NA,NA,NA,NA,1,NA,NA,NA,10,10
1996,"EASTSIDE","yelloweye","private",0.886890104707329,"Kodiak",NA,NA,NA,NA,NA,NA,NA,NA,NA,NA,NA,1,NA,NA,NA,10,10
1997,"EASTSIDE","yelloweye","private",0.886890104707329,"Kodiak",NA,NA,NA,NA,NA,NA,NA,NA,NA,NA,NA,1,NA,NA,NA,10,10
1998,"EASTSIDE","yelloweye","private",0.886890104707329,"Kodiak",NA,NA,NA,NA,NA,NA,NA,NA,NA,NA,NA,1,NA,NA,NA,10,10
1999,"EASTSIDE","yelloweye","private",0.886890104707329,"Kodiak",NA,NA,NA,NA,NA,NA,NA,NA,NA,NA,NA,1,NA,NA,NA,10,10
2000,"EASTSIDE","yelloweye","private",0.886890104707329,"Kodiak",NA,NA,NA,NA,NA,NA,NA,NA,NA,NA,NA,1,NA,NA,NA,10,10
2001,"EASTSIDE","yelloweye","private",0.886890104707329,"Kodiak",NA,NA,NA,NA,NA,NA,NA,NA,NA,NA,NA,1,NA,NA,NA,10,10
2002,"EASTSIDE","yelloweye","private",0.886890104707329,"Kodiak",NA,NA,NA,NA,NA,NA,NA,NA,NA,NA,NA,1,NA,NA,NA,10,10
2003,"EASTSIDE","yelloweye","private",0.886890104707329,"Kodiak",NA,NA,NA,NA,NA,NA,NA,NA,NA,NA,NA,1,NA,NA,NA,10,10
2004,"EASTSIDE","yelloweye","private",0.886890104707329,"Kodiak",NA,NA,NA,NA,NA,NA,NA,NA,NA,NA,NA,1,NA,NA,NA,10,10
2005,"EASTSIDE","yelloweye","private",0.886890104707329,"Kodiak",NA,NA,NA,NA,NA,NA,NA,NA,NA,NA,NA,1,NA,NA,NA,10,10
2006,"EASTSIDE","yelloweye","private",0.886890104707329,"Kodiak",NA,NA,NA,NA,NA,NA,NA,NA,NA,NA,NA,1,NA,NA,NA,10,10
2007,"EASTSIDE","yelloweye","private",0.886890104707329,"Kodiak",NA,NA,NA,NA,NA,NA,NA,NA,NA,NA,NA,1,NA,NA,NA,10,10
2008,"EASTSIDE","yelloweye","private",0.886890104707329,"Kodiak",NA,NA,NA,NA,NA,NA,NA,NA,NA,NA,NA,1,NA,NA,NA,10,10
2009,"EASTSIDE","yelloweye","private",0.886890104707329,"Kodiak",NA,NA,NA,NA,NA,NA,NA,NA,NA,NA,NA,1,NA,NA,NA,10,10
2010,"EASTSIDE","yelloweye","private",0.886890104707329,"Kodiak",NA,NA,NA,NA,NA,NA,NA,NA,NA,NA,NA,1,NA,NA,NA,10,10
2011,"EASTSIDE","yelloweye","private",0.886890104707329,"Kodiak",NA,NA,NA,NA,NA,NA,NA,NA,NA,NA,NA,1,NA,NA,NA,10,10
2012,"EASTSIDE","yelloweye","private",0.886890104707329,"Kodiak",NA,NA,NA,NA,NA,NA,NA,NA,NA,NA,NA,1,NA,NA,NA,10,10
2013,"EASTSIDE","yelloweye","private",0.248725556652691,"Kodiak",NA,NA,NA,NA,NA,NA,NA,NA,NA,NA,NA,1,NA,NA,NA,10,10
2014,"EASTSIDE","yelloweye","private",0.248725556652691,"Kodiak",NA,NA,NA,NA,NA,NA,NA,NA,NA,NA,NA,1,NA,NA,NA,10,10
2015,"EASTSIDE","yelloweye","private",0.248725556652691,"Kodiak",NA,NA,NA,NA,NA,NA,NA,NA,NA,NA,NA,1,NA,NA,NA,10,10
2016,"EASTSIDE","yelloweye","private",0.248725556652691,"Kodiak",NA,NA,NA,NA,NA,NA,NA,NA,NA,NA,NA,1,NA,NA,NA,10,10
2017,"EASTSIDE","yelloweye","private",0.248725556652691,"Kodiak",NA,NA,NA,NA,NA,NA,NA,NA,NA,NA,NA,1,NA,NA,NA,10,10
2018,"EASTSIDE","yelloweye","private",0.248725556652691,"Kodiak",NA,NA,NA,NA,NA,NA,NA,NA,NA,NA,NA,1,NA,NA,NA,10,10
2019,"EASTSIDE","yelloweye","private",0.248725556652691,"Kodiak",NA,NA,NA,NA,NA,NA,NA,NA,NA,NA,NA,1,NA,NA,NA,10,10
2020,"EASTSIDE","yelloweye","private",0.248725556652691,"Kodiak",NA,NA,NA,NA,NA,NA,NA,NA,NA,NA,NA,1,NA,NA,NA,10,10
2021,"EASTSIDE","yelloweye","private",0.248725556652691,"Kodiak",NA,NA,NA,NA,NA,NA,NA,NA,NA,NA,NA,1,NA,NA,NA,10,10
2022,"EASTSIDE","yelloweye","private",0.248725556652691,"Kodiak",NA,NA,NA,NA,NA,NA,NA,NA,NA,NA,NA,1,NA,NA,NA,10,10
2023,"EASTSIDE","yelloweye","private",0.248725556652691,"Kodiak",NA,NA,NA,NA,NA,NA,NA,NA,NA,NA,NA,1,NA,NA,NA,10,10
2024,"EASTSIDE","yelloweye","private",0.248725556652691,"Kodiak",NA,NA,NA,NA,NA,NA,NA,NA,NA,NA,NA,1,NA,NA,NA,10,10
2025,"EASTSIDE","yelloweye","private",0.248725556652691,"Kodiak",NA,NA,NA,NA,NA,NA,NA,NA,NA,NA,NA,1,NA,NA,NA,10,10
1977,"NORTHEAST","yelloweye","private",0.886890104707329,"Kodiak",NA,NA,NA,NA,NA,NA,NA,NA,NA,NA,NA,1,NA,NA,NA,2.63034562570222,2.63034562570222
1978,"NORTHEAST","yelloweye","private",0.886890104707329,"Kodiak",NA,NA,NA,NA,NA,NA,NA,NA,NA,NA,NA,1,NA,NA,NA,2.63034562570222,2.63034562570222
1979,"NORTHEAST","yelloweye","private",0.886890104707329,"Kodiak",NA,NA,NA,NA,NA,NA,NA,NA,NA,NA,NA,1,NA,NA,NA,2.63034562570222,2.63034562570222
1980,"NORTHEAST","yelloweye","private",0.886890104707329,"Kodiak",NA,NA,NA,NA,NA,NA,NA,NA,NA,NA,NA,1,NA,NA,NA,2.63034562570222,2.63034562570222
1981,"NORTHEAST","yelloweye","private",0.886890104707329,"Kodiak",NA,NA,NA,NA,NA,NA,NA,NA,NA,NA,NA,1,NA,NA,NA,2.63034562570222,2.63034562570222
1982,"NORTHEAST","yelloweye","private",0.886890104707329,"Kodiak",NA,NA,NA,NA,NA,NA,NA,NA,NA,NA,NA,1,NA,NA,NA,2.63034562570222,2.63034562570222
1983,"NORTHEAST","yelloweye","private",0.886890104707329,"Kodiak",NA,NA,NA,NA,NA,NA,NA,NA,NA,NA,NA,1,NA,NA,NA,2.63034562570222,2.63034562570222
1984,"NORTHEAST","yelloweye","private",0.886890104707329,"Kodiak",NA,NA,NA,NA,NA,NA,NA,NA,NA,NA,NA,1,NA,NA,NA,2.63034562570222,2.63034562570222
1985,"NORTHEAST","yelloweye","private",0.886890104707329,"Kodiak",NA,NA,NA,NA,NA,NA,NA,NA,NA,NA,NA,1,NA,NA,NA,2.63034562570222,2.63034562570222
1986,"NORTHEAST","yelloweye","private",0.886890104707329,"Kodiak",NA,NA,NA,NA,NA,NA,NA,NA,NA,NA,NA,1,NA,NA,NA,2.63034562570222,2.63034562570222
1987,"NORTHEAST","yelloweye","private",0.886890104707329,"Kodiak",NA,NA,NA,NA,NA,NA,NA,NA,NA,NA,NA,1,NA,NA,NA,2.63034562570222,2.63034562570222
1988,"NORTHEAST","yelloweye","private",0.886890104707329,"Kodiak",NA,NA,NA,NA,NA,NA,NA,NA,NA,NA,NA,1,NA,NA,NA,2.63034562570222,2.63034562570222
1989,"NORTHEAST","yelloweye","private",0.886890104707329,"Kodiak",NA,NA,NA,NA,NA,NA,NA,NA,NA,NA,NA,1,NA,NA,NA,2.63034562570222,2.63034562570222
1990,"NORTHEAST","yelloweye","private",0.886890104707329,"Kodiak",NA,NA,NA,NA,NA,NA,NA,NA,NA,NA,NA,1,NA,NA,NA,2.63034562570222,2.63034562570222
1991,"NORTHEAST","yelloweye","private",0.886890104707329,"Kodiak",NA,NA,NA,NA,NA,NA,NA,NA,NA,NA,NA,1,NA,NA,NA,2.63034562570222,2.63034562570222
1992,"NORTHEAST","yelloweye","private",0.886890104707329,"Kodiak",NA,NA,NA,NA,NA,NA,NA,NA,NA,NA,NA,1,NA,NA,NA,2.63034562570222,2.63034562570222
1993,"NORTHEAST","yelloweye","private",0.886890104707329,"Kodiak",NA,NA,NA,NA,NA,NA,NA,NA,NA,NA,NA,1,NA,NA,NA,2.63034562570222,2.63034562570222
1994,"NORTHEAST","yelloweye","private",0.886890104707329,"Kodiak",NA,NA,NA,NA,NA,NA,NA,NA,NA,NA,NA,1,NA,NA,NA,2.63034562570222,2.63034562570222
1995,"NORTHEAST","yelloweye","private",0.886890104707329,"Kodiak",NA,NA,NA,NA,NA,NA,NA,NA,NA,NA,NA,1,NA,NA,NA,2.63034562570222,2.63034562570222
1996,"NORTHEAST","yelloweye","private",0.886890104707329,"Kodiak",NA,NA,NA,NA,NA,NA,NA,NA,NA,NA,NA,1,NA,NA,NA,2.63034562570222,2.63034562570222
1997,"NORTHEAST","yelloweye","private",0.886890104707329,"Kodiak",NA,NA,NA,NA,NA,NA,NA,NA,NA,NA,NA,1,NA,NA,NA,2.63034562570222,2.63034562570222
1998,"NORTHEAST","yelloweye","private",0.886890104707329,"Kodiak",NA,NA,NA,NA,NA,NA,NA,NA,NA,NA,NA,1,NA,NA,NA,2.63034562570222,2.63034562570222
1999,"NORTHEAST","yelloweye","private",0.886890104707329,"Kodiak",NA,NA,NA,NA,NA,NA,NA,NA,NA,NA,NA,1,NA,NA,NA,2.63034562570222,2.63034562570222
2000,"NORTHEAST","yelloweye","private",0.886890104707329,"Kodiak",NA,NA,NA,NA,NA,NA,NA,NA,NA,NA,NA,1,NA,NA,NA,2.63034562570222,2.63034562570222
2001,"NORTHEAST","yelloweye","private",0.886890104707329,"Kodiak",NA,NA,NA,NA,NA,NA,NA,NA,NA,NA,NA,1,NA,NA,NA,2.63034562570222,2.63034562570222
2002,"NORTHEAST","yelloweye","private",0.886890104707329,"Kodiak",NA,NA,NA,NA,NA,NA,NA,NA,NA,NA,NA,1,NA,NA,NA,2.63034562570222,2.63034562570222
2003,"NORTHEAST","yelloweye","private",0.886890104707329,"Kodiak",NA,NA,NA,NA,NA,NA,NA,NA,NA,NA,NA,1,NA,NA,NA,2.63034562570222,2.63034562570222
2004,"NORTHEAST","yelloweye","private",0.886890104707329,"Kodiak",NA,NA,NA,NA,NA,NA,NA,NA,NA,NA,NA,1,NA,NA,NA,2.63034562570222,2.63034562570222
2005,"NORTHEAST","yelloweye","private",0.886890104707329,"Kodiak",NA,NA,NA,NA,NA,NA,NA,NA,NA,NA,NA,1,NA,NA,NA,2.63034562570222,2.63034562570222
2006,"NORTHEAST","yelloweye","private",0.886890104707329,"Kodiak",NA,NA,NA,NA,NA,NA,NA,NA,NA,NA,NA,1,NA,NA,NA,2.63034562570222,2.63034562570222
2007,"NORTHEAST","yelloweye","private",0.886890104707329,"Kodiak",NA,NA,NA,NA,NA,NA,NA,NA,NA,NA,NA,1,NA,NA,NA,2.63034562570222,2.63034562570222
2008,"NORTHEAST","yelloweye","private",0.886890104707329,"Kodiak",NA,NA,NA,NA,NA,NA,NA,NA,NA,NA,NA,1,NA,NA,NA,2.63034562570222,2.63034562570222
2009,"NORTHEAST","yelloweye","private",0.886890104707329,"Kodiak",NA,NA,NA,NA,NA,NA,NA,NA,NA,NA,NA,1,NA,NA,NA,2.63034562570222,2.63034562570222
2010,"NORTHEAST","yelloweye","private",0.886890104707329,"Kodiak",NA,NA,NA,NA,NA,NA,NA,NA,NA,NA,NA,1,NA,NA,NA,2.63034562570222,2.63034562570222
2011,"NORTHEAST","yelloweye","private",0.886890104707329,"Kodiak",NA,NA,NA,NA,NA,NA,NA,NA,NA,NA,NA,1,NA,NA,NA,2.63034562570222,2.63034562570222
2012,"NORTHEAST","yelloweye","private",0.886890104707329,"Kodiak",NA,NA,NA,NA,NA,NA,NA,NA,NA,NA,NA,1,NA,NA,NA,2.63034562570222,2.63034562570222
2013,"NORTHEAST","yelloweye","private",0.248725556652691,"Kodiak",NA,NA,NA,NA,NA,NA,NA,NA,NA,NA,NA,1,NA,NA,NA,2.63034562570222,2.63034562570222
2014,"NORTHEAST","yelloweye","private",0.248725556652691,"Kodiak",NA,NA,NA,NA,NA,NA,NA,NA,NA,NA,NA,1,NA,NA,NA,2.63034562570222,2.63034562570222
2015,"NORTHEAST","yelloweye","private",0.248725556652691,"Kodiak",11,7,1.57142857142857,3.66155311333506,1.40252395749169,0.393843481630608,9.375,6.625,1.40458603896104,7,"bootstrap",0.383040724544953,8.0723428179899,3.0920360417781,0.868276248342393,2.63034562570222,0.868276248342393
2016,"NORTHEAST","yelloweye","private",0.248725556652691,"Kodiak",NA,NA,NA,NA,NA,NA,NA,NA,NA,NA,NA,1,NA,NA,NA,2.63034562570222,2.63034562570222
2017,"NORTHEAST","yelloweye","private",0.248725556652691,"Kodiak",NA,NA,NA,NA,NA,NA,NA,NA,NA,NA,NA,1,NA,NA,NA,2.63034562570222,2.63034562570222
2018,"NORTHEAST","yelloweye","private",0.248725556652691,"Kodiak",NA,NA,NA,NA,NA,NA,NA,NA,NA,NA,NA,1,NA,NA,NA,2.63034562570222,2.63034562570222
2019,"NORTHEAST","yelloweye","private",0.248725556652691,"Kodiak",NA,NA,NA,NA,NA,NA,NA,NA,NA,NA,NA,1,NA,NA,NA,2.63034562570222,2.63034562570222
2020,"NORTHEAST","yelloweye","private",0.248725556652691,"Kodiak",NA,NA,NA,NA,NA,NA,NA,NA,NA,NA,NA,1,NA,NA,NA,2.63034562570222,2.63034562570222
2021,"NORTHEAST","yelloweye","private",0.248725556652691,"Kodiak",NA,NA,NA,NA,NA,NA,NA,NA,NA,NA,NA,1,NA,NA,NA,2.63034562570222,2.63034562570222
2022,"NORTHEAST","yelloweye","private",0.248725556652691,"Kodiak",NA,NA,NA,NA,NA,NA,NA,NA,NA,NA,NA,1,NA,NA,NA,2.63034562570222,2.63034562570222
2023,"NORTHEAST","yelloweye","private",0.248725556652691,"Kodiak",NA,NA,NA,NA,NA,NA,NA,NA,NA,NA,NA,1,NA,NA,NA,2.63034562570222,2.63034562570222
2024,"NORTHEAST","yelloweye","private",0.248725556652691,"Kodiak",13,8,1.625,4.07880571628308,1.93091513502748,0.520356382260051,9.375,6.625,1.40458603896104,8,"bootstrap",0.473402086134928,8.99222734470298,4.25693918398194,1.14718945079187,2.63034562570222,1.14718945079187
2025,"NORTHEAST","yelloweye","private",0.248725556652691,"Kodiak",16,11,1.45454545454545,4.37268226736579,2.45640708591237,0.596552353640964,9.375,6.625,1.40458603896104,11,"bootstrap",0.56176208004982,9.64011423670751,5.41545062553069,1.31517281285111,2.63034562570222,1.31517281285111
1977,"CSEO","yelloweye","private",0.9,"Southeast",NA,NA,NA,NA,NA,NA,NA,NA,NA,NA,NA,1,NA,NA,NA,2.11936188942499,2.11936188942499
1978,"CSEO","yelloweye","private",0.9,"Southeast",NA,NA,NA,NA,NA,NA,NA,NA,NA,NA,NA,1,NA,NA,NA,2.11936188942499,2.11936188942499
1979,"CSEO","yelloweye","private",0.9,"Southeast",NA,NA,NA,NA,NA,NA,NA,NA,NA,NA,NA,1,NA,NA,NA,2.11936188942499,2.11936188942499
1980,"CSEO","yelloweye","private",0.9,"Southeast",NA,NA,NA,NA,NA,NA,NA,NA,NA,NA,NA,1,NA,NA,NA,2.11936188942499,2.11936188942499
1981,"CSEO","yelloweye","private",0.9,"Southeast",NA,NA,NA,NA,NA,NA,NA,NA,NA,NA,NA,1,NA,NA,NA,2.11936188942499,2.11936188942499
1982,"CSEO","yelloweye","private",0.9,"Southeast",NA,NA,NA,NA,NA,NA,NA,NA,NA,NA,NA,1,NA,NA,NA,2.11936188942499,2.11936188942499
1983,"CSEO","yelloweye","private",0.9,"Southeast",NA,NA,NA,NA,NA,NA,NA,NA,NA,NA,NA,1,NA,NA,NA,2.11936188942499,2.11936188942499
1984,"CSEO","yelloweye","private",0.9,"Southeast",NA,NA,NA,NA,NA,NA,NA,NA,NA,NA,NA,1,NA,NA,NA,2.11936188942499,2.11936188942499
1985,"CSEO","yelloweye","private",0.9,"Southeast",NA,NA,NA,NA,NA,NA,NA,NA,NA,NA,NA,1,NA,NA,NA,2.11936188942499,2.11936188942499
1986,"CSEO","yelloweye","private",0.9,"Southeast",NA,NA,NA,NA,NA,NA,NA,NA,NA,NA,NA,1,NA,NA,NA,2.11936188942499,2.11936188942499
1987,"CSEO","yelloweye","private",0.9,"Southeast",NA,NA,NA,NA,NA,NA,NA,NA,NA,NA,NA,1,NA,NA,NA,2.11936188942499,2.11936188942499
1988,"CSEO","yelloweye","private",0.9,"Southeast",NA,NA,NA,NA,NA,NA,NA,NA,NA,NA,NA,1,NA,NA,NA,2.11936188942499,2.11936188942499
1989,"CSEO","yelloweye","private",0.9,"Southeast",NA,NA,NA,NA,NA,NA,NA,NA,NA,NA,NA,1,NA,NA,NA,2.11936188942499,2.11936188942499
1990,"CSEO","yelloweye","private",0.9,"Southeast",NA,NA,NA,NA,NA,NA,NA,NA,NA,NA,NA,1,NA,NA,NA,2.11936188942499,2.11936188942499
1991,"CSEO","yelloweye","private",0.9,"Southeast",NA,NA,NA,NA,NA,NA,NA,NA,NA,NA,NA,1,NA,NA,NA,2.11936188942499,2.11936188942499
1992,"CSEO","yelloweye","private",0.9,"Southeast",NA,NA,NA,NA,NA,NA,NA,NA,NA,NA,NA,1,NA,NA,NA,2.11936188942499,2.11936188942499
1993,"CSEO","yelloweye","private",0.9,"Southeast",NA,NA,NA,NA,NA,NA,NA,NA,NA,NA,NA,1,NA,NA,NA,2.11936188942499,2.11936188942499
1994,"CSEO","yelloweye","private",0.9,"Southeast",NA,NA,NA,NA,NA,NA,NA,NA,NA,NA,NA,1,NA,NA,NA,2.11936188942499,2.11936188942499
1995,"CSEO","yelloweye","private",0.9,"Southeast",NA,NA,NA,NA,NA,NA,NA,NA,NA,NA,NA,1,NA,NA,NA,2.11936188942499,2.11936188942499
1996,"CSEO","yelloweye","private",0.9,"Southeast",NA,NA,NA,NA,NA,NA,NA,NA,NA,NA,NA,1,NA,NA,NA,2.11936188942499,2.11936188942499
1997,"CSEO","yelloweye","private",0.9,"Southeast",NA,NA,NA,NA,NA,NA,NA,NA,NA,NA,NA,1,NA,NA,NA,2.11936188942499,2.11936188942499
1998,"CSEO","yelloweye","private",0.9,"Southeast",NA,NA,NA,NA,NA,NA,NA,NA,NA,NA,NA,1,NA,NA,NA,2.11936188942499,2.11936188942499
1999,"CSEO","yelloweye","private",0.9,"Southeast",NA,NA,NA,NA,NA,NA,NA,NA,NA,NA,NA,1,NA,NA,NA,2.11936188942499,2.11936188942499
2000,"CSEO","yelloweye","private",0.9,"Southeast",NA,NA,NA,NA,NA,NA,NA,NA,NA,NA,NA,1,NA,NA,NA,2.11936188942499,2.11936188942499
2001,"CSEO","yelloweye","private",0.9,"Southeast",NA,NA,NA,NA,NA,NA,NA,NA,NA,NA,NA,1,NA,NA,NA,2.11936188942499,2.11936188942499
2002,"CSEO","yelloweye","private",0.9,"Southeast",NA,NA,NA,NA,NA,NA,NA,NA,NA,NA,NA,1,NA,NA,NA,2.11936188942499,2.11936188942499
2003,"CSEO","yelloweye","private",0.9,"Southeast",NA,NA,NA,NA,NA,NA,NA,NA,NA,NA,NA,1,NA,NA,NA,2.11936188942499,2.11936188942499
2004,"CSEO","yelloweye","private",0.9,"Southeast",NA,NA,NA,NA,NA,NA,NA,NA,NA,NA,NA,1,NA,NA,NA,2.11936188942499,2.11936188942499
2005,"CSEO","yelloweye","private",0.9,"Southeast",NA,NA,NA,NA,NA,NA,NA,NA,NA,NA,NA,1,NA,NA,NA,2.11936188942499,2.11936188942499
2006,"CSEO","yelloweye","private",0.9,"Southeast",28,1,28,3.56640706739286,2.02460385436338,0.374864384658305,77.4545454545455,42.4545454545455,1.76132411697525,15.8971308745178,"bootstrap",0.56768725950384,7.86258169290216,4.46348745386869,0.82643450185008,2.11936188942499,0.82643450185008
2007,"CSEO","yelloweye","private",0.9,"Southeast",12,1,12,3.75751774066667,1.80699332263768,0.480663191559059,77.4545454545455,42.4545454545455,1.76132411697525,6.81305608907905,"bootstrap",0.48090080935109,8.28390860612503,3.98373835327599,1.05968094471249,2.11936188942499,1.05968094471249
2008,"CSEO","yelloweye","private",0.9,"Southeast",NA,NA,NA,NA,NA,NA,NA,NA,NA,NA,NA,1,NA,NA,NA,2.11936188942499,2.11936188942499
2009,"CSEO","yelloweye","private",0.9,"Southeast",34,1,34,3.11696036529412,1.48525024772371,0.254625757373445,77.4545454545455,42.4545454545455,1.76132411697525,19.3036589190573,"bootstrap",0.476505978151429,6.87172132697088,3.27441629249229,0.561353704340129,2.11936188942499,0.561353704340129
2010,"CSEO","yelloweye","private",0.9,"Southeast",31,1,31,3.187842155,1.37624066649904,0.246364661961488,77.4545454545455,42.4545454545455,1.76132411697525,17.6003948967875,"bootstrap",0.431715436205166,7.02798892390255,3.03409130392766,0.54314110652895,2.11936188942499,0.54314110652895
2011,"CSEO","yelloweye","private",0.9,"Southeast",111,56,1.98214285714286,3.15999066781982,2.03806494922337,0.192180081779373,77.4545454545455,42.4545454545455,1.76132411697525,56,"bootstrap",0.644959167119787,6.96658690526448,4.49316408808699,0.423684555404256,2.11936188942499,0.423684555404256
2012,"CSEO","yelloweye","private",0.9,"Southeast",86,49,1.75510204081633,3.13452640210465,1.55582380586019,0.169165887389709,77.4545454545455,42.4545454545455,1.76132411697525,49,"bootstrap",0.496350518794656,6.91044780906713,3.43000435513386,0.372946941871725,2.11936188942499,0.372946941871725
2013,"CSEO","yelloweye","private",0.8,"Southeast",100,56,1.78571428571429,3.00293186245,1.3144906215844,0.129121706039648,77.4545454545455,42.4545454545455,1.76132411697525,56,"bootstrap",0.437735746861718,6.620331510276,2.89795575812283,0.284664633867999,2.11936188942499,0.284664633867999
2014,"CSEO","yelloweye","private",0.8,"Southeast",77,48,1.60416666666667,2.36592700445455,1.15956574956607,0.131516823693878,77.4545454545455,42.4545454545455,1.76132411697525,48,"bootstrap",0.490110534848644,5.21597619128934,2.55640488087061,0.289944964426075,2.11936188942499,0.289944964426075
2015,"CSEO","yelloweye","private",0.8,"Southeast",86,43,2,3.08014745218605,1.61328057098972,0.178016979660431,77.4545454545455,42.4545454545455,1.76132411697525,43,"bootstrap",0.523767318296641,6.79056274602473,3.55667483921045,0.392460260103466,2.11936188942499,0.392460260103466
2016,"CSEO","yelloweye","private",0.8,"Southeast",105,64,1.640625,3.1005326894381,1.81726426951723,0.172325684216158,77.4545454545455,42.4545454545455,1.76132411697525,64,"bootstrap",0.586113565487538,6.83550450118467,4.00638191509546,0.379913101429919,2.11936188942499,0.379913101429919
2017,"CSEO","yelloweye","private",0.7,"Southeast",73,37,1.97297297297297,2.81947413746575,1.60162995814774,0.188882470266664,77.4545454545455,42.4545454545455,1.76132411697525,37,"bootstrap",0.568059815433294,6.21587645996198,3.53098963460216,0.416414566471365,2.11936188942499,0.416414566471365
2018,"CSEO","yelloweye","private",0.6,"Southeast",58,32,1.8125,3.07225979132759,1.3604524015259,0.184825737918062,77.4545454545455,42.4545454545455,1.76132411697525,32,"bootstrap",0.442818151435696,6.77317343047728,2.99928413783732,0.407471002572351,2.11936188942499,0.407471002572351
2019,"CSEO","yelloweye","private",0.5,"Southeast",88,41,2.14634146341463,3.11897560655682,1.28194587625747,0.13229561324659,77.4545454545455,42.4545454545455,1.76132411697525,41,"bootstrap",0.411015037617645,6.87616417344339,2.82620687641294,0.291661901490204,2.11936188942499,0.291661901490204
2020,"CSEO","yelloweye","private",0.2,"Southeast",NA,NA,NA,NA,NA,NA,NA,NA,NA,NA,NA,1,NA,NA,NA,2.11936188942499,2.11936188942499
2021,"CSEO","yelloweye","private",0.2,"Southeast",NA,NA,NA,NA,NA,NA,NA,NA,NA,NA,NA,1,NA,NA,NA,2.11936188942499,2.11936188942499
2022,"CSEO","yelloweye","private",0.2,"Southeast",NA,NA,NA,NA,NA,NA,NA,NA,NA,NA,NA,1,NA,NA,NA,2.11936188942499,2.11936188942499
2023,"CSEO","yelloweye","private",0.2,"Southeast",NA,NA,NA,NA,NA,NA,NA,NA,NA,NA,NA,1,NA,NA,NA,2.11936188942499,2.11936188942499
2024,"CSEO","yelloweye","private",0.2,"Southeast",NA,NA,NA,NA,NA,NA,NA,NA,NA,NA,NA,1,NA,NA,NA,2.11936188942499,2.11936188942499
2025,"CSEO","yelloweye","private",0.2,"Southeast",69,NA,NA,3.49106248,0.596409521,NA,NA,NA,NA,NA,"4-stage",0.170838970776599,7.6964753112413,1.31485792077996,NA,2.11936188942499,2.11936188942499
1977,"EWYKT","yelloweye","private",0.9,"Southeast",NA,NA,NA,NA,NA,NA,NA,NA,NA,NA,NA,1,NA,NA,NA,10,10
1978,"EWYKT","yelloweye","private",0.9,"Southeast",NA,NA,NA,NA,NA,NA,NA,NA,NA,NA,NA,1,NA,NA,NA,10,10
1979,"EWYKT","yelloweye","private",0.9,"Southeast",NA,NA,NA,NA,NA,NA,NA,NA,NA,NA,NA,1,NA,NA,NA,10,10
1980,"EWYKT","yelloweye","private",0.9,"Southeast",NA,NA,NA,NA,NA,NA,NA,NA,NA,NA,NA,1,NA,NA,NA,10,10
1981,"EWYKT","yelloweye","private",0.9,"Southeast",NA,NA,NA,NA,NA,NA,NA,NA,NA,NA,NA,1,NA,NA,NA,10,10
1982,"EWYKT","yelloweye","private",0.9,"Southeast",NA,NA,NA,NA,NA,NA,NA,NA,NA,NA,NA,1,NA,NA,NA,10,10
1983,"EWYKT","yelloweye","private",0.9,"Southeast",NA,NA,NA,NA,NA,NA,NA,NA,NA,NA,NA,1,NA,NA,NA,10,10
1984,"EWYKT","yelloweye","private",0.9,"Southeast",NA,NA,NA,NA,NA,NA,NA,NA,NA,NA,NA,1,NA,NA,NA,10,10
1985,"EWYKT","yelloweye","private",0.9,"Southeast",NA,NA,NA,NA,NA,NA,NA,NA,NA,NA,NA,1,NA,NA,NA,10,10
1986,"EWYKT","yelloweye","private",0.9,"Southeast",NA,NA,NA,NA,NA,NA,NA,NA,NA,NA,NA,1,NA,NA,NA,10,10
1987,"EWYKT","yelloweye","private",0.9,"Southeast",NA,NA,NA,NA,NA,NA,NA,NA,NA,NA,NA,1,NA,NA,NA,10,10
1988,"EWYKT","yelloweye","private",0.9,"Southeast",NA,NA,NA,NA,NA,NA,NA,NA,NA,NA,NA,1,NA,NA,NA,10,10
1989,"EWYKT","yelloweye","private",0.9,"Southeast",NA,NA,NA,NA,NA,NA,NA,NA,NA,NA,NA,1,NA,NA,NA,10,10
1990,"EWYKT","yelloweye","private",0.9,"Southeast",NA,NA,NA,NA,NA,NA,NA,NA,NA,NA,NA,1,NA,NA,NA,10,10
1991,"EWYKT","yelloweye","private",0.9,"Southeast",NA,NA,NA,NA,NA,NA,NA,NA,NA,NA,NA,1,NA,NA,NA,10,10
1992,"EWYKT","yelloweye","private",0.9,"Southeast",NA,NA,NA,NA,NA,NA,NA,NA,NA,NA,NA,1,NA,NA,NA,10,10
1993,"EWYKT","yelloweye","private",0.9,"Southeast",NA,NA,NA,NA,NA,NA,NA,NA,NA,NA,NA,1,NA,NA,NA,10,10
1994,"EWYKT","yelloweye","private",0.9,"Southeast",NA,NA,NA,NA,NA,NA,NA,NA,NA,NA,NA,1,NA,NA,NA,10,10
1995,"EWYKT","yelloweye","private",0.9,"Southeast",NA,NA,NA,NA,NA,NA,NA,NA,NA,NA,NA,1,NA,NA,NA,10,10
1996,"EWYKT","yelloweye","private",0.9,"Southeast",NA,NA,NA,NA,NA,NA,NA,NA,NA,NA,NA,1,NA,NA,NA,10,10
1997,"EWYKT","yelloweye","private",0.9,"Southeast",NA,NA,NA,NA,NA,NA,NA,NA,NA,NA,NA,1,NA,NA,NA,10,10
1998,"EWYKT","yelloweye","private",0.9,"Southeast",NA,NA,NA,NA,NA,NA,NA,NA,NA,NA,NA,1,NA,NA,NA,10,10
1999,"EWYKT","yelloweye","private",0.9,"Southeast",NA,NA,NA,NA,NA,NA,NA,NA,NA,NA,NA,1,NA,NA,NA,10,10
2000,"EWYKT","yelloweye","private",0.9,"Southeast",NA,NA,NA,NA,NA,NA,NA,NA,NA,NA,NA,1,NA,NA,NA,10,10
2001,"EWYKT","yelloweye","private",0.9,"Southeast",NA,NA,NA,NA,NA,NA,NA,NA,NA,NA,NA,1,NA,NA,NA,10,10
2002,"EWYKT","yelloweye","private",0.9,"Southeast",NA,NA,NA,NA,NA,NA,NA,NA,NA,NA,NA,1,NA,NA,NA,10,10
2003,"EWYKT","yelloweye","private",0.9,"Southeast",NA,NA,NA,NA,NA,NA,NA,NA,NA,NA,NA,1,NA,NA,NA,10,10
2004,"EWYKT","yelloweye","private",0.9,"Southeast",NA,NA,NA,NA,NA,NA,NA,NA,NA,NA,NA,1,NA,NA,NA,10,10
2005,"EWYKT","yelloweye","private",0.9,"Southeast",NA,NA,NA,NA,NA,NA,NA,NA,NA,NA,NA,1,NA,NA,NA,10,10
2006,"EWYKT","yelloweye","private",0.9,"Southeast",NA,NA,NA,NA,NA,NA,NA,NA,NA,NA,NA,1,NA,NA,NA,10,10
2007,"EWYKT","yelloweye","private",0.9,"Southeast",NA,NA,NA,NA,NA,NA,NA,NA,NA,NA,NA,1,NA,NA,NA,10,10
2008,"EWYKT","yelloweye","private",0.9,"Southeast",NA,NA,NA,NA,NA,NA,NA,NA,NA,NA,NA,1,NA,NA,NA,10,10
2009,"EWYKT","yelloweye","private",0.9,"Southeast",NA,NA,NA,NA,NA,NA,NA,NA,NA,NA,NA,1,NA,NA,NA,10,10
2010,"EWYKT","yelloweye","private",0.9,"Southeast",NA,NA,NA,NA,NA,NA,NA,NA,NA,NA,NA,1,NA,NA,NA,10,10
2011,"EWYKT","yelloweye","private",0.9,"Southeast",NA,NA,NA,NA,NA,NA,NA,NA,NA,NA,NA,1,NA,NA,NA,10,10
2012,"EWYKT","yelloweye","private",0.9,"Southeast",NA,NA,NA,NA,NA,NA,NA,NA,NA,NA,NA,1,NA,NA,NA,10,10
2013,"EWYKT","yelloweye","private",0.8,"Southeast",NA,NA,NA,NA,NA,NA,NA,NA,NA,NA,NA,1,NA,NA,NA,10,10
2014,"EWYKT","yelloweye","private",0.8,"Southeast",NA,NA,NA,NA,NA,NA,NA,NA,NA,NA,NA,1,NA,NA,NA,10,10
2015,"EWYKT","yelloweye","private",0.8,"Southeast",NA,NA,NA,NA,NA,NA,NA,NA,NA,NA,NA,1,NA,NA,NA,10,10
2016,"EWYKT","yelloweye","private",0.8,"Southeast",NA,NA,NA,NA,NA,NA,NA,NA,NA,NA,NA,1,NA,NA,NA,10,10
2017,"EWYKT","yelloweye","private",0.7,"Southeast",NA,NA,NA,NA,NA,NA,NA,NA,NA,NA,NA,1,NA,NA,NA,10,10
2018,"EWYKT","yelloweye","private",0.6,"Southeast",NA,NA,NA,NA,NA,NA,NA,NA,NA,NA,NA,1,NA,NA,NA,10,10
2019,"EWYKT","yelloweye","private",0.5,"Southeast",NA,NA,NA,NA,NA,NA,NA,NA,NA,NA,NA,1,NA,NA,NA,10,10
2020,"EWYKT","yelloweye","private",0.2,"Southeast",NA,NA,NA,NA,NA,NA,NA,NA,NA,NA,NA,1,NA,NA,NA,10,10
2021,"EWYKT","yelloweye","private",0.2,"Southeast",NA,NA,NA,NA,NA,NA,NA,NA,NA,NA,NA,1,NA,NA,NA,10,10
2022,"EWYKT","yelloweye","private",0.2,"Southeast",NA,NA,NA,NA,NA,NA,NA,NA,NA,NA,NA,1,NA,NA,NA,10,10
2023,"EWYKT","yelloweye","private",0.2,"Southeast",NA,NA,NA,NA,NA,NA,NA,NA,NA,NA,NA,1,NA,NA,NA,10,10
2024,"EWYKT","yelloweye","private",0.2,"Southeast",NA,NA,NA,NA,NA,NA,NA,NA,NA,NA,NA,1,NA,NA,NA,10,10
2025,"EWYKT","yelloweye","private",0.2,"Southeast",6,NA,NA,4.044359402,2.149880448,NA,NA,NA,NA,NA,"4-stage",0.531575024449323,8.91628622105887,4.73967506595653,NA,10,10
1977,"NSEI","yelloweye","private",0.9,"Southeast",NA,NA,NA,NA,NA,NA,NA,NA,NA,NA,NA,1,NA,NA,NA,1.92740043038439,1.92740043038439
1978,"NSEI","yelloweye","private",0.9,"Southeast",NA,NA,NA,NA,NA,NA,NA,NA,NA,NA,NA,1,NA,NA,NA,1.92740043038439,1.92740043038439
1979,"NSEI","yelloweye","private",0.9,"Southeast",NA,NA,NA,NA,NA,NA,NA,NA,NA,NA,NA,1,NA,NA,NA,1.92740043038439,1.92740043038439
1980,"NSEI","yelloweye","private",0.9,"Southeast",NA,NA,NA,NA,NA,NA,NA,NA,NA,NA,NA,1,NA,NA,NA,1.92740043038439,1.92740043038439
1981,"NSEI","yelloweye","private",0.9,"Southeast",NA,NA,NA,NA,NA,NA,NA,NA,NA,NA,NA,1,NA,NA,NA,1.92740043038439,1.92740043038439
1982,"NSEI","yelloweye","private",0.9,"Southeast",NA,NA,NA,NA,NA,NA,NA,NA,NA,NA,NA,1,NA,NA,NA,1.92740043038439,1.92740043038439
1983,"NSEI","yelloweye","private",0.9,"Southeast",NA,NA,NA,NA,NA,NA,NA,NA,NA,NA,NA,1,NA,NA,NA,1.92740043038439,1.92740043038439
1984,"NSEI","yelloweye","private",0.9,"Southeast",NA,NA,NA,NA,NA,NA,NA,NA,NA,NA,NA,1,NA,NA,NA,1.92740043038439,1.92740043038439
1985,"NSEI","yelloweye","private",0.9,"Southeast",NA,NA,NA,NA,NA,NA,NA,NA,NA,NA,NA,1,NA,NA,NA,1.92740043038439,1.92740043038439
1986,"NSEI","yelloweye","private",0.9,"Southeast",NA,NA,NA,NA,NA,NA,NA,NA,NA,NA,NA,1,NA,NA,NA,1.92740043038439,1.92740043038439
1987,"NSEI","yelloweye","private",0.9,"Southeast",NA,NA,NA,NA,NA,NA,NA,NA,NA,NA,NA,1,NA,NA,NA,1.92740043038439,1.92740043038439
1988,"NSEI","yelloweye","private",0.9,"Southeast",NA,NA,NA,NA,NA,NA,NA,NA,NA,NA,NA,1,NA,NA,NA,1.92740043038439,1.92740043038439
1989,"NSEI","yelloweye","private",0.9,"Southeast",NA,NA,NA,NA,NA,NA,NA,NA,NA,NA,NA,1,NA,NA,NA,1.92740043038439,1.92740043038439
1990,"NSEI","yelloweye","private",0.9,"Southeast",NA,NA,NA,NA,NA,NA,NA,NA,NA,NA,NA,1,NA,NA,NA,1.92740043038439,1.92740043038439
1991,"NSEI","yelloweye","private",0.9,"Southeast",NA,NA,NA,NA,NA,NA,NA,NA,NA,NA,NA,1,NA,NA,NA,1.92740043038439,1.92740043038439
1992,"NSEI","yelloweye","private",0.9,"Southeast",NA,NA,NA,NA,NA,NA,NA,NA,NA,NA,NA,1,NA,NA,NA,1.92740043038439,1.92740043038439
1993,"NSEI","yelloweye","private",0.9,"Southeast",NA,NA,NA,NA,NA,NA,NA,NA,NA,NA,NA,1,NA,NA,NA,1.92740043038439,1.92740043038439
1994,"NSEI","yelloweye","private",0.9,"Southeast",NA,NA,NA,NA,NA,NA,NA,NA,NA,NA,NA,1,NA,NA,NA,1.92740043038439,1.92740043038439
1995,"NSEI","yelloweye","private",0.9,"Southeast",NA,NA,NA,NA,NA,NA,NA,NA,NA,NA,NA,1,NA,NA,NA,1.92740043038439,1.92740043038439
1996,"NSEI","yelloweye","private",0.9,"Southeast",NA,NA,NA,NA,NA,NA,NA,NA,NA,NA,NA,1,NA,NA,NA,1.92740043038439,1.92740043038439
1997,"NSEI","yelloweye","private",0.9,"Southeast",NA,NA,NA,NA,NA,NA,NA,NA,NA,NA,NA,1,NA,NA,NA,1.92740043038439,1.92740043038439
1998,"NSEI","yelloweye","private",0.9,"Southeast",NA,NA,NA,NA,NA,NA,NA,NA,NA,NA,NA,1,NA,NA,NA,1.92740043038439,1.92740043038439
1999,"NSEI","yelloweye","private",0.9,"Southeast",NA,NA,NA,NA,NA,NA,NA,NA,NA,NA,NA,1,NA,NA,NA,1.92740043038439,1.92740043038439
2000,"NSEI","yelloweye","private",0.9,"Southeast",NA,NA,NA,NA,NA,NA,NA,NA,NA,NA,NA,1,NA,NA,NA,1.92740043038439,1.92740043038439
2001,"NSEI","yelloweye","private",0.9,"Southeast",NA,NA,NA,NA,NA,NA,NA,NA,NA,NA,NA,1,NA,NA,NA,1.92740043038439,1.92740043038439
2002,"NSEI","yelloweye","private",0.9,"Southeast",NA,NA,NA,NA,NA,NA,NA,NA,NA,NA,NA,1,NA,NA,NA,1.92740043038439,1.92740043038439
2003,"NSEI","yelloweye","private",0.9,"Southeast",NA,NA,NA,NA,NA,NA,NA,NA,NA,NA,NA,1,NA,NA,NA,1.92740043038439,1.92740043038439
2004,"NSEI","yelloweye","private",0.9,"Southeast",NA,NA,NA,NA,NA,NA,NA,NA,NA,NA,NA,1,NA,NA,NA,1.92740043038439,1.92740043038439
2005,"NSEI","yelloweye","private",0.9,"Southeast",NA,NA,NA,NA,NA,NA,NA,NA,NA,NA,NA,1,NA,NA,NA,1.92740043038439,1.92740043038439
2006,"NSEI","yelloweye","private",0.9,"Southeast",28,1,28,3.73913350567857,2.03755865474093,0.373917501734018,51.1333333333333,36.2666666666667,1.31619841270077,21.2733883659269,"bootstrap",0.544928029888881,8.24337830581887,4.49204789981862,0.824346982336705,1.92740043038439,0.824346982336705
2007,"NSEI","yelloweye","private",0.9,"Southeast",46,1,46,3.35793994019565,1.76846716192077,0.251860649473503,51.1333333333333,36.2666666666667,1.31619841270077,34.949138029737,"bootstrap",0.526652409934923,7.40299034875678,3.89880270789773,0.555257684917176,1.92740043038439,0.555257684917176
2008,"NSEI","yelloweye","private",0.9,"Southeast",16,1,16,3.0280731071875,1.80901593809276,0.437127064945108,51.1333333333333,36.2666666666667,1.31619841270077,12.1562219233868,"bootstrap",0.597414882024757,6.67575846711925,3.98819745705982,0.963700215192194,1.92740043038439,0.963700215192194
2009,"NSEI","yelloweye","private",0.9,"Southeast",32,1,32,2.7062436823125,1.25220261098738,0.208619858230202,51.1333333333333,36.2666666666667,1.31619841270077,24.3124438467736,"bootstrap",0.462708742443092,5.96624603725823,2.76063420100584,0.459928058435496,1.92740043038439,0.459928058435496
2010,"NSEI","yelloweye","private",0.9,"Southeast",40,1,40,2.701855575425,1.47477010292384,0.225026356735542,51.1333333333333,36.2666666666667,1.31619841270077,30.3905548084669,"bootstrap",0.545836023338094,5.95657191755507,3.25131152820563,0.496098196155365,1.92740043038439,0.496098196155365
2011,"NSEI","yelloweye","private",0.9,"Southeast",51,32,1.59375,3.47068400729412,1.24089812684997,0.171895330282252,51.1333333333333,36.2666666666667,1.31619841270077,32,"bootstrap",0.357537051555847,7.65154846935286,2.73571207956907,0.378964333412624,1.92740043038439,0.378964333412624
2012,"NSEI","yelloweye","private",0.9,"Southeast",34,24,1.41666666666667,3.27518101294118,1.31313456146779,0.227770659863298,51.1333333333333,36.2666666666667,1.31619841270077,24,"bootstrap",0.400934957878425,7.22053814572464,2.89496615731567,0.502148348906953,1.92740043038439,0.502148348906953
2013,"NSEI","yelloweye","private",0.8,"Southeast",59,37,1.59459459459459,3.10211435267797,1.76140521784364,0.223424916570342,51.1333333333333,36.2666666666667,1.31619841270077,37,"bootstrap",0.567807958569634,6.83899147174051,3.88323378624412,0.492567624942589,1.92740043038439,0.492567624942589
2014,"NSEI","yelloweye","private",0.8,"Southeast",63,47,1.34042553191489,2.74941684888889,1.71240965805748,0.214402201925768,51.1333333333333,36.2666666666667,1.31619841270077,47,"bootstrap",0.622826494552657,6.06142657686957,3.77521706685999,0.472675944143356,1.92740043038439,0.472675944143356
2015,"NSEI","yelloweye","private",0.8,"Southeast",71,52,1.36538461538462,3.1278420646338,1.76909330881097,0.209064578695022,51.1333333333333,36.2666666666667,1.31619841270077,52,"bootstrap",0.56559547197537,6.89571136747918,3.90018312549531,0.460908499231816,1.92740043038439,0.460908499231816
2016,"NSEI","yelloweye","private",0.8,"Southeast",74,61,1.21311475409836,2.66545230008108,1.4289945933198,0.16445628118948,51.1333333333333,36.2666666666667,1.31619841270077,61,"bootstrap",0.536117113510653,5.87631643328978,3.15039380429053,0.362564037511408,1.92740043038439,0.362564037511408
2017,"NSEI","yelloweye","private",0.7,"Southeast",77,61,1.26229508196721,2.97369782614286,1.60092227034357,0.181610950281571,51.1333333333333,36.2666666666667,1.31619841270077,61,"bootstrap",0.538360776360422,6.55588149255938,3.52942945006119,0.400383609030447,1.92740043038439,0.400383609030447
2018,"NSEI","yelloweye","private",0.6,"Southeast",87,59,1.47457627118644,3.23082886262069,1.46373816294577,0.15695905136598,51.1333333333333,36.2666666666667,1.31619841270077,59,"bootstrap",0.453053450116345,7.12275839188244,3.22699026378749,0.346035475055181,1.92740043038439,0.346035475055181
2019,"NSEI","yelloweye","private",0.5,"Southeast",108,75,1.44,2.92749125561111,1.53441083967723,0.148009838481303,51.1333333333333,36.2666666666667,1.31619841270077,75,"bootstrap",0.524138487770452,6.45401344197245,3.38279684552561,0.326305837898427,1.92740043038439,0.326305837898427
2020,"NSEI","yelloweye","private",0.2,"Southeast",NA,NA,NA,NA,NA,NA,NA,NA,NA,NA,NA,1,NA,NA,NA,1.92740043038439,1.92740043038439
2021,"NSEI","yelloweye","private",0.2,"Southeast",NA,NA,NA,NA,NA,NA,NA,NA,NA,NA,NA,1,NA,NA,NA,1.92740043038439,1.92740043038439
2022,"NSEI","yelloweye","private",0.2,"Southeast",NA,NA,NA,NA,NA,NA,NA,NA,NA,NA,NA,1,NA,NA,NA,1.92740043038439,1.92740043038439
2023,"NSEI","yelloweye","private",0.2,"Southeast",NA,NA,NA,NA,NA,NA,NA,NA,NA,NA,NA,1,NA,NA,NA,1.92740043038439,1.92740043038439
2024,"NSEI","yelloweye","private",0.2,"Southeast",NA,NA,NA,NA,NA,NA,NA,NA,NA,NA,NA,1,NA,NA,NA,1.92740043038439,1.92740043038439
2025,"NSEI","yelloweye","private",0.2,"Southeast",130,NA,NA,3.461915375,0.543884084,NA,NA,NA,NA,NA,"4-stage",0.157104962162745,7.63221694425078,1.19905915424438,NA,1.92740043038439,1.92740043038439
1977,"NSEO","yelloweye","private",0.9,"Southeast",NA,NA,NA,NA,NA,NA,NA,NA,NA,NA,NA,1,NA,NA,NA,1.87124164236489,1.87124164236489
1978,"NSEO","yelloweye","private",0.9,"Southeast",NA,NA,NA,NA,NA,NA,NA,NA,NA,NA,NA,1,NA,NA,NA,1.87124164236489,1.87124164236489
1979,"NSEO","yelloweye","private",0.9,"Southeast",NA,NA,NA,NA,NA,NA,NA,NA,NA,NA,NA,1,NA,NA,NA,1.87124164236489,1.87124164236489
1980,"NSEO","yelloweye","private",0.9,"Southeast",NA,NA,NA,NA,NA,NA,NA,NA,NA,NA,NA,1,NA,NA,NA,1.87124164236489,1.87124164236489
1981,"NSEO","yelloweye","private",0.9,"Southeast",NA,NA,NA,NA,NA,NA,NA,NA,NA,NA,NA,1,NA,NA,NA,1.87124164236489,1.87124164236489
1982,"NSEO","yelloweye","private",0.9,"Southeast",NA,NA,NA,NA,NA,NA,NA,NA,NA,NA,NA,1,NA,NA,NA,1.87124164236489,1.87124164236489
1983,"NSEO","yelloweye","private",0.9,"Southeast",NA,NA,NA,NA,NA,NA,NA,NA,NA,NA,NA,1,NA,NA,NA,1.87124164236489,1.87124164236489
1984,"NSEO","yelloweye","private",0.9,"Southeast",NA,NA,NA,NA,NA,NA,NA,NA,NA,NA,NA,1,NA,NA,NA,1.87124164236489,1.87124164236489
1985,"NSEO","yelloweye","private",0.9,"Southeast",NA,NA,NA,NA,NA,NA,NA,NA,NA,NA,NA,1,NA,NA,NA,1.87124164236489,1.87124164236489
1986,"NSEO","yelloweye","private",0.9,"Southeast",NA,NA,NA,NA,NA,NA,NA,NA,NA,NA,NA,1,NA,NA,NA,1.87124164236489,1.87124164236489
1987,"NSEO","yelloweye","private",0.9,"Southeast",NA,NA,NA,NA,NA,NA,NA,NA,NA,NA,NA,1,NA,NA,NA,1.87124164236489,1.87124164236489
1988,"NSEO","yelloweye","private",0.9,"Southeast",NA,NA,NA,NA,NA,NA,NA,NA,NA,NA,NA,1,NA,NA,NA,1.87124164236489,1.87124164236489
1989,"NSEO","yelloweye","private",0.9,"Southeast",NA,NA,NA,NA,NA,NA,NA,NA,NA,NA,NA,1,NA,NA,NA,1.87124164236489,1.87124164236489
1990,"NSEO","yelloweye","private",0.9,"Southeast",NA,NA,NA,NA,NA,NA,NA,NA,NA,NA,NA,1,NA,NA,NA,1.87124164236489,1.87124164236489
1991,"NSEO","yelloweye","private",0.9,"Southeast",NA,NA,NA,NA,NA,NA,NA,NA,NA,NA,NA,1,NA,NA,NA,1.87124164236489,1.87124164236489
1992,"NSEO","yelloweye","private",0.9,"Southeast",NA,NA,NA,NA,NA,NA,NA,NA,NA,NA,NA,1,NA,NA,NA,1.87124164236489,1.87124164236489
1993,"NSEO","yelloweye","private",0.9,"Southeast",NA,NA,NA,NA,NA,NA,NA,NA,NA,NA,NA,1,NA,NA,NA,1.87124164236489,1.87124164236489
1994,"NSEO","yelloweye","private",0.9,"Southeast",NA,NA,NA,NA,NA,NA,NA,NA,NA,NA,NA,1,NA,NA,NA,1.87124164236489,1.87124164236489
1995,"NSEO","yelloweye","private",0.9,"Southeast",NA,NA,NA,NA,NA,NA,NA,NA,NA,NA,NA,1,NA,NA,NA,1.87124164236489,1.87124164236489
1996,"NSEO","yelloweye","private",0.9,"Southeast",NA,NA,NA,NA,NA,NA,NA,NA,NA,NA,NA,1,NA,NA,NA,1.87124164236489,1.87124164236489
1997,"NSEO","yelloweye","private",0.9,"Southeast",NA,NA,NA,NA,NA,NA,NA,NA,NA,NA,NA,1,NA,NA,NA,1.87124164236489,1.87124164236489
1998,"NSEO","yelloweye","private",0.9,"Southeast",NA,NA,NA,NA,NA,NA,NA,NA,NA,NA,NA,1,NA,NA,NA,1.87124164236489,1.87124164236489
1999,"NSEO","yelloweye","private",0.9,"Southeast",NA,NA,NA,NA,NA,NA,NA,NA,NA,NA,NA,1,NA,NA,NA,1.87124164236489,1.87124164236489
2000,"NSEO","yelloweye","private",0.9,"Southeast",NA,NA,NA,NA,NA,NA,NA,NA,NA,NA,NA,1,NA,NA,NA,1.87124164236489,1.87124164236489
2001,"NSEO","yelloweye","private",0.9,"Southeast",NA,NA,NA,NA,NA,NA,NA,NA,NA,NA,NA,1,NA,NA,NA,1.87124164236489,1.87124164236489
2002,"NSEO","yelloweye","private",0.9,"Southeast",NA,NA,NA,NA,NA,NA,NA,NA,NA,NA,NA,1,NA,NA,NA,1.87124164236489,1.87124164236489
2003,"NSEO","yelloweye","private",0.9,"Southeast",NA,NA,NA,NA,NA,NA,NA,NA,NA,NA,NA,1,NA,NA,NA,1.87124164236489,1.87124164236489
2004,"NSEO","yelloweye","private",0.9,"Southeast",NA,NA,NA,NA,NA,NA,NA,NA,NA,NA,NA,1,NA,NA,NA,1.87124164236489,1.87124164236489
2005,"NSEO","yelloweye","private",0.9,"Southeast",NA,NA,NA,NA,NA,NA,NA,NA,NA,NA,NA,1,NA,NA,NA,1.87124164236489,1.87124164236489
2006,"NSEO","yelloweye","private",0.9,"Southeast",43,1,43,3.61893010790698,1.73589417917918,0.270162805318231,32.8181818181818,14.8181818181818,2.10132835001256,20.4632464982176,"bootstrap",0.479670545553349,7.97837517609077,3.82699157334475,0.595607031687228,1.87124164236489,0.595607031687228
2007,"NSEO","yelloweye","private",0.9,"Southeast",NA,NA,NA,NA,NA,NA,NA,NA,NA,NA,NA,1,NA,NA,NA,1.87124164236489,1.87124164236489
2008,"NSEO","yelloweye","private",0.9,"Southeast",10,1,10,3.450679681,1.43392256027821,0.424390466057381,32.8181818181818,14.8181818181818,2.10132835001256,4.75889453446922,"bootstrap",0.415547860954356,7.60744647910698,3.16125811171765,0.935620821182444,1.87124164236489,0.935620821182444
2009,"NSEO","yelloweye","private",0.9,"Southeast",NA,NA,NA,NA,NA,NA,NA,NA,NA,NA,NA,1,NA,NA,NA,1.87124164236489,1.87124164236489
2010,"NSEO","yelloweye","private",0.9,"Southeast",24,1,24,3.26743029604167,1.90773704212637,0.384864717106514,32.8181818181818,14.8181818181818,2.10132835001256,11.4213468827261,"bootstrap",0.583864648753946,7.20345073992676,4.20584023608369,0.848481460972922,1.87124164236489,0.848481460972922
2011,"NSEO","yelloweye","private",0.9,"Southeast",27,13,2.07692307692308,2.79142863977778,1.9395382636518,0.378627907328705,32.8181818181818,14.8181818181818,2.10132835001256,13,"bootstrap",0.694819217662753,6.15404672136992,4.27594992840228,0.834731649060127,1.87124164236489,0.834731649060127
2012,"NSEO","yelloweye","private",0.9,"Southeast",32,14,2.28571428571429,3.5443868945,1.92969202910338,0.340550013141145,32.8181818181818,14.8181818181818,2.10132835001256,14,"bootstrap",0.544436058066285,7.81403552164625,4.25424269699501,0.750784262212266,1.87124164236489,0.750784262212266
2013,"NSEO","yelloweye","private",0.8,"Southeast",34,16,2.125,3.23117646229412,1.45895092771768,0.242143591454064,32.8181818181818,14.8181818181818,2.10132835001256,16,"bootstrap",0.451523135533685,7.12352471798519,3.21643621671638,0.533835239007668,1.87124164236489,0.533835239007668
2014,"NSEO","yelloweye","private",0.8,"Southeast",33,13,2.53846153846154,3.21935340724242,1.17321699403378,0.206745338099738,32.8181818181818,14.8181818181818,2.10132835001256,13,"bootstrap",0.364426282431265,7.09745934338071,2.58650072321528,0.45579544895423,1.87124164236489,0.45579544895423
2015,"NSEO","yelloweye","private",0.8,"Southeast",40,18,2.22222222222222,3.3997919168,1.75291533811832,0.27647856582096,32.8181818181818,14.8181818181818,2.10132835001256,18,"bootstrap",0.515594889633194,7.49525816307044,3.8645168053606,0.609530900154047,1.87124164236489,0.609530900154047
2016,"NSEO","yelloweye","private",0.8,"Southeast",44,20,2.2,3.09767603059091,1.30024536120981,0.193525648081625,32.8181818181818,14.8181818181818,2.10132835001256,20,"bootstrap",0.419748659436725,6.82920664647253,2.86655033487322,0.42665102131091,1.87124164236489,0.42665102131091
2017,"NSEO","yelloweye","private",0.7,"Southeast",49,20,2.45,3.22286253910204,1.46591679132888,0.20598897927723,32.8181818181818,14.8181818181818,2.10132835001256,20,"bootstrap",0.454849306646915,7.10519565485499,3.23179331720147,0.454127963185292,1.87124164236489,0.454127963185292
2018,"NSEO","yelloweye","private",0.6,"Southeast",46,19,2.42105263157895,2.92084960943478,1.99856273398956,0.283445163852873,32.8181818181818,14.8181818181818,2.10132835001256,19,"bootstrap",0.684240204471296,6.43937111857808,4.40607661084243,0.62488961975965,1.87124164236489,0.62488961975965
2019,"NSEO","yelloweye","private",0.5,"Southeast",28,15,1.86666666666667,3.73374102042857,1.55059960933984,0.296021218187327,32.8181818181818,14.8181818181818,2.10132835001256,15,"bootstrap",0.415293830197644,8.23148991085871,3.41848697331377,0.652615073615736,1.87124164236489,0.652615073615736
2020,"NSEO","yelloweye","private",0.2,"Southeast",NA,NA,NA,NA,NA,NA,NA,NA,NA,NA,NA,1,NA,NA,NA,1.87124164236489,1.87124164236489
2021,"NSEO","yelloweye","private",0.2,"Southeast",NA,NA,NA,NA,NA,NA,NA,NA,NA,NA,NA,1,NA,NA,NA,1.87124164236489,1.87124164236489
2022,"NSEO","yelloweye","private",0.2,"Southeast",NA,NA,NA,NA,NA,NA,NA,NA,NA,NA,NA,1,NA,NA,NA,1.87124164236489,1.87124164236489
2023,"NSEO","yelloweye","private",0.2,"Southeast",NA,NA,NA,NA,NA,NA,NA,NA,NA,NA,NA,1,NA,NA,NA,1.87124164236489,1.87124164236489
2024,"NSEO","yelloweye","private",0.2,"Southeast",NA,NA,NA,NA,NA,NA,NA,NA,NA,NA,NA,1,NA,NA,NA,1.87124164236489,1.87124164236489
2025,"NSEO","yelloweye","private",0.2,"Southeast",28,NA,NA,3.781420575,0.932867528,NA,NA,NA,NA,NA,"4-stage",0.246697639021547,8.33660533537841,2.05662085369228,NA,1.87124164236489,1.87124164236489
1977,"SSEI","yelloweye","private",0.9,"Southeast",NA,NA,NA,NA,NA,NA,NA,NA,NA,NA,NA,1,NA,NA,NA,2.0658282279196,2.0658282279196
1978,"SSEI","yelloweye","private",0.9,"Southeast",NA,NA,NA,NA,NA,NA,NA,NA,NA,NA,NA,1,NA,NA,NA,2.0658282279196,2.0658282279196
1979,"SSEI","yelloweye","private",0.9,"Southeast",NA,NA,NA,NA,NA,NA,NA,NA,NA,NA,NA,1,NA,NA,NA,2.0658282279196,2.0658282279196
1980,"SSEI","yelloweye","private",0.9,"Southeast",NA,NA,NA,NA,NA,NA,NA,NA,NA,NA,NA,1,NA,NA,NA,2.0658282279196,2.0658282279196
1981,"SSEI","yelloweye","private",0.9,"Southeast",NA,NA,NA,NA,NA,NA,NA,NA,NA,NA,NA,1,NA,NA,NA,2.0658282279196,2.0658282279196
1982,"SSEI","yelloweye","private",0.9,"Southeast",NA,NA,NA,NA,NA,NA,NA,NA,NA,NA,NA,1,NA,NA,NA,2.0658282279196,2.0658282279196
1983,"SSEI","yelloweye","private",0.9,"Southeast",NA,NA,NA,NA,NA,NA,NA,NA,NA,NA,NA,1,NA,NA,NA,2.0658282279196,2.0658282279196
1984,"SSEI","yelloweye","private",0.9,"Southeast",NA,NA,NA,NA,NA,NA,NA,NA,NA,NA,NA,1,NA,NA,NA,2.0658282279196,2.0658282279196
1985,"SSEI","yelloweye","private",0.9,"Southeast",NA,NA,NA,NA,NA,NA,NA,NA,NA,NA,NA,1,NA,NA,NA,2.0658282279196,2.0658282279196
1986,"SSEI","yelloweye","private",0.9,"Southeast",NA,NA,NA,NA,NA,NA,NA,NA,NA,NA,NA,1,NA,NA,NA,2.0658282279196,2.0658282279196
1987,"SSEI","yelloweye","private",0.9,"Southeast",NA,NA,NA,NA,NA,NA,NA,NA,NA,NA,NA,1,NA,NA,NA,2.0658282279196,2.0658282279196
1988,"SSEI","yelloweye","private",0.9,"Southeast",NA,NA,NA,NA,NA,NA,NA,NA,NA,NA,NA,1,NA,NA,NA,2.0658282279196,2.0658282279196
1989,"SSEI","yelloweye","private",0.9,"Southeast",NA,NA,NA,NA,NA,NA,NA,NA,NA,NA,NA,1,NA,NA,NA,2.0658282279196,2.0658282279196
1990,"SSEI","yelloweye","private",0.9,"Southeast",NA,NA,NA,NA,NA,NA,NA,NA,NA,NA,NA,1,NA,NA,NA,2.0658282279196,2.0658282279196
1991,"SSEI","yelloweye","private",0.9,"Southeast",NA,NA,NA,NA,NA,NA,NA,NA,NA,NA,NA,1,NA,NA,NA,2.0658282279196,2.0658282279196
1992,"SSEI","yelloweye","private",0.9,"Southeast",NA,NA,NA,NA,NA,NA,NA,NA,NA,NA,NA,1,NA,NA,NA,2.0658282279196,2.0658282279196
1993,"SSEI","yelloweye","private",0.9,"Southeast",NA,NA,NA,NA,NA,NA,NA,NA,NA,NA,NA,1,NA,NA,NA,2.0658282279196,2.0658282279196
1994,"SSEI","yelloweye","private",0.9,"Southeast",NA,NA,NA,NA,NA,NA,NA,NA,NA,NA,NA,1,NA,NA,NA,2.0658282279196,2.0658282279196
1995,"SSEI","yelloweye","private",0.9,"Southeast",NA,NA,NA,NA,NA,NA,NA,NA,NA,NA,NA,1,NA,NA,NA,2.0658282279196,2.0658282279196
1996,"SSEI","yelloweye","private",0.9,"Southeast",NA,NA,NA,NA,NA,NA,NA,NA,NA,NA,NA,1,NA,NA,NA,2.0658282279196,2.0658282279196
1997,"SSEI","yelloweye","private",0.9,"Southeast",NA,NA,NA,NA,NA,NA,NA,NA,NA,NA,NA,1,NA,NA,NA,2.0658282279196,2.0658282279196
1998,"SSEI","yelloweye","private",0.9,"Southeast",NA,NA,NA,NA,NA,NA,NA,NA,NA,NA,NA,1,NA,NA,NA,2.0658282279196,2.0658282279196
1999,"SSEI","yelloweye","private",0.9,"Southeast",NA,NA,NA,NA,NA,NA,NA,NA,NA,NA,NA,1,NA,NA,NA,2.0658282279196,2.0658282279196
2000,"SSEI","yelloweye","private",0.9,"Southeast",NA,NA,NA,NA,NA,NA,NA,NA,NA,NA,NA,1,NA,NA,NA,2.0658282279196,2.0658282279196
2001,"SSEI","yelloweye","private",0.9,"Southeast",NA,NA,NA,NA,NA,NA,NA,NA,NA,NA,NA,1,NA,NA,NA,2.0658282279196,2.0658282279196
2002,"SSEI","yelloweye","private",0.9,"Southeast",NA,NA,NA,NA,NA,NA,NA,NA,NA,NA,NA,1,NA,NA,NA,2.0658282279196,2.0658282279196
2003,"SSEI","yelloweye","private",0.9,"Southeast",NA,NA,NA,NA,NA,NA,NA,NA,NA,NA,NA,1,NA,NA,NA,2.0658282279196,2.0658282279196
2004,"SSEI","yelloweye","private",0.9,"Southeast",NA,NA,NA,NA,NA,NA,NA,NA,NA,NA,NA,1,NA,NA,NA,2.0658282279196,2.0658282279196
2005,"SSEI","yelloweye","private",0.9,"Southeast",NA,NA,NA,NA,NA,NA,NA,NA,NA,NA,NA,1,NA,NA,NA,2.0658282279196,2.0658282279196
2006,"SSEI","yelloweye","private",0.9,"Southeast",145,1,145,3.09266224170345,1.71103906170041,0.143263592821141,193.066666666667,112,1.68733486463908,85.9343352873917,"bootstrap",0.553257655694714,6.81815313407933,3.7721954191283,0.315842157355957,2.0658282279196,0.315842157355957
2007,"SSEI","yelloweye","private",0.9,"Southeast",169,1,169,3.02368646240828,1.55296346761926,0.121772665214395,193.066666666667,112,1.68733486463908,100.157949403926,"bootstrap",0.513599371802051,6.66608757081307,3.42369838874706,0.268462772229342,2.0658282279196,0.268462772229342
2008,"SSEI","yelloweye","private",0.9,"Southeast",116,1,116,3.26379064273276,1.88623112550697,0.172003271709718,193.066666666667,112,1.68733486463908,68.7474682299134,"bootstrap",0.577926506930492,7.19542667791298,4.15842780584072,0.37920230352525,2.0658282279196,0.37920230352525
2009,"SSEI","yelloweye","private",0.9,"Southeast",88,1,88,2.55557360981818,1.32790735253514,0.135923520768281,193.066666666667,112,1.68733486463908,52.1532517606239,"bootstrap",0.519612249646613,5.63407538728021,2.92753458666328,0.299660068475792,2.0658282279196,0.299660068475792
2010,"SSEI","yelloweye","private",0.9,"Southeast",182,1,182,2.8086785085,1.46003050631493,0.107755583977161,193.066666666667,112,1.68733486463908,107.862407050381,"bootstrap",0.519828275787489,6.19207617214696,3.21881628011195,0.237560397867359,2.0658282279196,0.237560397867359
2011,"SSEI","yelloweye","private",0.9,"Southeast",275,153,1.79738562091503,2.78456089735636,1.52256013406391,0.0895356670732273,193.066666666667,112,1.68733486463908,153,"bootstrap",0.54678643785791,6.13890594107933,3.35667051186753,0.197392356926426,2.0658282279196,0.197392356926426
2012,"SSEI","yelloweye","private",0.9,"Southeast",256,139,1.84172661870504,3.00701596644141,1.55109556773828,0.0955987885255924,193.066666666667,112,1.68733486463908,139,"bootstrap",0.515825517738734,6.62933541831789,3.41958037441755,0.210759251628117,2.0658282279196,0.210759251628117
2013,"SSEI","yelloweye","private",0.8,"Southeast",274,147,1.86394557823129,2.8775708735219,1.57870282573442,0.0898381173398848,193.066666666667,112,1.68733486463908,147,"bootstrap",0.548623438004925,6.34395783841954,3.48044395987202,0.198059145625724,2.0658282279196,0.198059145625724
2014,"SSEI","yelloweye","private",0.8,"Southeast",289,162,1.78395061728395,3.10807737354671,2.57767192093105,0.152677933035286,193.066666666667,112,1.68733486463908,162,"bootstrap",0.829346123384824,6.85213768243127,5.68279382382344,0.336597224744437,2.0658282279196,0.336597224744437
2015,"SSEI","yelloweye","private",0.8,"Southeast",267,162,1.64814814814815,2.73465718529963,1.49605958974567,0.0919820712185948,193.066666666667,112,1.68733486463908,162,"bootstrap",0.547073906662911,6.0288870886571,3.29824681242122,0.202785754842965,2.0658282279196,0.202785754842965
2016,"SSEI","yelloweye","private",0.8,"Southeast",352,174,2.02298850574713,3.11026318387216,1.67391126228506,0.0908434248009341,193.066666666667,112,1.68733486463908,174,"bootstrap",0.538189588252498,6.85695656931778,3.6903426327064,0.200275469194408,2.0658282279196,0.200275469194408
2017,"SSEI","yelloweye","private",0.7,"Southeast",269,180,1.49444444444444,2.74931290699628,1.3756978240571,0.0824065676288488,193.066666666667,112,1.68733486463908,180,"bootstrap",0.50037877484091,6.06119742422196,3.03289454120106,0.18167538303112,2.0658282279196,0.18167538303112
2018,"SSEI","yelloweye","private",0.6,"Southeast",315,202,1.55940594059406,3.10433813418095,1.49614693322311,0.084529517280746,193.066666666667,112,1.68733486463908,202,"bootstrap",0.481953598014816,6.84389407074392,3.2984393718273,0.186355685854813,2.0658282279196,0.186355685854813
2019,"SSEI","yelloweye","private",0.5,"Southeast",171,105,1.62857142857143,3.07814398947368,1.73473463004545,0.132333891722912,193.066666666667,112,1.68733486463908,105,"bootstrap",0.563565134047568,6.78614586681072,3.82443520509553,0.291746291084963,2.0658282279196,0.291746291084963
2020,"SSEI","yelloweye","private",0.2,"Southeast",NA,NA,NA,NA,NA,NA,NA,NA,NA,NA,NA,1,NA,NA,NA,2.0658282279196,2.0658282279196
2021,"SSEI","yelloweye","private",0.2,"Southeast",NA,NA,NA,NA,NA,NA,NA,NA,NA,NA,NA,1,NA,NA,NA,2.0658282279196,2.0658282279196
2022,"SSEI","yelloweye","private",0.2,"Southeast",12,6,2,2.32366724591667,1.61669331886835,0.468521961350374,193.066666666667,112,1.68733486463908,6,"bootstrap",0.695750788633497,5.12280937170099,3.56419866038004,1.0329141139598,2.0658282279196,1.0329141139598
2023,"SSEI","yelloweye","private",0.2,"Southeast",NA,NA,NA,NA,NA,NA,NA,NA,NA,NA,NA,1,NA,NA,NA,2.0658282279196,2.0658282279196
2024,"SSEI","yelloweye","private",0.2,"Southeast",NA,NA,NA,NA,NA,NA,NA,NA,NA,NA,NA,1,NA,NA,NA,2.0658282279196,2.0658282279196
2025,"SSEI","yelloweye","private",0.2,"Southeast",409,NA,NA,3.057119641,0.206073975,NA,NA,NA,NA,NA,"4-stage",0.067407886899903,6.73979511259488,0.454315346678314,NA,2.0658282279196,2.0658282279196
1977,"SSEO","yelloweye","private",0.9,"Southeast",NA,NA,NA,NA,NA,NA,NA,NA,NA,NA,NA,1,NA,NA,NA,3.01272169429592,3.01272169429592
1978,"SSEO","yelloweye","private",0.9,"Southeast",NA,NA,NA,NA,NA,NA,NA,NA,NA,NA,NA,1,NA,NA,NA,3.01272169429592,3.01272169429592
1979,"SSEO","yelloweye","private",0.9,"Southeast",NA,NA,NA,NA,NA,NA,NA,NA,NA,NA,NA,1,NA,NA,NA,3.01272169429592,3.01272169429592
1980,"SSEO","yelloweye","private",0.9,"Southeast",NA,NA,NA,NA,NA,NA,NA,NA,NA,NA,NA,1,NA,NA,NA,3.01272169429592,3.01272169429592
1981,"SSEO","yelloweye","private",0.9,"Southeast",NA,NA,NA,NA,NA,NA,NA,NA,NA,NA,NA,1,NA,NA,NA,3.01272169429592,3.01272169429592
1982,"SSEO","yelloweye","private",0.9,"Southeast",NA,NA,NA,NA,NA,NA,NA,NA,NA,NA,NA,1,NA,NA,NA,3.01272169429592,3.01272169429592
1983,"SSEO","yelloweye","private",0.9,"Southeast",NA,NA,NA,NA,NA,NA,NA,NA,NA,NA,NA,1,NA,NA,NA,3.01272169429592,3.01272169429592
1984,"SSEO","yelloweye","private",0.9,"Southeast",NA,NA,NA,NA,NA,NA,NA,NA,NA,NA,NA,1,NA,NA,NA,3.01272169429592,3.01272169429592
1985,"SSEO","yelloweye","private",0.9,"Southeast",NA,NA,NA,NA,NA,NA,NA,NA,NA,NA,NA,1,NA,NA,NA,3.01272169429592,3.01272169429592
1986,"SSEO","yelloweye","private",0.9,"Southeast",NA,NA,NA,NA,NA,NA,NA,NA,NA,NA,NA,1,NA,NA,NA,3.01272169429592,3.01272169429592
1987,"SSEO","yelloweye","private",0.9,"Southeast",NA,NA,NA,NA,NA,NA,NA,NA,NA,NA,NA,1,NA,NA,NA,3.01272169429592,3.01272169429592
1988,"SSEO","yelloweye","private",0.9,"Southeast",NA,NA,NA,NA,NA,NA,NA,NA,NA,NA,NA,1,NA,NA,NA,3.01272169429592,3.01272169429592
1989,"SSEO","yelloweye","private",0.9,"Southeast",NA,NA,NA,NA,NA,NA,NA,NA,NA,NA,NA,1,NA,NA,NA,3.01272169429592,3.01272169429592
1990,"SSEO","yelloweye","private",0.9,"Southeast",NA,NA,NA,NA,NA,NA,NA,NA,NA,NA,NA,1,NA,NA,NA,3.01272169429592,3.01272169429592
1991,"SSEO","yelloweye","private",0.9,"Southeast",NA,NA,NA,NA,NA,NA,NA,NA,NA,NA,NA,1,NA,NA,NA,3.01272169429592,3.01272169429592
1992,"SSEO","yelloweye","private",0.9,"Southeast",NA,NA,NA,NA,NA,NA,NA,NA,NA,NA,NA,1,NA,NA,NA,3.01272169429592,3.01272169429592
1993,"SSEO","yelloweye","private",0.9,"Southeast",NA,NA,NA,NA,NA,NA,NA,NA,NA,NA,NA,1,NA,NA,NA,3.01272169429592,3.01272169429592
1994,"SSEO","yelloweye","private",0.9,"Southeast",NA,NA,NA,NA,NA,NA,NA,NA,NA,NA,NA,1,NA,NA,NA,3.01272169429592,3.01272169429592
1995,"SSEO","yelloweye","private",0.9,"Southeast",NA,NA,NA,NA,NA,NA,NA,NA,NA,NA,NA,1,NA,NA,NA,3.01272169429592,3.01272169429592
1996,"SSEO","yelloweye","private",0.9,"Southeast",NA,NA,NA,NA,NA,NA,NA,NA,NA,NA,NA,1,NA,NA,NA,3.01272169429592,3.01272169429592
1997,"SSEO","yelloweye","private",0.9,"Southeast",NA,NA,NA,NA,NA,NA,NA,NA,NA,NA,NA,1,NA,NA,NA,3.01272169429592,3.01272169429592
1998,"SSEO","yelloweye","private",0.9,"Southeast",NA,NA,NA,NA,NA,NA,NA,NA,NA,NA,NA,1,NA,NA,NA,3.01272169429592,3.01272169429592
1999,"SSEO","yelloweye","private",0.9,"Southeast",NA,NA,NA,NA,NA,NA,NA,NA,NA,NA,NA,1,NA,NA,NA,3.01272169429592,3.01272169429592
2000,"SSEO","yelloweye","private",0.9,"Southeast",NA,NA,NA,NA,NA,NA,NA,NA,NA,NA,NA,1,NA,NA,NA,3.01272169429592,3.01272169429592
2001,"SSEO","yelloweye","private",0.9,"Southeast",NA,NA,NA,NA,NA,NA,NA,NA,NA,NA,NA,1,NA,NA,NA,3.01272169429592,3.01272169429592
2002,"SSEO","yelloweye","private",0.9,"Southeast",NA,NA,NA,NA,NA,NA,NA,NA,NA,NA,NA,1,NA,NA,NA,3.01272169429592,3.01272169429592
2003,"SSEO","yelloweye","private",0.9,"Southeast",NA,NA,NA,NA,NA,NA,NA,NA,NA,NA,NA,1,NA,NA,NA,3.01272169429592,3.01272169429592
2004,"SSEO","yelloweye","private",0.9,"Southeast",NA,NA,NA,NA,NA,NA,NA,NA,NA,NA,NA,1,NA,NA,NA,3.01272169429592,3.01272169429592
2005,"SSEO","yelloweye","private",0.9,"Southeast",NA,NA,NA,NA,NA,NA,NA,NA,NA,NA,NA,1,NA,NA,NA,3.01272169429592,3.01272169429592
2006,"SSEO","yelloweye","private",0.9,"Southeast",10,1,10,3.4858399025,2.20037850361734,0.683273787306039,59.9090909090909,30.1818181818182,1.91294947525243,5.22752959728871,"bootstrap",0.631233379949336,7.68496149875009,4.85100422163654,1.50636084714796,3.01272169429592,1.50636084714796
2007,"SSEO","yelloweye","private",0.9,"Southeast",39,1,39,3.24333915905128,0.9774356612593,0.155936877564981,59.9090909090909,30.1818181818182,1.91294947525243,20.387365429426,"bootstrap",0.301367082912542,7.15033887437623,2.15487676840691,0.343781967571928,3.01272169429592,0.343781967571928
2008,"SSEO","yelloweye","private",0.9,"Southeast",38,1,38,3.75134118476316,1.9392855451639,0.296092041708916,59.9090909090909,30.1818181818182,1.91294947525243,19.8646124696971,"bootstrap",0.516957922420041,8.27029163126646,4.27539277950737,0.65277121275346,3.01272169429592,0.65277121275346
2009,"SSEO","yelloweye","private",0.9,"Southeast",60,1,60,3.8194727262,1.85454081506088,0.237451033053634,59.9090909090909,30.1818181818182,1.91294947525243,31.3651775837322,"bootstrap",0.485548908973613,8.42049596865359,4.08856263059645,0.523489918612409,3.01272169429592,0.523489918612409
2010,"SSEO","yelloweye","private",0.9,"Southeast",84,1,84,3.85851482453571,1.6590861265609,0.172366562136259,59.9090909090909,30.1818181818182,1.91294947525243,43.9112486172251,"bootstrap",0.429980498198691,8.50656906177676,3.65765880314434,0.380003221817232,3.01272169429592,0.380003221817232
2011,"SSEO","yelloweye","private",0.9,"Southeast",58,26,2.23076923076923,3.35656587974138,1.8964796329506,0.249434912106244,59.9090909090909,30.1818181818182,1.91294947525243,26,"bootstrap",0.5650059319249,7.39996106399805,4.18102189717219,0.549909849447137,3.01272169429592,0.549909849447137
2012,"SSEO","yelloweye","private",0.9,"Southeast",72,34,2.11764705882353,3.84887718822222,1.66179748187094,0.190512610556586,59.9090909090909,30.1818181818182,1.91294947525243,34,"bootstrap",0.431761628288929,8.4853217107567,3.66363631839171,0.4200084106283,3.01272169429592,0.4200084106283
2013,"SSEO","yelloweye","private",0.8,"Southeast",60,25,2.4,3.7624995603,1.31058562826329,0.16563874713362,59.9090909090909,30.1818181818182,1.91294947525243,25,"bootstrap",0.348328446889916,8.29489163837743,2.88934672151616,0.365170928679239,3.01272169429592,0.365170928679239
2014,"SSEO","yelloweye","private",0.8,"Southeast",48,25,1.92,3.03412656210417,1.58865016731624,0.227834526645741,59.9090909090909,30.1818181818182,1.91294947525243,25,"bootstrap",0.523593902495125,6.68910405075769,3.50237409413217,0.502289151060193,3.01272169429592,0.502289151060193
2015,"SSEO","yelloweye","private",0.8,"Southeast",57,30,1.9,3.47669859629825,1.60827881834387,0.213789906179444,59.9090909090909,30.1818181818182,1.91294947525243,30,"bootstrap",0.462587933292882,7.66480836832137,3.54564786218777,0.47132606309088,3.01272169429592,0.47132606309088
2016,"SSEO","yelloweye","private",0.8,"Southeast",35,19,1.84210526315789,4.03871190511429,1.54644435129137,0.266255215208367,59.9090909090909,30.1818181818182,1.91294947525243,19,"bootstrap",0.382905339034726,8.90383562167826,3.40932619742818,0.586992270141334,3.01272169429592,0.586992270141334
2017,"SSEO","yelloweye","private",0.7,"Southeast",53,33,1.60606060606061,3.31948818269811,1.82332079194255,0.251165367032051,59.9090909090909,30.1818181818182,1.91294947525243,33,"bootstrap",0.549277687279049,7.31821873439895,4.01973426143286,0.553724849519462,3.01272169429592,0.553724849519462
2018,"SSEO","yelloweye","private",0.6,"Southeast",103,58,1.77586206896552,3.67649682291262,1.53182440311234,0.153467960603494,59.9090909090909,30.1818181818182,1.91294947525243,58,"bootstrap",0.416653264478762,8.1052880581513,3.37709472896946,0.338338937391732,3.01272169429592,0.338338937391732
2019,"SSEO","yelloweye","private",0.5,"Southeast",90,40,2.25,3.4276656848,1.42851707673123,0.15128199562447,59.9090909090909,30.1818181818182,1.91294947525243,40,"bootstrap",0.416760911971665,7.55670930250787,3.14934106041795,0.333519709552448,3.01272169429592,0.333519709552448
2020,"SSEO","yelloweye","private",0.2,"Southeast",NA,NA,NA,NA,NA,NA,NA,NA,NA,NA,NA,1,NA,NA,NA,3.01272169429592,3.01272169429592
2021,"SSEO","yelloweye","private",0.2,"Southeast",NA,NA,NA,NA,NA,NA,NA,NA,NA,NA,NA,1,NA,NA,NA,3.01272169429592,3.01272169429592
2022,"SSEO","yelloweye","private",0.2,"Southeast",NA,NA,NA,NA,NA,NA,NA,NA,NA,NA,NA,1,NA,NA,NA,3.01272169429592,3.01272169429592
2023,"SSEO","yelloweye","private",0.2,"Southeast",NA,NA,NA,NA,NA,NA,NA,NA,NA,NA,NA,1,NA,NA,NA,3.01272169429592,3.01272169429592
2024,"SSEO","yelloweye","private",0.2,"Southeast",NA,NA,NA,NA,NA,NA,NA,NA,NA,NA,NA,1,NA,NA,NA,3.01272169429592,3.01272169429592
2025,"SSEO","yelloweye","private",0.2,"Southeast",82,NA,NA,3.642122193,0.641075502,NA,NA,NA,NA,NA,"4-stage",0.176017021952783,8.02950497149181,1.41332955283706,NA,3.01272169429592,3.01272169429592
1977,"CSEO","pelnbrf","charter",0.15,"Southeast",NA,NA,NA,NA,NA,NA,NA,NA,NA,NA,NA,1,NA,NA,NA,0.753966193531345,0.753966193531345
1978,"CSEO","pelnbrf","charter",0.15,"Southeast",NA,NA,NA,NA,NA,NA,NA,NA,NA,NA,NA,1,NA,NA,NA,0.753966193531345,0.753966193531345
1979,"CSEO","pelnbrf","charter",0.15,"Southeast",NA,NA,NA,NA,NA,NA,NA,NA,NA,NA,NA,1,NA,NA,NA,0.753966193531345,0.753966193531345
1980,"CSEO","pelnbrf","charter",0.15,"Southeast",NA,NA,NA,NA,NA,NA,NA,NA,NA,NA,NA,1,NA,NA,NA,0.753966193531345,0.753966193531345
1981,"CSEO","pelnbrf","charter",0.15,"Southeast",NA,NA,NA,NA,NA,NA,NA,NA,NA,NA,NA,1,NA,NA,NA,0.753966193531345,0.753966193531345
1982,"CSEO","pelnbrf","charter",0.15,"Southeast",NA,NA,NA,NA,NA,NA,NA,NA,NA,NA,NA,1,NA,NA,NA,0.753966193531345,0.753966193531345
1983,"CSEO","pelnbrf","charter",0.15,"Southeast",NA,NA,NA,NA,NA,NA,NA,NA,NA,NA,NA,1,NA,NA,NA,0.753966193531345,0.753966193531345
1984,"CSEO","pelnbrf","charter",0.15,"Southeast",NA,NA,NA,NA,NA,NA,NA,NA,NA,NA,NA,1,NA,NA,NA,0.753966193531345,0.753966193531345
1985,"CSEO","pelnbrf","charter",0.15,"Southeast",NA,NA,NA,NA,NA,NA,NA,NA,NA,NA,NA,1,NA,NA,NA,0.753966193531345,0.753966193531345
1986,"CSEO","pelnbrf","charter",0.15,"Southeast",NA,NA,NA,NA,NA,NA,NA,NA,NA,NA,NA,1,NA,NA,NA,0.753966193531345,0.753966193531345
1987,"CSEO","pelnbrf","charter",0.15,"Southeast",NA,NA,NA,NA,NA,NA,NA,NA,NA,NA,NA,1,NA,NA,NA,0.753966193531345,0.753966193531345
1988,"CSEO","pelnbrf","charter",0.15,"Southeast",NA,NA,NA,NA,NA,NA,NA,NA,NA,NA,NA,1,NA,NA,NA,0.753966193531345,0.753966193531345
1989,"CSEO","pelnbrf","charter",0.15,"Southeast",NA,NA,NA,NA,NA,NA,NA,NA,NA,NA,NA,1,NA,NA,NA,0.753966193531345,0.753966193531345
1990,"CSEO","pelnbrf","charter",0.15,"Southeast",NA,NA,NA,NA,NA,NA,NA,NA,NA,NA,NA,1,NA,NA,NA,0.753966193531345,0.753966193531345
1991,"CSEO","pelnbrf","charter",0.15,"Southeast",NA,NA,NA,NA,NA,NA,NA,NA,NA,NA,NA,1,NA,NA,NA,0.753966193531345,0.753966193531345
1992,"CSEO","pelnbrf","charter",0.15,"Southeast",NA,NA,NA,NA,NA,NA,NA,NA,NA,NA,NA,1,NA,NA,NA,0.753966193531345,0.753966193531345
1993,"CSEO","pelnbrf","charter",0.15,"Southeast",NA,NA,NA,NA,NA,NA,NA,NA,NA,NA,NA,1,NA,NA,NA,0.753966193531345,0.753966193531345
1994,"CSEO","pelnbrf","charter",0.15,"Southeast",NA,NA,NA,NA,NA,NA,NA,NA,NA,NA,NA,1,NA,NA,NA,0.753966193531345,0.753966193531345
1995,"CSEO","pelnbrf","charter",0.15,"Southeast",NA,NA,NA,NA,NA,NA,NA,NA,NA,NA,NA,1,NA,NA,NA,0.753966193531345,0.753966193531345
1996,"CSEO","pelnbrf","charter",0.15,"Southeast",NA,NA,NA,NA,NA,NA,NA,NA,NA,NA,NA,1,NA,NA,NA,0.753966193531345,0.753966193531345
1997,"CSEO","pelnbrf","charter",0.15,"Southeast",NA,NA,NA,NA,NA,NA,NA,NA,NA,NA,NA,1,NA,NA,NA,0.753966193531345,0.753966193531345
1998,"CSEO","pelnbrf","charter",0.15,"Southeast",NA,NA,NA,NA,NA,NA,NA,NA,NA,NA,NA,1,NA,NA,NA,0.753966193531345,0.753966193531345
1999,"CSEO","pelnbrf","charter",0.15,"Southeast",NA,NA,NA,NA,NA,NA,NA,NA,NA,NA,NA,1,NA,NA,NA,0.753966193531345,0.753966193531345
2000,"CSEO","pelnbrf","charter",0.15,"Southeast",NA,NA,NA,NA,NA,NA,NA,NA,NA,NA,NA,1,NA,NA,NA,0.753966193531345,0.753966193531345
2001,"CSEO","pelnbrf","charter",0.15,"Southeast",NA,NA,NA,NA,NA,NA,NA,NA,NA,NA,NA,1,NA,NA,NA,0.753966193531345,0.753966193531345
2002,"CSEO","pelnbrf","charter",0.15,"Southeast",NA,NA,NA,NA,NA,NA,NA,NA,NA,NA,NA,1,NA,NA,NA,0.753966193531345,0.753966193531345
2003,"CSEO","pelnbrf","charter",0.15,"Southeast",NA,NA,NA,NA,NA,NA,NA,NA,NA,NA,NA,1,NA,NA,NA,0.753966193531345,0.753966193531345
2004,"CSEO","pelnbrf","charter",0.15,"Southeast",NA,NA,NA,NA,NA,NA,NA,NA,NA,NA,NA,1,NA,NA,NA,0.753966193531345,0.753966193531345
2005,"CSEO","pelnbrf","charter",0.15,"Southeast",NA,NA,NA,NA,NA,NA,NA,NA,NA,NA,NA,1,NA,NA,NA,0.753966193531345,0.753966193531345
2006,"CSEO","pelnbrf","charter",0.15,"Southeast",13,1,13,1.57891750946154,0.39844033793692,0.108090535277242,92.7333333333333,47.6,1.84126155247548,7.06037661109155,"bootstrap",0.252350319474765,3.48091725647297,0.878410581736178,0.238298839080116,0.753966193531345,0.238298839080116
2007,"CSEO","pelnbrf","charter",0.15,"Southeast",21,1,21,1.4984977217619,0.840316612714771,0.170996656455277,92.7333333333333,47.6,1.84126155247548,11.4052237563787,"bootstrap",0.560772699558559,3.30362197341475,1.85258101235276,0.376983096765673,0.753966193531345,0.376983096765673
2008,"CSEO","pelnbrf","charter",0.15,"Southeast",NA,NA,NA,NA,NA,NA,NA,NA,NA,NA,NA,1,NA,NA,NA,0.753966193531345,0.753966193531345
2009,"CSEO","pelnbrf","charter",0.15,"Southeast",45,1,45,1.35540348048889,0.621952469888482,0.089964082726694,92.7333333333333,47.6,1.84126155247548,24.43976519224,"bootstrap",0.458868874723669,2.98815317231254,1.37117048368102,0.198336851766821,0.753966193531345,0.198336851766821
2010,"CSEO","pelnbrf","charter",0.15,"Southeast",45,1,45,1.25647756957778,0.556734130295627,0.0834466164682491,92.7333333333333,47.6,1.84126155247548,24.43976519224,"bootstrap",0.443091181072742,2.7700588714138,1.22738865697577,0.183968298228366,0.753966193531345,0.183968298228366
2011,"CSEO","pelnbrf","charter",0.15,"Southeast",59,35,1.68571428571429,1.31637030777966,1.0059986019644,0.12554216899506,92.7333333333333,47.6,1.84126155247548,35,"bootstrap",0.764221584168996,2.9020997568274,2.21784727357909,0.276773105530372,0.753966193531345,0.276773105530372
2012,"CSEO","pelnbrf","charter",0.15,"Southeast",140,76,1.84210526315789,1.19027769712857,0.527134469212248,0.0437253873979377,92.7333333333333,47.6,1.84126155247548,76,"bootstrap",0.442866795272993,2.62411313517115,1.16213257460702,0.0963979781257564,0.753966193531345,0.0963979781257564
2013,"CSEO","pelnbrf","charter",0.15,"Southeast",210,96,2.1875,0.987416029361905,0.469355033569179,0.0315064329377943,92.7333333333333,47.6,1.84126155247548,96,"bootstrap",0.475336656092659,2.17687971368184,1.03475072381747,0.0694597947301744,0.753966193531345,0.0694597947301744
2014,"CSEO","pelnbrf","charter",0.15,"Southeast",164,73,2.24657534246575,1.05625702518293,0.490978061646339,0.039070774008147,92.7333333333333,47.6,1.84126155247548,73,"bootstrap",0.464828209366284,2.3286481302522,1.08242134062927,0.0861363121592689,0.753966193531345,0.0861363121592689
2015,"CSEO","pelnbrf","charter",0.15,"Southeast",119,64,1.859375,1.13799792709244,0.493896916642995,0.0470288752497073,92.7333333333333,47.6,1.84126155247548,64,"bootstrap",0.434005110980203,2.5088559715811,1.0888563143794,0.103680922168663,0.753966193531345,0.103680922168663
2016,"CSEO","pelnbrf","charter",0.15,"Southeast",158,83,1.90361445783133,1.13908931531646,0.410207455859653,0.0314437630408464,92.7333333333333,47.6,1.84126155247548,83,"bootstrap",0.360118781156059,2.51126207074698,0.904352636080842,0.06932163125777,0.753966193531345,0.06932163125777
2017,"CSEO","pelnbrf","charter",0.15,"Southeast",91,45,2.02222222222222,0.972607511197802,0.421246029083063,0.0436107148057327,92.7333333333333,47.6,1.84126155247548,45,"bootstrap",0.433109989623957,2.14423251956858,0.928688524301699,0.0961451683350872,0.753966193531345,0.0961451683350872
2018,"CSEO","pelnbrf","charter",0.15,"Southeast",179,94,1.90425531914894,1.15884716253073,0.497368696706852,0.0359541540619503,92.7333333333333,47.6,1.84126155247548,94,"bootstrap",0.429192660420103,2.55482066763806,1.09651027923985,0.0792653413279405,0.753966193531345,0.0792653413279405
2019,"CSEO","pelnbrf","charter",0.15,"Southeast",95,41,2.31707317073171,1.26877309985263,0.456391403061381,0.0474396796846583,92.7333333333333,47.6,1.84126155247548,41,"bootstrap",0.359710812843046,2.79716587558263,1.00617081076266,0.104586590918352,0.753966193531345,0.104586590918352
2020,"CSEO","pelnbrf","charter",0.15,"Southeast",21,13,1.61538461538462,1.03564442347619,0.366414952768664,0.0800592472611476,92.7333333333333,47.6,1.84126155247548,13,"bootstrap",0.353803819595508,2.28320512227247,0.807806693180028,0.176500427452099,0.753966193531345,0.176500427452099
2021,"CSEO","pelnbrf","charter",0.15,"Southeast",14,8,1.75,0.857536184071429,0.419088883712324,0.107121490146634,92.7333333333333,47.6,1.84126155247548,8,"bootstrap",0.488712769789567,1.89054366887236,0.923932832822739,0.236162460265376,0.753966193531345,0.236162460265376
2022,"CSEO","pelnbrf","charter",0.15,"Southeast",65,38,1.71052631578947,0.937077790261538,0.419069760824784,0.0522291083361053,92.7333333333333,47.6,1.84126155247548,38,"bootstrap",0.447209148674649,2.0659028931102,0.923890674072309,0.115145473660208,0.753966193531345,0.115145473660208
2023,"CSEO","pelnbrf","charter",0.15,"Southeast",45,23,1.95652173913043,0.997884187688889,0.473306580099333,0.0702905556279599,92.7333333333333,47.6,1.84126155247548,23,"bootstrap",0.474310131314453,2.19995805231925,1.04346239268183,0.154964148909769,0.753966193531345,0.154964148909769
2024,"CSEO","pelnbrf","charter",0.15,"Southeast",14,9,1.55555555555556,0.892911618428571,0.45814672489618,0.117417169610603,92.7333333333333,47.6,1.84126155247548,9,"bootstrap",0.513093026723596,1.96853315164844,1.01004063298504,0.258860548099912,0.753966193531345,0.258860548099912
2025,"CSEO","pelnbrf","charter",0.15,"Southeast",17,NA,NA,0.957906996,0.146378786,NA,NA,NA,NA,NA,"4-stage",0.15281106267231,2.11182343123785,0.322709982703739,NA,0.753966193531345,0.753966193531345
1977,"EWYKT","pelnbrf","charter",0.15,"Southeast",NA,NA,NA,NA,NA,NA,NA,NA,NA,NA,NA,1,NA,NA,NA,0.657684927136272,0.657684927136272
1978,"EWYKT","pelnbrf","charter",0.15,"Southeast",NA,NA,NA,NA,NA,NA,NA,NA,NA,NA,NA,1,NA,NA,NA,0.657684927136272,0.657684927136272
1979,"EWYKT","pelnbrf","charter",0.15,"Southeast",NA,NA,NA,NA,NA,NA,NA,NA,NA,NA,NA,1,NA,NA,NA,0.657684927136272,0.657684927136272
1980,"EWYKT","pelnbrf","charter",0.15,"Southeast",NA,NA,NA,NA,NA,NA,NA,NA,NA,NA,NA,1,NA,NA,NA,0.657684927136272,0.657684927136272
1981,"EWYKT","pelnbrf","charter",0.15,"Southeast",NA,NA,NA,NA,NA,NA,NA,NA,NA,NA,NA,1,NA,NA,NA,0.657684927136272,0.657684927136272
1982,"EWYKT","pelnbrf","charter",0.15,"Southeast",NA,NA,NA,NA,NA,NA,NA,NA,NA,NA,NA,1,NA,NA,NA,0.657684927136272,0.657684927136272
1983,"EWYKT","pelnbrf","charter",0.15,"Southeast",NA,NA,NA,NA,NA,NA,NA,NA,NA,NA,NA,1,NA,NA,NA,0.657684927136272,0.657684927136272
1984,"EWYKT","pelnbrf","charter",0.15,"Southeast",NA,NA,NA,NA,NA,NA,NA,NA,NA,NA,NA,1,NA,NA,NA,0.657684927136272,0.657684927136272
1985,"EWYKT","pelnbrf","charter",0.15,"Southeast",NA,NA,NA,NA,NA,NA,NA,NA,NA,NA,NA,1,NA,NA,NA,0.657684927136272,0.657684927136272
1986,"EWYKT","pelnbrf","charter",0.15,"Southeast",NA,NA,NA,NA,NA,NA,NA,NA,NA,NA,NA,1,NA,NA,NA,0.657684927136272,0.657684927136272
1987,"EWYKT","pelnbrf","charter",0.15,"Southeast",NA,NA,NA,NA,NA,NA,NA,NA,NA,NA,NA,1,NA,NA,NA,0.657684927136272,0.657684927136272
1988,"EWYKT","pelnbrf","charter",0.15,"Southeast",NA,NA,NA,NA,NA,NA,NA,NA,NA,NA,NA,1,NA,NA,NA,0.657684927136272,0.657684927136272
1989,"EWYKT","pelnbrf","charter",0.15,"Southeast",NA,NA,NA,NA,NA,NA,NA,NA,NA,NA,NA,1,NA,NA,NA,0.657684927136272,0.657684927136272
1990,"EWYKT","pelnbrf","charter",0.15,"Southeast",NA,NA,NA,NA,NA,NA,NA,NA,NA,NA,NA,1,NA,NA,NA,0.657684927136272,0.657684927136272
1991,"EWYKT","pelnbrf","charter",0.15,"Southeast",NA,NA,NA,NA,NA,NA,NA,NA,NA,NA,NA,1,NA,NA,NA,0.657684927136272,0.657684927136272
1992,"EWYKT","pelnbrf","charter",0.15,"Southeast",NA,NA,NA,NA,NA,NA,NA,NA,NA,NA,NA,1,NA,NA,NA,0.657684927136272,0.657684927136272
1993,"EWYKT","pelnbrf","charter",0.15,"Southeast",NA,NA,NA,NA,NA,NA,NA,NA,NA,NA,NA,1,NA,NA,NA,0.657684927136272,0.657684927136272
1994,"EWYKT","pelnbrf","charter",0.15,"Southeast",NA,NA,NA,NA,NA,NA,NA,NA,NA,NA,NA,1,NA,NA,NA,0.657684927136272,0.657684927136272
1995,"EWYKT","pelnbrf","charter",0.15,"Southeast",NA,NA,NA,NA,NA,NA,NA,NA,NA,NA,NA,1,NA,NA,NA,0.657684927136272,0.657684927136272
1996,"EWYKT","pelnbrf","charter",0.15,"Southeast",NA,NA,NA,NA,NA,NA,NA,NA,NA,NA,NA,1,NA,NA,NA,0.657684927136272,0.657684927136272
1997,"EWYKT","pelnbrf","charter",0.15,"Southeast",NA,NA,NA,NA,NA,NA,NA,NA,NA,NA,NA,1,NA,NA,NA,0.657684927136272,0.657684927136272
1998,"EWYKT","pelnbrf","charter",0.15,"Southeast",NA,NA,NA,NA,NA,NA,NA,NA,NA,NA,NA,1,NA,NA,NA,0.657684927136272,0.657684927136272
1999,"EWYKT","pelnbrf","charter",0.15,"Southeast",NA,NA,NA,NA,NA,NA,NA,NA,NA,NA,NA,1,NA,NA,NA,0.657684927136272,0.657684927136272
2000,"EWYKT","pelnbrf","charter",0.15,"Southeast",NA,NA,NA,NA,NA,NA,NA,NA,NA,NA,NA,1,NA,NA,NA,0.657684927136272,0.657684927136272
2001,"EWYKT","pelnbrf","charter",0.15,"Southeast",NA,NA,NA,NA,NA,NA,NA,NA,NA,NA,NA,1,NA,NA,NA,0.657684927136272,0.657684927136272
2002,"EWYKT","pelnbrf","charter",0.15,"Southeast",NA,NA,NA,NA,NA,NA,NA,NA,NA,NA,NA,1,NA,NA,NA,0.657684927136272,0.657684927136272
2003,"EWYKT","pelnbrf","charter",0.15,"Southeast",NA,NA,NA,NA,NA,NA,NA,NA,NA,NA,NA,1,NA,NA,NA,0.657684927136272,0.657684927136272
2004,"EWYKT","pelnbrf","charter",0.15,"Southeast",NA,NA,NA,NA,NA,NA,NA,NA,NA,NA,NA,1,NA,NA,NA,0.657684927136272,0.657684927136272
2005,"EWYKT","pelnbrf","charter",0.15,"Southeast",NA,NA,NA,NA,NA,NA,NA,NA,NA,NA,NA,1,NA,NA,NA,0.657684927136272,0.657684927136272
2006,"EWYKT","pelnbrf","charter",0.15,"Southeast",NA,NA,NA,NA,NA,NA,NA,NA,NA,NA,NA,1,NA,NA,NA,0.657684927136272,0.657684927136272
2007,"EWYKT","pelnbrf","charter",0.15,"Southeast",NA,NA,NA,NA,NA,NA,NA,NA,NA,NA,NA,1,NA,NA,NA,0.657684927136272,0.657684927136272
2008,"EWYKT","pelnbrf","charter",0.15,"Southeast",NA,NA,NA,NA,NA,NA,NA,NA,NA,NA,NA,1,NA,NA,NA,0.657684927136272,0.657684927136272
2009,"EWYKT","pelnbrf","charter",0.15,"Southeast",NA,NA,NA,NA,NA,NA,NA,NA,NA,NA,NA,1,NA,NA,NA,0.657684927136272,0.657684927136272
2010,"EWYKT","pelnbrf","charter",0.15,"Southeast",10,1,10,1.2264856361,0.499229105938577,0.149160432531594,27.9333333333333,12.3333333333333,2.18863487779277,4.56905813823316,"bootstrap",0.407040320118248,2.70393797645115,1.10061177951456,0.328842463568136,0.657684927136272,0.328842463568136
2011,"EWYKT","pelnbrf","charter",0.15,"Southeast",NA,NA,NA,NA,NA,NA,NA,NA,NA,NA,NA,1,NA,NA,NA,0.657684927136272,0.657684927136272
2012,"EWYKT","pelnbrf","charter",0.15,"Southeast",11,7,1.57142857142857,1.151997293,0.499612065694783,0.139227305810873,27.9333333333333,12.3333333333333,2.18863487779277,7,"bootstrap",0.433692048349963,2.53971929032657,1.10145606125564,0.306943667712308,0.657684927136272,0.306943667712308
2013,"EWYKT","pelnbrf","charter",0.15,"Southeast",NA,NA,NA,NA,NA,NA,NA,NA,NA,NA,NA,1,NA,NA,NA,0.657684927136272,0.657684927136272
2014,"EWYKT","pelnbrf","charter",0.15,"Southeast",NA,NA,NA,NA,NA,NA,NA,NA,NA,NA,NA,1,NA,NA,NA,0.657684927136272,0.657684927136272
2015,"EWYKT","pelnbrf","charter",0.15,"Southeast",NA,NA,NA,NA,NA,NA,NA,NA,NA,NA,NA,1,NA,NA,NA,0.657684927136272,0.657684927136272
2016,"EWYKT","pelnbrf","charter",0.15,"Southeast",NA,NA,NA,NA,NA,NA,NA,NA,NA,NA,NA,1,NA,NA,NA,0.657684927136272,0.657684927136272
2017,"EWYKT","pelnbrf","charter",0.15,"Southeast",59,25,2.36,1.09599593313559,0.235452565911463,0.0296551041388115,27.9333333333333,12.3333333333333,2.18863487779277,25,"bootstrap",0.21482978065242,2.41625742561873,0.519084052745452,0.0653783133828794,0.657684927136272,0.0653783133828794
2018,"EWYKT","pelnbrf","charter",0.15,"Southeast",28,16,1.75,1.04866064710714,0.410783555881759,0.0761369356886923,27.9333333333333,12.3333333333333,2.18863487779277,16,"bootstrap",0.391722104777133,2.31190098331624,0.90562271922096,0.167853210636776,0.657684927136272,0.167853210636776
2019,"EWYKT","pelnbrf","charter",0.15,"Southeast",98,36,2.72222222222222,1.17772589857143,0.369864079805716,0.0378519093169205,27.9333333333333,12.3333333333333,2.18863487779277,36,"bootstrap",0.314049372824659,2.5964411561504,0.815410716665167,0.0834491754902717,0.657684927136272,0.0834491754902717
2020,"EWYKT","pelnbrf","charter",0.15,"Southeast",15,5,3,0.937522458466667,0.304880344624312,0.0759511102567701,27.9333333333333,12.3333333333333,2.18863487779277,5,"bootstrap",0.325197910589735,2.06688321869362,0.672146104152154,0.167443535686189,0.657684927136272,0.167443535686189
2021,"EWYKT","pelnbrf","charter",0.15,"Southeast",15,6,2.5,0.787088348066667,0.182157738934561,0.046284456510366,27.9333333333333,12.3333333333333,2.18863487779277,6,"bootstrap",0.23143239177914,1.73523277608621,0.401589071663188,0.102039759777159,0.657684927136272,0.102039759777159
2022,"EWYKT","pelnbrf","charter",0.15,"Southeast",23,13,1.76923076923077,1.06234413695652,0.301549651015307,0.0607735598820317,27.9333333333333,12.3333333333333,2.18863487779277,13,"bootstrap",0.283853075971416,2.34206791455872,0.664803181681452,0.133982764813852,0.657684927136272,0.133982764813852
2023,"EWYKT","pelnbrf","charter",0.15,"Southeast",55,19,2.89473684210526,1.17446535574545,0.322102246932106,0.0429001433255706,27.9333333333333,12.3333333333333,2.18863487779277,19,"bootstrap",0.274254362086026,2.58925288968277,0.710113899539346,0.094578626376795,0.657684927136272,0.094578626376795
2024,"EWYKT","pelnbrf","charter",0.15,"Southeast",60,24,2.5,1.02952550648333,0.242871648465519,0.0309253782284344,27.9333333333333,12.3333333333333,2.18863487779277,24,"bootstrap",0.235906392737295,2.26971521946011,0.535440329963771,0.068178788374462,0.657684927136272,0.068178788374462
2025,"EWYKT","pelnbrf","charter",0.15,"Southeast",42,NA,NA,1.389353255,0.350535203,NA,NA,NA,NA,NA,"4-stage",0.252300990938406,3.06299961314363,0.772797837640092,NA,0.657684927136272,0.657684927136272
1977,"NSEI","pelnbrf","charter",0.15,"Southeast",NA,NA,NA,NA,NA,NA,NA,NA,NA,NA,NA,1,NA,NA,NA,0.716421953751657,0.716421953751657
1978,"NSEI","pelnbrf","charter",0.15,"Southeast",NA,NA,NA,NA,NA,NA,NA,NA,NA,NA,NA,1,NA,NA,NA,0.716421953751657,0.716421953751657
1979,"NSEI","pelnbrf","charter",0.15,"Southeast",NA,NA,NA,NA,NA,NA,NA,NA,NA,NA,NA,1,NA,NA,NA,0.716421953751657,0.716421953751657
1980,"NSEI","pelnbrf","charter",0.15,"Southeast",NA,NA,NA,NA,NA,NA,NA,NA,NA,NA,NA,1,NA,NA,NA,0.716421953751657,0.716421953751657
1981,"NSEI","pelnbrf","charter",0.15,"Southeast",NA,NA,NA,NA,NA,NA,NA,NA,NA,NA,NA,1,NA,NA,NA,0.716421953751657,0.716421953751657
1982,"NSEI","pelnbrf","charter",0.15,"Southeast",NA,NA,NA,NA,NA,NA,NA,NA,NA,NA,NA,1,NA,NA,NA,0.716421953751657,0.716421953751657
1983,"NSEI","pelnbrf","charter",0.15,"Southeast",NA,NA,NA,NA,NA,NA,NA,NA,NA,NA,NA,1,NA,NA,NA,0.716421953751657,0.716421953751657
1984,"NSEI","pelnbrf","charter",0.15,"Southeast",NA,NA,NA,NA,NA,NA,NA,NA,NA,NA,NA,1,NA,NA,NA,0.716421953751657,0.716421953751657
1985,"NSEI","pelnbrf","charter",0.15,"Southeast",NA,NA,NA,NA,NA,NA,NA,NA,NA,NA,NA,1,NA,NA,NA,0.716421953751657,0.716421953751657
1986,"NSEI","pelnbrf","charter",0.15,"Southeast",NA,NA,NA,NA,NA,NA,NA,NA,NA,NA,NA,1,NA,NA,NA,0.716421953751657,0.716421953751657
1987,"NSEI","pelnbrf","charter",0.15,"Southeast",NA,NA,NA,NA,NA,NA,NA,NA,NA,NA,NA,1,NA,NA,NA,0.716421953751657,0.716421953751657
1988,"NSEI","pelnbrf","charter",0.15,"Southeast",NA,NA,NA,NA,NA,NA,NA,NA,NA,NA,NA,1,NA,NA,NA,0.716421953751657,0.716421953751657
1989,"NSEI","pelnbrf","charter",0.15,"Southeast",NA,NA,NA,NA,NA,NA,NA,NA,NA,NA,NA,1,NA,NA,NA,0.716421953751657,0.716421953751657
1990,"NSEI","pelnbrf","charter",0.15,"Southeast",NA,NA,NA,NA,NA,NA,NA,NA,NA,NA,NA,1,NA,NA,NA,0.716421953751657,0.716421953751657
1991,"NSEI","pelnbrf","charter",0.15,"Southeast",NA,NA,NA,NA,NA,NA,NA,NA,NA,NA,NA,1,NA,NA,NA,0.716421953751657,0.716421953751657
1992,"NSEI","pelnbrf","charter",0.15,"Southeast",NA,NA,NA,NA,NA,NA,NA,NA,NA,NA,NA,1,NA,NA,NA,0.716421953751657,0.716421953751657
1993,"NSEI","pelnbrf","charter",0.15,"Southeast",NA,NA,NA,NA,NA,NA,NA,NA,NA,NA,NA,1,NA,NA,NA,0.716421953751657,0.716421953751657
1994,"NSEI","pelnbrf","charter",0.15,"Southeast",NA,NA,NA,NA,NA,NA,NA,NA,NA,NA,NA,1,NA,NA,NA,0.716421953751657,0.716421953751657
1995,"NSEI","pelnbrf","charter",0.15,"Southeast",NA,NA,NA,NA,NA,NA,NA,NA,NA,NA,NA,1,NA,NA,NA,0.716421953751657,0.716421953751657
1996,"NSEI","pelnbrf","charter",0.15,"Southeast",NA,NA,NA,NA,NA,NA,NA,NA,NA,NA,NA,1,NA,NA,NA,0.716421953751657,0.716421953751657
1997,"NSEI","pelnbrf","charter",0.15,"Southeast",NA,NA,NA,NA,NA,NA,NA,NA,NA,NA,NA,1,NA,NA,NA,0.716421953751657,0.716421953751657
1998,"NSEI","pelnbrf","charter",0.15,"Southeast",NA,NA,NA,NA,NA,NA,NA,NA,NA,NA,NA,1,NA,NA,NA,0.716421953751657,0.716421953751657
1999,"NSEI","pelnbrf","charter",0.15,"Southeast",NA,NA,NA,NA,NA,NA,NA,NA,NA,NA,NA,1,NA,NA,NA,0.716421953751657,0.716421953751657
2000,"NSEI","pelnbrf","charter",0.15,"Southeast",NA,NA,NA,NA,NA,NA,NA,NA,NA,NA,NA,1,NA,NA,NA,0.716421953751657,0.716421953751657
2001,"NSEI","pelnbrf","charter",0.15,"Southeast",NA,NA,NA,NA,NA,NA,NA,NA,NA,NA,NA,1,NA,NA,NA,0.716421953751657,0.716421953751657
2002,"NSEI","pelnbrf","charter",0.15,"Southeast",NA,NA,NA,NA,NA,NA,NA,NA,NA,NA,NA,1,NA,NA,NA,0.716421953751657,0.716421953751657
2003,"NSEI","pelnbrf","charter",0.15,"Southeast",NA,NA,NA,NA,NA,NA,NA,NA,NA,NA,NA,1,NA,NA,NA,0.716421953751657,0.716421953751657
2004,"NSEI","pelnbrf","charter",0.15,"Southeast",NA,NA,NA,NA,NA,NA,NA,NA,NA,NA,NA,1,NA,NA,NA,0.716421953751657,0.716421953751657
2005,"NSEI","pelnbrf","charter",0.15,"Southeast",NA,NA,NA,NA,NA,NA,NA,NA,NA,NA,NA,1,NA,NA,NA,0.716421953751657,0.716421953751657
2006,"NSEI","pelnbrf","charter",0.15,"Southeast",26,1,26,1.92496963392308,0.846367993292054,0.162481766097378,274,62.6,4.02240094844948,6.46380118074064,"bootstrap",0.439678620574996,4.24383159775994,1.86592202285567,0.358210976875829,0.716421953751657,0.358210976875829
2007,"NSEI","pelnbrf","charter",0.15,"Southeast",13,1,13,1.32302731984615,0.26671667230804,0.0749334668637527,274,62.6,4.02240094844948,3.23190059037032,"bootstrap",0.201595740546806,2.9167759562108,0.588009608901433,0.16520001604285,0.716421953751657,0.16520001604285
2008,"NSEI","pelnbrf","charter",0.15,"Southeast",20,1,20,1.19728258265,0.442746980391008,0.0967658991472923,274,62.6,4.02240094844948,4.97215475441588,"bootstrap",0.369793219083715,2.63955626424221,0.976090007906713,0.213332290104759,0.716421953751657,0.213332290104759
2009,"NSEI","pelnbrf","charter",0.15,"Southeast",29,1,29,1.27806262144828,0.391661298537855,0.0742664590109512,274,62.6,4.02240094844948,7.20962439390302,"bootstrap",0.306449223977798,2.81764576502137,0.863465358135128,0.163729515442846,0.716421953751657,0.163729515442846
2010,"NSEI","pelnbrf","charter",0.15,"Southeast",26,1,26,1.06204076288462,0.36903773931334,0.0720421866469033,274,62.6,4.02240094844948,6.46380118074064,"bootstrap",0.347479825831725,2.34139908921749,0.813588947723853,0.158825834276025,0.716421953751657,0.158825834276025
2011,"NSEI","pelnbrf","charter",0.15,"Southeast",31,18,1.72222222222222,1.18280525487097,0.564172903170167,0.0964009520549932,274,62.6,4.02240094844948,18,"bootstrap",0.476978691840282,2.60763921994341,1.24378834392002,0.212527719489973,0.716421953751657,0.212527719489973
2012,"NSEI","pelnbrf","charter",0.15,"Southeast",49,22,2.22727272727273,1.12806157593878,0.418254949769117,0.0562337997561022,274,62.6,4.02240094844948,22,"bootstrap",0.370773155198591,2.48695006706748,0.922094323187959,0.123974306950853,0.716421953751657,0.123974306950853
2013,"NSEI","pelnbrf","charter",0.15,"Southeast",102,23,4.43478260869565,0.979789627686275,0.373793910803535,0.0361252814714576,274,62.6,4.02240094844948,23,"bootstrap",0.381504253812352,2.16006637603854,0.824074510975736,0.0796426126858423,0.716421953751657,0.0796426126858423
2014,"NSEI","pelnbrf","charter",0.15,"Southeast",109,37,2.94594594594595,1.09417222865138,0.587526279031658,0.0540259621476812,274,62.6,4.02240094844948,37,"bootstrap",0.536959597078983,2.41223684546064,1.29527372459762,0.119106858218042,0.716421953751657,0.119106858218042
2015,"NSEI","pelnbrf","charter",0.15,"Southeast",123,31,3.96774193548387,0.624970576292683,0.443787286056266,0.039393112378142,274,62.6,4.02240094844948,31,"bootstrap",0.7100930874039,1.37782426932928,0.978383489308055,0.0868469466210538,0.716421953751657,0.0868469466210538
2016,"NSEI","pelnbrf","charter",0.15,"Southeast",196,66,2.96969696969697,0.969358054336735,0.336796672521122,0.0235153930287983,274,62.6,4.02240094844948,66,"bootstrap",0.347443002112949,2.13706869346995,0.742509562580798,0.051842567389479,0.716421953751657,0.051842567389479
2017,"NSEI","pelnbrf","charter",0.15,"Southeast",287,81,3.54320987654321,0.850750974418119,0.327891315145918,0.0187196476418136,274,62.6,4.02240094844948,81,"bootstrap",0.385413975423517,1.87558484218923,0.722876610272239,0.0412697586295719,0.716421953751657,0.0412697586295719
2018,"NSEI","pelnbrf","charter",0.15,"Southeast",681,145,4.69655172413793,0.860653270395007,0.290693960141756,0.0109565960082162,274,62.6,4.02240094844948,145,"bootstrap",0.337759664828019,1.89741566788981,0.640870480025894,0.0241551593979151,0.716421953751657,0.0241551593979151
2019,"NSEI","pelnbrf","charter",0.15,"Southeast",721,139,5.18705035971223,0.848452112022191,0.275003290135953,0.0101384559970869,274,62.6,4.02240094844948,139,"bootstrap",0.324123525935381,1.8705167181509,0.606278474008145,0.0223514694230524,0.716421953751657,0.0223514694230524
2020,"NSEI","pelnbrf","charter",0.15,"Southeast",67,15,4.46666666666667,0.952060077850746,0.381630847870172,0.046739507946137,274,62.6,4.02240094844948,15,"bootstrap",0.400847443085414,2.09893318322872,0.84135199970436,0.103042976465723,0.716421953751657,0.103042976465723
2021,"NSEI","pelnbrf","charter",0.15,"Southeast",304,53,5.73584905660377,0.855369160325658,0.30056712417848,0.0169775568180385,274,62.6,4.02240094844948,53,"bootstrap",0.351388778225354,1.88576619930435,0.662637080792226,0.0374291057933829,0.716421953751657,0.0374291057933829
2022,"NSEI","pelnbrf","charter",0.15,"Southeast",454,91,4.98901098901099,0.942729495698238,0.279919968257268,0.0130220081254429,274,62.6,4.02240094844948,91,"bootstrap",0.296925013521449,2.07836277075753,0.617117893809655,0.0287086136711752,0.716421953751657,0.0287086136711752
2023,"NSEI","pelnbrf","charter",0.15,"Southeast",379,77,4.92207792207792,0.943827542585752,0.299954008100145,0.0155791484780595,274,62.6,4.02240094844948,77,"bootstrap",0.317805949250408,2.08078354976356,0.661285391217243,0.0343461431350685,0.716421953751657,0.0343461431350685
2024,"NSEI","pelnbrf","charter",0.15,"Southeast",364,76,4.78947368421053,1.04680597950549,0.294488199748207,0.015205641224249,274,62.6,4.02240094844948,76,"bootstrap",0.281320708434741,2.30781214116906,0.649235346487975,0.0335227005945838,0.716421953751657,0.0335227005945838
2025,"NSEI","pelnbrf","charter",0.15,"Southeast",323,NA,NA,1.077563411,0.158198497,NA,NA,NA,NA,NA,"4-stage",0.146811310949384,2.37562067037496,0.348767984936202,NA,0.716421953751657,0.716421953751657
1977,"NSEO","pelnbrf","charter",0.15,"Southeast",NA,NA,NA,NA,NA,NA,NA,NA,NA,NA,NA,1,NA,NA,NA,0.62603420434458,0.62603420434458
1978,"NSEO","pelnbrf","charter",0.15,"Southeast",NA,NA,NA,NA,NA,NA,NA,NA,NA,NA,NA,1,NA,NA,NA,0.62603420434458,0.62603420434458
1979,"NSEO","pelnbrf","charter",0.15,"Southeast",NA,NA,NA,NA,NA,NA,NA,NA,NA,NA,NA,1,NA,NA,NA,0.62603420434458,0.62603420434458
1980,"NSEO","pelnbrf","charter",0.15,"Southeast",NA,NA,NA,NA,NA,NA,NA,NA,NA,NA,NA,1,NA,NA,NA,0.62603420434458,0.62603420434458
1981,"NSEO","pelnbrf","charter",0.15,"Southeast",NA,NA,NA,NA,NA,NA,NA,NA,NA,NA,NA,1,NA,NA,NA,0.62603420434458,0.62603420434458
1982,"NSEO","pelnbrf","charter",0.15,"Southeast",NA,NA,NA,NA,NA,NA,NA,NA,NA,NA,NA,1,NA,NA,NA,0.62603420434458,0.62603420434458
1983,"NSEO","pelnbrf","charter",0.15,"Southeast",NA,NA,NA,NA,NA,NA,NA,NA,NA,NA,NA,1,NA,NA,NA,0.62603420434458,0.62603420434458
1984,"NSEO","pelnbrf","charter",0.15,"Southeast",NA,NA,NA,NA,NA,NA,NA,NA,NA,NA,NA,1,NA,NA,NA,0.62603420434458,0.62603420434458
1985,"NSEO","pelnbrf","charter",0.15,"Southeast",NA,NA,NA,NA,NA,NA,NA,NA,NA,NA,NA,1,NA,NA,NA,0.62603420434458,0.62603420434458
1986,"NSEO","pelnbrf","charter",0.15,"Southeast",NA,NA,NA,NA,NA,NA,NA,NA,NA,NA,NA,1,NA,NA,NA,0.62603420434458,0.62603420434458
1987,"NSEO","pelnbrf","charter",0.15,"Southeast",NA,NA,NA,NA,NA,NA,NA,NA,NA,NA,NA,1,NA,NA,NA,0.62603420434458,0.62603420434458
1988,"NSEO","pelnbrf","charter",0.15,"Southeast",NA,NA,NA,NA,NA,NA,NA,NA,NA,NA,NA,1,NA,NA,NA,0.62603420434458,0.62603420434458
1989,"NSEO","pelnbrf","charter",0.15,"Southeast",NA,NA,NA,NA,NA,NA,NA,NA,NA,NA,NA,1,NA,NA,NA,0.62603420434458,0.62603420434458
1990,"NSEO","pelnbrf","charter",0.15,"Southeast",NA,NA,NA,NA,NA,NA,NA,NA,NA,NA,NA,1,NA,NA,NA,0.62603420434458,0.62603420434458
1991,"NSEO","pelnbrf","charter",0.15,"Southeast",NA,NA,NA,NA,NA,NA,NA,NA,NA,NA,NA,1,NA,NA,NA,0.62603420434458,0.62603420434458
1992,"NSEO","pelnbrf","charter",0.15,"Southeast",NA,NA,NA,NA,NA,NA,NA,NA,NA,NA,NA,1,NA,NA,NA,0.62603420434458,0.62603420434458
1993,"NSEO","pelnbrf","charter",0.15,"Southeast",NA,NA,NA,NA,NA,NA,NA,NA,NA,NA,NA,1,NA,NA,NA,0.62603420434458,0.62603420434458
1994,"NSEO","pelnbrf","charter",0.15,"Southeast",NA,NA,NA,NA,NA,NA,NA,NA,NA,NA,NA,1,NA,NA,NA,0.62603420434458,0.62603420434458
1995,"NSEO","pelnbrf","charter",0.15,"Southeast",NA,NA,NA,NA,NA,NA,NA,NA,NA,NA,NA,1,NA,NA,NA,0.62603420434458,0.62603420434458
1996,"NSEO","pelnbrf","charter",0.15,"Southeast",NA,NA,NA,NA,NA,NA,NA,NA,NA,NA,NA,1,NA,NA,NA,0.62603420434458,0.62603420434458
1997,"NSEO","pelnbrf","charter",0.15,"Southeast",NA,NA,NA,NA,NA,NA,NA,NA,NA,NA,NA,1,NA,NA,NA,0.62603420434458,0.62603420434458
1998,"NSEO","pelnbrf","charter",0.15,"Southeast",NA,NA,NA,NA,NA,NA,NA,NA,NA,NA,NA,1,NA,NA,NA,0.62603420434458,0.62603420434458
1999,"NSEO","pelnbrf","charter",0.15,"Southeast",NA,NA,NA,NA,NA,NA,NA,NA,NA,NA,NA,1,NA,NA,NA,0.62603420434458,0.62603420434458
2000,"NSEO","pelnbrf","charter",0.15,"Southeast",NA,NA,NA,NA,NA,NA,NA,NA,NA,NA,NA,1,NA,NA,NA,0.62603420434458,0.62603420434458
2001,"NSEO","pelnbrf","charter",0.15,"Southeast",NA,NA,NA,NA,NA,NA,NA,NA,NA,NA,NA,1,NA,NA,NA,0.62603420434458,0.62603420434458
2002,"NSEO","pelnbrf","charter",0.15,"Southeast",NA,NA,NA,NA,NA,NA,NA,NA,NA,NA,NA,1,NA,NA,NA,0.62603420434458,0.62603420434458
2003,"NSEO","pelnbrf","charter",0.15,"Southeast",NA,NA,NA,NA,NA,NA,NA,NA,NA,NA,NA,1,NA,NA,NA,0.62603420434458,0.62603420434458
2004,"NSEO","pelnbrf","charter",0.15,"Southeast",NA,NA,NA,NA,NA,NA,NA,NA,NA,NA,NA,1,NA,NA,NA,0.62603420434458,0.62603420434458
2005,"NSEO","pelnbrf","charter",0.15,"Southeast",NA,NA,NA,NA,NA,NA,NA,NA,NA,NA,NA,1,NA,NA,NA,0.62603420434458,0.62603420434458
2006,"NSEO","pelnbrf","charter",0.15,"Southeast",10,1,10,2.0207602112,0.452669388228328,0.141982169343926,58.5714285714286,29.1428571428571,2.12200803051883,4.7125175099149,"bootstrap",0.224009452343441,4.4550136712075,0.997965172669734,0.31301710217229,0.62603420434458,0.31301710217229
2007,"NSEO","pelnbrf","charter",0.15,"Southeast",NA,NA,NA,NA,NA,NA,NA,NA,NA,NA,NA,1,NA,NA,NA,0.62603420434458,0.62603420434458
2008,"NSEO","pelnbrf","charter",0.15,"Southeast",NA,NA,NA,NA,NA,NA,NA,NA,NA,NA,NA,1,NA,NA,NA,0.62603420434458,0.62603420434458
2009,"NSEO","pelnbrf","charter",0.15,"Southeast",11,1,11,0.795651594181818,0.378132406332259,0.109807595914508,58.5714285714286,29.1428571428571,2.12200803051883,5.18376926090638,"bootstrap",0.475248725820878,1.7541115021723,0.833639256355129,0.242084309800944,0.62603420434458,0.242084309800944
2010,"NSEO","pelnbrf","charter",0.15,"Southeast",12,1,12,0.766664993833333,0.424387474372498,0.112896187769355,58.5714285714286,29.1428571428571,2.12200803051883,5.65502101189787,"bootstrap",0.553550087438525,1.69020698736713,0.935614225646279,0.248893489268087,0.62603420434458,0.248893489268087
2011,"NSEO","pelnbrf","charter",0.15,"Southeast",26,19,1.36842105263158,0.961989139807692,0.654407984522587,0.126373178380896,58.5714285714286,29.1428571428571,2.12200803051883,19,"bootstrap",0.680265459809045,2.12082301781438,1.44272264538711,0.278605167619818,0.62603420434458,0.278605167619818
2012,"NSEO","pelnbrf","charter",0.15,"Southeast",46,24,1.91666666666667,1.187606627,0.570656311344972,0.0816369119640508,58.5714285714286,29.1428571428571,2.12200803051883,24,"bootstrap",0.480509537730099,2.6182244335461,1.25808181223689,0.179978582742895,0.62603420434458,0.179978582742895
2013,"NSEO","pelnbrf","charter",0.15,"Southeast",60,28,2.14285714285714,0.9934613773,0.768156566020964,0.0951581154807003,58.5714285714286,29.1428571428571,2.12200803051883,28,"bootstrap",0.773212309580305,2.19020742449193,1.69349534115134,0.209787733865324,0.62603420434458,0.209787733865324
2014,"NSEO","pelnbrf","charter",0.15,"Southeast",49,30,1.63333333333333,0.878726810387755,0.502816811099025,0.0718284657109333,58.5714285714286,29.1428571428571,2.12200803051883,30,"bootstrap",0.572210617856473,1.9372610029813,1.10852131546518,0.158354660266218,0.62603420434458,0.158354660266218
2015,"NSEO","pelnbrf","charter",0.15,"Southeast",80,40,2,0.8424409324625,0.464608012674881,0.0529468973087231,58.5714285714286,29.1428571428571,2.12200803051883,40,"bootstrap",0.551502182256039,1.85726433572072,1.02428533417629,0.116727927465628,0.62603420434458,0.116727927465628
2016,"NSEO","pelnbrf","charter",0.15,"Southeast",108,46,2.34782608695652,0.936065456444444,0.377414077846407,0.0366443623515753,58.5714285714286,29.1428571428571,2.12200803051883,46,"bootstrap",0.403191972578476,2.06367107907805,0.83205561312663,0.0807869901357593,0.62603420434458,0.0807869901357593
2017,"NSEO","pelnbrf","charter",0.15,"Southeast",79,42,1.88095238095238,1.0106910124557,0.357980724119986,0.0404826198149304,58.5714285714286,29.1428571428571,2.12200803051883,42,"bootstrap",0.354194031319416,2.22819226789054,0.789212401918901,0.0892488993608558,0.62603420434458,0.0892488993608558
2018,"NSEO","pelnbrf","charter",0.15,"Southeast",69,37,1.86486486486486,0.93954340915942,0.381214144168004,0.0462013708284688,58.5714285714286,29.1428571428571,2.12200803051883,37,"bootstrap",0.405744045939361,2.07133865230477,0.840433325296723,0.10185658720345,0.62603420434458,0.10185658720345
2019,"NSEO","pelnbrf","charter",0.15,"Southeast",105,53,1.9811320754717,1.07400484915238,0.342238236131956,0.0331420999132964,58.5714285714286,29.1428571428571,2.12200803051883,53,"bootstrap",0.318656136796827,2.36777538443102,0.754506156805411,0.0730658231431533,0.62603420434458,0.0730658231431533
2020,"NSEO","pelnbrf","charter",0.15,"Southeast",NA,NA,NA,NA,NA,NA,NA,NA,NA,NA,NA,1,NA,NA,NA,0.62603420434458,0.62603420434458
2021,"NSEO","pelnbrf","charter",0.15,"Southeast",NA,NA,NA,NA,NA,NA,NA,NA,NA,NA,NA,1,NA,NA,NA,0.62603420434458,0.62603420434458
2022,"NSEO","pelnbrf","charter",0.15,"Southeast",73,34,2.14705882352941,0.881361678767123,0.330756549268417,0.0395409246371551,58.5714285714286,29.1428571428571,2.12200803051883,34,"bootstrap",0.375279022490619,1.94306989341117,0.729193370230297,0.0871728168707874,0.62603420434458,0.0871728168707874
2023,"NSEO","pelnbrf","charter",0.15,"Southeast",17,8,2.125,0.897632433647059,0.403903593855897,0.0954743376842691,58.5714285714286,29.1428571428571,2.12200803051883,8,"bootstrap",0.449965463274145,1.97894076766396,0.890454999314004,0.210484884488258,0.62603420434458,0.210484884488258
2024,"NSEO","pelnbrf","charter",0.15,"Southeast",12,6,2,1.0146504345,0.313222058120607,0.0835729471869024,58.5714285714286,29.1428571428571,2.12200803051883,6,"bootstrap",0.30869947665765,2.23692129929153,0.690536434415645,0.18424680978831,0.62603420434458,0.18424680978831
2025,"NSEO","pelnbrf","charter",0.15,"Southeast",103,NA,NA,0.92042014,0.119882358,NA,NA,NA,NA,NA,"4-stage",0.130247430265922,2.02917906054757,0.264295358185738,NA,0.62603420434458,0.62603420434458
1977,"SSEI","pelnbrf","charter",0.15,"Southeast",NA,NA,NA,NA,NA,NA,NA,NA,NA,NA,NA,1,NA,NA,NA,0.910007760473706,0.910007760473706
1978,"SSEI","pelnbrf","charter",0.15,"Southeast",NA,NA,NA,NA,NA,NA,NA,NA,NA,NA,NA,1,NA,NA,NA,0.910007760473706,0.910007760473706
1979,"SSEI","pelnbrf","charter",0.15,"Southeast",NA,NA,NA,NA,NA,NA,NA,NA,NA,NA,NA,1,NA,NA,NA,0.910007760473706,0.910007760473706
1980,"SSEI","pelnbrf","charter",0.15,"Southeast",NA,NA,NA,NA,NA,NA,NA,NA,NA,NA,NA,1,NA,NA,NA,0.910007760473706,0.910007760473706
1981,"SSEI","pelnbrf","charter",0.15,"Southeast",NA,NA,NA,NA,NA,NA,NA,NA,NA,NA,NA,1,NA,NA,NA,0.910007760473706,0.910007760473706
1982,"SSEI","pelnbrf","charter",0.15,"Southeast",NA,NA,NA,NA,NA,NA,NA,NA,NA,NA,NA,1,NA,NA,NA,0.910007760473706,0.910007760473706
1983,"SSEI","pelnbrf","charter",0.15,"Southeast",NA,NA,NA,NA,NA,NA,NA,NA,NA,NA,NA,1,NA,NA,NA,0.910007760473706,0.910007760473706
1984,"SSEI","pelnbrf","charter",0.15,"Southeast",NA,NA,NA,NA,NA,NA,NA,NA,NA,NA,NA,1,NA,NA,NA,0.910007760473706,0.910007760473706
1985,"SSEI","pelnbrf","charter",0.15,"Southeast",NA,NA,NA,NA,NA,NA,NA,NA,NA,NA,NA,1,NA,NA,NA,0.910007760473706,0.910007760473706
1986,"SSEI","pelnbrf","charter",0.15,"Southeast",NA,NA,NA,NA,NA,NA,NA,NA,NA,NA,NA,1,NA,NA,NA,0.910007760473706,0.910007760473706
1987,"SSEI","pelnbrf","charter",0.15,"Southeast",NA,NA,NA,NA,NA,NA,NA,NA,NA,NA,NA,1,NA,NA,NA,0.910007760473706,0.910007760473706
1988,"SSEI","pelnbrf","charter",0.15,"Southeast",NA,NA,NA,NA,NA,NA,NA,NA,NA,NA,NA,1,NA,NA,NA,0.910007760473706,0.910007760473706
1989,"SSEI","pelnbrf","charter",0.15,"Southeast",NA,NA,NA,NA,NA,NA,NA,NA,NA,NA,NA,1,NA,NA,NA,0.910007760473706,0.910007760473706
1990,"SSEI","pelnbrf","charter",0.15,"Southeast",NA,NA,NA,NA,NA,NA,NA,NA,NA,NA,NA,1,NA,NA,NA,0.910007760473706,0.910007760473706
1991,"SSEI","pelnbrf","charter",0.15,"Southeast",NA,NA,NA,NA,NA,NA,NA,NA,NA,NA,NA,1,NA,NA,NA,0.910007760473706,0.910007760473706
1992,"SSEI","pelnbrf","charter",0.15,"Southeast",NA,NA,NA,NA,NA,NA,NA,NA,NA,NA,NA,1,NA,NA,NA,0.910007760473706,0.910007760473706
1993,"SSEI","pelnbrf","charter",0.15,"Southeast",NA,NA,NA,NA,NA,NA,NA,NA,NA,NA,NA,1,NA,NA,NA,0.910007760473706,0.910007760473706
1994,"SSEI","pelnbrf","charter",0.15,"Southeast",NA,NA,NA,NA,NA,NA,NA,NA,NA,NA,NA,1,NA,NA,NA,0.910007760473706,0.910007760473706
1995,"SSEI","pelnbrf","charter",0.15,"Southeast",NA,NA,NA,NA,NA,NA,NA,NA,NA,NA,NA,1,NA,NA,NA,0.910007760473706,0.910007760473706
1996,"SSEI","pelnbrf","charter",0.15,"Southeast",NA,NA,NA,NA,NA,NA,NA,NA,NA,NA,NA,1,NA,NA,NA,0.910007760473706,0.910007760473706
1997,"SSEI","pelnbrf","charter",0.15,"Southeast",NA,NA,NA,NA,NA,NA,NA,NA,NA,NA,NA,1,NA,NA,NA,0.910007760473706,0.910007760473706
1998,"SSEI","pelnbrf","charter",0.15,"Southeast",NA,NA,NA,NA,NA,NA,NA,NA,NA,NA,NA,1,NA,NA,NA,0.910007760473706,0.910007760473706
1999,"SSEI","pelnbrf","charter",0.15,"Southeast",NA,NA,NA,NA,NA,NA,NA,NA,NA,NA,NA,1,NA,NA,NA,0.910007760473706,0.910007760473706
2000,"SSEI","pelnbrf","charter",0.15,"Southeast",NA,NA,NA,NA,NA,NA,NA,NA,NA,NA,NA,1,NA,NA,NA,0.910007760473706,0.910007760473706
2001,"SSEI","pelnbrf","charter",0.15,"Southeast",NA,NA,NA,NA,NA,NA,NA,NA,NA,NA,NA,1,NA,NA,NA,0.910007760473706,0.910007760473706
2002,"SSEI","pelnbrf","charter",0.15,"Southeast",NA,NA,NA,NA,NA,NA,NA,NA,NA,NA,NA,1,NA,NA,NA,0.910007760473706,0.910007760473706
2003,"SSEI","pelnbrf","charter",0.15,"Southeast",NA,NA,NA,NA,NA,NA,NA,NA,NA,NA,NA,1,NA,NA,NA,0.910007760473706,0.910007760473706
2004,"SSEI","pelnbrf","charter",0.15,"Southeast",NA,NA,NA,NA,NA,NA,NA,NA,NA,NA,NA,1,NA,NA,NA,0.910007760473706,0.910007760473706
2005,"SSEI","pelnbrf","charter",0.15,"Southeast",NA,NA,NA,NA,NA,NA,NA,NA,NA,NA,NA,1,NA,NA,NA,0.910007760473706,0.910007760473706
2006,"SSEI","pelnbrf","charter",0.15,"Southeast",NA,NA,NA,NA,NA,NA,NA,NA,NA,NA,NA,1,NA,NA,NA,0.910007760473706,0.910007760473706
2007,"SSEI","pelnbrf","charter",0.15,"Southeast",NA,NA,NA,NA,NA,NA,NA,NA,NA,NA,NA,1,NA,NA,NA,0.910007760473706,0.910007760473706
2008,"SSEI","pelnbrf","charter",0.15,"Southeast",15,1,15,1.36519785813333,0.638190167587718,0.158597812021189,235.4,75.6666666666667,2.94853585603028,5.08727067684197,"bootstrap",0.467470823943668,3.00974607881629,1.40696847932547,0.349648323864421,0.910007760473706,0.349648323864421
2009,"SSEI","pelnbrf","charter",0.15,"Southeast",NA,NA,NA,NA,NA,NA,NA,NA,NA,NA,NA,1,NA,NA,NA,0.910007760473706,0.910007760473706
2010,"SSEI","pelnbrf","charter",0.15,"Southeast",13,1,13,1.25247154469231,0.778267297383693,0.206386288568904,235.4,75.6666666666667,2.94853585603028,4.40896791992971,"bootstrap",0.6213852128472,2.76122709833501,1.71578568821836,0.455003880236853,0.910007760473706,0.455003880236853
2011,"SSEI","pelnbrf","charter",0.15,"Southeast",82,23,3.56521739130435,1.20263282779268,0.580919593751651,0.0630991344182717,235.4,75.6666666666667,2.94853585603028,23,"bootstrap",0.483039860817599,2.65135153570631,1.2807084767861,0.139109779040942,0.910007760473706,0.139109779040942
2012,"SSEI","pelnbrf","charter",0.15,"Southeast",56,30,1.86666666666667,1.09233993601786,0.388053689188825,0.0531094481287046,235.4,75.6666666666667,2.94853585603028,30,"bootstrap",0.355249933096358,2.40819733167433,0.855511940960133,0.117086290680259,0.910007760473706,0.117086290680259
2013,"SSEI","pelnbrf","charter",0.15,"Southeast",101,31,3.25806451612903,1.05230355882178,0.455069918649547,0.0461275907740306,235.4,75.6666666666667,2.94853585603028,31,"bootstrap",0.43245118277379,2.319932228885,1.00325743633635,0.101693930026531,0.910007760473706,0.101693930026531
2014,"SSEI","pelnbrf","charter",0.15,"Southeast",125,61,2.04918032786885,1.143230444616,0.448083717648018,0.040398735139066,235.4,75.6666666666667,2.94853585603028,61,"bootstrap",0.391945228329294,2.52039169807309,0.987855499580514,0.0890639653069737,0.910007760473706,0.0890639653069737
2015,"SSEI","pelnbrf","charter",0.15,"Southeast",124,62,2,1.00349604464516,0.364680566281014,0.0313848047307107,235.4,75.6666666666667,2.94853585603028,62,"bootstrap",0.363410068457187,2.21233007910525,0.803983025497533,0.0691916504336078,0.910007760473706,0.0691916504336078
2016,"SSEI","pelnbrf","charter",0.15,"Southeast",140,70,2,0.976490536992857,0.370372109390246,0.0305897974226672,235.4,75.6666666666667,2.94853585603028,70,"bootstrap",0.37928898986653,2.1527931260704,0.816530730178851,0.0674389593392298,0.910007760473706,0.0674389593392298
2017,"SSEI","pelnbrf","charter",0.15,"Southeast",227,101,2.24752475247525,1.00548641845374,0.401210309015624,0.0246760846611057,235.4,75.6666666666667,2.94853585603028,101,"bootstrap",0.399021112222097,2.2167181022259,0.884517322633035,0.0544014544169087,0.910007760473706,0.0544014544169087
2018,"SSEI","pelnbrf","charter",0.15,"Southeast",128,55,2.32727272727273,0.976217004859375,0.317916739858179,0.0278223993510952,235.4,75.6666666666667,2.94853585603028,55,"bootstrap",0.325661956589227,2.15219009094163,0.700886435967997,0.0613378909520978,0.910007760473706,0.0613378909520978
2019,"SSEI","pelnbrf","charter",0.15,"Southeast",207,86,2.40697674418605,1.03356614010628,0.418042388947337,0.0285150846360062,235.4,75.6666666666667,2.94853585603028,86,"bootstrap",0.404466025661745,2.27862329174439,0.921625706792137,0.0628650005997537,0.910007760473706,0.0628650005997537
2020,"SSEI","pelnbrf","charter",0.15,"Southeast",270,79,3.41772151898734,0.994774044637037,0.359951628884711,0.0227689250945745,235.4,75.6666666666667,2.94853585603028,79,"bootstrap",0.361842602172081,2.1931013605957,0.793557503145079,0.0501968872965846,0.910007760473706,0.0501968872965846
2021,"SSEI","pelnbrf","charter",0.15,"Southeast",563,114,4.93859649122807,0.806303603863233,0.347252798626173,0.0155453559917847,235.4,75.6666666666667,2.94853585603028,114,"bootstrap",0.430672512143546,1.7775951636644,0.765561374709566,0.0342716434554411,0.910007760473706,0.0342716434554411
2022,"SSEI","pelnbrf","charter",0.15,"Southeast",222,86,2.58139534883721,0.906268750891892,0.371770650591178,0.0248254393559454,235.4,75.6666666666667,2.94853585603028,86,"bootstrap",0.41022119567215,1.99798058801541,0.819613985745427,0.0547307251555555,0.910007760473706,0.0547307251555555
2023,"SSEI","pelnbrf","charter",0.15,"Southeast",328,85,3.85882352941176,0.883435748408537,0.328680832440009,0.0184963359154275,235.4,75.6666666666667,2.94853585603028,85,"bootstrap",0.372048372541082,1.94764243425809,0.724617197957674,0.0407774405462699,0.910007760473706,0.0407774405462699
2024,"SSEI","pelnbrf","charter",0.15,"Southeast",373,92,4.05434782608696,0.928682550018767,0.412848501739592,0.0214681937034015,235.4,75.6666666666667,2.94853585603028,92,"bootstrap",0.444552879486375,2.04739455657066,0.910175145568214,0.0473292654490605,0.910007760473706,0.0473292654490605
2025,"SSEI","pelnbrf","charter",0.15,"Southeast",700,NA,NA,0.818423303,0.084553719,NA,NA,NA,NA,NA,"4-stage",0.103312941713733,1.80431452652891,0.186409041512524,NA,0.910007760473706,0.910007760473706
1977,"SSEO","pelnbrf","charter",0.15,"Southeast",NA,NA,NA,NA,NA,NA,NA,NA,NA,NA,NA,1,NA,NA,NA,0.791844065259787,0.791844065259787
1978,"SSEO","pelnbrf","charter",0.15,"Southeast",NA,NA,NA,NA,NA,NA,NA,NA,NA,NA,NA,1,NA,NA,NA,0.791844065259787,0.791844065259787
1979,"SSEO","pelnbrf","charter",0.15,"Southeast",NA,NA,NA,NA,NA,NA,NA,NA,NA,NA,NA,1,NA,NA,NA,0.791844065259787,0.791844065259787
1980,"SSEO","pelnbrf","charter",0.15,"Southeast",NA,NA,NA,NA,NA,NA,NA,NA,NA,NA,NA,1,NA,NA,NA,0.791844065259787,0.791844065259787
1981,"SSEO","pelnbrf","charter",0.15,"Southeast",NA,NA,NA,NA,NA,NA,NA,NA,NA,NA,NA,1,NA,NA,NA,0.791844065259787,0.791844065259787
1982,"SSEO","pelnbrf","charter",0.15,"Southeast",NA,NA,NA,NA,NA,NA,NA,NA,NA,NA,NA,1,NA,NA,NA,0.791844065259787,0.791844065259787
1983,"SSEO","pelnbrf","charter",0.15,"Southeast",NA,NA,NA,NA,NA,NA,NA,NA,NA,NA,NA,1,NA,NA,NA,0.791844065259787,0.791844065259787
1984,"SSEO","pelnbrf","charter",0.15,"Southeast",NA,NA,NA,NA,NA,NA,NA,NA,NA,NA,NA,1,NA,NA,NA,0.791844065259787,0.791844065259787
1985,"SSEO","pelnbrf","charter",0.15,"Southeast",NA,NA,NA,NA,NA,NA,NA,NA,NA,NA,NA,1,NA,NA,NA,0.791844065259787,0.791844065259787
1986,"SSEO","pelnbrf","charter",0.15,"Southeast",NA,NA,NA,NA,NA,NA,NA,NA,NA,NA,NA,1,NA,NA,NA,0.791844065259787,0.791844065259787
1987,"SSEO","pelnbrf","charter",0.15,"Southeast",NA,NA,NA,NA,NA,NA,NA,NA,NA,NA,NA,1,NA,NA,NA,0.791844065259787,0.791844065259787
1988,"SSEO","pelnbrf","charter",0.15,"Southeast",NA,NA,NA,NA,NA,NA,NA,NA,NA,NA,NA,1,NA,NA,NA,0.791844065259787,0.791844065259787
1989,"SSEO","pelnbrf","charter",0.15,"Southeast",NA,NA,NA,NA,NA,NA,NA,NA,NA,NA,NA,1,NA,NA,NA,0.791844065259787,0.791844065259787
1990,"SSEO","pelnbrf","charter",0.15,"Southeast",NA,NA,NA,NA,NA,NA,NA,NA,NA,NA,NA,1,NA,NA,NA,0.791844065259787,0.791844065259787
1991,"SSEO","pelnbrf","charter",0.15,"Southeast",NA,NA,NA,NA,NA,NA,NA,NA,NA,NA,NA,1,NA,NA,NA,0.791844065259787,0.791844065259787
1992,"SSEO","pelnbrf","charter",0.15,"Southeast",NA,NA,NA,NA,NA,NA,NA,NA,NA,NA,NA,1,NA,NA,NA,0.791844065259787,0.791844065259787
1993,"SSEO","pelnbrf","charter",0.15,"Southeast",NA,NA,NA,NA,NA,NA,NA,NA,NA,NA,NA,1,NA,NA,NA,0.791844065259787,0.791844065259787
1994,"SSEO","pelnbrf","charter",0.15,"Southeast",NA,NA,NA,NA,NA,NA,NA,NA,NA,NA,NA,1,NA,NA,NA,0.791844065259787,0.791844065259787
1995,"SSEO","pelnbrf","charter",0.15,"Southeast",NA,NA,NA,NA,NA,NA,NA,NA,NA,NA,NA,1,NA,NA,NA,0.791844065259787,0.791844065259787
1996,"SSEO","pelnbrf","charter",0.15,"Southeast",NA,NA,NA,NA,NA,NA,NA,NA,NA,NA,NA,1,NA,NA,NA,0.791844065259787,0.791844065259787
1997,"SSEO","pelnbrf","charter",0.15,"Southeast",NA,NA,NA,NA,NA,NA,NA,NA,NA,NA,NA,1,NA,NA,NA,0.791844065259787,0.791844065259787
1998,"SSEO","pelnbrf","charter",0.15,"Southeast",NA,NA,NA,NA,NA,NA,NA,NA,NA,NA,NA,1,NA,NA,NA,0.791844065259787,0.791844065259787
1999,"SSEO","pelnbrf","charter",0.15,"Southeast",NA,NA,NA,NA,NA,NA,NA,NA,NA,NA,NA,1,NA,NA,NA,0.791844065259787,0.791844065259787
2000,"SSEO","pelnbrf","charter",0.15,"Southeast",NA,NA,NA,NA,NA,NA,NA,NA,NA,NA,NA,1,NA,NA,NA,0.791844065259787,0.791844065259787
2001,"SSEO","pelnbrf","charter",0.15,"Southeast",NA,NA,NA,NA,NA,NA,NA,NA,NA,NA,NA,1,NA,NA,NA,0.791844065259787,0.791844065259787
2002,"SSEO","pelnbrf","charter",0.15,"Southeast",NA,NA,NA,NA,NA,NA,NA,NA,NA,NA,NA,1,NA,NA,NA,0.791844065259787,0.791844065259787
2003,"SSEO","pelnbrf","charter",0.15,"Southeast",NA,NA,NA,NA,NA,NA,NA,NA,NA,NA,NA,1,NA,NA,NA,0.791844065259787,0.791844065259787
2004,"SSEO","pelnbrf","charter",0.15,"Southeast",NA,NA,NA,NA,NA,NA,NA,NA,NA,NA,NA,1,NA,NA,NA,0.791844065259787,0.791844065259787
2005,"SSEO","pelnbrf","charter",0.15,"Southeast",NA,NA,NA,NA,NA,NA,NA,NA,NA,NA,NA,1,NA,NA,NA,0.791844065259787,0.791844065259787
2006,"SSEO","pelnbrf","charter",0.15,"Southeast",NA,NA,NA,NA,NA,NA,NA,NA,NA,NA,NA,1,NA,NA,NA,0.791844065259787,0.791844065259787
2007,"SSEO","pelnbrf","charter",0.15,"Southeast",NA,NA,NA,NA,NA,NA,NA,NA,NA,NA,NA,1,NA,NA,NA,0.791844065259787,0.791844065259787
2008,"SSEO","pelnbrf","charter",0.15,"Southeast",15,1,15,1.41007524533333,0.491455883910652,0.12040596592755,36.3333333333333,18.3333333333333,2.11712233157419,7.08508893241266,"bootstrap",0.348531672715434,3.10868378176391,1.08347475840152,0.265449716066826,0.791844065259787,0.265449716066826
2009,"SSEO","pelnbrf","charter",0.15,"Southeast",NA,NA,NA,NA,NA,NA,NA,NA,NA,NA,NA,1,NA,NA,NA,0.791844065259787,0.791844065259787
2010,"SSEO","pelnbrf","charter",0.15,"Southeast",NA,NA,NA,NA,NA,NA,NA,NA,NA,NA,NA,1,NA,NA,NA,0.791844065259787,0.791844065259787
2011,"SSEO","pelnbrf","charter",0.15,"Southeast",18,8,2.25,1.14200759027778,0.275785056525196,0.0646303967011205,36.3333333333333,18.3333333333333,2.11712233157419,8,"bootstrap",0.241491439175211,2.51769576573809,0.608001973873426,0.142485634506864,0.791844065259787,0.142485634506864
2012,"SSEO","pelnbrf","charter",0.15,"Southeast",18,7,2.57142857142857,1.49600809583333,0.503181691046666,0.112023321327199,36.3333333333333,18.3333333333333,2.11712233157419,7,"bootstrap",0.336349577551167,3.29813328777729,1.10932573805133,0.246969148165471,0.791844065259787,0.246969148165471
2013,"SSEO","pelnbrf","charter",0.15,"Southeast",44,11,4,1.08926410561364,0.466886985243608,0.0673782381511315,36.3333333333333,18.3333333333333,2.11712233157419,11,"bootstrap",0.42862606308007,2.4014162863899,1.02930960865166,0.148543587923731,0.791844065259787,0.148543587923731
2014,"SSEO","pelnbrf","charter",0.15,"Southeast",19,6,3.16666666666667,1.27053555352632,0.317211957046633,0.0683204650690393,36.3333333333333,18.3333333333333,2.11712233157419,6,"bootstrap",0.249667910643054,2.80105142081835,0.699332655839475,0.150620842700124,0.791844065259787,0.150620842700124
2015,"SSEO","pelnbrf","charter",0.15,"Southeast",15,10,1.5,1.21249383433333,0.498589901037521,0.119933494682611,36.3333333333333,18.3333333333333,2.11712233157419,10,"bootstrap",0.411210256843626,2.67309133378179,1.09920257393088,0.264408095272934,0.791844065259787,0.264408095272934
2016,"SSEO","pelnbrf","charter",0.15,"Southeast",16,9,1.77777777777778,1.6324292903125,0.738681612856319,0.179587213266411,36.3333333333333,18.3333333333333,2.11712233157419,9,"bootstrap",0.452504507999187,3.59889053897348,1.62851419268112,0.395922032629894,0.791844065259787,0.395922032629894
2017,"SSEO","pelnbrf","charter",0.15,"Southeast",22,15,1.46666666666667,1.17705075745455,0.48687678500304,0.0999042458457616,36.3333333333333,18.3333333333333,2.11712233157419,15,"bootstrap",0.413641282603601,2.59495272477243,1.07337957337058,0.220251160225607,0.791844065259787,0.220251160225607
2018,"SSEO","pelnbrf","charter",0.15,"Southeast",33,25,1.32,1.16957298527273,0.415462806680496,0.0706483558179961,36.3333333333333,18.3333333333333,2.11712233157419,25,"bootstrap",0.355226062769922,2.57846705907319,0.915938701376509,0.155752963302163,0.791844065259787,0.155752963302163
2019,"SSEO","pelnbrf","charter",0.15,"Southeast",49,28,1.75,1.3441257565102,0.469823558448911,0.0667226772611982,36.3333333333333,18.3333333333333,2.11712233157419,28,"bootstrap",0.349538394137116,2.963290046927,1.03578364436536,0.147098323556997,0.791844065259787,0.147098323556997
2020,"SSEO","pelnbrf","charter",0.15,"Southeast",16,9,1.77777777777778,1.2483677035,0.623119326253747,0.154433151357242,36.3333333333333,18.3333333333333,2.11712233157419,9,"bootstrap",0.499147266071312,2.75217967721355,1.37374296161817,0.340466818760059,0.791844065259787,0.340466818760059
2021,"SSEO","pelnbrf","charter",0.15,"Southeast",47,20,2.35,0.919397228340425,0.437448964437725,0.0641683382409409,36.3333333333333,18.3333333333333,2.11712233157419,20,"bootstrap",0.475799742432714,2.02692392636461,0.964409882094984,0.141466969973789,0.791844065259787,0.141466969973789
2022,"SSEO","pelnbrf","charter",0.15,"Southeast",16,8,2,0.8374647695625,0.338988323895799,0.0806200650279014,36.3333333333333,18.3333333333333,2.11712233157419,8,"bootstrap",0.404779205306618,1.84629377443057,0.747341326776565,0.177736818986382,0.791844065259787,0.177736818986382
2023,"SSEO","pelnbrf","charter",0.15,"Southeast",37,21,1.76190476190476,0.903628574648649,0.307203388678068,0.0533483838174758,36.3333333333333,18.3333333333333,2.11712233157419,21,"bootstrap",0.339966438973574,1.99215999574877,0.677267539620321,0.117613053704449,0.791844065259787,0.117613053704449
2024,"SSEO","pelnbrf","charter",0.15,"Southeast",94,41,2.29268292682927,0.852710804648936,0.374510842730474,0.0398267668219078,36.3333333333333,18.3333333333333,2.11712233157419,41,"bootstrap",0.439200301777179,1.87990552824745,0.825655075318866,0.0878029910170434,0.791844065259787,0.0878029910170434
2025,"SSEO","pelnbrf","charter",0.15,"Southeast",115,NA,NA,1.001452555,0.164819686,NA,NA,NA,NA,NA,"4-stage",0.164580623592298,2.20782495560979,0.363365207976897,NA,0.791844065259787,0.791844065259787
1977,"CSEO","pelnbrf","private",0.15,"Southeast",NA,NA,NA,NA,NA,NA,NA,NA,NA,NA,NA,1,NA,NA,NA,0.726739427859283,0.726739427859283
1978,"CSEO","pelnbrf","private",0.15,"Southeast",NA,NA,NA,NA,NA,NA,NA,NA,NA,NA,NA,1,NA,NA,NA,0.726739427859283,0.726739427859283
1979,"CSEO","pelnbrf","private",0.15,"Southeast",NA,NA,NA,NA,NA,NA,NA,NA,NA,NA,NA,1,NA,NA,NA,0.726739427859283,0.726739427859283
1980,"CSEO","pelnbrf","private",0.15,"Southeast",NA,NA,NA,NA,NA,NA,NA,NA,NA,NA,NA,1,NA,NA,NA,0.726739427859283,0.726739427859283
1981,"CSEO","pelnbrf","private",0.15,"Southeast",NA,NA,NA,NA,NA,NA,NA,NA,NA,NA,NA,1,NA,NA,NA,0.726739427859283,0.726739427859283
1982,"CSEO","pelnbrf","private",0.15,"Southeast",NA,NA,NA,NA,NA,NA,NA,NA,NA,NA,NA,1,NA,NA,NA,0.726739427859283,0.726739427859283
1983,"CSEO","pelnbrf","private",0.15,"Southeast",NA,NA,NA,NA,NA,NA,NA,NA,NA,NA,NA,1,NA,NA,NA,0.726739427859283,0.726739427859283
1984,"CSEO","pelnbrf","private",0.15,"Southeast",NA,NA,NA,NA,NA,NA,NA,NA,NA,NA,NA,1,NA,NA,NA,0.726739427859283,0.726739427859283
1985,"CSEO","pelnbrf","private",0.15,"Southeast",NA,NA,NA,NA,NA,NA,NA,NA,NA,NA,NA,1,NA,NA,NA,0.726739427859283,0.726739427859283
1986,"CSEO","pelnbrf","private",0.15,"Southeast",NA,NA,NA,NA,NA,NA,NA,NA,NA,NA,NA,1,NA,NA,NA,0.726739427859283,0.726739427859283
1987,"CSEO","pelnbrf","private",0.15,"Southeast",NA,NA,NA,NA,NA,NA,NA,NA,NA,NA,NA,1,NA,NA,NA,0.726739427859283,0.726739427859283
1988,"CSEO","pelnbrf","private",0.15,"Southeast",NA,NA,NA,NA,NA,NA,NA,NA,NA,NA,NA,1,NA,NA,NA,0.726739427859283,0.726739427859283
1989,"CSEO","pelnbrf","private",0.15,"Southeast",NA,NA,NA,NA,NA,NA,NA,NA,NA,NA,NA,1,NA,NA,NA,0.726739427859283,0.726739427859283
1990,"CSEO","pelnbrf","private",0.15,"Southeast",NA,NA,NA,NA,NA,NA,NA,NA,NA,NA,NA,1,NA,NA,NA,0.726739427859283,0.726739427859283
1991,"CSEO","pelnbrf","private",0.15,"Southeast",NA,NA,NA,NA,NA,NA,NA,NA,NA,NA,NA,1,NA,NA,NA,0.726739427859283,0.726739427859283
1992,"CSEO","pelnbrf","private",0.15,"Southeast",NA,NA,NA,NA,NA,NA,NA,NA,NA,NA,NA,1,NA,NA,NA,0.726739427859283,0.726739427859283
1993,"CSEO","pelnbrf","private",0.15,"Southeast",NA,NA,NA,NA,NA,NA,NA,NA,NA,NA,NA,1,NA,NA,NA,0.726739427859283,0.726739427859283
1994,"CSEO","pelnbrf","private",0.15,"Southeast",NA,NA,NA,NA,NA,NA,NA,NA,NA,NA,NA,1,NA,NA,NA,0.726739427859283,0.726739427859283
1995,"CSEO","pelnbrf","private",0.15,"Southeast",NA,NA,NA,NA,NA,NA,NA,NA,NA,NA,NA,1,NA,NA,NA,0.726739427859283,0.726739427859283
1996,"CSEO","pelnbrf","private",0.15,"Southeast",NA,NA,NA,NA,NA,NA,NA,NA,NA,NA,NA,1,NA,NA,NA,0.726739427859283,0.726739427859283
1997,"CSEO","pelnbrf","private",0.15,"Southeast",NA,NA,NA,NA,NA,NA,NA,NA,NA,NA,NA,1,NA,NA,NA,0.726739427859283,0.726739427859283
1998,"CSEO","pelnbrf","private",0.15,"Southeast",NA,NA,NA,NA,NA,NA,NA,NA,NA,NA,NA,1,NA,NA,NA,0.726739427859283,0.726739427859283
1999,"CSEO","pelnbrf","private",0.15,"Southeast",NA,NA,NA,NA,NA,NA,NA,NA,NA,NA,NA,1,NA,NA,NA,0.726739427859283,0.726739427859283
2000,"CSEO","pelnbrf","private",0.15,"Southeast",NA,NA,NA,NA,NA,NA,NA,NA,NA,NA,NA,1,NA,NA,NA,0.726739427859283,0.726739427859283
2001,"CSEO","pelnbrf","private",0.15,"Southeast",NA,NA,NA,NA,NA,NA,NA,NA,NA,NA,NA,1,NA,NA,NA,0.726739427859283,0.726739427859283
2002,"CSEO","pelnbrf","private",0.15,"Southeast",NA,NA,NA,NA,NA,NA,NA,NA,NA,NA,NA,1,NA,NA,NA,0.726739427859283,0.726739427859283
2003,"CSEO","pelnbrf","private",0.15,"Southeast",NA,NA,NA,NA,NA,NA,NA,NA,NA,NA,NA,1,NA,NA,NA,0.726739427859283,0.726739427859283
2004,"CSEO","pelnbrf","private",0.15,"Southeast",NA,NA,NA,NA,NA,NA,NA,NA,NA,NA,NA,1,NA,NA,NA,0.726739427859283,0.726739427859283
2005,"CSEO","pelnbrf","private",0.15,"Southeast",NA,NA,NA,NA,NA,NA,NA,NA,NA,NA,NA,1,NA,NA,NA,0.726739427859283,0.726739427859283
2006,"CSEO","pelnbrf","private",0.15,"Southeast",NA,NA,NA,NA,NA,NA,NA,NA,NA,NA,NA,1,NA,NA,NA,0.726739427859283,0.726739427859283
2007,"CSEO","pelnbrf","private",0.15,"Southeast",NA,NA,NA,NA,NA,NA,NA,NA,NA,NA,NA,1,NA,NA,NA,0.726739427859283,0.726739427859283
2008,"CSEO","pelnbrf","private",0.15,"Southeast",NA,NA,NA,NA,NA,NA,NA,NA,NA,NA,NA,1,NA,NA,NA,0.726739427859283,0.726739427859283
2009,"CSEO","pelnbrf","private",0.15,"Southeast",10,1,10,1.1173988734,0.547984504487219,0.164821729865786,21.6428571428571,12.7142857142857,1.63914561628847,6.10073925136868,"bootstrap",0.490410826010431,2.46344283186016,1.20809903400201,0.363369713929641,0.726739427859283,0.363369713929641
2010,"CSEO","pelnbrf","private",0.15,"Southeast",17,1,17,0.913909515647059,0.377203275833323,0.084244493635633,21.6428571428571,12.7142857142857,1.63914561628847,10.3712567273268,"bootstrap",0.412735910257219,2.01482559082875,0.831590874240243,0.185727316279563,0.726739427859283,0.185727316279563
2011,"CSEO","pelnbrf","private",0.15,"Southeast",11,5,2.2,1.07744521481818,0.464850074782605,0.133204878894324,21.6428571428571,12.7142857142857,1.63914561628847,5,"bootstrap",0.431437318936953,2.37536009239892,1.02481898977442,0.293666489104787,0.726739427859283,0.293666489104787
2012,"CSEO","pelnbrf","private",0.15,"Southeast",18,11,1.63636363636364,1.05677252483333,0.557041932929627,0.128662267595548,21.6428571428571,12.7142857142857,1.63914561628847,11,"bootstrap",0.527116214549088,2.32978461244207,1.22806724562518,0.283651745481638,0.726739427859283,0.283651745481638
2013,"CSEO","pelnbrf","private",0.15,"Southeast",55,28,1.96428571428571,0.857700549927273,0.566444288870011,0.0736864679115417,21.6428571428571,12.7142857142857,1.63914561628847,28,"bootstrap",0.660421972351588,1.89090603355611,1.24879589221264,0.162450853945689,0.726739427859283,0.162450853945689
2014,"CSEO","pelnbrf","private",0.15,"Southeast",38,15,2.53333333333333,0.898996667026316,0.291905298739435,0.0456728704487574,21.6428571428571,12.7142857142857,1.63914561628847,15,"bootstrap",0.324701202402667,1.98194838743082,0.643541024498816,0.10069144331166,0.726739427859283,0.10069144331166
2015,"CSEO","pelnbrf","private",0.15,"Southeast",53,25,2.12,0.927219488075472,0.415475658036555,0.0569857688537388,21.6428571428571,12.7142857142857,1.63914561628847,25,"bootstrap",0.448087711032597,2.04416905711601,0.915967033766774,0.125632115033044,0.726739427859283,0.125632115033044
2016,"CSEO","pelnbrf","private",0.15,"Southeast",34,26,1.30769230769231,0.932052720558823,0.417881599315067,0.0740109934989048,21.6428571428571,12.7142857142857,1.63914561628847,26,"bootstrap",0.448345453103255,2.05482451077652,0.921271226331773,0.163166310396358,0.726739427859283,0.163166310396358
2017,"CSEO","pelnbrf","private",0.15,"Southeast",13,10,1.3,0.918829130692308,0.414158664646454,0.110488407953782,21.6428571428571,12.7142857142857,1.63914561628847,10,"bootstrap",0.450746118959462,2.0256714854392,0.913063560348567,0.243585243422696,0.726739427859283,0.243585243422696
2018,"CSEO","pelnbrf","private",0.15,"Southeast",20,16,1.25,1.09215364275,0.478598783281668,0.105154312995987,21.6428571428571,12.7142857142857,1.63914561628847,16,"bootstrap",0.438215617792177,2.40778662532205,1.05512970352724,0.231825577021513,0.726739427859283,0.231825577021513
2019,"CSEO","pelnbrf","private",0.15,"Southeast",18,11,1.63636363636364,1.13762199244444,0.61944727219042,0.141195171982547,21.6428571428571,12.7142857142857,1.63914561628847,11,"bootstrap",0.544510633852459,2.50802717755248,1.3656474681683,0.311282069987513,0.726739427859283,0.311282069987513
2020,"CSEO","pelnbrf","private",0.15,"Southeast",NA,NA,NA,NA,NA,NA,NA,NA,NA,NA,NA,1,NA,NA,NA,0.726739427859283,0.726739427859283
2021,"CSEO","pelnbrf","private",0.15,"Southeast",NA,NA,NA,NA,NA,NA,NA,NA,NA,NA,NA,1,NA,NA,NA,0.726739427859283,0.726739427859283
2022,"CSEO","pelnbrf","private",0.15,"Southeast",NA,NA,NA,NA,NA,NA,NA,NA,NA,NA,NA,1,NA,NA,NA,0.726739427859283,0.726739427859283
2023,"CSEO","pelnbrf","private",0.15,"Southeast",NA,NA,NA,NA,NA,NA,NA,NA,NA,NA,NA,1,NA,NA,NA,0.726739427859283,0.726739427859283
2024,"CSEO","pelnbrf","private",0.15,"Southeast",NA,NA,NA,NA,NA,NA,NA,NA,NA,NA,NA,1,NA,NA,NA,0.726739427859283,0.726739427859283
2025,"CSEO","pelnbrf","private",0.15,"Southeast",16,NA,NA,0.827441635,0.163778068,NA,NA,NA,NA,NA,"4-stage",0.197933075968555,1.82419654525078,0.361068833372698,NA,0.726739427859283,0.726739427859283
1977,"EWYKT","pelnbrf","private",0.15,"Southeast",NA,NA,NA,NA,NA,NA,NA,NA,NA,NA,NA,1,NA,NA,NA,10,10
1978,"EWYKT","pelnbrf","private",0.15,"Southeast",NA,NA,NA,NA,NA,NA,NA,NA,NA,NA,NA,1,NA,NA,NA,10,10
1979,"EWYKT","pelnbrf","private",0.15,"Southeast",NA,NA,NA,NA,NA,NA,NA,NA,NA,NA,NA,1,NA,NA,NA,10,10
1980,"EWYKT","pelnbrf","private",0.15,"Southeast",NA,NA,NA,NA,NA,NA,NA,NA,NA,NA,NA,1,NA,NA,NA,10,10
1981,"EWYKT","pelnbrf","private",0.15,"Southeast",NA,NA,NA,NA,NA,NA,NA,NA,NA,NA,NA,1,NA,NA,NA,10,10
1982,"EWYKT","pelnbrf","private",0.15,"Southeast",NA,NA,NA,NA,NA,NA,NA,NA,NA,NA,NA,1,NA,NA,NA,10,10
1983,"EWYKT","pelnbrf","private",0.15,"Southeast",NA,NA,NA,NA,NA,NA,NA,NA,NA,NA,NA,1,NA,NA,NA,10,10
1984,"EWYKT","pelnbrf","private",0.15,"Southeast",NA,NA,NA,NA,NA,NA,NA,NA,NA,NA,NA,1,NA,NA,NA,10,10
1985,"EWYKT","pelnbrf","private",0.15,"Southeast",NA,NA,NA,NA,NA,NA,NA,NA,NA,NA,NA,1,NA,NA,NA,10,10
1986,"EWYKT","pelnbrf","private",0.15,"Southeast",NA,NA,NA,NA,NA,NA,NA,NA,NA,NA,NA,1,NA,NA,NA,10,10
1987,"EWYKT","pelnbrf","private",0.15,"Southeast",NA,NA,NA,NA,NA,NA,NA,NA,NA,NA,NA,1,NA,NA,NA,10,10
1988,"EWYKT","pelnbrf","private",0.15,"Southeast",NA,NA,NA,NA,NA,NA,NA,NA,NA,NA,NA,1,NA,NA,NA,10,10
1989,"EWYKT","pelnbrf","private",0.15,"Southeast",NA,NA,NA,NA,NA,NA,NA,NA,NA,NA,NA,1,NA,NA,NA,10,10
1990,"EWYKT","pelnbrf","private",0.15,"Southeast",NA,NA,NA,NA,NA,NA,NA,NA,NA,NA,NA,1,NA,NA,NA,10,10
1991,"EWYKT","pelnbrf","private",0.15,"Southeast",NA,NA,NA,NA,NA,NA,NA,NA,NA,NA,NA,1,NA,NA,NA,10,10
1992,"EWYKT","pelnbrf","private",0.15,"Southeast",NA,NA,NA,NA,NA,NA,NA,NA,NA,NA,NA,1,NA,NA,NA,10,10
1993,"EWYKT","pelnbrf","private",0.15,"Southeast",NA,NA,NA,NA,NA,NA,NA,NA,NA,NA,NA,1,NA,NA,NA,10,10
1994,"EWYKT","pelnbrf","private",0.15,"Southeast",NA,NA,NA,NA,NA,NA,NA,NA,NA,NA,NA,1,NA,NA,NA,10,10
1995,"EWYKT","pelnbrf","private",0.15,"Southeast",NA,NA,NA,NA,NA,NA,NA,NA,NA,NA,NA,1,NA,NA,NA,10,10
1996,"EWYKT","pelnbrf","private",0.15,"Southeast",NA,NA,NA,NA,NA,NA,NA,NA,NA,NA,NA,1,NA,NA,NA,10,10
1997,"EWYKT","pelnbrf","private",0.15,"Southeast",NA,NA,NA,NA,NA,NA,NA,NA,NA,NA,NA,1,NA,NA,NA,10,10
1998,"EWYKT","pelnbrf","private",0.15,"Southeast",NA,NA,NA,NA,NA,NA,NA,NA,NA,NA,NA,1,NA,NA,NA,10,10
1999,"EWYKT","pelnbrf","private",0.15,"Southeast",NA,NA,NA,NA,NA,NA,NA,NA,NA,NA,NA,1,NA,NA,NA,10,10
2000,"EWYKT","pelnbrf","private",0.15,"Southeast",NA,NA,NA,NA,NA,NA,NA,NA,NA,NA,NA,1,NA,NA,NA,10,10
2001,"EWYKT","pelnbrf","private",0.15,"Southeast",NA,NA,NA,NA,NA,NA,NA,NA,NA,NA,NA,1,NA,NA,NA,10,10
2002,"EWYKT","pelnbrf","private",0.15,"Southeast",NA,NA,NA,NA,NA,NA,NA,NA,NA,NA,NA,1,NA,NA,NA,10,10
2003,"EWYKT","pelnbrf","private",0.15,"Southeast",NA,NA,NA,NA,NA,NA,NA,NA,NA,NA,NA,1,NA,NA,NA,10,10
2004,"EWYKT","pelnbrf","private",0.15,"Southeast",NA,NA,NA,NA,NA,NA,NA,NA,NA,NA,NA,1,NA,NA,NA,10,10
2005,"EWYKT","pelnbrf","private",0.15,"Southeast",NA,NA,NA,NA,NA,NA,NA,NA,NA,NA,NA,1,NA,NA,NA,10,10
2006,"EWYKT","pelnbrf","private",0.15,"Southeast",NA,NA,NA,NA,NA,NA,NA,NA,NA,NA,NA,1,NA,NA,NA,10,10
2007,"EWYKT","pelnbrf","private",0.15,"Southeast",NA,NA,NA,NA,NA,NA,NA,NA,NA,NA,NA,1,NA,NA,NA,10,10
2008,"EWYKT","pelnbrf","private",0.15,"Southeast",NA,NA,NA,NA,NA,NA,NA,NA,NA,NA,NA,1,NA,NA,NA,10,10
2009,"EWYKT","pelnbrf","private",0.15,"Southeast",NA,NA,NA,NA,NA,NA,NA,NA,NA,NA,NA,1,NA,NA,NA,10,10
2010,"EWYKT","pelnbrf","private",0.15,"Southeast",NA,NA,NA,NA,NA,NA,NA,NA,NA,NA,NA,1,NA,NA,NA,10,10
2011,"EWYKT","pelnbrf","private",0.15,"Southeast",NA,NA,NA,NA,NA,NA,NA,NA,NA,NA,NA,1,NA,NA,NA,10,10
2012,"EWYKT","pelnbrf","private",0.15,"Southeast",NA,NA,NA,NA,NA,NA,NA,NA,NA,NA,NA,1,NA,NA,NA,10,10
2013,"EWYKT","pelnbrf","private",0.15,"Southeast",NA,NA,NA,NA,NA,NA,NA,NA,NA,NA,NA,1,NA,NA,NA,10,10
2014,"EWYKT","pelnbrf","private",0.15,"Southeast",NA,NA,NA,NA,NA,NA,NA,NA,NA,NA,NA,1,NA,NA,NA,10,10
2015,"EWYKT","pelnbrf","private",0.15,"Southeast",NA,NA,NA,NA,NA,NA,NA,NA,NA,NA,NA,1,NA,NA,NA,10,10
2016,"EWYKT","pelnbrf","private",0.15,"Southeast",NA,NA,NA,NA,NA,NA,NA,NA,NA,NA,NA,1,NA,NA,NA,10,10
2017,"EWYKT","pelnbrf","private",0.15,"Southeast",NA,NA,NA,NA,NA,NA,NA,NA,NA,NA,NA,1,NA,NA,NA,10,10
2018,"EWYKT","pelnbrf","private",0.15,"Southeast",NA,NA,NA,NA,NA,NA,NA,NA,NA,NA,NA,1,NA,NA,NA,10,10
2019,"EWYKT","pelnbrf","private",0.15,"Southeast",NA,NA,NA,NA,NA,NA,NA,NA,NA,NA,NA,1,NA,NA,NA,10,10
2020,"EWYKT","pelnbrf","private",0.15,"Southeast",NA,NA,NA,NA,NA,NA,NA,NA,NA,NA,NA,1,NA,NA,NA,10,10
2021,"EWYKT","pelnbrf","private",0.15,"Southeast",NA,NA,NA,NA,NA,NA,NA,NA,NA,NA,NA,1,NA,NA,NA,10,10
2022,"EWYKT","pelnbrf","private",0.15,"Southeast",NA,NA,NA,NA,NA,NA,NA,NA,NA,NA,NA,1,NA,NA,NA,10,10
2023,"EWYKT","pelnbrf","private",0.15,"Southeast",NA,NA,NA,NA,NA,NA,NA,NA,NA,NA,NA,1,NA,NA,NA,10,10
2024,"EWYKT","pelnbrf","private",0.15,"Southeast",NA,NA,NA,NA,NA,NA,NA,NA,NA,NA,NA,1,NA,NA,NA,10,10
2025,"EWYKT","pelnbrf","private",0.15,"Southeast",4,NA,NA,1.059429213,0.200182852,NA,NA,NA,NA,NA,"4-stage",0.18895349452668,2.3356416072686,0.441327643655312,NA,10,10
1977,"NSEI","pelnbrf","private",0.15,"Southeast",NA,NA,NA,NA,NA,NA,NA,NA,NA,NA,NA,1,NA,NA,NA,0.477044178544279,0.477044178544279
1978,"NSEI","pelnbrf","private",0.15,"Southeast",NA,NA,NA,NA,NA,NA,NA,NA,NA,NA,NA,1,NA,NA,NA,0.477044178544279,0.477044178544279
1979,"NSEI","pelnbrf","private",0.15,"Southeast",NA,NA,NA,NA,NA,NA,NA,NA,NA,NA,NA,1,NA,NA,NA,0.477044178544279,0.477044178544279
1980,"NSEI","pelnbrf","private",0.15,"Southeast",NA,NA,NA,NA,NA,NA,NA,NA,NA,NA,NA,1,NA,NA,NA,0.477044178544279,0.477044178544279
1981,"NSEI","pelnbrf","private",0.15,"Southeast",NA,NA,NA,NA,NA,NA,NA,NA,NA,NA,NA,1,NA,NA,NA,0.477044178544279,0.477044178544279
1982,"NSEI","pelnbrf","private",0.15,"Southeast",NA,NA,NA,NA,NA,NA,NA,NA,NA,NA,NA,1,NA,NA,NA,0.477044178544279,0.477044178544279
1983,"NSEI","pelnbrf","private",0.15,"Southeast",NA,NA,NA,NA,NA,NA,NA,NA,NA,NA,NA,1,NA,NA,NA,0.477044178544279,0.477044178544279
1984,"NSEI","pelnbrf","private",0.15,"Southeast",NA,NA,NA,NA,NA,NA,NA,NA,NA,NA,NA,1,NA,NA,NA,0.477044178544279,0.477044178544279
1985,"NSEI","pelnbrf","private",0.15,"Southeast",NA,NA,NA,NA,NA,NA,NA,NA,NA,NA,NA,1,NA,NA,NA,0.477044178544279,0.477044178544279
1986,"NSEI","pelnbrf","private",0.15,"Southeast",NA,NA,NA,NA,NA,NA,NA,NA,NA,NA,NA,1,NA,NA,NA,0.477044178544279,0.477044178544279
1987,"NSEI","pelnbrf","private",0.15,"Southeast",NA,NA,NA,NA,NA,NA,NA,NA,NA,NA,NA,1,NA,NA,NA,0.477044178544279,0.477044178544279
1988,"NSEI","pelnbrf","private",0.15,"Southeast",NA,NA,NA,NA,NA,NA,NA,NA,NA,NA,NA,1,NA,NA,NA,0.477044178544279,0.477044178544279
1989,"NSEI","pelnbrf","private",0.15,"Southeast",NA,NA,NA,NA,NA,NA,NA,NA,NA,NA,NA,1,NA,NA,NA,0.477044178544279,0.477044178544279
1990,"NSEI","pelnbrf","private",0.15,"Southeast",NA,NA,NA,NA,NA,NA,NA,NA,NA,NA,NA,1,NA,NA,NA,0.477044178544279,0.477044178544279
1991,"NSEI","pelnbrf","private",0.15,"Southeast",NA,NA,NA,NA,NA,NA,NA,NA,NA,NA,NA,1,NA,NA,NA,0.477044178544279,0.477044178544279
1992,"NSEI","pelnbrf","private",0.15,"Southeast",NA,NA,NA,NA,NA,NA,NA,NA,NA,NA,NA,1,NA,NA,NA,0.477044178544279,0.477044178544279
1993,"NSEI","pelnbrf","private",0.15,"Southeast",NA,NA,NA,NA,NA,NA,NA,NA,NA,NA,NA,1,NA,NA,NA,0.477044178544279,0.477044178544279
1994,"NSEI","pelnbrf","private",0.15,"Southeast",NA,NA,NA,NA,NA,NA,NA,NA,NA,NA,NA,1,NA,NA,NA,0.477044178544279,0.477044178544279
1995,"NSEI","pelnbrf","private",0.15,"Southeast",NA,NA,NA,NA,NA,NA,NA,NA,NA,NA,NA,1,NA,NA,NA,0.477044178544279,0.477044178544279
1996,"NSEI","pelnbrf","private",0.15,"Southeast",NA,NA,NA,NA,NA,NA,NA,NA,NA,NA,NA,1,NA,NA,NA,0.477044178544279,0.477044178544279
1997,"NSEI","pelnbrf","private",0.15,"Southeast",NA,NA,NA,NA,NA,NA,NA,NA,NA,NA,NA,1,NA,NA,NA,0.477044178544279,0.477044178544279
1998,"NSEI","pelnbrf","private",0.15,"Southeast",NA,NA,NA,NA,NA,NA,NA,NA,NA,NA,NA,1,NA,NA,NA,0.477044178544279,0.477044178544279
1999,"NSEI","pelnbrf","private",0.15,"Southeast",NA,NA,NA,NA,NA,NA,NA,NA,NA,NA,NA,1,NA,NA,NA,0.477044178544279,0.477044178544279
2000,"NSEI","pelnbrf","private",0.15,"Southeast",NA,NA,NA,NA,NA,NA,NA,NA,NA,NA,NA,1,NA,NA,NA,0.477044178544279,0.477044178544279
2001,"NSEI","pelnbrf","private",0.15,"Southeast",NA,NA,NA,NA,NA,NA,NA,NA,NA,NA,NA,1,NA,NA,NA,0.477044178544279,0.477044178544279
2002,"NSEI","pelnbrf","private",0.15,"Southeast",NA,NA,NA,NA,NA,NA,NA,NA,NA,NA,NA,1,NA,NA,NA,0.477044178544279,0.477044178544279
2003,"NSEI","pelnbrf","private",0.15,"Southeast",NA,NA,NA,NA,NA,NA,NA,NA,NA,NA,NA,1,NA,NA,NA,0.477044178544279,0.477044178544279
2004,"NSEI","pelnbrf","private",0.15,"Southeast",NA,NA,NA,NA,NA,NA,NA,NA,NA,NA,NA,1,NA,NA,NA,0.477044178544279,0.477044178544279
2005,"NSEI","pelnbrf","private",0.15,"Southeast",NA,NA,NA,NA,NA,NA,NA,NA,NA,NA,NA,1,NA,NA,NA,0.477044178544279,0.477044178544279
2006,"NSEI","pelnbrf","private",0.15,"Southeast",33,1,33,1.37089152006061,0.625081892128098,0.10819179986103,232.533333333333,96.8666666666667,2.42527739995474,13.6066909297121,"bootstrap",0.455967436504722,3.0222984546918,1.378069678738,0.23852208927214,0.477044178544279,0.23852208927214
2007,"NSEI","pelnbrf","private",0.15,"Southeast",24,1,24,1.17609282370833,0.440701621733971,0.0849124743471183,232.533333333333,96.8666666666667,2.42527739995474,9.89577522160883,"bootstrap",0.374716699949242,2.59284084236706,0.971580763945396,0.187199961665827,0.477044178544279,0.187199961665827
2008,"NSEI","pelnbrf","private",0.15,"Southeast",28,1,28,0.89447827775,0.427111950384937,0.0817178005091268,232.533333333333,96.8666666666667,2.42527739995474,11.545071091877,"bootstrap",0.477498404387537,1.97198704422629,0.94162066709095,0.180156911459068,0.477044178544279,0.180156911459068
2009,"NSEI","pelnbrf","private",0.15,"Southeast",23,1,23,1.133224965,0.297920793923201,0.0602755472323273,232.533333333333,96.8666666666667,2.42527739995474,9.48345125404179,"bootstrap",0.262896426680117,2.49833339138771,0.656802921251447,0.132884834861267,0.477044178544279,0.132884834861267
2010,"NSEI","pelnbrf","private",0.15,"Southeast",40,1,40,1.041219156125,0.35778616366658,0.0549324468277227,232.533333333333,96.8666666666667,2.42527739995474,16.4929587026814,"bootstrap",0.343622340754963,2.29549530397049,0.788783469542364,0.121105314848345,0.477044178544279,0.121105314848345
2011,"NSEI","pelnbrf","private",0.15,"Southeast",65,24,2.70833333333333,1.02257065243077,0.467947550608594,0.0577858604539183,232.533333333333,96.8666666666667,2.42527739995474,24,"bootstrap",0.457618795822301,2.25438239089703,1.0316477550453,0.127396015072872,0.477044178544279,0.127396015072872
2012,"NSEI","pelnbrf","private",0.15,"Southeast",74,41,1.80487804878049,1.40340832910811,0.617112262525492,0.0728140005936557,232.533333333333,96.8666666666667,2.42527739995474,41,"bootstrap",0.439723956118799,3.09398574744814,1.36049965304308,0.160527392761467,0.477044178544279,0.160527392761467
2013,"NSEI","pelnbrf","private",0.15,"Southeast",155,61,2.54098360655738,0.942004970045161,0.330503245812433,0.0261517969697311,232.533333333333,96.8666666666667,2.42527739995474,61,"bootstrap",0.350850851452077,2.07676546511398,0.72863493170151,0.0576548431531166,0.477044178544279,0.0576548431531166
2014,"NSEI","pelnbrf","private",0.15,"Southeast",170,78,2.17948717948718,1.10726979469412,0.539772380792795,0.0412480631457589,232.533333333333,96.8666666666667,2.42527739995474,78,"bootstrap",0.487480452712887,2.44111203582541,1.18999440034705,0.0909364130423284,0.477044178544279,0.0909364130423284
2015,"NSEI","pelnbrf","private",0.15,"Southeast",191,92,2.07608695652174,1.0167570948377,0.419875392860377,0.0303180896552798,232.533333333333,96.8666666666667,2.42527739995474,92,"bootstrap",0.412955459069012,2.24156569032468,0.925666788681374,0.0668399462492178,0.477044178544279,0.0668399462492178
2016,"NSEI","pelnbrf","private",0.15,"Southeast",280,132,2.12121212121212,0.919750590278571,0.390816458527766,0.0235616232074038,232.533333333333,96.8666666666667,2.42527739995474,132,"bootstrap",0.424915691991453,2.02770295608649,0.861602804738605,0.0519444874869594,0.477044178544279,0.0519444874869594
2017,"NSEI","pelnbrf","private",0.15,"Southeast",340,155,2.19354838709677,0.941788508402941,0.392602490725173,0.020907538261382,232.533333333333,96.8666666666667,2.42527739995474,155,"bootstrap",0.416869060539863,2.07628824888118,0.865540331721057,0.0460932317795582,0.477044178544279,0.0460932317795582
2018,"NSEI","pelnbrf","private",0.15,"Southeast",280,117,2.39316239316239,0.894246106442857,0.330700469164979,0.0192213303665279,232.533333333333,96.8666666666667,2.42527739995474,117,"bootstrap",0.369809235715259,1.97147519411085,0.729069734765725,0.0423757797125403,0.477044178544279,0.0423757797125403
2019,"NSEI","pelnbrf","private",0.15,"Southeast",365,164,2.22560975609756,0.946944882673973,0.298863883465214,0.0154524509843504,232.533333333333,96.8666666666667,2.42527739995474,164,"bootstrap",0.315608531112482,2.08765610823629,0.658882077788455,0.0340668229745402,0.477044178544279,0.0340668229745402
2020,"NSEI","pelnbrf","private",0.15,"Southeast",150,59,2.54237288135593,1.06139356740667,0.326830518792802,0.026891741219332,232.533333333333,96.8666666666667,2.42527739995474,59,"bootstrap",0.307925852227798,2.33997226742724,0.720537954636946,0.0592861409833257,0.477044178544279,0.0592861409833257
2021,"NSEI","pelnbrf","private",0.15,"Southeast",212,72,2.94444444444444,1.0177565989434,0.268297021831773,0.0180564817706285,232.533333333333,96.8666666666667,2.42527739995474,72,"bootstrap",0.263616096530654,2.24376921968489,0.591493683208961,0.0398077281491452,0.477044178544279,0.0398077281491452
2022,"NSEI","pelnbrf","private",0.15,"Southeast",279,95,2.93684210526316,0.973541629426523,0.308985720290774,0.0190743960621133,232.533333333333,96.8666666666667,2.42527739995474,95,"bootstrap",0.31738316159401,2.14629189774537,0.681196908210033,0.0420518450213739,0.477044178544279,0.0420518450213739
2023,"NSEI","pelnbrf","private",0.15,"Southeast",321,109,2.94495412844037,0.969535520520249,0.328248245504167,0.0185091873687134,232.533333333333,96.8666666666667,2.42527739995474,109,"bootstrap",0.338562371936647,2.13745993943242,0.7236635070138,0.0408057731508838,0.477044178544279,0.0408057731508838
2024,"NSEI","pelnbrf","private",0.15,"Southeast",322,130,2.47692307692308,0.995107495279503,0.314628007197197,0.0173011544798215,232.533333333333,96.8666666666667,2.42527739995474,130,"bootstrap",0.316174894360358,2.19383649342474,0.693636021552463,0.0381425165183288,0.477044178544279,0.0381425165183288
2025,"NSEI","pelnbrf","private",0.15,"Southeast",338,NA,NA,1.03505784,0.098655921,NA,NA,NA,NA,NA,"4-stage",0.0953144038791108,2.28191192707234,0.217499075033533,NA,0.477044178544279,0.477044178544279
1977,"NSEO","pelnbrf","private",0.15,"Southeast",NA,NA,NA,NA,NA,NA,NA,NA,NA,NA,NA,1,NA,NA,NA,0.339467026384184,0.339467026384184
1978,"NSEO","pelnbrf","private",0.15,"Southeast",NA,NA,NA,NA,NA,NA,NA,NA,NA,NA,NA,1,NA,NA,NA,0.339467026384184,0.339467026384184
1979,"NSEO","pelnbrf","private",0.15,"Southeast",NA,NA,NA,NA,NA,NA,NA,NA,NA,NA,NA,1,NA,NA,NA,0.339467026384184,0.339467026384184
1980,"NSEO","pelnbrf","private",0.15,"Southeast",NA,NA,NA,NA,NA,NA,NA,NA,NA,NA,NA,1,NA,NA,NA,0.339467026384184,0.339467026384184
1981,"NSEO","pelnbrf","private",0.15,"Southeast",NA,NA,NA,NA,NA,NA,NA,NA,NA,NA,NA,1,NA,NA,NA,0.339467026384184,0.339467026384184
1982,"NSEO","pelnbrf","private",0.15,"Southeast",NA,NA,NA,NA,NA,NA,NA,NA,NA,NA,NA,1,NA,NA,NA,0.339467026384184,0.339467026384184
1983,"NSEO","pelnbrf","private",0.15,"Southeast",NA,NA,NA,NA,NA,NA,NA,NA,NA,NA,NA,1,NA,NA,NA,0.339467026384184,0.339467026384184
1984,"NSEO","pelnbrf","private",0.15,"Southeast",NA,NA,NA,NA,NA,NA,NA,NA,NA,NA,NA,1,NA,NA,NA,0.339467026384184,0.339467026384184
1985,"NSEO","pelnbrf","private",0.15,"Southeast",NA,NA,NA,NA,NA,NA,NA,NA,NA,NA,NA,1,NA,NA,NA,0.339467026384184,0.339467026384184
1986,"NSEO","pelnbrf","private",0.15,"Southeast",NA,NA,NA,NA,NA,NA,NA,NA,NA,NA,NA,1,NA,NA,NA,0.339467026384184,0.339467026384184
1987,"NSEO","pelnbrf","private",0.15,"Southeast",NA,NA,NA,NA,NA,NA,NA,NA,NA,NA,NA,1,NA,NA,NA,0.339467026384184,0.339467026384184
1988,"NSEO","pelnbrf","private",0.15,"Southeast",NA,NA,NA,NA,NA,NA,NA,NA,NA,NA,NA,1,NA,NA,NA,0.339467026384184,0.339467026384184
1989,"NSEO","pelnbrf","private",0.15,"Southeast",NA,NA,NA,NA,NA,NA,NA,NA,NA,NA,NA,1,NA,NA,NA,0.339467026384184,0.339467026384184
1990,"NSEO","pelnbrf","private",0.15,"Southeast",NA,NA,NA,NA,NA,NA,NA,NA,NA,NA,NA,1,NA,NA,NA,0.339467026384184,0.339467026384184
1991,"NSEO","pelnbrf","private",0.15,"Southeast",NA,NA,NA,NA,NA,NA,NA,NA,NA,NA,NA,1,NA,NA,NA,0.339467026384184,0.339467026384184
1992,"NSEO","pelnbrf","private",0.15,"Southeast",NA,NA,NA,NA,NA,NA,NA,NA,NA,NA,NA,1,NA,NA,NA,0.339467026384184,0.339467026384184
1993,"NSEO","pelnbrf","private",0.15,"Southeast",NA,NA,NA,NA,NA,NA,NA,NA,NA,NA,NA,1,NA,NA,NA,0.339467026384184,0.339467026384184
1994,"NSEO","pelnbrf","private",0.15,"Southeast",NA,NA,NA,NA,NA,NA,NA,NA,NA,NA,NA,1,NA,NA,NA,0.339467026384184,0.339467026384184
1995,"NSEO","pelnbrf","private",0.15,"Southeast",NA,NA,NA,NA,NA,NA,NA,NA,NA,NA,NA,1,NA,NA,NA,0.339467026384184,0.339467026384184
1996,"NSEO","pelnbrf","private",0.15,"Southeast",NA,NA,NA,NA,NA,NA,NA,NA,NA,NA,NA,1,NA,NA,NA,0.339467026384184,0.339467026384184
1997,"NSEO","pelnbrf","private",0.15,"Southeast",NA,NA,NA,NA,NA,NA,NA,NA,NA,NA,NA,1,NA,NA,NA,0.339467026384184,0.339467026384184
1998,"NSEO","pelnbrf","private",0.15,"Southeast",NA,NA,NA,NA,NA,NA,NA,NA,NA,NA,NA,1,NA,NA,NA,0.339467026384184,0.339467026384184
1999,"NSEO","pelnbrf","private",0.15,"Southeast",NA,NA,NA,NA,NA,NA,NA,NA,NA,NA,NA,1,NA,NA,NA,0.339467026384184,0.339467026384184
2000,"NSEO","pelnbrf","private",0.15,"Southeast",NA,NA,NA,NA,NA,NA,NA,NA,NA,NA,NA,1,NA,NA,NA,0.339467026384184,0.339467026384184
2001,"NSEO","pelnbrf","private",0.15,"Southeast",NA,NA,NA,NA,NA,NA,NA,NA,NA,NA,NA,1,NA,NA,NA,0.339467026384184,0.339467026384184
2002,"NSEO","pelnbrf","private",0.15,"Southeast",NA,NA,NA,NA,NA,NA,NA,NA,NA,NA,NA,1,NA,NA,NA,0.339467026384184,0.339467026384184
2003,"NSEO","pelnbrf","private",0.15,"Southeast",NA,NA,NA,NA,NA,NA,NA,NA,NA,NA,NA,1,NA,NA,NA,0.339467026384184,0.339467026384184
2004,"NSEO","pelnbrf","private",0.15,"Southeast",NA,NA,NA,NA,NA,NA,NA,NA,NA,NA,NA,1,NA,NA,NA,0.339467026384184,0.339467026384184
2005,"NSEO","pelnbrf","private",0.15,"Southeast",NA,NA,NA,NA,NA,NA,NA,NA,NA,NA,NA,1,NA,NA,NA,0.339467026384184,0.339467026384184
2006,"NSEO","pelnbrf","private",0.15,"Southeast",NA,NA,NA,NA,NA,NA,NA,NA,NA,NA,NA,1,NA,NA,NA,0.339467026384184,0.339467026384184
2007,"NSEO","pelnbrf","private",0.15,"Southeast",NA,NA,NA,NA,NA,NA,NA,NA,NA,NA,NA,1,NA,NA,NA,0.339467026384184,0.339467026384184
2008,"NSEO","pelnbrf","private",0.15,"Southeast",NA,NA,NA,NA,NA,NA,NA,NA,NA,NA,NA,1,NA,NA,NA,0.339467026384184,0.339467026384184
2009,"NSEO","pelnbrf","private",0.15,"Southeast",NA,NA,NA,NA,NA,NA,NA,NA,NA,NA,NA,1,NA,NA,NA,0.339467026384184,0.339467026384184
2010,"NSEO","pelnbrf","private",0.15,"Southeast",NA,NA,NA,NA,NA,NA,NA,NA,NA,NA,NA,1,NA,NA,NA,0.339467026384184,0.339467026384184
2011,"NSEO","pelnbrf","private",0.15,"Southeast",NA,NA,NA,NA,NA,NA,NA,NA,NA,NA,NA,1,NA,NA,NA,0.339467026384184,0.339467026384184
2012,"NSEO","pelnbrf","private",0.15,"Southeast",NA,NA,NA,NA,NA,NA,NA,NA,NA,NA,NA,1,NA,NA,NA,0.339467026384184,0.339467026384184
2013,"NSEO","pelnbrf","private",0.15,"Southeast",NA,NA,NA,NA,NA,NA,NA,NA,NA,NA,NA,1,NA,NA,NA,0.339467026384184,0.339467026384184
2014,"NSEO","pelnbrf","private",0.15,"Southeast",11,6,1.83333333333333,0.818386803272727,0.142196854729916,0.0412811365847382,14,6.91666666666667,1.88877314814815,6,"bootstrap",0.173752624261866,1.80423405840454,0.313490402430427,0.0910093274940234,0.339467026384184,0.0910093274940234
2015,"NSEO","pelnbrf","private",0.15,"Southeast",NA,NA,NA,NA,NA,NA,NA,NA,NA,NA,NA,1,NA,NA,NA,0.339467026384184,0.339467026384184
2016,"NSEO","pelnbrf","private",0.15,"Southeast",22,9,2.44444444444444,1.02441200668182,0.222602621877128,0.045207549408608,14,6.91666666666667,1.88877314814815,9,"bootstrap",0.217297943039697,2.25844188213033,0.490754775461623,0.0996655860209848,0.339467026384184,0.0996655860209848
2017,"NSEO","pelnbrf","private",0.15,"Southeast",NA,NA,NA,NA,NA,NA,NA,NA,NA,NA,NA,1,NA,NA,NA,0.339467026384184,0.339467026384184
2018,"NSEO","pelnbrf","private",0.15,"Southeast",11,6,1.83333333333333,0.824795776,0.220749285859221,0.0633894603163776,14,6.91666666666667,1.88877314814815,6,"bootstrap",0.267641144975045,1.81836342465005,0.486668868954085,0.139749838083078,0.339467026384184,0.139749838083078
2019,"NSEO","pelnbrf","private",0.15,"Southeast",35,15,2.33333333333333,1.02462996497143,0.325034284697709,0.0538251801759743,14,6.91666666666667,1.88877314814815,15,"bootstrap",0.317221139152193,2.25892239790582,0.716577936320089,0.118664209741529,0.339467026384184,0.118664209741529
2020,"NSEO","pelnbrf","private",0.15,"Southeast",NA,NA,NA,NA,NA,NA,NA,NA,NA,NA,NA,1,NA,NA,NA,0.339467026384184,0.339467026384184
2021,"NSEO","pelnbrf","private",0.15,"Southeast",NA,NA,NA,NA,NA,NA,NA,NA,NA,NA,NA,1,NA,NA,NA,0.339467026384184,0.339467026384184
2022,"NSEO","pelnbrf","private",0.15,"Southeast",NA,NA,NA,NA,NA,NA,NA,NA,NA,NA,NA,1,NA,NA,NA,0.339467026384184,0.339467026384184
2023,"NSEO","pelnbrf","private",0.15,"Southeast",20,5,4,0.98871522525,0.33638153126134,0.0769898265817902,14,6.91666666666667,1.88877314814815,5,"bootstrap",0.340220846883677,2.17974395032455,0.741594332768987,0.169733513192092,0.339467026384184,0.169733513192092
2024,"NSEO","pelnbrf","private",0.15,"Southeast",NA,NA,NA,NA,NA,NA,NA,NA,NA,NA,NA,1,NA,NA,NA,0.339467026384184,0.339467026384184
2025,"NSEO","pelnbrf","private",0.15,"Southeast",36,NA,NA,1.086047358,0.344374626,NA,NA,NA,NA,NA,"4-stage",0.31708987961094,2.39432457183804,0.75921609023364,NA,0.339467026384184,0.339467026384184
1977,"SSEI","pelnbrf","private",0.15,"Southeast",NA,NA,NA,NA,NA,NA,NA,NA,NA,NA,NA,1,NA,NA,NA,1.0387349341494,1.0387349341494
1978,"SSEI","pelnbrf","private",0.15,"Southeast",NA,NA,NA,NA,NA,NA,NA,NA,NA,NA,NA,1,NA,NA,NA,1.0387349341494,1.0387349341494
1979,"SSEI","pelnbrf","private",0.15,"Southeast",NA,NA,NA,NA,NA,NA,NA,NA,NA,NA,NA,1,NA,NA,NA,1.0387349341494,1.0387349341494
1980,"SSEI","pelnbrf","private",0.15,"Southeast",NA,NA,NA,NA,NA,NA,NA,NA,NA,NA,NA,1,NA,NA,NA,1.0387349341494,1.0387349341494
1981,"SSEI","pelnbrf","private",0.15,"Southeast",NA,NA,NA,NA,NA,NA,NA,NA,NA,NA,NA,1,NA,NA,NA,1.0387349341494,1.0387349341494
1982,"SSEI","pelnbrf","private",0.15,"Southeast",NA,NA,NA,NA,NA,NA,NA,NA,NA,NA,NA,1,NA,NA,NA,1.0387349341494,1.0387349341494
1983,"SSEI","pelnbrf","private",0.15,"Southeast",NA,NA,NA,NA,NA,NA,NA,NA,NA,NA,NA,1,NA,NA,NA,1.0387349341494,1.0387349341494
1984,"SSEI","pelnbrf","private",0.15,"Southeast",NA,NA,NA,NA,NA,NA,NA,NA,NA,NA,NA,1,NA,NA,NA,1.0387349341494,1.0387349341494
1985,"SSEI","pelnbrf","private",0.15,"Southeast",NA,NA,NA,NA,NA,NA,NA,NA,NA,NA,NA,1,NA,NA,NA,1.0387349341494,1.0387349341494
1986,"SSEI","pelnbrf","private",0.15,"Southeast",NA,NA,NA,NA,NA,NA,NA,NA,NA,NA,NA,1,NA,NA,NA,1.0387349341494,1.0387349341494
1987,"SSEI","pelnbrf","private",0.15,"Southeast",NA,NA,NA,NA,NA,NA,NA,NA,NA,NA,NA,1,NA,NA,NA,1.0387349341494,1.0387349341494
1988,"SSEI","pelnbrf","private",0.15,"Southeast",NA,NA,NA,NA,NA,NA,NA,NA,NA,NA,NA,1,NA,NA,NA,1.0387349341494,1.0387349341494
1989,"SSEI","pelnbrf","private",0.15,"Southeast",NA,NA,NA,NA,NA,NA,NA,NA,NA,NA,NA,1,NA,NA,NA,1.0387349341494,1.0387349341494
1990,"SSEI","pelnbrf","private",0.15,"Southeast",NA,NA,NA,NA,NA,NA,NA,NA,NA,NA,NA,1,NA,NA,NA,1.0387349341494,1.0387349341494
1991,"SSEI","pelnbrf","private",0.15,"Southeast",NA,NA,NA,NA,NA,NA,NA,NA,NA,NA,NA,1,NA,NA,NA,1.0387349341494,1.0387349341494
1992,"SSEI","pelnbrf","private",0.15,"Southeast",NA,NA,NA,NA,NA,NA,NA,NA,NA,NA,NA,1,NA,NA,NA,1.0387349341494,1.0387349341494
1993,"SSEI","pelnbrf","private",0.15,"Southeast",NA,NA,NA,NA,NA,NA,NA,NA,NA,NA,NA,1,NA,NA,NA,1.0387349341494,1.0387349341494
1994,"SSEI","pelnbrf","private",0.15,"Southeast",NA,NA,NA,NA,NA,NA,NA,NA,NA,NA,NA,1,NA,NA,NA,1.0387349341494,1.0387349341494
1995,"SSEI","pelnbrf","private",0.15,"Southeast",NA,NA,NA,NA,NA,NA,NA,NA,NA,NA,NA,1,NA,NA,NA,1.0387349341494,1.0387349341494
1996,"SSEI","pelnbrf","private",0.15,"Southeast",NA,NA,NA,NA,NA,NA,NA,NA,NA,NA,NA,1,NA,NA,NA,1.0387349341494,1.0387349341494
1997,"SSEI","pelnbrf","private",0.15,"Southeast",NA,NA,NA,NA,NA,NA,NA,NA,NA,NA,NA,1,NA,NA,NA,1.0387349341494,1.0387349341494
1998,"SSEI","pelnbrf","private",0.15,"Southeast",NA,NA,NA,NA,NA,NA,NA,NA,NA,NA,NA,1,NA,NA,NA,1.0387349341494,1.0387349341494
1999,"SSEI","pelnbrf","private",0.15,"Southeast",NA,NA,NA,NA,NA,NA,NA,NA,NA,NA,NA,1,NA,NA,NA,1.0387349341494,1.0387349341494
2000,"SSEI","pelnbrf","private",0.15,"Southeast",NA,NA,NA,NA,NA,NA,NA,NA,NA,NA,NA,1,NA,NA,NA,1.0387349341494,1.0387349341494
2001,"SSEI","pelnbrf","private",0.15,"Southeast",NA,NA,NA,NA,NA,NA,NA,NA,NA,NA,NA,1,NA,NA,NA,1.0387349341494,1.0387349341494
2002,"SSEI","pelnbrf","private",0.15,"Southeast",NA,NA,NA,NA,NA,NA,NA,NA,NA,NA,NA,1,NA,NA,NA,1.0387349341494,1.0387349341494
2003,"SSEI","pelnbrf","private",0.15,"Southeast",NA,NA,NA,NA,NA,NA,NA,NA,NA,NA,NA,1,NA,NA,NA,1.0387349341494,1.0387349341494
2004,"SSEI","pelnbrf","private",0.15,"Southeast",NA,NA,NA,NA,NA,NA,NA,NA,NA,NA,NA,1,NA,NA,NA,1.0387349341494,1.0387349341494
2005,"SSEI","pelnbrf","private",0.15,"Southeast",NA,NA,NA,NA,NA,NA,NA,NA,NA,NA,NA,1,NA,NA,NA,1.0387349341494,1.0387349341494
2006,"SSEI","pelnbrf","private",0.15,"Southeast",17,1,17,1.026994555,0.584756077235861,0.132932520758672,119.466666666667,50.6,2.34803341297204,7.24010139978464,"bootstrap",0.569385761968194,2.26413542656983,1.28916647505665,0.293066042198188,1.0387349341494,0.293066042198188
2007,"SSEI","pelnbrf","private",0.15,"Southeast",17,1,17,1.09361848547059,0.795657683403706,0.187196034904146,119.466666666667,50.6,2.34803341297204,7.24010139978464,"bootstrap",0.727545934870816,2.4110160507186,1.75412492660861,0.41269661292399,1.0387349341494,0.41269661292399
2008,"SSEI","pelnbrf","private",0.15,"Southeast",34,1,34,0.948473916470588,0.513385188750131,0.0865305997905059,119.466666666667,50.6,2.34803341297204,14.4802027995693,"bootstrap",0.541274967961706,2.09102705073105,1.13182059989151,0.190767317620317,1.0387349341494,0.190767317620317
2009,"SSEI","pelnbrf","private",0.15,"Southeast",42,1,42,0.986757449309524,0.520177063551972,0.0813950254777097,119.466666666667,50.6,2.34803341297204,17.8873093406444,"bootstrap",0.527157979821649,2.17542779320128,1.14679412071186,0.179445314323635,1.0387349341494,0.179445314323635
2010,"SSEI","pelnbrf","private",0.15,"Southeast",26,1,26,1.36954968826923,1.23158648121474,0.235581120488867,119.466666666667,50.6,2.34803341297204,11.0730962584942,"bootstrap",0.899263817708694,3.01934022197229,2.71518341497222,0.519367467074702,1.0387349341494,0.519367467074702
2011,"SSEI","pelnbrf","private",0.15,"Southeast",66,33,2,0.986129119227273,0.364701681770351,0.0457155604895388,119.466666666667,50.6,2.34803341297204,33,"bootstrap",0.369831571403276,2.17404256248912,0.804029577182957,0.100785558741216,1.0387349341494,0.100785558741216
2012,"SSEI","pelnbrf","private",0.15,"Southeast",105,30,3.5,0.815925891161905,0.29847783183373,0.0298367514633199,119.466666666667,50.6,2.34803341297204,30,"bootstrap",0.365814879839991,1.79880867589919,0.658030979629197,0.0657787771833531,1.0387349341494,0.0657787771833531
2013,"SSEI","pelnbrf","private",0.15,"Southeast",62,33,1.87878787878788,0.98366255966129,0.454138277661914,0.0556856159806339,119.466666666667,50.6,2.34803341297204,33,"bootstrap",0.461680962847961,2.16860472947638,1.0012035195413,0.122765768599539,1.0387349341494,0.122765768599539
2014,"SSEI","pelnbrf","private",0.15,"Southeast",175,65,2.69230769230769,0.93556603936,0.403925969943701,0.0303497760380866,119.466666666667,50.6,2.34803341297204,65,"bootstrap",0.431745010988233,2.06257005287687,0.890504330143323,0.0669098027654997,1.0387349341494,0.0669098027654997
2015,"SSEI","pelnbrf","private",0.15,"Southeast",84,43,1.95348837209302,0.921052187321429,0.682498644219236,0.077044269011074,119.466666666667,50.6,2.34803341297204,43,"bootstrap",0.740998885420439,2.0305724863693,1.50465194916506,0.169853538203179,1.0387349341494,0.169853538203179
2016,"SSEI","pelnbrf","private",0.15,"Southeast",117,47,2.48936170212766,0.857251281726496,0.360832985026761,0.0324152953351325,119.466666666667,50.6,2.34803341297204,47,"bootstrap",0.420918571623535,1.88991556671823,0.795500560832119,0.0714634933298136,1.0387349341494,0.0714634933298136
2017,"SSEI","pelnbrf","private",0.15,"Southeast",105,62,1.69354838709677,0.750643433333333,0.247532540864673,0.0226755360397616,119.466666666667,50.6,2.34803341297204,62,"bootstrap",0.329760482637504,1.65488549268113,0.545715838776332,0.0499909996738836,1.0387349341494,0.0499909996738836
2018,"SSEI","pelnbrf","private",0.15,"Southeast",147,67,2.19402985074627,0.884541215564626,0.391818615444453,0.0322899109885878,119.466666666667,50.6,2.34803341297204,67,"bootstrap",0.442962530801173,1.95007957215607,0.863812182545922,0.0711870681632272,1.0387349341494,0.0711870681632272
2019,"SSEI","pelnbrf","private",0.15,"Southeast",95,44,2.15909090909091,0.825057782052632,0.290300692816468,0.0285880323981748,119.466666666667,50.6,2.34803341297204,44,"bootstrap",0.35185498413728,1.81894104912026,0.640003473984857,0.063025822886309,1.0387349341494,0.063025822886309
2020,"SSEI","pelnbrf","private",0.15,"Southeast",162,61,2.65573770491803,0.834260298135802,0.328172108058113,0.02510776252684,119.466666666667,50.6,2.34803341297204,61,"bootstrap",0.393368962650423,1.83922912423813,0.723495652678,0.0553531412042598,1.0387349341494,0.0553531412042598
2021,"SSEI","pelnbrf","private",0.15,"Southeast",159,65,2.44615384615385,0.843995656314465,0.370349043823493,0.029135016458054,119.466666666667,50.6,2.34803341297204,65,"bootstrap",0.438804442952612,1.86069191509262,0.816479879308644,0.0642317163174981,1.0387349341494,0.0642317163174981
2022,"SSEI","pelnbrf","private",0.15,"Southeast",68,38,1.78947368421053,0.824961442970588,0.342953997372907,0.0393036625117377,119.466666666667,50.6,2.34803341297204,38,"bootstrap",0.415721244059565,1.8187286578008,0.756084140227731,0.0866497434222229,1.0387349341494,0.0866497434222229
2023,"SSEI","pelnbrf","private",0.15,"Southeast",94,38,2.47368421052632,0.934548529361702,0.336975665078193,0.034550847800635,119.466666666667,50.6,2.34803341297204,38,"bootstrap",0.360575887170191,2.06032682731854,0.742904173620928,0.0761715806014572,1.0387349341494,0.0761715806014572
2024,"SSEI","pelnbrf","private",0.15,"Southeast",195,69,2.82608695652174,0.83377862085641,0.317554378681322,0.0221725919701242,119.466666666667,50.6,2.34803341297204,69,"bootstrap",0.380861742839062,1.83816720761245,0.700087566320888,0.0488821978013662,1.0387349341494,0.0488821978013662
2025,"SSEI","pelnbrf","private",0.15,"Southeast",165,NA,NA,0.861850272,0.174439274,NA,NA,NA,NA,NA,"4-stage",0.202400903808034,1.90005460470435,0.384572769276778,NA,1.0387349341494,1.0387349341494
1977,"SSEO","pelnbrf","private",0.15,"Southeast",NA,NA,NA,NA,NA,NA,NA,NA,NA,NA,NA,1,NA,NA,NA,0.941456712091084,0.941456712091084
1978,"SSEO","pelnbrf","private",0.15,"Southeast",NA,NA,NA,NA,NA,NA,NA,NA,NA,NA,NA,1,NA,NA,NA,0.941456712091084,0.941456712091084
1979,"SSEO","pelnbrf","private",0.15,"Southeast",NA,NA,NA,NA,NA,NA,NA,NA,NA,NA,NA,1,NA,NA,NA,0.941456712091084,0.941456712091084
1980,"SSEO","pelnbrf","private",0.15,"Southeast",NA,NA,NA,NA,NA,NA,NA,NA,NA,NA,NA,1,NA,NA,NA,0.941456712091084,0.941456712091084
1981,"SSEO","pelnbrf","private",0.15,"Southeast",NA,NA,NA,NA,NA,NA,NA,NA,NA,NA,NA,1,NA,NA,NA,0.941456712091084,0.941456712091084
1982,"SSEO","pelnbrf","private",0.15,"Southeast",NA,NA,NA,NA,NA,NA,NA,NA,NA,NA,NA,1,NA,NA,NA,0.941456712091084,0.941456712091084
1983,"SSEO","pelnbrf","private",0.15,"Southeast",NA,NA,NA,NA,NA,NA,NA,NA,NA,NA,NA,1,NA,NA,NA,0.941456712091084,0.941456712091084
1984,"SSEO","pelnbrf","private",0.15,"Southeast",NA,NA,NA,NA,NA,NA,NA,NA,NA,NA,NA,1,NA,NA,NA,0.941456712091084,0.941456712091084
1985,"SSEO","pelnbrf","private",0.15,"Southeast",NA,NA,NA,NA,NA,NA,NA,NA,NA,NA,NA,1,NA,NA,NA,0.941456712091084,0.941456712091084
1986,"SSEO","pelnbrf","private",0.15,"Southeast",NA,NA,NA,NA,NA,NA,NA,NA,NA,NA,NA,1,NA,NA,NA,0.941456712091084,0.941456712091084
1987,"SSEO","pelnbrf","private",0.15,"Southeast",NA,NA,NA,NA,NA,NA,NA,NA,NA,NA,NA,1,NA,NA,NA,0.941456712091084,0.941456712091084
1988,"SSEO","pelnbrf","private",0.15,"Southeast",NA,NA,NA,NA,NA,NA,NA,NA,NA,NA,NA,1,NA,NA,NA,0.941456712091084,0.941456712091084
1989,"SSEO","pelnbrf","private",0.15,"Southeast",NA,NA,NA,NA,NA,NA,NA,NA,NA,NA,NA,1,NA,NA,NA,0.941456712091084,0.941456712091084
1990,"SSEO","pelnbrf","private",0.15,"Southeast",NA,NA,NA,NA,NA,NA,NA,NA,NA,NA,NA,1,NA,NA,NA,0.941456712091084,0.941456712091084
1991,"SSEO","pelnbrf","private",0.15,"Southeast",NA,NA,NA,NA,NA,NA,NA,NA,NA,NA,NA,1,NA,NA,NA,0.941456712091084,0.941456712091084
1992,"SSEO","pelnbrf","private",0.15,"Southeast",NA,NA,NA,NA,NA,NA,NA,NA,NA,NA,NA,1,NA,NA,NA,0.941456712091084,0.941456712091084
1993,"SSEO","pelnbrf","private",0.15,"Southeast",NA,NA,NA,NA,NA,NA,NA,NA,NA,NA,NA,1,NA,NA,NA,0.941456712091084,0.941456712091084
1994,"SSEO","pelnbrf","private",0.15,"Southeast",NA,NA,NA,NA,NA,NA,NA,NA,NA,NA,NA,1,NA,NA,NA,0.941456712091084,0.941456712091084
1995,"SSEO","pelnbrf","private",0.15,"Southeast",NA,NA,NA,NA,NA,NA,NA,NA,NA,NA,NA,1,NA,NA,NA,0.941456712091084,0.941456712091084
1996,"SSEO","pelnbrf","private",0.15,"Southeast",NA,NA,NA,NA,NA,NA,NA,NA,NA,NA,NA,1,NA,NA,NA,0.941456712091084,0.941456712091084
1997,"SSEO","pelnbrf","private",0.15,"Southeast",NA,NA,NA,NA,NA,NA,NA,NA,NA,NA,NA,1,NA,NA,NA,0.941456712091084,0.941456712091084
1998,"SSEO","pelnbrf","private",0.15,"Southeast",NA,NA,NA,NA,NA,NA,NA,NA,NA,NA,NA,1,NA,NA,NA,0.941456712091084,0.941456712091084
1999,"SSEO","pelnbrf","private",0.15,"Southeast",NA,NA,NA,NA,NA,NA,NA,NA,NA,NA,NA,1,NA,NA,NA,0.941456712091084,0.941456712091084
2000,"SSEO","pelnbrf","private",0.15,"Southeast",NA,NA,NA,NA,NA,NA,NA,NA,NA,NA,NA,1,NA,NA,NA,0.941456712091084,0.941456712091084
2001,"SSEO","pelnbrf","private",0.15,"Southeast",NA,NA,NA,NA,NA,NA,NA,NA,NA,NA,NA,1,NA,NA,NA,0.941456712091084,0.941456712091084
2002,"SSEO","pelnbrf","private",0.15,"Southeast",NA,NA,NA,NA,NA,NA,NA,NA,NA,NA,NA,1,NA,NA,NA,0.941456712091084,0.941456712091084
2003,"SSEO","pelnbrf","private",0.15,"Southeast",NA,NA,NA,NA,NA,NA,NA,NA,NA,NA,NA,1,NA,NA,NA,0.941456712091084,0.941456712091084
2004,"SSEO","pelnbrf","private",0.15,"Southeast",NA,NA,NA,NA,NA,NA,NA,NA,NA,NA,NA,1,NA,NA,NA,0.941456712091084,0.941456712091084
2005,"SSEO","pelnbrf","private",0.15,"Southeast",NA,NA,NA,NA,NA,NA,NA,NA,NA,NA,NA,1,NA,NA,NA,0.941456712091084,0.941456712091084
2006,"SSEO","pelnbrf","private",0.15,"Southeast",NA,NA,NA,NA,NA,NA,NA,NA,NA,NA,NA,1,NA,NA,NA,0.941456712091084,0.941456712091084
2007,"SSEO","pelnbrf","private",0.15,"Southeast",NA,NA,NA,NA,NA,NA,NA,NA,NA,NA,NA,1,NA,NA,NA,0.941456712091084,0.941456712091084
2008,"SSEO","pelnbrf","private",0.15,"Southeast",11,1,11,1.30931459563636,0.704982741588598,0.213518790823956,8.61538461538461,5.30769230769231,1.66373626373626,6.6116248348745,"bootstrap",0.538436479619292,2.88654457423607,1.55422089881584,0.470728356045542,0.941456712091084,0.470728356045542
2009,"SSEO","pelnbrf","private",0.15,"Southeast",14,1,14,1.03436508935714,0.376797250720404,0.0970350215179049,8.61538461538461,5.30769230769231,1.66373626373626,8.41479524438573,"bootstrap",0.364278777964736,2.28038467333507,0.830695742092014,0.21392560337056,0.941456712091084,0.21392560337056
2010,"SSEO","pelnbrf","private",0.15,"Southeast",NA,NA,NA,NA,NA,NA,NA,NA,NA,NA,NA,1,NA,NA,NA,0.941456712091084,0.941456712091084
2011,"SSEO","pelnbrf","private",0.15,"Southeast",14,7,2,1.69681646414286,0.789363959267869,0.200807680285134,8.61538461538461,5.30769230769231,1.66373626373626,7,"bootstrap",0.465202911421898,3.74083995883777,1.7402496400147,0.442705154226334,0.941456712091084,0.442705154226334
2012,"SSEO","pelnbrf","private",0.15,"Southeast",NA,NA,NA,NA,NA,NA,NA,NA,NA,NA,NA,1,NA,NA,NA,0.941456712091084,0.941456712091084
2013,"SSEO","pelnbrf","private",0.15,"Southeast",NA,NA,NA,NA,NA,NA,NA,NA,NA,NA,NA,1,NA,NA,NA,0.941456712091084,0.941456712091084
2014,"SSEO","pelnbrf","private",0.15,"Southeast",13,7,1.85714285714286,0.968362862615385,0.679666349288139,0.18673446777729,8.61538461538461,5.30769230769231,1.66373626373626,7,"bootstrap",0.701871556135966,2.13487467128983,1.49840780769345,0.411679031595475,0.941456712091084,0.411679031595475
2015,"SSEO","pelnbrf","private",0.15,"Southeast",NA,NA,NA,NA,NA,NA,NA,NA,NA,NA,NA,1,NA,NA,NA,0.941456712091084,0.941456712091084
2016,"SSEO","pelnbrf","private",0.15,"Southeast",NA,NA,NA,NA,NA,NA,NA,NA,NA,NA,NA,1,NA,NA,NA,0.941456712091084,0.941456712091084
2017,"SSEO","pelnbrf","private",0.15,"Southeast",NA,NA,NA,NA,NA,NA,NA,NA,NA,NA,NA,1,NA,NA,NA,0.941456712091084,0.941456712091084
2018,"SSEO","pelnbrf","private",0.15,"Southeast",13,10,1.3,1.09966833946154,0.389737017498691,0.10598747216063,8.61538461538461,5.30769230769231,1.66373626373626,10,"bootstrap",0.354413238531109,2.42435369567475,0.85922304462895,0.233662378561945,0.941456712091084,0.233662378561945
2019,"SSEO","pelnbrf","private",0.15,"Southeast",NA,NA,NA,NA,NA,NA,NA,NA,NA,NA,NA,1,NA,NA,NA,0.941456712091084,0.941456712091084
2020,"SSEO","pelnbrf","private",0.15,"Southeast",NA,NA,NA,NA,NA,NA,NA,NA,NA,NA,NA,1,NA,NA,NA,0.941456712091084,0.941456712091084
2021,"SSEO","pelnbrf","private",0.15,"Southeast",NA,NA,NA,NA,NA,NA,NA,NA,NA,NA,NA,1,NA,NA,NA,0.941456712091084,0.941456712091084
2022,"SSEO","pelnbrf","private",0.15,"Southeast",NA,NA,NA,NA,NA,NA,NA,NA,NA,NA,NA,1,NA,NA,NA,0.941456712091084,0.941456712091084
2023,"SSEO","pelnbrf","private",0.15,"Southeast",NA,NA,NA,NA,NA,NA,NA,NA,NA,NA,NA,1,NA,NA,NA,0.941456712091084,0.941456712091084
2024,"SSEO","pelnbrf","private",0.15,"Southeast",13,6,2.16666666666667,0.752371329538462,0.145412001633865,0.0389815761833173,8.61538461538461,5.30769230769231,1.66373626373626,6,"bootstrap",0.193271588011025,1.65869485173997,0.320578588021496,0.0859396646169946,0.941456712091084,0.0859396646169946
2025,"SSEO","pelnbrf","private",0.15,"Southeast",11,NA,NA,0.937207135,0.266132166,NA,NA,NA,NA,NA,"4-stage",0.283963017417702,2.06618804944639,0.586720993073195,NA,0.941456712091084,0.941456712091084
1977,"CSEO","dsrlessye","charter",0.9,"Southeast",NA,NA,NA,NA,NA,NA,NA,NA,NA,NA,NA,1,NA,NA,NA,0.424275859790127,0.424275859790127
1978,"CSEO","dsrlessye","charter",0.9,"Southeast",NA,NA,NA,NA,NA,NA,NA,NA,NA,NA,NA,1,NA,NA,NA,0.424275859790127,0.424275859790127
1979,"CSEO","dsrlessye","charter",0.9,"Southeast",NA,NA,NA,NA,NA,NA,NA,NA,NA,NA,NA,1,NA,NA,NA,0.424275859790127,0.424275859790127
1980,"CSEO","dsrlessye","charter",0.9,"Southeast",NA,NA,NA,NA,NA,NA,NA,NA,NA,NA,NA,1,NA,NA,NA,0.424275859790127,0.424275859790127
1981,"CSEO","dsrlessye","charter",0.9,"Southeast",NA,NA,NA,NA,NA,NA,NA,NA,NA,NA,NA,1,NA,NA,NA,0.424275859790127,0.424275859790127
1982,"CSEO","dsrlessye","charter",0.9,"Southeast",NA,NA,NA,NA,NA,NA,NA,NA,NA,NA,NA,1,NA,NA,NA,0.424275859790127,0.424275859790127
1983,"CSEO","dsrlessye","charter",0.9,"Southeast",NA,NA,NA,NA,NA,NA,NA,NA,NA,NA,NA,1,NA,NA,NA,0.424275859790127,0.424275859790127
1984,"CSEO","dsrlessye","charter",0.9,"Southeast",NA,NA,NA,NA,NA,NA,NA,NA,NA,NA,NA,1,NA,NA,NA,0.424275859790127,0.424275859790127
1985,"CSEO","dsrlessye","charter",0.9,"Southeast",NA,NA,NA,NA,NA,NA,NA,NA,NA,NA,NA,1,NA,NA,NA,0.424275859790127,0.424275859790127
1986,"CSEO","dsrlessye","charter",0.9,"Southeast",NA,NA,NA,NA,NA,NA,NA,NA,NA,NA,NA,1,NA,NA,NA,0.424275859790127,0.424275859790127
1987,"CSEO","dsrlessye","charter",0.9,"Southeast",NA,NA,NA,NA,NA,NA,NA,NA,NA,NA,NA,1,NA,NA,NA,0.424275859790127,0.424275859790127
1988,"CSEO","dsrlessye","charter",0.9,"Southeast",NA,NA,NA,NA,NA,NA,NA,NA,NA,NA,NA,1,NA,NA,NA,0.424275859790127,0.424275859790127
1989,"CSEO","dsrlessye","charter",0.9,"Southeast",NA,NA,NA,NA,NA,NA,NA,NA,NA,NA,NA,1,NA,NA,NA,0.424275859790127,0.424275859790127
1990,"CSEO","dsrlessye","charter",0.9,"Southeast",NA,NA,NA,NA,NA,NA,NA,NA,NA,NA,NA,1,NA,NA,NA,0.424275859790127,0.424275859790127
1991,"CSEO","dsrlessye","charter",0.9,"Southeast",NA,NA,NA,NA,NA,NA,NA,NA,NA,NA,NA,1,NA,NA,NA,0.424275859790127,0.424275859790127
1992,"CSEO","dsrlessye","charter",0.9,"Southeast",NA,NA,NA,NA,NA,NA,NA,NA,NA,NA,NA,1,NA,NA,NA,0.424275859790127,0.424275859790127
1993,"CSEO","dsrlessye","charter",0.9,"Southeast",NA,NA,NA,NA,NA,NA,NA,NA,NA,NA,NA,1,NA,NA,NA,0.424275859790127,0.424275859790127
1994,"CSEO","dsrlessye","charter",0.9,"Southeast",NA,NA,NA,NA,NA,NA,NA,NA,NA,NA,NA,1,NA,NA,NA,0.424275859790127,0.424275859790127
1995,"CSEO","dsrlessye","charter",0.9,"Southeast",NA,NA,NA,NA,NA,NA,NA,NA,NA,NA,NA,1,NA,NA,NA,0.424275859790127,0.424275859790127
1996,"CSEO","dsrlessye","charter",0.9,"Southeast",NA,NA,NA,NA,NA,NA,NA,NA,NA,NA,NA,1,NA,NA,NA,0.424275859790127,0.424275859790127
1997,"CSEO","dsrlessye","charter",0.9,"Southeast",NA,NA,NA,NA,NA,NA,NA,NA,NA,NA,NA,1,NA,NA,NA,0.424275859790127,0.424275859790127
1998,"CSEO","dsrlessye","charter",0.9,"Southeast",NA,NA,NA,NA,NA,NA,NA,NA,NA,NA,NA,1,NA,NA,NA,0.424275859790127,0.424275859790127
1999,"CSEO","dsrlessye","charter",0.9,"Southeast",NA,NA,NA,NA,NA,NA,NA,NA,NA,NA,NA,1,NA,NA,NA,0.424275859790127,0.424275859790127
2000,"CSEO","dsrlessye","charter",0.9,"Southeast",NA,NA,NA,NA,NA,NA,NA,NA,NA,NA,NA,1,NA,NA,NA,0.424275859790127,0.424275859790127
2001,"CSEO","dsrlessye","charter",0.9,"Southeast",NA,NA,NA,NA,NA,NA,NA,NA,NA,NA,NA,1,NA,NA,NA,0.424275859790127,0.424275859790127
2002,"CSEO","dsrlessye","charter",0.9,"Southeast",NA,NA,NA,NA,NA,NA,NA,NA,NA,NA,NA,1,NA,NA,NA,0.424275859790127,0.424275859790127
2003,"CSEO","dsrlessye","charter",0.9,"Southeast",NA,NA,NA,NA,NA,NA,NA,NA,NA,NA,NA,1,NA,NA,NA,0.424275859790127,0.424275859790127
2004,"CSEO","dsrlessye","charter",0.9,"Southeast",NA,NA,NA,NA,NA,NA,NA,NA,NA,NA,NA,1,NA,NA,NA,0.424275859790127,0.424275859790127
2005,"CSEO","dsrlessye","charter",0.9,"Southeast",NA,NA,NA,NA,NA,NA,NA,NA,NA,NA,NA,1,NA,NA,NA,0.424275859790127,0.424275859790127
2006,"CSEO","dsrlessye","charter",0.9,"Southeast",136,1,136,1.14587504836029,0.561088288043535,0.0460952464263803,504.833333333333,203.75,2.1368594499078,63.6448035952333,"bootstrap",0.489659224927215,2.52622205130869,1.23698793163785,0.101622622946072,0.424275859790127,0.101622622946072
2007,"CSEO","dsrlessye","charter",0.9,"Southeast",103,1,103,1.40021492991262,0.996239848007779,0.0962241464686884,504.833333333333,203.75,2.1368594499078,48.2015791934487,"bootstrap",0.711490662415626,3.08694550734708,2.19633290386331,0.212137929895064,0.424275859790127,0.212137929895064
2008,"CSEO","dsrlessye","charter",0.9,"Southeast",161,1,161,1.24541512914286,0.547517572501446,0.0426946798203583,504.833333333333,203.75,2.1368594499078,75.3442160208276,"bootstrap",0.439626562813853,2.74567036499857,1.20706962518418,0.0941256568856194,0.424275859790127,0.0941256568856194
2009,"CSEO","dsrlessye","charter",0.9,"Southeast",236,1,236,1.0659133253178,0.413076169559641,0.0261185411616632,504.833333333333,203.75,2.1368594499078,110.442453297611,"bootstrap",0.387532606777838,2.34993662795504,0.91067706719414,0.0575815266464038,0.424275859790127,0.0575815266464038
2010,"CSEO","dsrlessye","charter",0.9,"Southeast",290,1,290,1.03846889074828,0.434300217519574,0.0242348074557763,504.833333333333,203.75,2.1368594499078,135.713184136894,"bootstrap",0.418212063345137,2.28943200670997,0.957468083414573,0.0534286047083491,0.424275859790127,0.0534286047083491
2011,"CSEO","dsrlessye","charter",0.9,"Southeast",593,224,2.64732142857143,1.02668492846543,0.441610704455104,0.018179008150962,504.833333333333,203.75,2.1368594499078,224,"bootstrap",0.430132645577229,2.26345281690797,0.973584948275857,0.0400778525787752,0.424275859790127,0.0400778525787752
2012,"CSEO","dsrlessye","charter",0.9,"Southeast",1150,390,2.94871794871795,1.13704747052,0.511057676420601,0.0152149012745375,504.833333333333,203.75,2.1368594499078,390,"bootstrap",0.449460281712673,2.50676057352217,1.1266893135615,0.0335431155109122,0.424275859790127,0.0335431155109122
2013,"CSEO","dsrlessye","charter",0.2,"Southeast",1091,437,2.49656750572082,1.05481348301742,0.551163996902391,0.0167006750226341,504.833333333333,203.75,2.1368594499078,437,"bootstrap",0.52252270735649,2.32546566454119,1.21510861490062,0.0368186859241681,0.424275859790127,0.0368186859241681
2014,"CSEO","dsrlessye","charter",0.2,"Southeast",709,264,2.68560606060606,1.02104840294358,0.484119729301745,0.01833049059675,504.833333333333,203.75,2.1368594499078,264,"bootstrap",0.474139842838083,2.25102640524429,1.0673013060069,0.0404118142052923,0.424275859790127,0.0404118142052923
2015,"CSEO","dsrlessye","charter",0.2,"Southeast",794,278,2.85611510791367,0.987298309152393,0.477347328617174,0.0161750349261385,504.833333333333,203.75,2.1368594499078,278,"bootstrap",0.483488449430226,2.17662018504512,1.052370718266,0.035659847877455,0.424275859790127,0.035659847877455
2016,"CSEO","dsrlessye","charter",0.2,"Southeast",696,332,2.09638554216867,1.07853920204598,0.533476519762351,0.0201048430484844,504.833333333333,203.75,2.1368594499078,332,"bootstrap",0.494628770795118,2.37777192138732,1.17611440270696,0.0443235917562385,0.424275859790127,0.0443235917562385
2017,"CSEO","dsrlessye","charter",0.2,"Southeast",272,146,1.86301369863014,1.19404145075735,0.552236004583436,0.0326448076893062,504.833333333333,203.75,2.1368594499078,146,"bootstrap",0.462493160713279,2.63241079155727,1.21747198728307,0.0719694814573944,0.424275859790127,0.0719694814573944
2018,"CSEO","dsrlessye","charter",0.2,"Southeast",478,234,2.04273504273504,1.24244322790586,0.53812064367836,0.0243675263556206,504.833333333333,203.75,2.1368594499078,234,"bootstrap",0.433114875265056,2.73911844430707,1.18635294334227,0.0537211997970473,0.424275859790127,0.0537211997970473
2019,"CSEO","dsrlessye","charter",0.2,"Southeast",205,94,2.18085106382979,1.17613151209268,0.437214912475885,0.0297424198502017,504.833333333333,203.75,2.1368594499078,94,"bootstrap",0.37173981649208,2.59292613565433,0.963893885845656,0.0655708115752917,0.424275859790127,0.0655708115752917
2020,"CSEO","dsrlessye","charter",0.2,"Southeast",NA,NA,NA,NA,NA,NA,NA,NA,NA,NA,NA,1,NA,NA,NA,0.424275859790127,0.424275859790127
2021,"CSEO","dsrlessye","charter",0.2,"Southeast",NA,NA,NA,NA,NA,NA,NA,NA,NA,NA,NA,1,NA,NA,NA,0.424275859790127,0.424275859790127
2022,"CSEO","dsrlessye","charter",0.2,"Southeast",NA,NA,NA,NA,NA,NA,NA,NA,NA,NA,NA,1,NA,NA,NA,0.424275859790127,0.424275859790127
2023,"CSEO","dsrlessye","charter",0.2,"Southeast",NA,NA,NA,NA,NA,NA,NA,NA,NA,NA,NA,1,NA,NA,NA,0.424275859790127,0.424275859790127
2024,"CSEO","dsrlessye","charter",0.2,"Southeast",NA,NA,NA,NA,NA,NA,NA,NA,NA,NA,NA,1,NA,NA,NA,0.424275859790127,0.424275859790127
2025,"CSEO","dsrlessye","charter",0.2,"Southeast",65,NA,NA,1.194027237,0.201810687,NA,NA,NA,NA,NA,"4-stage",0.169016820342432,2.6323794555863,0.44491640551794,NA,0.424275859790127,0.424275859790127
1977,"EWYKT","dsrlessye","charter",0.9,"Southeast",NA,NA,NA,NA,NA,NA,NA,NA,NA,NA,NA,1,NA,NA,NA,0.416969198987574,0.416969198987574
1978,"EWYKT","dsrlessye","charter",0.9,"Southeast",NA,NA,NA,NA,NA,NA,NA,NA,NA,NA,NA,1,NA,NA,NA,0.416969198987574,0.416969198987574
1979,"EWYKT","dsrlessye","charter",0.9,"Southeast",NA,NA,NA,NA,NA,NA,NA,NA,NA,NA,NA,1,NA,NA,NA,0.416969198987574,0.416969198987574
1980,"EWYKT","dsrlessye","charter",0.9,"Southeast",NA,NA,NA,NA,NA,NA,NA,NA,NA,NA,NA,1,NA,NA,NA,0.416969198987574,0.416969198987574
1981,"EWYKT","dsrlessye","charter",0.9,"Southeast",NA,NA,NA,NA,NA,NA,NA,NA,NA,NA,NA,1,NA,NA,NA,0.416969198987574,0.416969198987574
1982,"EWYKT","dsrlessye","charter",0.9,"Southeast",NA,NA,NA,NA,NA,NA,NA,NA,NA,NA,NA,1,NA,NA,NA,0.416969198987574,0.416969198987574
1983,"EWYKT","dsrlessye","charter",0.9,"Southeast",NA,NA,NA,NA,NA,NA,NA,NA,NA,NA,NA,1,NA,NA,NA,0.416969198987574,0.416969198987574
1984,"EWYKT","dsrlessye","charter",0.9,"Southeast",NA,NA,NA,NA,NA,NA,NA,NA,NA,NA,NA,1,NA,NA,NA,0.416969198987574,0.416969198987574
1985,"EWYKT","dsrlessye","charter",0.9,"Southeast",NA,NA,NA,NA,NA,NA,NA,NA,NA,NA,NA,1,NA,NA,NA,0.416969198987574,0.416969198987574
1986,"EWYKT","dsrlessye","charter",0.9,"Southeast",NA,NA,NA,NA,NA,NA,NA,NA,NA,NA,NA,1,NA,NA,NA,0.416969198987574,0.416969198987574
1987,"EWYKT","dsrlessye","charter",0.9,"Southeast",NA,NA,NA,NA,NA,NA,NA,NA,NA,NA,NA,1,NA,NA,NA,0.416969198987574,0.416969198987574
1988,"EWYKT","dsrlessye","charter",0.9,"Southeast",NA,NA,NA,NA,NA,NA,NA,NA,NA,NA,NA,1,NA,NA,NA,0.416969198987574,0.416969198987574
1989,"EWYKT","dsrlessye","charter",0.9,"Southeast",NA,NA,NA,NA,NA,NA,NA,NA,NA,NA,NA,1,NA,NA,NA,0.416969198987574,0.416969198987574
1990,"EWYKT","dsrlessye","charter",0.9,"Southeast",NA,NA,NA,NA,NA,NA,NA,NA,NA,NA,NA,1,NA,NA,NA,0.416969198987574,0.416969198987574
1991,"EWYKT","dsrlessye","charter",0.9,"Southeast",NA,NA,NA,NA,NA,NA,NA,NA,NA,NA,NA,1,NA,NA,NA,0.416969198987574,0.416969198987574
1992,"EWYKT","dsrlessye","charter",0.9,"Southeast",NA,NA,NA,NA,NA,NA,NA,NA,NA,NA,NA,1,NA,NA,NA,0.416969198987574,0.416969198987574
1993,"EWYKT","dsrlessye","charter",0.9,"Southeast",NA,NA,NA,NA,NA,NA,NA,NA,NA,NA,NA,1,NA,NA,NA,0.416969198987574,0.416969198987574
1994,"EWYKT","dsrlessye","charter",0.9,"Southeast",NA,NA,NA,NA,NA,NA,NA,NA,NA,NA,NA,1,NA,NA,NA,0.416969198987574,0.416969198987574
1995,"EWYKT","dsrlessye","charter",0.9,"Southeast",NA,NA,NA,NA,NA,NA,NA,NA,NA,NA,NA,1,NA,NA,NA,0.416969198987574,0.416969198987574
1996,"EWYKT","dsrlessye","charter",0.9,"Southeast",NA,NA,NA,NA,NA,NA,NA,NA,NA,NA,NA,1,NA,NA,NA,0.416969198987574,0.416969198987574
1997,"EWYKT","dsrlessye","charter",0.9,"Southeast",NA,NA,NA,NA,NA,NA,NA,NA,NA,NA,NA,1,NA,NA,NA,0.416969198987574,0.416969198987574
1998,"EWYKT","dsrlessye","charter",0.9,"Southeast",NA,NA,NA,NA,NA,NA,NA,NA,NA,NA,NA,1,NA,NA,NA,0.416969198987574,0.416969198987574
1999,"EWYKT","dsrlessye","charter",0.9,"Southeast",NA,NA,NA,NA,NA,NA,NA,NA,NA,NA,NA,1,NA,NA,NA,0.416969198987574,0.416969198987574
2000,"EWYKT","dsrlessye","charter",0.9,"Southeast",NA,NA,NA,NA,NA,NA,NA,NA,NA,NA,NA,1,NA,NA,NA,0.416969198987574,0.416969198987574
2001,"EWYKT","dsrlessye","charter",0.9,"Southeast",NA,NA,NA,NA,NA,NA,NA,NA,NA,NA,NA,1,NA,NA,NA,0.416969198987574,0.416969198987574
2002,"EWYKT","dsrlessye","charter",0.9,"Southeast",NA,NA,NA,NA,NA,NA,NA,NA,NA,NA,NA,1,NA,NA,NA,0.416969198987574,0.416969198987574
2003,"EWYKT","dsrlessye","charter",0.9,"Southeast",NA,NA,NA,NA,NA,NA,NA,NA,NA,NA,NA,1,NA,NA,NA,0.416969198987574,0.416969198987574
2004,"EWYKT","dsrlessye","charter",0.9,"Southeast",NA,NA,NA,NA,NA,NA,NA,NA,NA,NA,NA,1,NA,NA,NA,0.416969198987574,0.416969198987574
2005,"EWYKT","dsrlessye","charter",0.9,"Southeast",NA,NA,NA,NA,NA,NA,NA,NA,NA,NA,NA,1,NA,NA,NA,0.416969198987574,0.416969198987574
2006,"EWYKT","dsrlessye","charter",0.9,"Southeast",111,1,111,1.39180445078378,0.462966191900878,0.0432906782902322,116.846153846154,59.6923076923077,1.78738671882022,62.1018377451446,"bootstrap",0.332637384253344,3.0684035748146,1.02066573895994,0.0954396085937888,0.416969198987574,0.0954396085937888
2007,"EWYKT","dsrlessye","charter",0.9,"Southeast",40,1,40,1.378564510175,0.466752261658764,0.0721280479148031,116.846153846154,59.6923076923077,1.78738671882022,22.3790406288809,"bootstrap",0.338578469279985,3.03921450226102,1.02901259398907,0.159015125969419,0.416969198987574,0.159015125969419
2008,"EWYKT","dsrlessye","charter",0.9,"Southeast",82,1,82,1.67959096602439,0.558477354576437,0.0626096459979554,116.846153846154,59.6923076923077,1.78738671882022,45.8770332892059,"bootstrap",0.332507953349117,3.70286423604502,1.23123180865697,0.138030641797285,0.416969198987574,0.138030641797285
2009,"EWYKT","dsrlessye","charter",0.9,"Southeast",90,1,90,1.42763291444444,0.811976427390444,0.0866296953176196,116.846153846154,59.6923076923077,1.78738671882022,50.3528414149821,"bootstrap",0.568757149807255,3.14739181624074,1.79010159873176,0.190985785860932,0.416969198987574,0.190985785860932
2010,"EWYKT","dsrlessye","charter",0.9,"Southeast",114,1,114,1.44780634589474,0.428375472713581,0.0406624337727639,116.846153846154,59.6923076923077,1.78738671882022,63.7802657923107,"bootstrap",0.295878985423873,3.19186661953909,0.944406256997553,0.0896453212796872,0.416969198987574,0.0896453212796872
2011,"EWYKT","dsrlessye","charter",0.9,"Southeast",131,63,2.07936507936508,1.45143892823664,0.375047763903718,0.0336684811691604,116.846153846154,59.6923076923077,1.78738671882022,63,"bootstrap",0.258397206115565,3.19987509273905,0.826838783882556,0.0742262951665751,0.416969198987574,0.0742262951665751
2012,"EWYKT","dsrlessye","charter",0.9,"Southeast",196,96,2.04166666666667,1.39148287605612,0.408600734541262,0.0288637669073488,116.846153846154,59.6923076923077,1.78738671882022,96,"bootstrap",0.293644098373211,3.06769462389598,0.900810421918281,0.0636337134223486,0.416969198987574,0.0636337134223486
2013,"EWYKT","dsrlessye","charter",0.2,"Southeast",81,46,1.76086956521739,1.27832431676543,0.380631804622817,0.0423297727237357,116.846153846154,59.6923076923077,1.78738671882022,46,"bootstrap",0.297758401080829,2.81822270443711,0.839149486362883,0.0933211744462067,0.416969198987574,0.0933211744462067
2014,"EWYKT","dsrlessye","charter",0.2,"Southeast",173,89,1.9438202247191,1.39310880324856,0.455237603983015,0.0337703770606751,116.846153846154,59.6923076923077,1.78738671882022,89,"bootstrap",0.326778212097617,3.0712791797629,1.00362711921556,0.0744509371538934,0.416969198987574,0.0744509371538934
2015,"EWYKT","dsrlessye","charter",0.2,"Southeast",130,70,1.85714285714286,1.42825526600769,0.447859758117987,0.0402315509939963,116.846153846154,59.6923076923077,1.78738671882022,70,"bootstrap",0.313571228321013,3.14876386657467,0.987361753334643,0.0886953873590477,0.416969198987574,0.0886953873590477
2016,"EWYKT","dsrlessye","charter",0.2,"Southeast",187,94,1.98936170212766,1.41314142974332,0.403598291930939,0.0308198824070931,116.846153846154,59.6923076923077,1.78738671882022,94,"bootstrap",0.285603608694883,3.11544356127126,0.889781923784312,0.0679462099004175,0.416969198987574,0.0679462099004175
2017,"EWYKT","dsrlessye","charter",0.2,"Southeast",181,87,2.08045977011494,1.40443130308287,0.393769175213975,0.0299760530316911,116.846153846154,59.6923076923077,1.78738671882022,87,"bootstrap",0.280376245067745,3.09624101901257,0.868112430735473,0.0660858845719858,0.416969198987574,0.0660858845719858
2018,"EWYKT","dsrlessye","charter",0.2,"Southeast",172,99,1.73737373737374,1.33754954142442,0.331789647018248,0.0259317860544202,116.846153846154,59.6923076923077,1.78738671882022,99,"bootstrap",0.248057837667014,2.9487919743949,0.731470960898245,0.0571698021125753,0.416969198987574,0.0571698021125753
2019,"EWYKT","dsrlessye","charter",0.2,"Southeast",205,93,2.20430107526882,1.55305296034634,0.406628301208693,0.0273208144011935,116.846153846154,59.6923076923077,1.78738671882022,93,"bootstrap",0.261825135131266,3.4238956864375,0.896461950776858,0.0602320854256929,0.416969198987574,0.0602320854256929
2020,"EWYKT","dsrlessye","charter",0.2,"Southeast",NA,NA,NA,NA,NA,NA,NA,NA,NA,NA,NA,1,NA,NA,NA,0.416969198987574,0.416969198987574
2021,"EWYKT","dsrlessye","charter",0.2,"Southeast",NA,NA,NA,NA,NA,NA,NA,NA,NA,NA,NA,1,NA,NA,NA,0.416969198987574,0.416969198987574
2022,"EWYKT","dsrlessye","charter",0.2,"Southeast",NA,NA,NA,NA,NA,NA,NA,NA,NA,NA,NA,1,NA,NA,NA,0.416969198987574,0.416969198987574
2023,"EWYKT","dsrlessye","charter",0.2,"Southeast",NA,NA,NA,NA,NA,NA,NA,NA,NA,NA,NA,1,NA,NA,NA,0.416969198987574,0.416969198987574
2024,"EWYKT","dsrlessye","charter",0.2,"Southeast",11,8,1.375,1.51942920572727,0.32802690853277,0.0945670236721907,116.846153846154,59.6923076923077,1.78738671882022,8,"bootstrap",0.215888247571075,3.34976799643497,0.723175542520016,0.208484599493787,0.416969198987574,0.208484599493787
2025,"EWYKT","dsrlessye","charter",0.2,"Southeast",45,NA,NA,1.477691947,0.346436746,NA,NA,NA,NA,NA,"4-stage",0.234444497517452,3.25775309174804,0.763762286630794,NA,0.416969198987574,0.416969198987574
1977,"NSEI","dsrlessye","charter",0.9,"Southeast",NA,NA,NA,NA,NA,NA,NA,NA,NA,NA,NA,1,NA,NA,NA,0.28833520681502,0.28833520681502
1978,"NSEI","dsrlessye","charter",0.9,"Southeast",NA,NA,NA,NA,NA,NA,NA,NA,NA,NA,NA,1,NA,NA,NA,0.28833520681502,0.28833520681502
1979,"NSEI","dsrlessye","charter",0.9,"Southeast",NA,NA,NA,NA,NA,NA,NA,NA,NA,NA,NA,1,NA,NA,NA,0.28833520681502,0.28833520681502
1980,"NSEI","dsrlessye","charter",0.9,"Southeast",NA,NA,NA,NA,NA,NA,NA,NA,NA,NA,NA,1,NA,NA,NA,0.28833520681502,0.28833520681502
1981,"NSEI","dsrlessye","charter",0.9,"Southeast",NA,NA,NA,NA,NA,NA,NA,NA,NA,NA,NA,1,NA,NA,NA,0.28833520681502,0.28833520681502
1982,"NSEI","dsrlessye","charter",0.9,"Southeast",NA,NA,NA,NA,NA,NA,NA,NA,NA,NA,NA,1,NA,NA,NA,0.28833520681502,0.28833520681502
1983,"NSEI","dsrlessye","charter",0.9,"Southeast",NA,NA,NA,NA,NA,NA,NA,NA,NA,NA,NA,1,NA,NA,NA,0.28833520681502,0.28833520681502
1984,"NSEI","dsrlessye","charter",0.9,"Southeast",NA,NA,NA,NA,NA,NA,NA,NA,NA,NA,NA,1,NA,NA,NA,0.28833520681502,0.28833520681502
1985,"NSEI","dsrlessye","charter",0.9,"Southeast",NA,NA,NA,NA,NA,NA,NA,NA,NA,NA,NA,1,NA,NA,NA,0.28833520681502,0.28833520681502
1986,"NSEI","dsrlessye","charter",0.9,"Southeast",NA,NA,NA,NA,NA,NA,NA,NA,NA,NA,NA,1,NA,NA,NA,0.28833520681502,0.28833520681502
1987,"NSEI","dsrlessye","charter",0.9,"Southeast",NA,NA,NA,NA,NA,NA,NA,NA,NA,NA,NA,1,NA,NA,NA,0.28833520681502,0.28833520681502
1988,"NSEI","dsrlessye","charter",0.9,"Southeast",NA,NA,NA,NA,NA,NA,NA,NA,NA,NA,NA,1,NA,NA,NA,0.28833520681502,0.28833520681502
1989,"NSEI","dsrlessye","charter",0.9,"Southeast",NA,NA,NA,NA,NA,NA,NA,NA,NA,NA,NA,1,NA,NA,NA,0.28833520681502,0.28833520681502
1990,"NSEI","dsrlessye","charter",0.9,"Southeast",NA,NA,NA,NA,NA,NA,NA,NA,NA,NA,NA,1,NA,NA,NA,0.28833520681502,0.28833520681502
1991,"NSEI","dsrlessye","charter",0.9,"Southeast",NA,NA,NA,NA,NA,NA,NA,NA,NA,NA,NA,1,NA,NA,NA,0.28833520681502,0.28833520681502
1992,"NSEI","dsrlessye","charter",0.9,"Southeast",NA,NA,NA,NA,NA,NA,NA,NA,NA,NA,NA,1,NA,NA,NA,0.28833520681502,0.28833520681502
1993,"NSEI","dsrlessye","charter",0.9,"Southeast",NA,NA,NA,NA,NA,NA,NA,NA,NA,NA,NA,1,NA,NA,NA,0.28833520681502,0.28833520681502
1994,"NSEI","dsrlessye","charter",0.9,"Southeast",NA,NA,NA,NA,NA,NA,NA,NA,NA,NA,NA,1,NA,NA,NA,0.28833520681502,0.28833520681502
1995,"NSEI","dsrlessye","charter",0.9,"Southeast",NA,NA,NA,NA,NA,NA,NA,NA,NA,NA,NA,1,NA,NA,NA,0.28833520681502,0.28833520681502
1996,"NSEI","dsrlessye","charter",0.9,"Southeast",NA,NA,NA,NA,NA,NA,NA,NA,NA,NA,NA,1,NA,NA,NA,0.28833520681502,0.28833520681502
1997,"NSEI","dsrlessye","charter",0.9,"Southeast",NA,NA,NA,NA,NA,NA,NA,NA,NA,NA,NA,1,NA,NA,NA,0.28833520681502,0.28833520681502
1998,"NSEI","dsrlessye","charter",0.9,"Southeast",NA,NA,NA,NA,NA,NA,NA,NA,NA,NA,NA,1,NA,NA,NA,0.28833520681502,0.28833520681502
1999,"NSEI","dsrlessye","charter",0.9,"Southeast",NA,NA,NA,NA,NA,NA,NA,NA,NA,NA,NA,1,NA,NA,NA,0.28833520681502,0.28833520681502
2000,"NSEI","dsrlessye","charter",0.9,"Southeast",NA,NA,NA,NA,NA,NA,NA,NA,NA,NA,NA,1,NA,NA,NA,0.28833520681502,0.28833520681502
2001,"NSEI","dsrlessye","charter",0.9,"Southeast",NA,NA,NA,NA,NA,NA,NA,NA,NA,NA,NA,1,NA,NA,NA,0.28833520681502,0.28833520681502
2002,"NSEI","dsrlessye","charter",0.9,"Southeast",NA,NA,NA,NA,NA,NA,NA,NA,NA,NA,NA,1,NA,NA,NA,0.28833520681502,0.28833520681502
2003,"NSEI","dsrlessye","charter",0.9,"Southeast",NA,NA,NA,NA,NA,NA,NA,NA,NA,NA,NA,1,NA,NA,NA,0.28833520681502,0.28833520681502
2004,"NSEI","dsrlessye","charter",0.9,"Southeast",NA,NA,NA,NA,NA,NA,NA,NA,NA,NA,NA,1,NA,NA,NA,0.28833520681502,0.28833520681502
2005,"NSEI","dsrlessye","charter",0.9,"Southeast",NA,NA,NA,NA,NA,NA,NA,NA,NA,NA,NA,1,NA,NA,NA,0.28833520681502,0.28833520681502
2006,"NSEI","dsrlessye","charter",0.9,"Southeast",69,1,69,1.39233369234783,0.393959428202469,0.0469726492099102,119.357142857143,53,2.05748266588884,33.5361270079968,"bootstrap",0.282949001642094,3.06957035273815,0.868531866777429,0.103556964969493,0.28833520681502,0.103556964969493
2007,"NSEI","dsrlessye","charter",0.9,"Southeast",49,1,49,1.33226249067347,0.476834463561881,0.0653933249616708,119.357142857143,53,2.05748266588884,23.8155104839398,"bootstrap",0.357913299293473,2.93713602271627,1.05124004436409,0.14416760340751,0.28833520681502,0.14416760340751
2008,"NSEI","dsrlessye","charter",0.9,"Southeast",87,1,87,1.06250582712644,0.453804298421811,0.0493615845844467,119.357142857143,53,2.05748266588884,42.2846818796482,"bootstrap",0.427107585517089,2.34242438036476,1.00046722135395,0.108823665933914,0.28833520681502,0.108823665933914
2009,"NSEI","dsrlessye","charter",0.9,"Southeast",89,1,89,1.21467163722472,0.434776797439699,0.0463588210342807,119.357142857143,53,2.05748266588884,43.2567435320539,"bootstrap",0.357937720874982,2.67789256729805,0.958518762286718,0.102203705488707,0.28833520681502,0.102203705488707
2010,"NSEI","dsrlessye","charter",0.9,"Southeast",142,1,142,1.09501757498592,0.473325412392681,0.0401415950306955,119.357142857143,53,2.05748266588884,69.016377320805,"bootstrap",0.432253712821703,2.4141005151115,1.04350391078173,0.0884970684075509,0.28833520681502,0.0884970684075509
2011,"NSEI","dsrlessye","charter",0.9,"Southeast",125,52,2.40384615384615,0.880034179456,0.454443970740519,0.0420730614082553,119.357142857143,53,2.05748266588884,52,"bootstrap",0.516393546238667,1.94014325840184,1.00187745741717,0.0927552228732887,0.28833520681502,0.0927552228732887
2012,"NSEI","dsrlessye","charter",0.9,"Southeast",157,67,2.34328358208955,1.00712416221656,0.430481229903693,0.032830464214353,119.357142857143,53,2.05748266588884,67,"bootstrap",0.427436105749121,2.22032870917118,0.949048656931102,0.0723787840320631,0.28833520681502,0.0723787840320631
2013,"NSEI","dsrlessye","charter",0.2,"Southeast",117,44,2.65909090909091,1.03820297802564,0.431585301080356,0.0396793303107961,119.357142857143,53,2.05748266588884,44,"bootstrap",0.415704164036502,2.28884576950669,0.951482717221263,0.0874779491496327,0.28833520681502,0.0874779491496327
2014,"NSEI","dsrlessye","charter",0.2,"Southeast",176,59,2.98305084745763,1.01042855196023,0.422320132257539,0.0312971444760366,119.357142857143,53,2.05748266588884,59,"bootstrap",0.41796140007944,2.22761364154537,0.931056516456362,0.0689983926532783,0.28833520681502,0.0689983926532783
2015,"NSEI","dsrlessye","charter",0.2,"Southeast",293,92,3.18478260869565,0.821932899784983,0.477337006107329,0.0277129974234195,119.357142857143,53,2.05748266588884,92,"bootstrap",0.580749360722998,1.81205186298817,1.0523479610273,0.0610967009876723,0.28833520681502,0.0610967009876723
2016,"NSEI","dsrlessye","charter",0.2,"Southeast",198,91,2.17582417582418,0.999771903671717,0.406355345024932,0.0286430673163385,119.357142857143,53,2.05748266588884,91,"bootstrap",0.406448054333763,2.20411975367513,0.895860185399869,0.0631471541117825,0.28833520681502,0.0631471541117825
2017,"NSEI","dsrlessye","charter",0.2,"Southeast",100,56,1.78571428571429,1.08548877172,0.357696566650944,0.0349213631851656,119.357142857143,53,2.05748266588884,56,"bootstrap",0.329525809911566,2.39309309988993,0.788585941935009,0.0769884271992513,0.28833520681502,0.0769884271992513
2018,"NSEI","dsrlessye","charter",0.2,"Southeast",248,133,1.86466165413534,1.07008015915726,0.446008523685289,0.0289340461372736,119.357142857143,53,2.05748266588884,133,"bootstrap",0.416799171415852,2.3591229240913,0.983280480029394,0.063788652602357,0.28833520681502,0.063788652602357
2019,"NSEI","dsrlessye","charter",0.2,"Southeast",202,112,1.80357142857143,0.952339078549505,0.34874905268427,0.0243660751714779,119.357142857143,53,2.05748266588884,112,"bootstrap",0.366202606340008,2.0995482744802,0.768860050251313,0.0537180004836606,0.28833520681502,0.0537180004836606
2020,"NSEI","dsrlessye","charter",0.2,"Southeast",NA,NA,NA,NA,NA,NA,NA,NA,NA,NA,NA,1,NA,NA,NA,0.28833520681502,0.28833520681502
2021,"NSEI","dsrlessye","charter",0.2,"Southeast",NA,NA,NA,NA,NA,NA,NA,NA,NA,NA,NA,1,NA,NA,NA,0.28833520681502,0.28833520681502
2022,"NSEI","dsrlessye","charter",0.2,"Southeast",NA,NA,NA,NA,NA,NA,NA,NA,NA,NA,NA,1,NA,NA,NA,0.28833520681502,0.28833520681502
2023,"NSEI","dsrlessye","charter",0.2,"Southeast",NA,NA,NA,NA,NA,NA,NA,NA,NA,NA,NA,1,NA,NA,NA,0.28833520681502,0.28833520681502
2024,"NSEI","dsrlessye","charter",0.2,"Southeast",NA,NA,NA,NA,NA,NA,NA,NA,NA,NA,NA,1,NA,NA,NA,0.28833520681502,0.28833520681502
2025,"NSEI","dsrlessye","charter",0.2,"Southeast",38,NA,NA,1.051224069,0.147432713,NA,NA,NA,NA,NA,"4-stage",0.140248608596118,2.31755236120584,0.325033494007768,NA,0.28833520681502,0.28833520681502
1977,"NSEO","dsrlessye","charter",0.9,"Southeast",NA,NA,NA,NA,NA,NA,NA,NA,NA,NA,NA,1,NA,NA,NA,0.303379326156319,0.303379326156319
1978,"NSEO","dsrlessye","charter",0.9,"Southeast",NA,NA,NA,NA,NA,NA,NA,NA,NA,NA,NA,1,NA,NA,NA,0.303379326156319,0.303379326156319
1979,"NSEO","dsrlessye","charter",0.9,"Southeast",NA,NA,NA,NA,NA,NA,NA,NA,NA,NA,NA,1,NA,NA,NA,0.303379326156319,0.303379326156319
1980,"NSEO","dsrlessye","charter",0.9,"Southeast",NA,NA,NA,NA,NA,NA,NA,NA,NA,NA,NA,1,NA,NA,NA,0.303379326156319,0.303379326156319
1981,"NSEO","dsrlessye","charter",0.9,"Southeast",NA,NA,NA,NA,NA,NA,NA,NA,NA,NA,NA,1,NA,NA,NA,0.303379326156319,0.303379326156319
1982,"NSEO","dsrlessye","charter",0.9,"Southeast",NA,NA,NA,NA,NA,NA,NA,NA,NA,NA,NA,1,NA,NA,NA,0.303379326156319,0.303379326156319
1983,"NSEO","dsrlessye","charter",0.9,"Southeast",NA,NA,NA,NA,NA,NA,NA,NA,NA,NA,NA,1,NA,NA,NA,0.303379326156319,0.303379326156319
1984,"NSEO","dsrlessye","charter",0.9,"Southeast",NA,NA,NA,NA,NA,NA,NA,NA,NA,NA,NA,1,NA,NA,NA,0.303379326156319,0.303379326156319
1985,"NSEO","dsrlessye","charter",0.9,"Southeast",NA,NA,NA,NA,NA,NA,NA,NA,NA,NA,NA,1,NA,NA,NA,0.303379326156319,0.303379326156319
1986,"NSEO","dsrlessye","charter",0.9,"Southeast",NA,NA,NA,NA,NA,NA,NA,NA,NA,NA,NA,1,NA,NA,NA,0.303379326156319,0.303379326156319
1987,"NSEO","dsrlessye","charter",0.9,"Southeast",NA,NA,NA,NA,NA,NA,NA,NA,NA,NA,NA,1,NA,NA,NA,0.303379326156319,0.303379326156319
1988,"NSEO","dsrlessye","charter",0.9,"Southeast",NA,NA,NA,NA,NA,NA,NA,NA,NA,NA,NA,1,NA,NA,NA,0.303379326156319,0.303379326156319
1989,"NSEO","dsrlessye","charter",0.9,"Southeast",NA,NA,NA,NA,NA,NA,NA,NA,NA,NA,NA,1,NA,NA,NA,0.303379326156319,0.303379326156319
1990,"NSEO","dsrlessye","charter",0.9,"Southeast",NA,NA,NA,NA,NA,NA,NA,NA,NA,NA,NA,1,NA,NA,NA,0.303379326156319,0.303379326156319
1991,"NSEO","dsrlessye","charter",0.9,"Southeast",NA,NA,NA,NA,NA,NA,NA,NA,NA,NA,NA,1,NA,NA,NA,0.303379326156319,0.303379326156319
1992,"NSEO","dsrlessye","charter",0.9,"Southeast",NA,NA,NA,NA,NA,NA,NA,NA,NA,NA,NA,1,NA,NA,NA,0.303379326156319,0.303379326156319
1993,"NSEO","dsrlessye","charter",0.9,"Southeast",NA,NA,NA,NA,NA,NA,NA,NA,NA,NA,NA,1,NA,NA,NA,0.303379326156319,0.303379326156319
1994,"NSEO","dsrlessye","charter",0.9,"Southeast",NA,NA,NA,NA,NA,NA,NA,NA,NA,NA,NA,1,NA,NA,NA,0.303379326156319,0.303379326156319
1995,"NSEO","dsrlessye","charter",0.9,"Southeast",NA,NA,NA,NA,NA,NA,NA,NA,NA,NA,NA,1,NA,NA,NA,0.303379326156319,0.303379326156319
1996,"NSEO","dsrlessye","charter",0.9,"Southeast",NA,NA,NA,NA,NA,NA,NA,NA,NA,NA,NA,1,NA,NA,NA,0.303379326156319,0.303379326156319
1997,"NSEO","dsrlessye","charter",0.9,"Southeast",NA,NA,NA,NA,NA,NA,NA,NA,NA,NA,NA,1,NA,NA,NA,0.303379326156319,0.303379326156319
1998,"NSEO","dsrlessye","charter",0.9,"Southeast",NA,NA,NA,NA,NA,NA,NA,NA,NA,NA,NA,1,NA,NA,NA,0.303379326156319,0.303379326156319
1999,"NSEO","dsrlessye","charter",0.9,"Southeast",NA,NA,NA,NA,NA,NA,NA,NA,NA,NA,NA,1,NA,NA,NA,0.303379326156319,0.303379326156319
2000,"NSEO","dsrlessye","charter",0.9,"Southeast",NA,NA,NA,NA,NA,NA,NA,NA,NA,NA,NA,1,NA,NA,NA,0.303379326156319,0.303379326156319
2001,"NSEO","dsrlessye","charter",0.9,"Southeast",NA,NA,NA,NA,NA,NA,NA,NA,NA,NA,NA,1,NA,NA,NA,0.303379326156319,0.303379326156319
2002,"NSEO","dsrlessye","charter",0.9,"Southeast",NA,NA,NA,NA,NA,NA,NA,NA,NA,NA,NA,1,NA,NA,NA,0.303379326156319,0.303379326156319
2003,"NSEO","dsrlessye","charter",0.9,"Southeast",NA,NA,NA,NA,NA,NA,NA,NA,NA,NA,NA,1,NA,NA,NA,0.303379326156319,0.303379326156319
2004,"NSEO","dsrlessye","charter",0.9,"Southeast",NA,NA,NA,NA,NA,NA,NA,NA,NA,NA,NA,1,NA,NA,NA,0.303379326156319,0.303379326156319
2005,"NSEO","dsrlessye","charter",0.9,"Southeast",NA,NA,NA,NA,NA,NA,NA,NA,NA,NA,NA,1,NA,NA,NA,0.303379326156319,0.303379326156319
2006,"NSEO","dsrlessye","charter",0.9,"Southeast",92,1,92,1.35119347772826,0.35527296549905,0.0373490715164508,284.3,114.5,2.37538934192259,38.7304928822898,"bootstrap",0.2629327119728,2.97887170499619,0.783242816013685,0.0823406079011651,0.303379326156319,0.0823406079011651
2007,"NSEO","dsrlessye","charter",0.9,"Southeast",49,1,49,1.49702537128571,0.483754217009782,0.0688052738378234,284.3,114.5,2.37538934192259,20.6281972960021,"bootstrap",0.323143632892683,3.30037599625037,1.06649548934015,0.15168966307816,0.303379326156319,0.15168966307816
2008,"NSEO","dsrlessye","charter",0.9,"Southeast",106,1,106,1.23292964849057,0.406269301683606,0.0387299575530213,284.3,114.5,2.37538934192259,44.6242635382904,"bootstrap",0.329515396260433,2.71814459193096,0.895670492303282,0.0853849404930306,0.303379326156319,0.0853849404930306
2009,"NSEO","dsrlessye","charter",0.9,"Southeast",87,1,87,1.08553575829885,0.504667400687513,0.054738369209765,284.3,114.5,2.37538934192259,36.625574790861,"bootstrap",0.464901682721517,2.3931966875645,1.11260116713229,0.120677446941759,0.303379326156319,0.120677446941759
2010,"NSEO","dsrlessye","charter",0.9,"Southeast",160,1,160,1.12095019650625,0.566821733949689,0.0448574388438838,284.3,114.5,2.37538934192259,67.3573789257213,"bootstrap",0.505661835571594,2.47127215911112,1.24962801617311,0.0988937243504929,0.303379326156319,0.0988937243504929
2011,"NSEO","dsrlessye","charter",0.9,"Southeast",272,111,2.45045045045045,1.07549495615809,0.502869630154341,0.0304274239310484,284.3,114.5,2.37538934192259,111,"bootstrap",0.467570421669577,2.37106050804203,1.10863776154929,0.0670809870667186,0.303379326156319,0.0670809870667186
2012,"NSEO","dsrlessye","charter",0.9,"Southeast",344,115,2.99130434782609,1.07045771293605,0.454672331712993,0.0251923146251883,284.3,114.5,2.37538934192259,115,"bootstrap",0.424745719722004,2.35995528769228,1.00238090718261,0.0555395466728469,0.303379326156319,0.0555395466728469
2013,"NSEO","dsrlessye","charter",0.2,"Southeast",359,139,2.58273381294964,1.03869262929248,0.404870626009345,0.0213931030105504,284.3,114.5,2.37538934192259,139,"bootstrap",0.389788677219293,2.28992526576548,0.892586940273762,0.0471637188090495,0.303379326156319,0.0471637188090495
2014,"NSEO","dsrlessye","charter",0.2,"Southeast",387,138,2.80434782608696,1.02803960658398,0.477063211140129,0.0245411858455666,284.3,114.5,2.37538934192259,138,"bootstrap",0.464051392655326,2.26643937093094,1.05174434644936,0.0541040534367599,0.303379326156319,0.0541040534367599
2015,"NSEO","dsrlessye","charter",0.2,"Southeast",457,152,3.00657894736842,0.917877103949672,0.488917301010093,0.0241910498606191,284.3,114.5,2.37538934192259,152,"bootstrap",0.532660961806604,2.02357262574754,1.0778781411162,0.0533321357242687,0.303379326156319,0.0533321357242687
2016,"NSEO","dsrlessye","charter",0.2,"Southeast",376,163,2.30674846625767,1.08496157312234,0.551218912427106,0.0280217696988588,284.3,114.5,2.37538934192259,163,"bootstrap",0.508053857465928,2.39193082593629,1.2152296829086,0.0617774273305347,0.303379326156319,0.0617774273305347
2017,"NSEO","dsrlessye","charter",0.2,"Southeast",266,127,2.09448818897638,1.26589931124812,0.465715819228876,0.0283459281108263,284.3,114.5,2.37538934192259,127,"bootstrap",0.367893255878069,2.79083025622003,1.02672762956381,0.0624920742980215,0.303379326156319,0.0624920742980215
2018,"NSEO","dsrlessye","charter",0.2,"Southeast",196,98,2,1.22340109181122,0.346403195823615,0.0249037010899082,284.3,114.5,2.37538934192259,98,"bootstrap",0.283147692234582,2.69713772033971,0.763688321153031,0.0549032627445303,0.303379326156319,0.0549032627445303
2019,"NSEO","dsrlessye","charter",0.2,"Southeast",161,87,1.85057471264368,1.31564751200621,0.394270959391383,0.0317687587182427,284.3,114.5,2.37538934192259,87,"bootstrap",0.299678261687407,2.90050626491561,0.869218675483344,0.0700381240795601,0.303379326156319,0.0700381240795601
2020,"NSEO","dsrlessye","charter",0.2,"Southeast",NA,NA,NA,NA,NA,NA,NA,NA,NA,NA,NA,1,NA,NA,NA,0.303379326156319,0.303379326156319
2021,"NSEO","dsrlessye","charter",0.2,"Southeast",NA,NA,NA,NA,NA,NA,NA,NA,NA,NA,NA,1,NA,NA,NA,0.303379326156319,0.303379326156319
2022,"NSEO","dsrlessye","charter",0.2,"Southeast",NA,NA,NA,NA,NA,NA,NA,NA,NA,NA,NA,1,NA,NA,NA,0.303379326156319,0.303379326156319
2023,"NSEO","dsrlessye","charter",0.2,"Southeast",NA,NA,NA,NA,NA,NA,NA,NA,NA,NA,NA,1,NA,NA,NA,0.303379326156319,0.303379326156319
2024,"NSEO","dsrlessye","charter",0.2,"Southeast",NA,NA,NA,NA,NA,NA,NA,NA,NA,NA,NA,1,NA,NA,NA,0.303379326156319,0.303379326156319
2025,"NSEO","dsrlessye","charter",0.2,"Southeast",26,NA,NA,1.601212902,0.219156736,NA,NA,NA,NA,NA,"4-stage",0.13686920441764,3.53007018318504,0.483157897510968,NA,0.303379326156319,0.303379326156319
1977,"SSEI","dsrlessye","charter",0.9,"Southeast",NA,NA,NA,NA,NA,NA,NA,NA,NA,NA,NA,1,NA,NA,NA,0.51516718622299,0.51516718622299
1978,"SSEI","dsrlessye","charter",0.9,"Southeast",NA,NA,NA,NA,NA,NA,NA,NA,NA,NA,NA,1,NA,NA,NA,0.51516718622299,0.51516718622299
1979,"SSEI","dsrlessye","charter",0.9,"Southeast",NA,NA,NA,NA,NA,NA,NA,NA,NA,NA,NA,1,NA,NA,NA,0.51516718622299,0.51516718622299
1980,"SSEI","dsrlessye","charter",0.9,"Southeast",NA,NA,NA,NA,NA,NA,NA,NA,NA,NA,NA,1,NA,NA,NA,0.51516718622299,0.51516718622299
1981,"SSEI","dsrlessye","charter",0.9,"Southeast",NA,NA,NA,NA,NA,NA,NA,NA,NA,NA,NA,1,NA,NA,NA,0.51516718622299,0.51516718622299
1982,"SSEI","dsrlessye","charter",0.9,"Southeast",NA,NA,NA,NA,NA,NA,NA,NA,NA,NA,NA,1,NA,NA,NA,0.51516718622299,0.51516718622299
1983,"SSEI","dsrlessye","charter",0.9,"Southeast",NA,NA,NA,NA,NA,NA,NA,NA,NA,NA,NA,1,NA,NA,NA,0.51516718622299,0.51516718622299
1984,"SSEI","dsrlessye","charter",0.9,"Southeast",NA,NA,NA,NA,NA,NA,NA,NA,NA,NA,NA,1,NA,NA,NA,0.51516718622299,0.51516718622299
1985,"SSEI","dsrlessye","charter",0.9,"Southeast",NA,NA,NA,NA,NA,NA,NA,NA,NA,NA,NA,1,NA,NA,NA,0.51516718622299,0.51516718622299
1986,"SSEI","dsrlessye","charter",0.9,"Southeast",NA,NA,NA,NA,NA,NA,NA,NA,NA,NA,NA,1,NA,NA,NA,0.51516718622299,0.51516718622299
1987,"SSEI","dsrlessye","charter",0.9,"Southeast",NA,NA,NA,NA,NA,NA,NA,NA,NA,NA,NA,1,NA,NA,NA,0.51516718622299,0.51516718622299
1988,"SSEI","dsrlessye","charter",0.9,"Southeast",NA,NA,NA,NA,NA,NA,NA,NA,NA,NA,NA,1,NA,NA,NA,0.51516718622299,0.51516718622299
1989,"SSEI","dsrlessye","charter",0.9,"Southeast",NA,NA,NA,NA,NA,NA,NA,NA,NA,NA,NA,1,NA,NA,NA,0.51516718622299,0.51516718622299
1990,"SSEI","dsrlessye","charter",0.9,"Southeast",NA,NA,NA,NA,NA,NA,NA,NA,NA,NA,NA,1,NA,NA,NA,0.51516718622299,0.51516718622299
1991,"SSEI","dsrlessye","charter",0.9,"Southeast",NA,NA,NA,NA,NA,NA,NA,NA,NA,NA,NA,1,NA,NA,NA,0.51516718622299,0.51516718622299
1992,"SSEI","dsrlessye","charter",0.9,"Southeast",NA,NA,NA,NA,NA,NA,NA,NA,NA,NA,NA,1,NA,NA,NA,0.51516718622299,0.51516718622299
1993,"SSEI","dsrlessye","charter",0.9,"Southeast",NA,NA,NA,NA,NA,NA,NA,NA,NA,NA,NA,1,NA,NA,NA,0.51516718622299,0.51516718622299
1994,"SSEI","dsrlessye","charter",0.9,"Southeast",NA,NA,NA,NA,NA,NA,NA,NA,NA,NA,NA,1,NA,NA,NA,0.51516718622299,0.51516718622299
1995,"SSEI","dsrlessye","charter",0.9,"Southeast",NA,NA,NA,NA,NA,NA,NA,NA,NA,NA,NA,1,NA,NA,NA,0.51516718622299,0.51516718622299
1996,"SSEI","dsrlessye","charter",0.9,"Southeast",NA,NA,NA,NA,NA,NA,NA,NA,NA,NA,NA,1,NA,NA,NA,0.51516718622299,0.51516718622299
1997,"SSEI","dsrlessye","charter",0.9,"Southeast",NA,NA,NA,NA,NA,NA,NA,NA,NA,NA,NA,1,NA,NA,NA,0.51516718622299,0.51516718622299
1998,"SSEI","dsrlessye","charter",0.9,"Southeast",NA,NA,NA,NA,NA,NA,NA,NA,NA,NA,NA,1,NA,NA,NA,0.51516718622299,0.51516718622299
1999,"SSEI","dsrlessye","charter",0.9,"Southeast",NA,NA,NA,NA,NA,NA,NA,NA,NA,NA,NA,1,NA,NA,NA,0.51516718622299,0.51516718622299
2000,"SSEI","dsrlessye","charter",0.9,"Southeast",NA,NA,NA,NA,NA,NA,NA,NA,NA,NA,NA,1,NA,NA,NA,0.51516718622299,0.51516718622299
2001,"SSEI","dsrlessye","charter",0.9,"Southeast",NA,NA,NA,NA,NA,NA,NA,NA,NA,NA,NA,1,NA,NA,NA,0.51516718622299,0.51516718622299
2002,"SSEI","dsrlessye","charter",0.9,"Southeast",NA,NA,NA,NA,NA,NA,NA,NA,NA,NA,NA,1,NA,NA,NA,0.51516718622299,0.51516718622299
2003,"SSEI","dsrlessye","charter",0.9,"Southeast",NA,NA,NA,NA,NA,NA,NA,NA,NA,NA,NA,1,NA,NA,NA,0.51516718622299,0.51516718622299
2004,"SSEI","dsrlessye","charter",0.9,"Southeast",NA,NA,NA,NA,NA,NA,NA,NA,NA,NA,NA,1,NA,NA,NA,0.51516718622299,0.51516718622299
2005,"SSEI","dsrlessye","charter",0.9,"Southeast",NA,NA,NA,NA,NA,NA,NA,NA,NA,NA,NA,1,NA,NA,NA,0.51516718622299,0.51516718622299
2006,"SSEI","dsrlessye","charter",0.9,"Southeast",146,1,146,1.06871791239041,0.489822081061824,0.0407136602837955,418.357142857143,150.214285714286,2.49380438643985,58.5450890991612,"bootstrap",0.45832681887612,2.35611968405508,1.07987283968437,0.0897582564046512,0.51516718622299,0.0897582564046512
2007,"SSEI","dsrlessye","charter",0.9,"Southeast",63,1,63,1.17742156633333,0.36116689151606,0.0458131657411262,418.357142857143,150.214285714286,2.49380438643985,25.262606940049,"bootstrap",0.306743907061927,2.59577021841429,0.796236698631392,0.101000741486696,0.51516718622299,0.101000741486696
2008,"SSEI","dsrlessye","charter",0.9,"Southeast",141,1,141,1.10951040399291,0.365329425204631,0.0310232495895629,418.357142857143,150.214285714286,2.49380438643985,56.5401202943954,"bootstrap",0.329270842247069,2.44605173376811,0.805413514557728,0.0683945577910561,0.51516718622299,0.0683945577910561
2009,"SSEI","dsrlessye","charter",0.9,"Southeast",123,1,123,1.07296234789431,0.437288321963873,0.0402167226882852,418.357142857143,150.214285714286,2.49380438643985,49.3222325972386,"bootstrap",0.407552345916007,2.36547706257611,0.964055726063397,0.0886626965408608,0.51516718622299,0.0886626965408608
2010,"SSEI","dsrlessye","charter",0.9,"Southeast",138,1,138,0.95614640765942,0.29499813753991,0.024603566804525,418.357142857143,150.214285714286,2.49380438643985,55.337139011536,"bootstrap",0.308528207789898,2.1079419983577,0.650359566878357,0.0542415799099369,0.51516718622299,0.0542415799099369
2011,"SSEI","dsrlessye","charter",0.9,"Southeast",289,99,2.91919191919192,1.10569078985121,0.509567567394863,0.030082883259331,418.357142857143,150.214285714286,2.49380438643985,99,"bootstrap",0.460859014176499,2.43763092603164,1.12340418549709,0.0663214049083404,0.51516718622299,0.0663214049083404
2012,"SSEI","dsrlessye","charter",0.9,"Southeast",439,132,3.32575757575758,1.07530082906378,0.416422157643887,0.0195952990322663,418.357142857143,150.214285714286,2.49380438643985,132,"bootstrap",0.387261077447925,2.37063253105876,0.918053708210919,0.0432002394921984,0.51516718622299,0.0432002394921984
2013,"SSEI","dsrlessye","charter",0.2,"Southeast",379,110,3.44545454545455,0.960728568522427,0.338222602754723,0.0172826914027217,418.357142857143,150.214285714286,2.49380438643985,110,"bootstrap",0.352048032957841,2.11804393384476,0.745653200628337,0.0381018124009198,0.51516718622299,0.0381018124009198
2014,"SSEI","dsrlessye","charter",0.2,"Southeast",731,249,2.93574297188755,1.13915109194938,0.539142508914873,0.0202577496455295,418.357142857143,150.214285714286,2.49380438643985,249,"bootstrap",0.473284459563886,2.5113982649093,1.18860577055728,0.0446606930988313,0.51516718622299,0.0446606930988313
2015,"SSEI","dsrlessye","charter",0.2,"Southeast",1209,348,3.47413793103448,0.997372549823821,0.326232904683332,0.00917530643341047,418.357142857143,150.214285714286,2.49380438643985,348,"bootstrap",0.32709232346625,2.19883008390867,0.719220441053178,0.0202280881085282,0.51516718622299,0.0202280881085282
2016,"SSEI","dsrlessye","charter",0.2,"Southeast",1222,377,3.24137931034483,1.06548320154092,0.401235859564414,0.0118433116871005,418.357142857143,150.214285714286,2.49380438643985,377,"bootstrap",0.376576429345991,2.34898836734713,0.88457365195085,0.0261100328410921,0.51516718622299,0.0261100328410921
2017,"SSEI","dsrlessye","charter",0.2,"Southeast",515,253,2.03557312252964,1.03765174486408,0.290291763089656,0.0130997068334272,418.357142857143,150.214285714286,2.49380438643985,253,"bootstrap",0.279758372234685,2.28763050840982,0.639983787307137,0.0288799100003422,0.51516718622299,0.0288799100003422
2018,"SSEI","dsrlessye","charter",0.2,"Southeast",461,218,2.11467889908257,1.07205577203688,0.321491346197506,0.0151746022384648,418.357142857143,150.214285714286,2.49380438643985,218,"bootstrap",0.299883042079686,2.36347840493407,0.708767093961273,0.0334542713444221,0.51516718622299,0.0334542713444221
2019,"SSEI","dsrlessye","charter",0.2,"Southeast",356,173,2.05780346820809,1.00027410701685,0.401243995446818,0.0215830834889351,418.357142857143,150.214285714286,2.49380438643985,173,"bootstrap",0.401134041791266,2.20522692252965,0.884591588501232,0.0475825540690548,0.51516718622299,0.0475825540690548
2020,"SSEI","dsrlessye","charter",0.2,"Southeast",NA,NA,NA,NA,NA,NA,NA,NA,NA,NA,NA,1,NA,NA,NA,0.51516718622299,0.51516718622299
2021,"SSEI","dsrlessye","charter",0.2,"Southeast",NA,NA,NA,NA,NA,NA,NA,NA,NA,NA,NA,1,NA,NA,NA,0.51516718622299,0.51516718622299
2022,"SSEI","dsrlessye","charter",0.2,"Southeast",NA,NA,NA,NA,NA,NA,NA,NA,NA,NA,NA,1,NA,NA,NA,0.51516718622299,0.51516718622299
2023,"SSEI","dsrlessye","charter",0.2,"Southeast",10,6,1.66666666666667,1.1898511247,0.398000198818646,0.116837952570538,418.357142857143,150.214285714286,2.49380438643985,6,"bootstrap",0.33449579578201,2.62317270394606,0.877440241080084,0.257583593111495,0.51516718622299,0.257583593111495
2024,"SSEI","dsrlessye","charter",0.2,"Southeast",NA,NA,NA,NA,NA,NA,NA,NA,NA,NA,NA,1,NA,NA,NA,0.51516718622299,0.51516718622299
2025,"SSEI","dsrlessye","charter",0.2,"Southeast",236,NA,NA,0.954500137,0.110200731,NA,NA,NA,NA,NA,"4-stage",0.115453866089911,2.1043125928233,0.242951024303135,NA,0.51516718622299,0.51516718622299
1977,"SSEO","dsrlessye","charter",0.9,"Southeast",NA,NA,NA,NA,NA,NA,NA,NA,NA,NA,NA,1,NA,NA,NA,0.181013563469057,0.181013563469057
1978,"SSEO","dsrlessye","charter",0.9,"Southeast",NA,NA,NA,NA,NA,NA,NA,NA,NA,NA,NA,1,NA,NA,NA,0.181013563469057,0.181013563469057
1979,"SSEO","dsrlessye","charter",0.9,"Southeast",NA,NA,NA,NA,NA,NA,NA,NA,NA,NA,NA,1,NA,NA,NA,0.181013563469057,0.181013563469057
1980,"SSEO","dsrlessye","charter",0.9,"Southeast",NA,NA,NA,NA,NA,NA,NA,NA,NA,NA,NA,1,NA,NA,NA,0.181013563469057,0.181013563469057
1981,"SSEO","dsrlessye","charter",0.9,"Southeast",NA,NA,NA,NA,NA,NA,NA,NA,NA,NA,NA,1,NA,NA,NA,0.181013563469057,0.181013563469057
1982,"SSEO","dsrlessye","charter",0.9,"Southeast",NA,NA,NA,NA,NA,NA,NA,NA,NA,NA,NA,1,NA,NA,NA,0.181013563469057,0.181013563469057
1983,"SSEO","dsrlessye","charter",0.9,"Southeast",NA,NA,NA,NA,NA,NA,NA,NA,NA,NA,NA,1,NA,NA,NA,0.181013563469057,0.181013563469057
1984,"SSEO","dsrlessye","charter",0.9,"Southeast",NA,NA,NA,NA,NA,NA,NA,NA,NA,NA,NA,1,NA,NA,NA,0.181013563469057,0.181013563469057
1985,"SSEO","dsrlessye","charter",0.9,"Southeast",NA,NA,NA,NA,NA,NA,NA,NA,NA,NA,NA,1,NA,NA,NA,0.181013563469057,0.181013563469057
1986,"SSEO","dsrlessye","charter",0.9,"Southeast",NA,NA,NA,NA,NA,NA,NA,NA,NA,NA,NA,1,NA,NA,NA,0.181013563469057,0.181013563469057
1987,"SSEO","dsrlessye","charter",0.9,"Southeast",NA,NA,NA,NA,NA,NA,NA,NA,NA,NA,NA,1,NA,NA,NA,0.181013563469057,0.181013563469057
1988,"SSEO","dsrlessye","charter",0.9,"Southeast",NA,NA,NA,NA,NA,NA,NA,NA,NA,NA,NA,1,NA,NA,NA,0.181013563469057,0.181013563469057
1989,"SSEO","dsrlessye","charter",0.9,"Southeast",NA,NA,NA,NA,NA,NA,NA,NA,NA,NA,NA,1,NA,NA,NA,0.181013563469057,0.181013563469057
1990,"SSEO","dsrlessye","charter",0.9,"Southeast",NA,NA,NA,NA,NA,NA,NA,NA,NA,NA,NA,1,NA,NA,NA,0.181013563469057,0.181013563469057
1991,"SSEO","dsrlessye","charter",0.9,"Southeast",NA,NA,NA,NA,NA,NA,NA,NA,NA,NA,NA,1,NA,NA,NA,0.181013563469057,0.181013563469057
1992,"SSEO","dsrlessye","charter",0.9,"Southeast",NA,NA,NA,NA,NA,NA,NA,NA,NA,NA,NA,1,NA,NA,NA,0.181013563469057,0.181013563469057
1993,"SSEO","dsrlessye","charter",0.9,"Southeast",NA,NA,NA,NA,NA,NA,NA,NA,NA,NA,NA,1,NA,NA,NA,0.181013563469057,0.181013563469057
1994,"SSEO","dsrlessye","charter",0.9,"Southeast",NA,NA,NA,NA,NA,NA,NA,NA,NA,NA,NA,1,NA,NA,NA,0.181013563469057,0.181013563469057
1995,"SSEO","dsrlessye","charter",0.9,"Southeast",NA,NA,NA,NA,NA,NA,NA,NA,NA,NA,NA,1,NA,NA,NA,0.181013563469057,0.181013563469057
1996,"SSEO","dsrlessye","charter",0.9,"Southeast",NA,NA,NA,NA,NA,NA,NA,NA,NA,NA,NA,1,NA,NA,NA,0.181013563469057,0.181013563469057
1997,"SSEO","dsrlessye","charter",0.9,"Southeast",NA,NA,NA,NA,NA,NA,NA,NA,NA,NA,NA,1,NA,NA,NA,0.181013563469057,0.181013563469057
1998,"SSEO","dsrlessye","charter",0.9,"Southeast",NA,NA,NA,NA,NA,NA,NA,NA,NA,NA,NA,1,NA,NA,NA,0.181013563469057,0.181013563469057
1999,"SSEO","dsrlessye","charter",0.9,"Southeast",NA,NA,NA,NA,NA,NA,NA,NA,NA,NA,NA,1,NA,NA,NA,0.181013563469057,0.181013563469057
2000,"SSEO","dsrlessye","charter",0.9,"Southeast",NA,NA,NA,NA,NA,NA,NA,NA,NA,NA,NA,1,NA,NA,NA,0.181013563469057,0.181013563469057
2001,"SSEO","dsrlessye","charter",0.9,"Southeast",NA,NA,NA,NA,NA,NA,NA,NA,NA,NA,NA,1,NA,NA,NA,0.181013563469057,0.181013563469057
2002,"SSEO","dsrlessye","charter",0.9,"Southeast",NA,NA,NA,NA,NA,NA,NA,NA,NA,NA,NA,1,NA,NA,NA,0.181013563469057,0.181013563469057
2003,"SSEO","dsrlessye","charter",0.9,"Southeast",NA,NA,NA,NA,NA,NA,NA,NA,NA,NA,NA,1,NA,NA,NA,0.181013563469057,0.181013563469057
2004,"SSEO","dsrlessye","charter",0.9,"Southeast",NA,NA,NA,NA,NA,NA,NA,NA,NA,NA,NA,1,NA,NA,NA,0.181013563469057,0.181013563469057
2005,"SSEO","dsrlessye","charter",0.9,"Southeast",NA,NA,NA,NA,NA,NA,NA,NA,NA,NA,NA,1,NA,NA,NA,0.181013563469057,0.181013563469057
2006,"SSEO","dsrlessye","charter",0.9,"Southeast",140,1,140,1.07711062875714,0.398914642484651,0.0341876858626797,195.5,86.3571428571429,1.9981238043644,70.0657285070152,"bootstrap",0.370356239957405,2.37462245640041,0.879456244270875,0.0753709455783179,0.181013563469057,0.0753709455783179
2007,"SSEO","dsrlessye","charter",0.9,"Southeast",101,1,101,1.1045603559802,0.391353998114596,0.0377194119597154,195.5,86.3571428571429,1.9981238043644,50.5474184229181,"bootstrap",0.354307481701445,2.4351387459492,0.862787876670876,0.0831570688194871,0.181013563469057,0.0831570688194871
2008,"SSEO","dsrlessye","charter",0.9,"Southeast",308,1,308,1.23247971374351,0.484416703238193,0.0282846206736532,195.5,86.3571428571429,1.9981238043644,154.144602715433,"bootstrap",0.39304233395196,2.71715265561007,1.06795602146475,0.0623569145352555,0.181013563469057,0.0623569145352555
2009,"SSEO","dsrlessye","charter",0.9,"Southeast",158,1,158,1.07157276182278,0.437533125196131,0.0352951123337537,195.5,86.3571428571429,1.9981238043644,79.07417931506,"bootstrap",0.408309300855943,2.36241354969037,0.964595424806682,0.0778124030264344,0.181013563469057,0.0778124030264344
2010,"SSEO","dsrlessye","charter",0.9,"Southeast",174,1,174,1.16512512877586,0.468457833170506,0.0364160547825724,195.5,86.3571428571429,1.9981238043644,87.0816911444331,"bootstrap",0.402066543412974,2.56866121402967,1.03277273552388,0.0802836581048183,0.181013563469057,0.0802836581048183
2011,"SSEO","dsrlessye","charter",0.9,"Southeast",225,84,2.67857142857143,1.13676909682222,0.526647654842126,0.0353271738911565,195.5,86.3571428571429,1.9981238043644,84,"bootstrap",0.463284633892971,2.50614686457124,1.1610593326349,0.077883086661117,0.181013563469057,0.077883086661117
2012,"SSEO","dsrlessye","charter",0.9,"Southeast",173,67,2.58208955223881,1.24183986415607,0.554544247193646,0.0410531856624643,195.5,86.3571428571429,1.9981238043644,67,"bootstrap",0.446550528131502,2.7377882549362,1.22256079115398,0.0905067817345285,0.181013563469057,0.0905067817345285
2013,"SSEO","dsrlessye","charter",0.2,"Southeast",296,122,2.42622950819672,1.11768796836149,0.462278918521196,0.0271091727417564,195.5,86.3571428571429,1.9981238043644,122,"bootstrap",0.413602840512713,2.46408017715159,1.01915056052097,0.0597654954359636,0.181013563469057,0.0597654954359636
2014,"SSEO","dsrlessye","charter",0.2,"Southeast",389,140,2.77857142857143,1.16128664884319,0.700264859276888,0.0346306193777029,195.5,86.3571428571429,1.9981238043644,140,"bootstrap",0.603007758656705,2.56019881434369,1.54381974875294,0.0763474468246941,0.181013563469057,0.0763474468246941
2015,"SSEO","dsrlessye","charter",0.2,"Southeast",372,135,2.75555555555556,1.09272989284946,0.488871724194955,0.0245072925131942,195.5,86.3571428571429,1.9981238043644,135,"bootstrap",0.447385696496457,2.4090570393261,1.0777776614386,0.0540293314295446,0.181013563469057,0.0540293314295446
2016,"SSEO","dsrlessye","charter",0.2,"Southeast",289,129,2.24031007751938,1.17287239504152,0.46463000965644,0.0275839981367868,195.5,86.3571428571429,1.9981238043644,129,"bootstrap",0.39614710996757,2.58574101248211,1.02433382921941,0.060812306242398,0.181013563469057,0.060812306242398
2017,"SSEO","dsrlessye","charter",0.2,"Southeast",430,223,1.92825112107623,1.11152165656744,0.42413084213361,0.0204258658299337,195.5,86.3571428571429,1.9981238043644,223,"bootstrap",0.381576768772455,2.45048578668845,0.935048448407406,0.0450313258417569,0.181013563469057,0.0450313258417569
2018,"SSEO","dsrlessye","charter",0.2,"Southeast",326,180,1.81111111111111,1.14745616191411,0.480043144584355,0.0263732663566061,195.5,86.3571428571429,1.9981238043644,180,"bootstrap",0.418354234800203,2.52970781001423,1.0583139751266,0.0581430995730588,0.181013563469057,0.0581430995730588
2019,"SSEO","dsrlessye","charter",0.2,"Southeast",186,100,1.86,1.21132364919355,0.566653280335366,0.0399626082134193,195.5,86.3571428571429,1.9981238043644,100,"bootstrap",0.467796761594328,2.67051151715304,1.24925663952455,0.088102470021502,0.181013563469057,0.088102470021502
2020,"SSEO","dsrlessye","charter",0.2,"Southeast",NA,NA,NA,NA,NA,NA,NA,NA,NA,NA,NA,1,NA,NA,NA,0.181013563469057,0.181013563469057
2021,"SSEO","dsrlessye","charter",0.2,"Southeast",NA,NA,NA,NA,NA,NA,NA,NA,NA,NA,NA,1,NA,NA,NA,0.181013563469057,0.181013563469057
2022,"SSEO","dsrlessye","charter",0.2,"Southeast",NA,NA,NA,NA,NA,NA,NA,NA,NA,NA,NA,1,NA,NA,NA,0.181013563469057,0.181013563469057
2023,"SSEO","dsrlessye","charter",0.2,"Southeast",NA,NA,NA,NA,NA,NA,NA,NA,NA,NA,NA,1,NA,NA,NA,0.181013563469057,0.181013563469057
2024,"SSEO","dsrlessye","charter",0.2,"Southeast",NA,NA,NA,NA,NA,NA,NA,NA,NA,NA,NA,1,NA,NA,NA,0.181013563469057,0.181013563469057
2025,"SSEO","dsrlessye","charter",0.2,"Southeast",46,NA,NA,1.184592425,0.24514389,NA,NA,NA,NA,NA,"4-stage",0.206943658279767,2.61157925563565,0.540449765048792,NA,0.181013563469057,0.181013563469057
1977,"CSEO","dsrlessye","private",0.9,"Southeast",NA,NA,NA,NA,NA,NA,NA,NA,NA,NA,NA,1,NA,NA,NA,0.459397858522706,0.459397858522706
1978,"CSEO","dsrlessye","private",0.9,"Southeast",NA,NA,NA,NA,NA,NA,NA,NA,NA,NA,NA,1,NA,NA,NA,0.459397858522706,0.459397858522706
1979,"CSEO","dsrlessye","private",0.9,"Southeast",NA,NA,NA,NA,NA,NA,NA,NA,NA,NA,NA,1,NA,NA,NA,0.459397858522706,0.459397858522706
1980,"CSEO","dsrlessye","private",0.9,"Southeast",NA,NA,NA,NA,NA,NA,NA,NA,NA,NA,NA,1,NA,NA,NA,0.459397858522706,0.459397858522706
1981,"CSEO","dsrlessye","private",0.9,"Southeast",NA,NA,NA,NA,NA,NA,NA,NA,NA,NA,NA,1,NA,NA,NA,0.459397858522706,0.459397858522706
1982,"CSEO","dsrlessye","private",0.9,"Southeast",NA,NA,NA,NA,NA,NA,NA,NA,NA,NA,NA,1,NA,NA,NA,0.459397858522706,0.459397858522706
1983,"CSEO","dsrlessye","private",0.9,"Southeast",NA,NA,NA,NA,NA,NA,NA,NA,NA,NA,NA,1,NA,NA,NA,0.459397858522706,0.459397858522706
1984,"CSEO","dsrlessye","private",0.9,"Southeast",NA,NA,NA,NA,NA,NA,NA,NA,NA,NA,NA,1,NA,NA,NA,0.459397858522706,0.459397858522706
1985,"CSEO","dsrlessye","private",0.9,"Southeast",NA,NA,NA,NA,NA,NA,NA,NA,NA,NA,NA,1,NA,NA,NA,0.459397858522706,0.459397858522706
1986,"CSEO","dsrlessye","private",0.9,"Southeast",NA,NA,NA,NA,NA,NA,NA,NA,NA,NA,NA,1,NA,NA,NA,0.459397858522706,0.459397858522706
1987,"CSEO","dsrlessye","private",0.9,"Southeast",NA,NA,NA,NA,NA,NA,NA,NA,NA,NA,NA,1,NA,NA,NA,0.459397858522706,0.459397858522706
1988,"CSEO","dsrlessye","private",0.9,"Southeast",NA,NA,NA,NA,NA,NA,NA,NA,NA,NA,NA,1,NA,NA,NA,0.459397858522706,0.459397858522706
1989,"CSEO","dsrlessye","private",0.9,"Southeast",NA,NA,NA,NA,NA,NA,NA,NA,NA,NA,NA,1,NA,NA,NA,0.459397858522706,0.459397858522706
1990,"CSEO","dsrlessye","private",0.9,"Southeast",NA,NA,NA,NA,NA,NA,NA,NA,NA,NA,NA,1,NA,NA,NA,0.459397858522706,0.459397858522706
1991,"CSEO","dsrlessye","private",0.9,"Southeast",NA,NA,NA,NA,NA,NA,NA,NA,NA,NA,NA,1,NA,NA,NA,0.459397858522706,0.459397858522706
1992,"CSEO","dsrlessye","private",0.9,"Southeast",NA,NA,NA,NA,NA,NA,NA,NA,NA,NA,NA,1,NA,NA,NA,0.459397858522706,0.459397858522706
1993,"CSEO","dsrlessye","private",0.9,"Southeast",NA,NA,NA,NA,NA,NA,NA,NA,NA,NA,NA,1,NA,NA,NA,0.459397858522706,0.459397858522706
1994,"CSEO","dsrlessye","private",0.9,"Southeast",NA,NA,NA,NA,NA,NA,NA,NA,NA,NA,NA,1,NA,NA,NA,0.459397858522706,0.459397858522706
1995,"CSEO","dsrlessye","private",0.9,"Southeast",NA,NA,NA,NA,NA,NA,NA,NA,NA,NA,NA,1,NA,NA,NA,0.459397858522706,0.459397858522706
1996,"CSEO","dsrlessye","private",0.9,"Southeast",NA,NA,NA,NA,NA,NA,NA,NA,NA,NA,NA,1,NA,NA,NA,0.459397858522706,0.459397858522706
1997,"CSEO","dsrlessye","private",0.9,"Southeast",NA,NA,NA,NA,NA,NA,NA,NA,NA,NA,NA,1,NA,NA,NA,0.459397858522706,0.459397858522706
1998,"CSEO","dsrlessye","private",0.9,"Southeast",NA,NA,NA,NA,NA,NA,NA,NA,NA,NA,NA,1,NA,NA,NA,0.459397858522706,0.459397858522706
1999,"CSEO","dsrlessye","private",0.9,"Southeast",NA,NA,NA,NA,NA,NA,NA,NA,NA,NA,NA,1,NA,NA,NA,0.459397858522706,0.459397858522706
2000,"CSEO","dsrlessye","private",0.9,"Southeast",NA,NA,NA,NA,NA,NA,NA,NA,NA,NA,NA,1,NA,NA,NA,0.459397858522706,0.459397858522706
2001,"CSEO","dsrlessye","private",0.9,"Southeast",NA,NA,NA,NA,NA,NA,NA,NA,NA,NA,NA,1,NA,NA,NA,0.459397858522706,0.459397858522706
2002,"CSEO","dsrlessye","private",0.9,"Southeast",NA,NA,NA,NA,NA,NA,NA,NA,NA,NA,NA,1,NA,NA,NA,0.459397858522706,0.459397858522706
2003,"CSEO","dsrlessye","private",0.9,"Southeast",NA,NA,NA,NA,NA,NA,NA,NA,NA,NA,NA,1,NA,NA,NA,0.459397858522706,0.459397858522706
2004,"CSEO","dsrlessye","private",0.9,"Southeast",NA,NA,NA,NA,NA,NA,NA,NA,NA,NA,NA,1,NA,NA,NA,0.459397858522706,0.459397858522706
2005,"CSEO","dsrlessye","private",0.9,"Southeast",NA,NA,NA,NA,NA,NA,NA,NA,NA,NA,NA,1,NA,NA,NA,0.459397858522706,0.459397858522706
2006,"CSEO","dsrlessye","private",0.9,"Southeast",38,1,38,1.09570997147368,0.330667939749088,0.0525208131089757,89.5714285714286,43,1.8457825576957,20.5874737745055,"bootstrap",0.301784184097873,2.41562698807043,0.728998019679636,0.11578857260084,0.459397858522706,0.11578857260084
2007,"CSEO","dsrlessye","private",0.9,"Southeast",13,1,13,1.007181314,0.32597712268545,0.091216818258386,89.5714285714286,43,1.8457825576957,7.04308313338346,"bootstrap",0.323652869800412,2.22045470728572,0.718656538274858,0.201098660856867,0.459397858522706,0.201098660856867
2008,"CSEO","dsrlessye","private",0.9,"Southeast",30,1,30,0.8547732904,0.201667304006543,0.0358571786076365,89.5714285714286,43,1.8457825576957,16.2532687693464,"bootstrap",0.235930750611277,1.88445253098767,0.444600300127241,0.0790515470477755,0.459397858522706,0.0790515470477755
2009,"CSEO","dsrlessye","private",0.9,"Southeast",62,1,62,0.783675389983871,0.33313644492993,0.0404713949801035,89.5714285714286,43,1.8457825576957,33.5900887899827,"bootstrap",0.42509494260983,1.72770849149576,0.734440142038908,0.0892241528360906,0.459397858522706,0.0892241528360906
2010,"CSEO","dsrlessye","private",0.9,"Southeast",86,1,86,0.811076466011628,0.419202111091732,0.0433936532126961,89.5714285714286,43,1.8457825576957,46.5927038054598,"bootstrap",0.516846596663208,1.7881175235189,0.924182456464585,0.0956666294371455,0.459397858522706,0.0956666294371455
2011,"CSEO","dsrlessye","private",0.9,"Southeast",124,53,2.33962264150943,0.915231181048387,0.309654268420365,0.0268252063124721,89.5714285714286,43,1.8457825576957,53,"bootstrap",0.338334482950701,2.01773936426859,0.682670804539088,0.0591394566226428,0.459397858522706,0.0591394566226428
2012,"CSEO","dsrlessye","private",0.9,"Southeast",118,61,1.9344262295082,0.997730764483051,0.427299084176622,0.0397509386344332,89.5714285714286,43,1.8457825576957,61,"bootstrap",0.428270931785907,2.19961981204923,0.942033226481065,0.0876358184797033,0.459397858522706,0.0876358184797033
2013,"CSEO","dsrlessye","private",0.8,"Southeast",155,70,2.21428571428571,0.923800664974194,0.443797277299407,0.0350581036469196,89.5714285714286,43,1.8457825576957,70,"bootstrap",0.480403721415165,2.03663184237315,0.978405516228685,0.0772898883143034,0.459397858522706,0.0772898883143034
2014,"CSEO","dsrlessye","private",0.8,"Southeast",148,62,2.38709677419355,0.877051247824324,0.358032963348346,0.029222219846838,89.5714285714286,43,1.8457825576957,62,"bootstrap",0.408223537947763,1.93356701985273,0.789327569703394,0.064423966880952,0.459397858522706,0.064423966880952
2015,"CSEO","dsrlessye","private",0.8,"Southeast",164,65,2.52307692307692,1.08229429116463,0.51144841923377,0.0393314063004984,89.5714285714286,43,1.8457825576957,65,"bootstrap",0.472559472417999,2.38605047579841,1.12755075400601,0.0867109080064893,0.459397858522706,0.0867109080064893
2016,"CSEO","dsrlessye","private",0.8,"Southeast",229,111,2.06306306306306,0.908907554048035,0.328868904120721,0.0216682324372269,89.5714285714286,43,1.8457825576957,111,"bootstrap",0.361828771975792,2.00379815314317,0.725031825039153,0.0477702753665281,0.459397858522706,0.0477702753665281
2017,"CSEO","dsrlessye","private",0.7,"Southeast",81,43,1.88372093023256,1.10472531018519,0.559949582036723,0.0650309157769582,89.5714285714286,43,1.8457825576957,43,"bootstrap",0.506867704463887,2.43550240772079,1.2344775146177,0.143368627921197,0.459397858522706,0.143368627921197
2018,"CSEO","dsrlessye","private",0.6,"Southeast",97,55,1.76363636363636,1.03513842108247,0.482403181392471,0.0493212801005334,89.5714285714286,43,1.8457825576957,55,"bootstrap",0.466027703703636,2.2820895779495,1.0635169656578,0.108734809756992,0.459397858522706,0.108734809756992
2019,"CSEO","dsrlessye","private",0.5,"Southeast",62,30,2.06666666666667,1.10375879830645,0.463671524801876,0.0579942079661639,89.5714285714286,43,1.8457825576957,30,"bootstrap",0.420084103078779,2.43337161377042,1.02222073182811,0.127855342711189,0.459397858522706,0.127855342711189
2020,"CSEO","dsrlessye","private",0.2,"Southeast",NA,NA,NA,NA,NA,NA,NA,NA,NA,NA,NA,1,NA,NA,NA,0.459397858522706,0.459397858522706
2021,"CSEO","dsrlessye","private",0.2,"Southeast",NA,NA,NA,NA,NA,NA,NA,NA,NA,NA,NA,1,NA,NA,NA,0.459397858522706,0.459397858522706
2022,"CSEO","dsrlessye","private",0.2,"Southeast",15,11,1.36363636363636,1.0241996952,0.396748259591856,0.104189681797492,89.5714285714286,43,1.8457825576957,11,"bootstrap",0.387373928591515,2.25797381543503,0.874680187541838,0.229698929261353,0.459397858522706,0.229698929261353
2023,"CSEO","dsrlessye","private",0.2,"Southeast",NA,NA,NA,NA,NA,NA,NA,NA,NA,NA,NA,1,NA,NA,NA,0.459397858522706,0.459397858522706
2024,"CSEO","dsrlessye","private",0.2,"Southeast",NA,NA,NA,NA,NA,NA,NA,NA,NA,NA,NA,1,NA,NA,NA,0.459397858522706,0.459397858522706
2025,"CSEO","dsrlessye","private",0.2,"Southeast",45,NA,NA,0.942810089,0.138738332,NA,NA,NA,NA,NA,"4-stage",0.147154059570103,2.07854044857361,0.30586566498827,NA,0.459397858522706,0.459397858522706
1977,"EWYKT","dsrlessye","private",0.9,"Southeast",NA,NA,NA,NA,NA,NA,NA,NA,NA,NA,NA,1,NA,NA,NA,0.804039561969349,0.804039561969349
1978,"EWYKT","dsrlessye","private",0.9,"Southeast",NA,NA,NA,NA,NA,NA,NA,NA,NA,NA,NA,1,NA,NA,NA,0.804039561969349,0.804039561969349
1979,"EWYKT","dsrlessye","private",0.9,"Southeast",NA,NA,NA,NA,NA,NA,NA,NA,NA,NA,NA,1,NA,NA,NA,0.804039561969349,0.804039561969349
1980,"EWYKT","dsrlessye","private",0.9,"Southeast",NA,NA,NA,NA,NA,NA,NA,NA,NA,NA,NA,1,NA,NA,NA,0.804039561969349,0.804039561969349
1981,"EWYKT","dsrlessye","private",0.9,"Southeast",NA,NA,NA,NA,NA,NA,NA,NA,NA,NA,NA,1,NA,NA,NA,0.804039561969349,0.804039561969349
1982,"EWYKT","dsrlessye","private",0.9,"Southeast",NA,NA,NA,NA,NA,NA,NA,NA,NA,NA,NA,1,NA,NA,NA,0.804039561969349,0.804039561969349
1983,"EWYKT","dsrlessye","private",0.9,"Southeast",NA,NA,NA,NA,NA,NA,NA,NA,NA,NA,NA,1,NA,NA,NA,0.804039561969349,0.804039561969349
1984,"EWYKT","dsrlessye","private",0.9,"Southeast",NA,NA,NA,NA,NA,NA,NA,NA,NA,NA,NA,1,NA,NA,NA,0.804039561969349,0.804039561969349
1985,"EWYKT","dsrlessye","private",0.9,"Southeast",NA,NA,NA,NA,NA,NA,NA,NA,NA,NA,NA,1,NA,NA,NA,0.804039561969349,0.804039561969349
1986,"EWYKT","dsrlessye","private",0.9,"Southeast",NA,NA,NA,NA,NA,NA,NA,NA,NA,NA,NA,1,NA,NA,NA,0.804039561969349,0.804039561969349
1987,"EWYKT","dsrlessye","private",0.9,"Southeast",NA,NA,NA,NA,NA,NA,NA,NA,NA,NA,NA,1,NA,NA,NA,0.804039561969349,0.804039561969349
1988,"EWYKT","dsrlessye","private",0.9,"Southeast",NA,NA,NA,NA,NA,NA,NA,NA,NA,NA,NA,1,NA,NA,NA,0.804039561969349,0.804039561969349
1989,"EWYKT","dsrlessye","private",0.9,"Southeast",NA,NA,NA,NA,NA,NA,NA,NA,NA,NA,NA,1,NA,NA,NA,0.804039561969349,0.804039561969349
1990,"EWYKT","dsrlessye","private",0.9,"Southeast",NA,NA,NA,NA,NA,NA,NA,NA,NA,NA,NA,1,NA,NA,NA,0.804039561969349,0.804039561969349
1991,"EWYKT","dsrlessye","private",0.9,"Southeast",NA,NA,NA,NA,NA,NA,NA,NA,NA,NA,NA,1,NA,NA,NA,0.804039561969349,0.804039561969349
1992,"EWYKT","dsrlessye","private",0.9,"Southeast",NA,NA,NA,NA,NA,NA,NA,NA,NA,NA,NA,1,NA,NA,NA,0.804039561969349,0.804039561969349
1993,"EWYKT","dsrlessye","private",0.9,"Southeast",NA,NA,NA,NA,NA,NA,NA,NA,NA,NA,NA,1,NA,NA,NA,0.804039561969349,0.804039561969349
1994,"EWYKT","dsrlessye","private",0.9,"Southeast",NA,NA,NA,NA,NA,NA,NA,NA,NA,NA,NA,1,NA,NA,NA,0.804039561969349,0.804039561969349
1995,"EWYKT","dsrlessye","private",0.9,"Southeast",NA,NA,NA,NA,NA,NA,NA,NA,NA,NA,NA,1,NA,NA,NA,0.804039561969349,0.804039561969349
1996,"EWYKT","dsrlessye","private",0.9,"Southeast",NA,NA,NA,NA,NA,NA,NA,NA,NA,NA,NA,1,NA,NA,NA,0.804039561969349,0.804039561969349
1997,"EWYKT","dsrlessye","private",0.9,"Southeast",NA,NA,NA,NA,NA,NA,NA,NA,NA,NA,NA,1,NA,NA,NA,0.804039561969349,0.804039561969349
1998,"EWYKT","dsrlessye","private",0.9,"Southeast",NA,NA,NA,NA,NA,NA,NA,NA,NA,NA,NA,1,NA,NA,NA,0.804039561969349,0.804039561969349
1999,"EWYKT","dsrlessye","private",0.9,"Southeast",NA,NA,NA,NA,NA,NA,NA,NA,NA,NA,NA,1,NA,NA,NA,0.804039561969349,0.804039561969349
2000,"EWYKT","dsrlessye","private",0.9,"Southeast",NA,NA,NA,NA,NA,NA,NA,NA,NA,NA,NA,1,NA,NA,NA,0.804039561969349,0.804039561969349
2001,"EWYKT","dsrlessye","private",0.9,"Southeast",NA,NA,NA,NA,NA,NA,NA,NA,NA,NA,NA,1,NA,NA,NA,0.804039561969349,0.804039561969349
2002,"EWYKT","dsrlessye","private",0.9,"Southeast",NA,NA,NA,NA,NA,NA,NA,NA,NA,NA,NA,1,NA,NA,NA,0.804039561969349,0.804039561969349
2003,"EWYKT","dsrlessye","private",0.9,"Southeast",NA,NA,NA,NA,NA,NA,NA,NA,NA,NA,NA,1,NA,NA,NA,0.804039561969349,0.804039561969349
2004,"EWYKT","dsrlessye","private",0.9,"Southeast",NA,NA,NA,NA,NA,NA,NA,NA,NA,NA,NA,1,NA,NA,NA,0.804039561969349,0.804039561969349
2005,"EWYKT","dsrlessye","private",0.9,"Southeast",NA,NA,NA,NA,NA,NA,NA,NA,NA,NA,NA,1,NA,NA,NA,0.804039561969349,0.804039561969349
2006,"EWYKT","dsrlessye","private",0.9,"Southeast",11,1,11,1.391720435,0.332930424906333,0.0962326710523623,15.6666666666667,8.2,1.60746812355171,6.84305949140404,"bootstrap",0.239222200474719,3.06821835171724,0.733985945634713,0.212156723385057,0.804039561969349,0.212156723385057
2007,"EWYKT","dsrlessye","private",0.9,"Southeast",NA,NA,NA,NA,NA,NA,NA,NA,NA,NA,NA,1,NA,NA,NA,0.804039561969349,0.804039561969349
2008,"EWYKT","dsrlessye","private",0.9,"Southeast",10,1,10,1.5646071947,0.428330015412016,0.12966109778313,15.6666666666667,8.2,1.60746812355171,6.22096317400367,"bootstrap",0.273762013151259,3.44936841285036,0.944306040802279,0.28585378910672,0.804039561969349,0.28585378910672
2009,"EWYKT","dsrlessye","private",0.9,"Southeast",NA,NA,NA,NA,NA,NA,NA,NA,NA,NA,NA,1,NA,NA,NA,0.804039561969349,0.804039561969349
2010,"EWYKT","dsrlessye","private",0.9,"Southeast",16,1,16,1.509898334375,0.202234777397221,0.0488228975117434,15.6666666666667,8.2,1.60746812355171,9.95354107840587,"bootstrap",0.133939334055185,3.32875602186345,0.445851364800578,0.107636064228331,0.804039561969349,0.107636064228331
2011,"EWYKT","dsrlessye","private",0.9,"Southeast",26,9,2.88888888888889,1.0997308085,0.272783851533818,0.0524385337745601,15.6666666666667,8.2,1.60746812355171,9,"bootstrap",0.248046021285779,2.42449141632999,0.601385449462177,0.115607177719029,0.804039561969349,0.115607177719029
2012,"EWYKT","dsrlessye","private",0.9,"Southeast",20,14,1.42857142857143,1.55824512115,0.822660271516554,0.182353105396639,15.6666666666667,8.2,1.60746812355171,14,"bootstrap",0.527940219642352,3.43534244159193,1.81365544316074,0.402019780984674,0.804039561969349,0.402019780984674
2013,"EWYKT","dsrlessye","private",0.8,"Southeast",NA,NA,NA,NA,NA,NA,NA,NA,NA,NA,NA,1,NA,NA,NA,0.804039561969349,0.804039561969349
2014,"EWYKT","dsrlessye","private",0.8,"Southeast",NA,NA,NA,NA,NA,NA,NA,NA,NA,NA,NA,1,NA,NA,NA,0.804039561969349,0.804039561969349
2015,"EWYKT","dsrlessye","private",0.8,"Southeast",NA,NA,NA,NA,NA,NA,NA,NA,NA,NA,NA,1,NA,NA,NA,0.804039561969349,0.804039561969349
2016,"EWYKT","dsrlessye","private",0.8,"Southeast",NA,NA,NA,NA,NA,NA,NA,NA,NA,NA,NA,1,NA,NA,NA,0.804039561969349,0.804039561969349
2017,"EWYKT","dsrlessye","private",0.7,"Southeast",27,13,2.07692307692308,1.54016108755556,0.479813445081032,0.0904034674400116,15.6666666666667,8.2,1.60746812355171,13,"bootstrap",0.311534584893688,3.39547397206879,1.05780757440577,0.199305529244683,0.804039561969349,0.199305529244683
2018,"EWYKT","dsrlessye","private",0.6,"Southeast",33,17,1.94117647058824,1.35846838636364,0.429137219479518,0.0742129239607062,15.6666666666667,8.2,1.60746812355171,17,"bootstrap",0.315897833020786,2.99491013313218,0.94608562114845,0.163611490860113,0.804039561969349,0.163611490860113
2019,"EWYKT","dsrlessye","private",0.5,"Southeast",52,20,2.6,1.32994016326923,0.40465042126823,0.0559187282795789,15.6666666666667,8.2,1.60746812355171,20,"bootstrap",0.304262125803861,2.93201616718984,0.892101471920469,0.123279693246793,0.804039561969349,0.123279693246793
2020,"EWYKT","dsrlessye","private",0.2,"Southeast",NA,NA,NA,NA,NA,NA,NA,NA,NA,NA,NA,1,NA,NA,NA,0.804039561969349,0.804039561969349
2021,"EWYKT","dsrlessye","private",0.2,"Southeast",NA,NA,NA,NA,NA,NA,NA,NA,NA,NA,NA,1,NA,NA,NA,0.804039561969349,0.804039561969349
2022,"EWYKT","dsrlessye","private",0.2,"Southeast",NA,NA,NA,NA,NA,NA,NA,NA,NA,NA,NA,1,NA,NA,NA,0.804039561969349,0.804039561969349
2023,"EWYKT","dsrlessye","private",0.2,"Southeast",13,8,1.625,1.29117925515385,0.361819658953425,0.0980443014133232,15.6666666666667,8.2,1.60746812355171,8,"bootstrap",0.28022418847669,2.84656299238693,0.797675804489406,0.21615068465791,0.804039561969349,0.21615068465791
2024,"EWYKT","dsrlessye","private",0.2,"Southeast",16,9,1.77777777777778,1.329833188875,0.445704963641848,0.11196904763132,15.6666666666667,8.2,1.60746812355171,9,"bootstrap",0.335158550238095,2.93178032902056,0.982611244691096,0.246849495147865,0.804039561969349,0.246849495147865
2025,"EWYKT","dsrlessye","private",0.2,"Southeast",28,NA,NA,1.527209239,0.299900726,NA,NA,NA,NA,NA,"4-stage",0.196371733709764,3.36692003377239,0.661167924294022,NA,0.804039561969349,0.804039561969349
1977,"NSEI","dsrlessye","private",0.9,"Southeast",NA,NA,NA,NA,NA,NA,NA,NA,NA,NA,NA,1,NA,NA,NA,0.424159156792581,0.424159156792581
1978,"NSEI","dsrlessye","private",0.9,"Southeast",NA,NA,NA,NA,NA,NA,NA,NA,NA,NA,NA,1,NA,NA,NA,0.424159156792581,0.424159156792581
1979,"NSEI","dsrlessye","private",0.9,"Southeast",NA,NA,NA,NA,NA,NA,NA,NA,NA,NA,NA,1,NA,NA,NA,0.424159156792581,0.424159156792581
1980,"NSEI","dsrlessye","private",0.9,"Southeast",NA,NA,NA,NA,NA,NA,NA,NA,NA,NA,NA,1,NA,NA,NA,0.424159156792581,0.424159156792581
1981,"NSEI","dsrlessye","private",0.9,"Southeast",NA,NA,NA,NA,NA,NA,NA,NA,NA,NA,NA,1,NA,NA,NA,0.424159156792581,0.424159156792581
1982,"NSEI","dsrlessye","private",0.9,"Southeast",NA,NA,NA,NA,NA,NA,NA,NA,NA,NA,NA,1,NA,NA,NA,0.424159156792581,0.424159156792581
1983,"NSEI","dsrlessye","private",0.9,"Southeast",NA,NA,NA,NA,NA,NA,NA,NA,NA,NA,NA,1,NA,NA,NA,0.424159156792581,0.424159156792581
1984,"NSEI","dsrlessye","private",0.9,"Southeast",NA,NA,NA,NA,NA,NA,NA,NA,NA,NA,NA,1,NA,NA,NA,0.424159156792581,0.424159156792581
1985,"NSEI","dsrlessye","private",0.9,"Southeast",NA,NA,NA,NA,NA,NA,NA,NA,NA,NA,NA,1,NA,NA,NA,0.424159156792581,0.424159156792581
1986,"NSEI","dsrlessye","private",0.9,"Southeast",NA,NA,NA,NA,NA,NA,NA,NA,NA,NA,NA,1,NA,NA,NA,0.424159156792581,0.424159156792581
1987,"NSEI","dsrlessye","private",0.9,"Southeast",NA,NA,NA,NA,NA,NA,NA,NA,NA,NA,NA,1,NA,NA,NA,0.424159156792581,0.424159156792581
1988,"NSEI","dsrlessye","private",0.9,"Southeast",NA,NA,NA,NA,NA,NA,NA,NA,NA,NA,NA,1,NA,NA,NA,0.424159156792581,0.424159156792581
1989,"NSEI","dsrlessye","private",0.9,"Southeast",NA,NA,NA,NA,NA,NA,NA,NA,NA,NA,NA,1,NA,NA,NA,0.424159156792581,0.424159156792581
1990,"NSEI","dsrlessye","private",0.9,"Southeast",NA,NA,NA,NA,NA,NA,NA,NA,NA,NA,NA,1,NA,NA,NA,0.424159156792581,0.424159156792581
1991,"NSEI","dsrlessye","private",0.9,"Southeast",NA,NA,NA,NA,NA,NA,NA,NA,NA,NA,NA,1,NA,NA,NA,0.424159156792581,0.424159156792581
1992,"NSEI","dsrlessye","private",0.9,"Southeast",NA,NA,NA,NA,NA,NA,NA,NA,NA,NA,NA,1,NA,NA,NA,0.424159156792581,0.424159156792581
1993,"NSEI","dsrlessye","private",0.9,"Southeast",NA,NA,NA,NA,NA,NA,NA,NA,NA,NA,NA,1,NA,NA,NA,0.424159156792581,0.424159156792581
1994,"NSEI","dsrlessye","private",0.9,"Southeast",NA,NA,NA,NA,NA,NA,NA,NA,NA,NA,NA,1,NA,NA,NA,0.424159156792581,0.424159156792581
1995,"NSEI","dsrlessye","private",0.9,"Southeast",NA,NA,NA,NA,NA,NA,NA,NA,NA,NA,NA,1,NA,NA,NA,0.424159156792581,0.424159156792581
1996,"NSEI","dsrlessye","private",0.9,"Southeast",NA,NA,NA,NA,NA,NA,NA,NA,NA,NA,NA,1,NA,NA,NA,0.424159156792581,0.424159156792581
1997,"NSEI","dsrlessye","private",0.9,"Southeast",NA,NA,NA,NA,NA,NA,NA,NA,NA,NA,NA,1,NA,NA,NA,0.424159156792581,0.424159156792581
1998,"NSEI","dsrlessye","private",0.9,"Southeast",NA,NA,NA,NA,NA,NA,NA,NA,NA,NA,NA,1,NA,NA,NA,0.424159156792581,0.424159156792581
1999,"NSEI","dsrlessye","private",0.9,"Southeast",NA,NA,NA,NA,NA,NA,NA,NA,NA,NA,NA,1,NA,NA,NA,0.424159156792581,0.424159156792581
2000,"NSEI","dsrlessye","private",0.9,"Southeast",NA,NA,NA,NA,NA,NA,NA,NA,NA,NA,NA,1,NA,NA,NA,0.424159156792581,0.424159156792581
2001,"NSEI","dsrlessye","private",0.9,"Southeast",NA,NA,NA,NA,NA,NA,NA,NA,NA,NA,NA,1,NA,NA,NA,0.424159156792581,0.424159156792581
2002,"NSEI","dsrlessye","private",0.9,"Southeast",NA,NA,NA,NA,NA,NA,NA,NA,NA,NA,NA,1,NA,NA,NA,0.424159156792581,0.424159156792581
2003,"NSEI","dsrlessye","private",0.9,"Southeast",NA,NA,NA,NA,NA,NA,NA,NA,NA,NA,NA,1,NA,NA,NA,0.424159156792581,0.424159156792581
2004,"NSEI","dsrlessye","private",0.9,"Southeast",NA,NA,NA,NA,NA,NA,NA,NA,NA,NA,NA,1,NA,NA,NA,0.424159156792581,0.424159156792581
2005,"NSEI","dsrlessye","private",0.9,"Southeast",NA,NA,NA,NA,NA,NA,NA,NA,NA,NA,NA,1,NA,NA,NA,0.424159156792581,0.424159156792581
2006,"NSEI","dsrlessye","private",0.9,"Southeast",42,1,42,1.04464009933333,0.33889635473239,0.0508644280423075,148.266666666667,87.6666666666667,1.63882055567949,25.6281872072234,"bootstrap",0.324414460969541,2.30303719274931,0.747138569478571,0.112136868615433,0.424159156792581,0.112136868615433
2007,"NSEI","dsrlessye","private",0.9,"Southeast",28,1,28,1.01157052542857,0.395476278445395,0.0750030160406346,148.266666666667,87.6666666666667,1.63882055567949,17.085458138149,"bootstrap",0.390952749713466,2.23013126208511,0.871875949134136,0.165353345731406,0.424159156792581,0.165353345731406
2008,"NSEI","dsrlessye","private",0.9,"Southeast",44,1,44,1.04235248579545,0.543100706871733,0.0807205309173495,148.266666666667,87.6666666666667,1.63882055567949,26.8485770742341,"bootstrap",0.521033637155167,2.29799386819788,1.19733210330741,0.177958308358798,0.424159156792581,0.177958308358798
2009,"NSEI","dsrlessye","private",0.9,"Southeast",60,1,60,1.01170076713333,0.453467547802783,0.05742340492304,148.266666666667,87.6666666666667,1.63882055567949,36.6116960103192,"bootstrap",0.448222994915473,2.23041839589349,0.999724813321947,0.126596937410753,0.424159156792581,0.126596937410753
2010,"NSEI","dsrlessye","private",0.9,"Southeast",118,1,118,1.03592105216949,0.377409364543595,0.0329833968202638,148.266666666667,87.6666666666667,1.63882055567949,72.0030021536277,"bootstrap",0.364322516424588,2.28381498414706,0.832045222072636,0.0727159427143896,0.424159156792581,0.0727159427143896
2011,"NSEI","dsrlessye","private",0.9,"Southeast",85,41,2.07317073170732,1.17111888263529,0.717657918203332,0.0759649886859385,148.266666666667,87.6666666666667,1.63882055567949,41,"bootstrap",0.612796812385464,2.58187517936689,1.58216487989318,0.167474132385064,0.424159156792581,0.167474132385064
2012,"NSEI","dsrlessye","private",0.9,"Southeast",147,74,1.98648648648649,1.13456909768707,0.443564695647394,0.0366339029518921,148.266666666667,87.6666666666667,1.63882055567949,74,"bootstrap",0.390954324907706,2.5012966967139,0.97789276145766,0.0807639311066261,0.424159156792581,0.0807639311066261
2013,"NSEI","dsrlessye","private",0.8,"Southeast",158,86,1.83720930232558,1.20920993927215,0.707678959180618,0.0559888734552941,148.266666666667,87.6666666666667,1.63882055567949,86,"bootstrap",0.585240772670613,2.66585158444821,1.56016504110765,0.123434336887859,0.424159156792581,0.123434336887859
2014,"NSEI","dsrlessye","private",0.8,"Southeast",246,129,1.90697674418605,1.0223409122561,0.400921768362328,0.0252005338862593,148.266666666667,87.6666666666667,1.63882055567949,129,"bootstrap",0.392160544057241,2.25387590051123,0.883881199381989,0.0555576670417238,0.424159156792581,0.0555576670417238
2015,"NSEI","dsrlessye","private",0.8,"Southeast",240,125,1.92,1.11554414474167,0.456942874173509,0.029872627390617,148.266666666667,87.6666666666667,1.63882055567949,125,"bootstrap",0.409614336041649,2.45935385510604,1.00738659645073,0.0658578700641858,0.424159156792581,0.0658578700641858
2016,"NSEI","dsrlessye","private",0.8,"Southeast",281,151,1.86092715231788,1.05431875858363,0.343317045176112,0.0199088365261311,148.266666666667,87.6666666666667,1.63882055567949,151,"bootstrap",0.325629267601502,2.32437498386379,0.756884523626818,0.0438914713433908,0.424159156792581,0.0438914713433908
2017,"NSEI","dsrlessye","private",0.7,"Southeast",168,109,1.54128440366972,1.13631730502381,0.404809329354413,0.0322005900550595,148.266666666667,87.6666666666667,1.63882055567949,109,"bootstrap",0.356246734573782,2.50515083415293,0.892451804281769,0.0709901492127312,0.424159156792581,0.0709901492127312
2018,"NSEI","dsrlessye","private",0.6,"Southeast",256,165,1.55151515151515,1.04199731969922,0.336624988891361,0.0212954139266837,148.266666666667,87.6666666666667,1.63882055567949,165,"bootstrap",0.323057442209669,2.29721086098827,0.742131064967143,0.0469483512450299,0.424159156792581,0.0469483512450299
2019,"NSEI","dsrlessye","private",0.5,"Southeast",263,163,1.61349693251534,1.01046151336882,0.291000753826687,0.0180867227918423,148.266666666667,87.6666666666667,1.63882055567949,163,"bootstrap",0.287987963892368,2.22768630901233,0.641546844323366,0.0398743981885651,0.424159156792581,0.0398743981885651
2020,"NSEI","dsrlessye","private",0.2,"Southeast",18,15,1.2,0.975554883277778,0.372889009498346,0.0858834478440159,148.266666666667,87.6666666666667,1.63882055567949,15,"bootstrap",0.38223273327839,2.15073036272565,0.822079545089448,0.189340591800508,0.424159156792581,0.189340591800508
2021,"NSEI","dsrlessye","private",0.2,"Southeast",10,7,1.42857142857143,1.1156014049,0.311946038558181,0.0961976786740446,148.266666666667,87.6666666666667,1.63882055567949,7,"bootstrap",0.27962141064724,2.45948009214632,0.687723292824758,0.21207957839629,0.424159156792581,0.21207957839629
2022,"NSEI","dsrlessye","private",0.2,"Southeast",66,46,1.43478260869565,1.11017800127273,0.325826872874346,0.0395758829962544,148.266666666667,87.6666666666667,1.63882055567949,46,"bootstrap",0.293490658705912,2.44752353383225,0.718325294142648,0.0872498868600158,0.424159156792581,0.0872498868600158
2023,"NSEI","dsrlessye","private",0.2,"Southeast",74,51,1.45098039215686,0.998156553324324,0.297348828650444,0.0343498289240882,148.266666666667,87.6666666666667,1.63882055567949,51,"bootstrap",0.29789798770557,2.20055851576004,0.655541953673273,0.0757284098391751,0.424159156792581,0.0757284098391751
2024,"NSEI","dsrlessye","private",0.2,"Southeast",93,66,1.40909090909091,0.951092715763441,0.258201462622086,0.0268672999046405,148.266666666667,87.6666666666667,1.63882055567949,66,"bootstrap",0.271478751064588,2.09680051488931,0.569236785013735,0.0592322571080943,0.424159156792581,0.0592322571080943
2025,"NSEI","dsrlessye","private",0.2,"Southeast",124,NA,NA,1.158905027,0.113552541,NA,NA,NA,NA,NA,"4-stage",0.0979826114776185,2.55494823695591,0.250340500447077,NA,0.424159156792581,0.424159156792581
1977,"NSEO","dsrlessye","private",0.9,"Southeast",NA,NA,NA,NA,NA,NA,NA,NA,NA,NA,NA,1,NA,NA,NA,0.598053621518725,0.598053621518725
1978,"NSEO","dsrlessye","private",0.9,"Southeast",NA,NA,NA,NA,NA,NA,NA,NA,NA,NA,NA,1,NA,NA,NA,0.598053621518725,0.598053621518725
1979,"NSEO","dsrlessye","private",0.9,"Southeast",NA,NA,NA,NA,NA,NA,NA,NA,NA,NA,NA,1,NA,NA,NA,0.598053621518725,0.598053621518725
1980,"NSEO","dsrlessye","private",0.9,"Southeast",NA,NA,NA,NA,NA,NA,NA,NA,NA,NA,NA,1,NA,NA,NA,0.598053621518725,0.598053621518725
1981,"NSEO","dsrlessye","private",0.9,"Southeast",NA,NA,NA,NA,NA,NA,NA,NA,NA,NA,NA,1,NA,NA,NA,0.598053621518725,0.598053621518725
1982,"NSEO","dsrlessye","private",0.9,"Southeast",NA,NA,NA,NA,NA,NA,NA,NA,NA,NA,NA,1,NA,NA,NA,0.598053621518725,0.598053621518725
1983,"NSEO","dsrlessye","private",0.9,"Southeast",NA,NA,NA,NA,NA,NA,NA,NA,NA,NA,NA,1,NA,NA,NA,0.598053621518725,0.598053621518725
1984,"NSEO","dsrlessye","private",0.9,"Southeast",NA,NA,NA,NA,NA,NA,NA,NA,NA,NA,NA,1,NA,NA,NA,0.598053621518725,0.598053621518725
1985,"NSEO","dsrlessye","private",0.9,"Southeast",NA,NA,NA,NA,NA,NA,NA,NA,NA,NA,NA,1,NA,NA,NA,0.598053621518725,0.598053621518725
1986,"NSEO","dsrlessye","private",0.9,"Southeast",NA,NA,NA,NA,NA,NA,NA,NA,NA,NA,NA,1,NA,NA,NA,0.598053621518725,0.598053621518725
1987,"NSEO","dsrlessye","private",0.9,"Southeast",NA,NA,NA,NA,NA,NA,NA,NA,NA,NA,NA,1,NA,NA,NA,0.598053621518725,0.598053621518725
1988,"NSEO","dsrlessye","private",0.9,"Southeast",NA,NA,NA,NA,NA,NA,NA,NA,NA,NA,NA,1,NA,NA,NA,0.598053621518725,0.598053621518725
1989,"NSEO","dsrlessye","private",0.9,"Southeast",NA,NA,NA,NA,NA,NA,NA,NA,NA,NA,NA,1,NA,NA,NA,0.598053621518725,0.598053621518725
1990,"NSEO","dsrlessye","private",0.9,"Southeast",NA,NA,NA,NA,NA,NA,NA,NA,NA,NA,NA,1,NA,NA,NA,0.598053621518725,0.598053621518725
1991,"NSEO","dsrlessye","private",0.9,"Southeast",NA,NA,NA,NA,NA,NA,NA,NA,NA,NA,NA,1,NA,NA,NA,0.598053621518725,0.598053621518725
1992,"NSEO","dsrlessye","private",0.9,"Southeast",NA,NA,NA,NA,NA,NA,NA,NA,NA,NA,NA,1,NA,NA,NA,0.598053621518725,0.598053621518725
1993,"NSEO","dsrlessye","private",0.9,"Southeast",NA,NA,NA,NA,NA,NA,NA,NA,NA,NA,NA,1,NA,NA,NA,0.598053621518725,0.598053621518725
1994,"NSEO","dsrlessye","private",0.9,"Southeast",NA,NA,NA,NA,NA,NA,NA,NA,NA,NA,NA,1,NA,NA,NA,0.598053621518725,0.598053621518725
1995,"NSEO","dsrlessye","private",0.9,"Southeast",NA,NA,NA,NA,NA,NA,NA,NA,NA,NA,NA,1,NA,NA,NA,0.598053621518725,0.598053621518725
1996,"NSEO","dsrlessye","private",0.9,"Southeast",NA,NA,NA,NA,NA,NA,NA,NA,NA,NA,NA,1,NA,NA,NA,0.598053621518725,0.598053621518725
1997,"NSEO","dsrlessye","private",0.9,"Southeast",NA,NA,NA,NA,NA,NA,NA,NA,NA,NA,NA,1,NA,NA,NA,0.598053621518725,0.598053621518725
1998,"NSEO","dsrlessye","private",0.9,"Southeast",NA,NA,NA,NA,NA,NA,NA,NA,NA,NA,NA,1,NA,NA,NA,0.598053621518725,0.598053621518725
1999,"NSEO","dsrlessye","private",0.9,"Southeast",NA,NA,NA,NA,NA,NA,NA,NA,NA,NA,NA,1,NA,NA,NA,0.598053621518725,0.598053621518725
2000,"NSEO","dsrlessye","private",0.9,"Southeast",NA,NA,NA,NA,NA,NA,NA,NA,NA,NA,NA,1,NA,NA,NA,0.598053621518725,0.598053621518725
2001,"NSEO","dsrlessye","private",0.9,"Southeast",NA,NA,NA,NA,NA,NA,NA,NA,NA,NA,NA,1,NA,NA,NA,0.598053621518725,0.598053621518725
2002,"NSEO","dsrlessye","private",0.9,"Southeast",NA,NA,NA,NA,NA,NA,NA,NA,NA,NA,NA,1,NA,NA,NA,0.598053621518725,0.598053621518725
2003,"NSEO","dsrlessye","private",0.9,"Southeast",NA,NA,NA,NA,NA,NA,NA,NA,NA,NA,NA,1,NA,NA,NA,0.598053621518725,0.598053621518725
2004,"NSEO","dsrlessye","private",0.9,"Southeast",NA,NA,NA,NA,NA,NA,NA,NA,NA,NA,NA,1,NA,NA,NA,0.598053621518725,0.598053621518725
2005,"NSEO","dsrlessye","private",0.9,"Southeast",NA,NA,NA,NA,NA,NA,NA,NA,NA,NA,NA,1,NA,NA,NA,0.598053621518725,0.598053621518725
2006,"NSEO","dsrlessye","private",0.9,"Southeast",27,1,27,1.30182901337037,0.406713220915723,0.0767000823773217,29.4545454545455,13.8181818181818,2.09102558088626,12.912324099142,"bootstrap",0.312416774198912,2.8700416902486,0.89664916668386,0.169094736564907,0.598053621518725,0.169094736564907
2007,"NSEO","dsrlessye","private",0.9,"Southeast",NA,NA,NA,NA,NA,NA,NA,NA,NA,NA,NA,1,NA,NA,NA,0.598053621518725,0.598053621518725
2008,"NSEO","dsrlessye","private",0.9,"Southeast",NA,NA,NA,NA,NA,NA,NA,NA,NA,NA,NA,1,NA,NA,NA,0.598053621518725,0.598053621518725
2009,"NSEO","dsrlessye","private",0.9,"Southeast",NA,NA,NA,NA,NA,NA,NA,NA,NA,NA,NA,1,NA,NA,NA,0.598053621518725,0.598053621518725
2010,"NSEO","dsrlessye","private",0.9,"Southeast",20,1,20,1.5275901623,0.624894111226037,0.135636279899624,29.4545454545455,13.8181818181818,2.09102558088626,9.56468451788293,"bootstrap",0.409071835265796,3.36775982589605,1.37765569271372,0.299026810759362,0.598053621518725,0.299026810759362
2011,"NSEO","dsrlessye","private",0.9,"Southeast",21,9,2.33333333333333,1.18803599638095,0.506287199994857,0.108622099774856,29.4545454545455,13.8181818181818,2.09102558088626,9,"bootstrap",0.426154764280824,2.61917103099568,1.11617221332513,0.239470738195544,0.598053621518725,0.239470738195544
2012,"NSEO","dsrlessye","private",0.9,"Southeast",33,8,4.125,1.2429352819697,0.30040662314782,0.0510148661995123,29.4545454545455,13.8181818181818,2.09102558088626,8,"bootstrap",0.241691283130817,2.74020323782648,0.6622832365895,0.112468527979718,0.598053621518725,0.112468527979718
2013,"NSEO","dsrlessye","private",0.8,"Southeast",23,12,1.91666666666667,1.17069022743478,0.221812126264254,0.0451758595696776,29.4545454545455,13.8181818181818,2.09102558088626,12,"bootstrap",0.189471237622176,2.58093015641566,0.48901203095247,0.0995957218852547,0.598053621518725,0.0995957218852547
2014,"NSEO","dsrlessye","private",0.8,"Southeast",39,17,2.29411764705882,1.26817374825641,0.340196788662696,0.0544668013422242,29.4545454545455,13.8181818181818,2.09102558088626,17,"bootstrap",0.268257239302128,2.79584453149627,0.750005535537139,0.120078742278114,0.598053621518725,0.120078742278114
2015,"NSEO","dsrlessye","private",0.8,"Southeast",42,15,2.8,0.906569540619048,0.361976286839872,0.0554903275595143,29.4545454545455,13.8181818181818,2.09102558088626,15,"bootstrap",0.399281324400881,1.99864371585176,0.79802110987079,0.122335231328915,0.598053621518725,0.122335231328915
2016,"NSEO","dsrlessye","private",0.8,"Southeast",56,28,2,1.11364188192857,0.41392439500713,0.0541510199192279,29.4545454545455,13.8181818181818,2.09102558088626,28,"bootstrap",0.371685370067358,2.45516008347909,0.912547084202534,0.11938256341,0.598053621518725,0.11938256341
2017,"NSEO","dsrlessye","private",0.7,"Southeast",34,19,1.78947368421053,1.19350781502941,0.362340267084371,0.0608925269590199,29.4545454545455,13.8181818181818,2.09102558088626,19,"bootstrap",0.303592705905694,2.63123432616061,0.798823548951046,0.134245042322815,0.598053621518725,0.134245042322815
2018,"NSEO","dsrlessye","private",0.6,"Southeast",38,18,2.11111111111111,1.32097836881579,0.373247162608375,0.0606051456500797,29.4545454545455,13.8181818181818,2.09102558088626,18,"bootstrap",0.282553576515396,2.91225879242199,0.822869137537242,0.13361147498856,0.598053621518725,0.13361147498856
2019,"NSEO","dsrlessye","private",0.5,"Southeast",31,19,1.63157894736842,1.29181531870968,0.41452017203618,0.0730372475973693,29.4545454545455,13.8181818181818,2.09102558088626,19,"bootstrap",0.320881914026395,2.84796527248987,0.913860547717254,0.161019568155701,0.598053621518725,0.161019568155701
2020,"NSEO","dsrlessye","private",0.2,"Southeast",NA,NA,NA,NA,NA,NA,NA,NA,NA,NA,NA,1,NA,NA,NA,0.598053621518725,0.598053621518725
2021,"NSEO","dsrlessye","private",0.2,"Southeast",NA,NA,NA,NA,NA,NA,NA,NA,NA,NA,NA,1,NA,NA,NA,0.598053621518725,0.598053621518725
2022,"NSEO","dsrlessye","private",0.2,"Southeast",NA,NA,NA,NA,NA,NA,NA,NA,NA,NA,NA,1,NA,NA,NA,0.598053621518725,0.598053621518725
2023,"NSEO","dsrlessye","private",0.2,"Southeast",NA,NA,NA,NA,NA,NA,NA,NA,NA,NA,NA,1,NA,NA,NA,0.598053621518725,0.598053621518725
2024,"NSEO","dsrlessye","private",0.2,"Southeast",NA,NA,NA,NA,NA,NA,NA,NA,NA,NA,NA,1,NA,NA,NA,0.598053621518725,0.598053621518725
2025,"NSEO","dsrlessye","private",0.2,"Southeast",5,NA,NA,1.374169783,0.61775793,NA,NA,NA,NA,NA,"4-stage",0.449549930177733,3.02952578732229,1.36192310616238,NA,0.598053621518725,0.598053621518725
1977,"SSEI","dsrlessye","private",0.9,"Southeast",NA,NA,NA,NA,NA,NA,NA,NA,NA,NA,NA,1,NA,NA,NA,0.276705366547888,0.276705366547888
1978,"SSEI","dsrlessye","private",0.9,"Southeast",NA,NA,NA,NA,NA,NA,NA,NA,NA,NA,NA,1,NA,NA,NA,0.276705366547888,0.276705366547888
1979,"SSEI","dsrlessye","private",0.9,"Southeast",NA,NA,NA,NA,NA,NA,NA,NA,NA,NA,NA,1,NA,NA,NA,0.276705366547888,0.276705366547888
1980,"SSEI","dsrlessye","private",0.9,"Southeast",NA,NA,NA,NA,NA,NA,NA,NA,NA,NA,NA,1,NA,NA,NA,0.276705366547888,0.276705366547888
1981,"SSEI","dsrlessye","private",0.9,"Southeast",NA,NA,NA,NA,NA,NA,NA,NA,NA,NA,NA,1,NA,NA,NA,0.276705366547888,0.276705366547888
1982,"SSEI","dsrlessye","private",0.9,"Southeast",NA,NA,NA,NA,NA,NA,NA,NA,NA,NA,NA,1,NA,NA,NA,0.276705366547888,0.276705366547888
1983,"SSEI","dsrlessye","private",0.9,"Southeast",NA,NA,NA,NA,NA,NA,NA,NA,NA,NA,NA,1,NA,NA,NA,0.276705366547888,0.276705366547888
1984,"SSEI","dsrlessye","private",0.9,"Southeast",NA,NA,NA,NA,NA,NA,NA,NA,NA,NA,NA,1,NA,NA,NA,0.276705366547888,0.276705366547888
1985,"SSEI","dsrlessye","private",0.9,"Southeast",NA,NA,NA,NA,NA,NA,NA,NA,NA,NA,NA,1,NA,NA,NA,0.276705366547888,0.276705366547888
1986,"SSEI","dsrlessye","private",0.9,"Southeast",NA,NA,NA,NA,NA,NA,NA,NA,NA,NA,NA,1,NA,NA,NA,0.276705366547888,0.276705366547888
1987,"SSEI","dsrlessye","private",0.9,"Southeast",NA,NA,NA,NA,NA,NA,NA,NA,NA,NA,NA,1,NA,NA,NA,0.276705366547888,0.276705366547888
1988,"SSEI","dsrlessye","private",0.9,"Southeast",NA,NA,NA,NA,NA,NA,NA,NA,NA,NA,NA,1,NA,NA,NA,0.276705366547888,0.276705366547888
1989,"SSEI","dsrlessye","private",0.9,"Southeast",NA,NA,NA,NA,NA,NA,NA,NA,NA,NA,NA,1,NA,NA,NA,0.276705366547888,0.276705366547888
1990,"SSEI","dsrlessye","private",0.9,"Southeast",NA,NA,NA,NA,NA,NA,NA,NA,NA,NA,NA,1,NA,NA,NA,0.276705366547888,0.276705366547888
1991,"SSEI","dsrlessye","private",0.9,"Southeast",NA,NA,NA,NA,NA,NA,NA,NA,NA,NA,NA,1,NA,NA,NA,0.276705366547888,0.276705366547888
1992,"SSEI","dsrlessye","private",0.9,"Southeast",NA,NA,NA,NA,NA,NA,NA,NA,NA,NA,NA,1,NA,NA,NA,0.276705366547888,0.276705366547888
1993,"SSEI","dsrlessye","private",0.9,"Southeast",NA,NA,NA,NA,NA,NA,NA,NA,NA,NA,NA,1,NA,NA,NA,0.276705366547888,0.276705366547888
1994,"SSEI","dsrlessye","private",0.9,"Southeast",NA,NA,NA,NA,NA,NA,NA,NA,NA,NA,NA,1,NA,NA,NA,0.276705366547888,0.276705366547888
1995,"SSEI","dsrlessye","private",0.9,"Southeast",NA,NA,NA,NA,NA,NA,NA,NA,NA,NA,NA,1,NA,NA,NA,0.276705366547888,0.276705366547888
1996,"SSEI","dsrlessye","private",0.9,"Southeast",NA,NA,NA,NA,NA,NA,NA,NA,NA,NA,NA,1,NA,NA,NA,0.276705366547888,0.276705366547888
1997,"SSEI","dsrlessye","private",0.9,"Southeast",NA,NA,NA,NA,NA,NA,NA,NA,NA,NA,NA,1,NA,NA,NA,0.276705366547888,0.276705366547888
1998,"SSEI","dsrlessye","private",0.9,"Southeast",NA,NA,NA,NA,NA,NA,NA,NA,NA,NA,NA,1,NA,NA,NA,0.276705366547888,0.276705366547888
1999,"SSEI","dsrlessye","private",0.9,"Southeast",NA,NA,NA,NA,NA,NA,NA,NA,NA,NA,NA,1,NA,NA,NA,0.276705366547888,0.276705366547888
2000,"SSEI","dsrlessye","private",0.9,"Southeast",NA,NA,NA,NA,NA,NA,NA,NA,NA,NA,NA,1,NA,NA,NA,0.276705366547888,0.276705366547888
2001,"SSEI","dsrlessye","private",0.9,"Southeast",NA,NA,NA,NA,NA,NA,NA,NA,NA,NA,NA,1,NA,NA,NA,0.276705366547888,0.276705366547888
2002,"SSEI","dsrlessye","private",0.9,"Southeast",NA,NA,NA,NA,NA,NA,NA,NA,NA,NA,NA,1,NA,NA,NA,0.276705366547888,0.276705366547888
2003,"SSEI","dsrlessye","private",0.9,"Southeast",NA,NA,NA,NA,NA,NA,NA,NA,NA,NA,NA,1,NA,NA,NA,0.276705366547888,0.276705366547888
2004,"SSEI","dsrlessye","private",0.9,"Southeast",NA,NA,NA,NA,NA,NA,NA,NA,NA,NA,NA,1,NA,NA,NA,0.276705366547888,0.276705366547888
2005,"SSEI","dsrlessye","private",0.9,"Southeast",NA,NA,NA,NA,NA,NA,NA,NA,NA,NA,NA,1,NA,NA,NA,0.276705366547888,0.276705366547888
2006,"SSEI","dsrlessye","private",0.9,"Southeast",299,1,299,0.925196491638796,0.386596153230304,0.0221061078395877,400.733333333333,172.6,2.12773973186714,140.524705875385,"bootstrap",0.417853025518426,2.03970911341153,0.852298624216514,0.0487356253833144,0.276705366547888,0.0487356253833144
2007,"SSEI","dsrlessye","private",0.9,"Southeast",242,1,242,0.996149663206612,0.365009961300648,0.0240896041862098,400.733333333333,172.6,2.12773973186714,113.735715123221,"bootstrap",0.36642080480726,2.19613408041068,0.804709217208733,0.0531084862957648,0.276705366547888,0.0531084862957648
2008,"SSEI","dsrlessye","private",0.9,"Southeast",274,1,274,0.948479394605839,0.362024225939575,0.021999206639165,400.733333333333,172.6,2.12773973186714,128.775148527945,"bootstrap",0.381689078327339,2.09103912795194,0.798126797494378,0.0484999485787573,0.276705366547888,0.0484999485787573
2009,"SSEI","dsrlessye","private",0.9,"Southeast",188,1,188,0.902920045984043,0.3580704533261,0.0269805575822034,400.733333333333,172.6,2.12773973186714,88.3566712527503,"bootstrap",0.396569391629642,1.99059795742786,0.789410220956374,0.0594819475459381,0.276705366547888,0.0594819475459381
2010,"SSEI","dsrlessye","private",0.9,"Southeast",328,1,328,0.927009735125,0.364654087644333,0.0204777049985625,400.733333333333,172.6,2.12773973186714,154.154192398415,"bootstrap",0.393365974301405,2.04370663101678,0.803924650096159,0.045145611645518,0.276705366547888,0.045145611645518
2011,"SSEI","dsrlessye","private",0.9,"Southeast",454,179,2.53631284916201,0.940028865539648,0.393554738897496,0.0192114670516888,400.733333333333,172.6,2.12773973186714,179,"bootstrap",0.418662397852608,2.07240890042165,0.867639679581613,0.0423540348255378,0.276705366547888,0.0423540348255378
2012,"SSEI","dsrlessye","private",0.9,"Southeast",379,156,2.42948717948718,0.940584496094987,0.410911767161591,0.0204590381983636,400.733333333333,172.6,2.12773973186714,156,"bootstrap",0.436868531075696,2.07363385611231,0.905905376708617,0.0451044583955564,0.276705366547888,0.0451044583955564
2013,"SSEI","dsrlessye","private",0.8,"Southeast",599,222,2.6981981981982,0.893119859612688,0.385880215462547,0.014946189792848,400.733333333333,172.6,2.12773973186714,222,"bootstrap",0.432058711167713,1.96899224487336,0.850720251619205,0.0329507081001258,0.276705366547888,0.0329507081001258
2014,"SSEI","dsrlessye","private",0.8,"Southeast",849,291,2.91752577319588,0.934965184289753,0.396026148443207,0.0134085992608768,400.733333333333,172.6,2.12773973186714,291,"bootstrap",0.423573150206709,2.06124539419766,0.873088204969372,0.0295609012330443,0.276705366547888,0.0295609012330443
2015,"SSEI","dsrlessye","private",0.8,"Southeast",786,260,3.02307692307692,0.873918221998728,0.361021863946998,0.0127008855380345,400.733333333333,172.6,2.12773973186714,260,"bootstrap",0.413107147624533,1.92665988024858,0.795916967572114,0.0280006595511817,0.276705366547888,0.0280006595511817
2016,"SSEI","dsrlessye","private",0.8,"Southeast",858,313,2.74121405750799,0.978350899905594,0.332693040286708,0.0114887129217178,400.733333333333,172.6,2.12773973186714,313,"bootstrap",0.340054923360127,2.15689452422923,0.733462602132648,0.0253282763819053,0.276705366547888,0.0253282763819053
2017,"SSEI","dsrlessye","private",0.7,"Southeast",439,257,1.70817120622568,0.936422167487472,0.328518325496671,0.0152320312484473,400.733333333333,172.6,2.12773973186714,257,"bootstrap",0.350822884061068,2.06445749231231,0.724258931474484,0.0335808806388738,0.276705366547888,0.0335808806388738
2018,"SSEI","dsrlessye","private",0.6,"Southeast",628,332,1.89156626506024,0.958486495974522,0.350777730746871,0.0140864497148657,400.733333333333,172.6,2.12773973186714,332,"bootstrap",0.365970446344395,2.11310100998997,0.773332519796821,0.0310553056768855,0.276705366547888,0.0310553056768855
2019,"SSEI","dsrlessye","private",0.5,"Southeast",332,180,1.84444444444444,0.931234524740964,0.37717500542472,0.0206750080391184,400.733333333333,172.6,2.12773973186714,180,"bootstrap",0.405026870679689,2.05302069776888,0.83152854865796,0.0455805903917223,0.276705366547888,0.0455805903917223
2020,"SSEI","dsrlessye","private",0.2,"Southeast",18,11,1.63636363636364,0.687418793444444,0.281059053639098,0.0627557215547139,400.733333333333,172.6,2.12773973186714,11,"bootstrap",0.408861463083949,1.51549902144073,0.619629147208549,0.138352683273944,0.276705366547888,0.138352683273944
2021,"SSEI","dsrlessye","private",0.2,"Southeast",34,20,1.7,0.865797996647059,0.318490403028579,0.0537832965140616,400.733333333333,172.6,2.12773973186714,20,"bootstrap",0.367857634531362,1.90875784775879,0.702151146769722,0.118571872073067,0.276705366547888,0.118571872073067
2022,"SSEI","dsrlessye","private",0.2,"Southeast",101,63,1.6031746031746,0.992272789722772,0.418848149697409,0.0419736222971679,400.733333333333,172.6,2.12773973186714,63,"bootstrap",0.422109881511948,2.18758703743333,0.923402105168054,0.0925359971596727,0.276705366547888,0.0925359971596727
2023,"SSEI","dsrlessye","private",0.2,"Southeast",95,59,1.61016949152542,1.1605423966,0.404310077014182,0.0410530659555819,400.733333333333,172.6,2.12773973186714,59,"bootstrap",0.348380273050493,2.55855801901337,0.891351141279408,0.0905065178260278,0.276705366547888,0.0905065178260278
2024,"SSEI","dsrlessye","private",0.2,"Southeast",164,91,1.8021978021978,1.02698419706098,0.427438984246431,0.0318954562543093,400.733333333333,172.6,2.12773973186714,91,"bootstrap",0.416207946986599,2.26411259122317,0.942341653339505,0.0703174443334707,0.276705366547888,0.0703174443334707
2025,"SSEI","dsrlessye","private",0.2,"Southeast",289,NA,NA,0.984383085,0.08563367,NA,NA,NA,NA,NA,"4-stage",0.0869922201070734,2.17019321593638,0.188789925915615,NA,0.276705366547888,0.276705366547888
1977,"SSEO","dsrlessye","private",0.9,"Southeast",NA,NA,NA,NA,NA,NA,NA,NA,NA,NA,NA,1,NA,NA,NA,0.698476177381447,0.698476177381447
1978,"SSEO","dsrlessye","private",0.9,"Southeast",NA,NA,NA,NA,NA,NA,NA,NA,NA,NA,NA,1,NA,NA,NA,0.698476177381447,0.698476177381447
1979,"SSEO","dsrlessye","private",0.9,"Southeast",NA,NA,NA,NA,NA,NA,NA,NA,NA,NA,NA,1,NA,NA,NA,0.698476177381447,0.698476177381447
1980,"SSEO","dsrlessye","private",0.9,"Southeast",NA,NA,NA,NA,NA,NA,NA,NA,NA,NA,NA,1,NA,NA,NA,0.698476177381447,0.698476177381447
1981,"SSEO","dsrlessye","private",0.9,"Southeast",NA,NA,NA,NA,NA,NA,NA,NA,NA,NA,NA,1,NA,NA,NA,0.698476177381447,0.698476177381447
1982,"SSEO","dsrlessye","private",0.9,"Southeast",NA,NA,NA,NA,NA,NA,NA,NA,NA,NA,NA,1,NA,NA,NA,0.698476177381447,0.698476177381447
1983,"SSEO","dsrlessye","private",0.9,"Southeast",NA,NA,NA,NA,NA,NA,NA,NA,NA,NA,NA,1,NA,NA,NA,0.698476177381447,0.698476177381447
1984,"SSEO","dsrlessye","private",0.9,"Southeast",NA,NA,NA,NA,NA,NA,NA,NA,NA,NA,NA,1,NA,NA,NA,0.698476177381447,0.698476177381447
1985,"SSEO","dsrlessye","private",0.9,"Southeast",NA,NA,NA,NA,NA,NA,NA,NA,NA,NA,NA,1,NA,NA,NA,0.698476177381447,0.698476177381447
1986,"SSEO","dsrlessye","private",0.9,"Southeast",NA,NA,NA,NA,NA,NA,NA,NA,NA,NA,NA,1,NA,NA,NA,0.698476177381447,0.698476177381447
1987,"SSEO","dsrlessye","private",0.9,"Southeast",NA,NA,NA,NA,NA,NA,NA,NA,NA,NA,NA,1,NA,NA,NA,0.698476177381447,0.698476177381447
1988,"SSEO","dsrlessye","private",0.9,"Southeast",NA,NA,NA,NA,NA,NA,NA,NA,NA,NA,NA,1,NA,NA,NA,0.698476177381447,0.698476177381447
1989,"SSEO","dsrlessye","private",0.9,"Southeast",NA,NA,NA,NA,NA,NA,NA,NA,NA,NA,NA,1,NA,NA,NA,0.698476177381447,0.698476177381447
1990,"SSEO","dsrlessye","private",0.9,"Southeast",NA,NA,NA,NA,NA,NA,NA,NA,NA,NA,NA,1,NA,NA,NA,0.698476177381447,0.698476177381447
1991,"SSEO","dsrlessye","private",0.9,"Southeast",NA,NA,NA,NA,NA,NA,NA,NA,NA,NA,NA,1,NA,NA,NA,0.698476177381447,0.698476177381447
1992,"SSEO","dsrlessye","private",0.9,"Southeast",NA,NA,NA,NA,NA,NA,NA,NA,NA,NA,NA,1,NA,NA,NA,0.698476177381447,0.698476177381447
1993,"SSEO","dsrlessye","private",0.9,"Southeast",NA,NA,NA,NA,NA,NA,NA,NA,NA,NA,NA,1,NA,NA,NA,0.698476177381447,0.698476177381447
1994,"SSEO","dsrlessye","private",0.9,"Southeast",NA,NA,NA,NA,NA,NA,NA,NA,NA,NA,NA,1,NA,NA,NA,0.698476177381447,0.698476177381447
1995,"SSEO","dsrlessye","private",0.9,"Southeast",NA,NA,NA,NA,NA,NA,NA,NA,NA,NA,NA,1,NA,NA,NA,0.698476177381447,0.698476177381447
1996,"SSEO","dsrlessye","private",0.9,"Southeast",NA,NA,NA,NA,NA,NA,NA,NA,NA,NA,NA,1,NA,NA,NA,0.698476177381447,0.698476177381447
1997,"SSEO","dsrlessye","private",0.9,"Southeast",NA,NA,NA,NA,NA,NA,NA,NA,NA,NA,NA,1,NA,NA,NA,0.698476177381447,0.698476177381447
1998,"SSEO","dsrlessye","private",0.9,"Southeast",NA,NA,NA,NA,NA,NA,NA,NA,NA,NA,NA,1,NA,NA,NA,0.698476177381447,0.698476177381447
1999,"SSEO","dsrlessye","private",0.9,"Southeast",NA,NA,NA,NA,NA,NA,NA,NA,NA,NA,NA,1,NA,NA,NA,0.698476177381447,0.698476177381447
2000,"SSEO","dsrlessye","private",0.9,"Southeast",NA,NA,NA,NA,NA,NA,NA,NA,NA,NA,NA,1,NA,NA,NA,0.698476177381447,0.698476177381447
2001,"SSEO","dsrlessye","private",0.9,"Southeast",NA,NA,NA,NA,NA,NA,NA,NA,NA,NA,NA,1,NA,NA,NA,0.698476177381447,0.698476177381447
2002,"SSEO","dsrlessye","private",0.9,"Southeast",NA,NA,NA,NA,NA,NA,NA,NA,NA,NA,NA,1,NA,NA,NA,0.698476177381447,0.698476177381447
2003,"SSEO","dsrlessye","private",0.9,"Southeast",NA,NA,NA,NA,NA,NA,NA,NA,NA,NA,NA,1,NA,NA,NA,0.698476177381447,0.698476177381447
2004,"SSEO","dsrlessye","private",0.9,"Southeast",NA,NA,NA,NA,NA,NA,NA,NA,NA,NA,NA,1,NA,NA,NA,0.698476177381447,0.698476177381447
2005,"SSEO","dsrlessye","private",0.9,"Southeast",NA,NA,NA,NA,NA,NA,NA,NA,NA,NA,NA,1,NA,NA,NA,0.698476177381447,0.698476177381447
2006,"SSEO","dsrlessye","private",0.9,"Southeast",30,1,30,1.17656828793333,0.30911418940277,0.0567979996927712,42.8571428571429,21,1.81864959497312,16.495756017499,"bootstrap",0.26272524304198,2.59388906155249,0.681480134120311,0.125218154893436,0.698476177381447,0.125218154893436
2007,"SSEO","dsrlessye","private",0.9,"Southeast",45,1,45,1.13486307388889,0.352369859800334,0.0521198494380868,42.8571428571429,21,1.81864959497312,24.7436340262485,"bootstrap",0.310495484352003,2.50194480329818,0.776842563522045,0.1149045990222,0.698476177381447,0.1149045990222
2008,"SSEO","dsrlessye","private",0.9,"Southeast",57,1,57,1.06012278533333,0.349192488161821,0.0477430712720641,42.8571428571429,21,1.81864959497312,31.3419364332481,"bootstrap",0.329388720809379,2.33717067252326,0.769837658135633,0.105255454874665,0.698476177381447,0.105255454874665
2009,"SSEO","dsrlessye","private",0.9,"Southeast",76,1,76,1.32991785222368,0.861561877124897,0.096731166157637,42.8571428571429,21,1.81864959497312,41.7892485776641,"bootstrap",0.647830898490706,2.93196697975414,1.89941880283921,0.213255716970105,0.698476177381447,0.213255716970105
2010,"SSEO","dsrlessye","private",0.9,"Southeast",41,1,41,1.20658591629268,0.345407466113648,0.0521160888913041,42.8571428571429,21,1.81864959497312,22.5441998905819,"bootstrap",0.286268438450646,2.66006660403227,0.761493112911032,0.1148963084357,0.698476177381447,0.1148963084357
2011,"SSEO","dsrlessye","private",0.9,"Southeast",92,37,2.48648648648649,1.12989279367391,0.337877741991703,0.0364825105195718,42.8571428571429,21,1.81864959497312,37,"bootstrap",0.299035221645298,2.49098721110849,0.744892912789432,0.0804301679258359,0.698476177381447,0.0804301679258359
2012,"SSEO","dsrlessye","private",0.9,"Southeast",84,35,2.4,1.05363656109524,0.326549463121929,0.0340431066927091,42.8571428571429,21,1.81864959497312,35,"bootstrap",0.309926093284468,2.32287099584958,0.71991833294746,0.0750522030698199,0.698476177381447,0.0750522030698199
2013,"SSEO","dsrlessye","private",0.8,"Southeast",34,20,1.7,1.50597390238235,0.938269577304748,0.158411732476338,42.8571428571429,21,1.81864959497312,20,"bootstrap",0.623031764242706,3.3201041303218,2.06853033378389,0.349238088690723,0.698476177381447,0.349238088690723
2014,"SSEO","dsrlessye","private",0.8,"Southeast",80,34,2.35294117647059,1.0497693203125,0.298653909704264,0.0333771933961137,42.8571428571429,21,1.81864959497312,34,"bootstrap",0.28449479702394,2.31434518934296,0.658419164885458,0.0735841155531869,0.698476177381447,0.0735841155531869
2015,"SSEO","dsrlessye","private",0.8,"Southeast",99,33,3,0.969126799373737,0.259316664845331,0.0257254222137267,42.8571428571429,21,1.81864959497312,33,"bootstrap",0.267577643103983,2.13655886354754,0.571695385060976,0.0567148477214324,0.698476177381447,0.0567148477214324
2016,"SSEO","dsrlessye","private",0.8,"Southeast",38,20,1.9,1.1264034015,0.3647175484545,0.0583537502724349,42.8571428571429,21,1.81864959497312,20,"bootstrap",0.323789459414643,2.48329441819184,0.804064557233737,0.128647997812441,0.698476177381447,0.128647997812441
2017,"SSEO","dsrlessye","private",0.7,"Southeast",54,35,1.54285714285714,1.0939231392037,0.328632158738305,0.0433295652678694,42.8571428571429,21,1.81864959497312,35,"bootstrap",0.300416132505915,2.41168769722989,0.724509890813898,0.0955253397043112,0.698476177381447,0.0955253397043112
2018,"SSEO","dsrlessye","private",0.6,"Southeast",38,28,1.35714285714286,1.25032563981579,0.524285059928602,0.0858147203892178,42.8571428571429,21,1.81864959497312,28,"bootstrap",0.419318810422735,2.75649618790386,1.15585070244665,0.189189073699045,0.698476177381447,0.189189073699045
2019,"SSEO","dsrlessye","private",0.5,"Southeast",42,25,1.68,1.15001278180952,0.327732603047425,0.052103975817146,42.8571428571429,21,1.81864959497312,25,"bootstrap",0.284981704752659,2.53534419206639,0.722526709989834,0.114869603678413,0.698476177381447,0.114869603678413
2020,"SSEO","dsrlessye","private",0.2,"Southeast",NA,NA,NA,NA,NA,NA,NA,NA,NA,NA,NA,1,NA,NA,NA,0.698476177381447,0.698476177381447
2021,"SSEO","dsrlessye","private",0.2,"Southeast",NA,NA,NA,NA,NA,NA,NA,NA,NA,NA,NA,1,NA,NA,NA,0.698476177381447,0.698476177381447
2022,"SSEO","dsrlessye","private",0.2,"Southeast",NA,NA,NA,NA,NA,NA,NA,NA,NA,NA,NA,1,NA,NA,NA,0.698476177381447,0.698476177381447
2023,"SSEO","dsrlessye","private",0.2,"Southeast",NA,NA,NA,NA,NA,NA,NA,NA,NA,NA,NA,1,NA,NA,NA,0.698476177381447,0.698476177381447
2024,"SSEO","dsrlessye","private",0.2,"Southeast",13,8,1.625,0.985936054923077,0.322393302797833,0.0820629807698693,42.8571428571429,21,1.81864959497312,8,"bootstrap",0.326992101757539,2.17361692855698,0.710755567884612,0.180917903669879,0.698476177381447,0.180917903669879
2025,"SSEO","dsrlessye","private",0.2,"Southeast",10,NA,NA,1.210098565,0.170756786,NA,NA,NA,NA,NA,"4-stage",0.141109816124772,2.66781066882854,0.376454272934099,NA,0.698476177381447,0.698476177381447
1977,"CSEO","slope","charter",0.9,"Southeast",NA,NA,NA,NA,NA,NA,NA,NA,NA,NA,NA,1,NA,NA,NA,1.67246861440648,1.67246861440648
1978,"CSEO","slope","charter",0.9,"Southeast",NA,NA,NA,NA,NA,NA,NA,NA,NA,NA,NA,1,NA,NA,NA,1.67246861440648,1.67246861440648
1979,"CSEO","slope","charter",0.9,"Southeast",NA,NA,NA,NA,NA,NA,NA,NA,NA,NA,NA,1,NA,NA,NA,1.67246861440648,1.67246861440648
1980,"CSEO","slope","charter",0.9,"Southeast",NA,NA,NA,NA,NA,NA,NA,NA,NA,NA,NA,1,NA,NA,NA,1.67246861440648,1.67246861440648
1981,"CSEO","slope","charter",0.9,"Southeast",NA,NA,NA,NA,NA,NA,NA,NA,NA,NA,NA,1,NA,NA,NA,1.67246861440648,1.67246861440648
1982,"CSEO","slope","charter",0.9,"Southeast",NA,NA,NA,NA,NA,NA,NA,NA,NA,NA,NA,1,NA,NA,NA,1.67246861440648,1.67246861440648
1983,"CSEO","slope","charter",0.9,"Southeast",NA,NA,NA,NA,NA,NA,NA,NA,NA,NA,NA,1,NA,NA,NA,1.67246861440648,1.67246861440648
1984,"CSEO","slope","charter",0.9,"Southeast",NA,NA,NA,NA,NA,NA,NA,NA,NA,NA,NA,1,NA,NA,NA,1.67246861440648,1.67246861440648
1985,"CSEO","slope","charter",0.9,"Southeast",NA,NA,NA,NA,NA,NA,NA,NA,NA,NA,NA,1,NA,NA,NA,1.67246861440648,1.67246861440648
1986,"CSEO","slope","charter",0.9,"Southeast",NA,NA,NA,NA,NA,NA,NA,NA,NA,NA,NA,1,NA,NA,NA,1.67246861440648,1.67246861440648
1987,"CSEO","slope","charter",0.9,"Southeast",NA,NA,NA,NA,NA,NA,NA,NA,NA,NA,NA,1,NA,NA,NA,1.67246861440648,1.67246861440648
1988,"CSEO","slope","charter",0.9,"Southeast",NA,NA,NA,NA,NA,NA,NA,NA,NA,NA,NA,1,NA,NA,NA,1.67246861440648,1.67246861440648
1989,"CSEO","slope","charter",0.9,"Southeast",NA,NA,NA,NA,NA,NA,NA,NA,NA,NA,NA,1,NA,NA,NA,1.67246861440648,1.67246861440648
1990,"CSEO","slope","charter",0.9,"Southeast",NA,NA,NA,NA,NA,NA,NA,NA,NA,NA,NA,1,NA,NA,NA,1.67246861440648,1.67246861440648
1991,"CSEO","slope","charter",0.9,"Southeast",NA,NA,NA,NA,NA,NA,NA,NA,NA,NA,NA,1,NA,NA,NA,1.67246861440648,1.67246861440648
1992,"CSEO","slope","charter",0.9,"Southeast",NA,NA,NA,NA,NA,NA,NA,NA,NA,NA,NA,1,NA,NA,NA,1.67246861440648,1.67246861440648
1993,"CSEO","slope","charter",0.9,"Southeast",NA,NA,NA,NA,NA,NA,NA,NA,NA,NA,NA,1,NA,NA,NA,1.67246861440648,1.67246861440648
1994,"CSEO","slope","charter",0.9,"Southeast",NA,NA,NA,NA,NA,NA,NA,NA,NA,NA,NA,1,NA,NA,NA,1.67246861440648,1.67246861440648
1995,"CSEO","slope","charter",0.9,"Southeast",NA,NA,NA,NA,NA,NA,NA,NA,NA,NA,NA,1,NA,NA,NA,1.67246861440648,1.67246861440648
1996,"CSEO","slope","charter",0.9,"Southeast",NA,NA,NA,NA,NA,NA,NA,NA,NA,NA,NA,1,NA,NA,NA,1.67246861440648,1.67246861440648
1997,"CSEO","slope","charter",0.9,"Southeast",NA,NA,NA,NA,NA,NA,NA,NA,NA,NA,NA,1,NA,NA,NA,1.67246861440648,1.67246861440648
1998,"CSEO","slope","charter",0.9,"Southeast",NA,NA,NA,NA,NA,NA,NA,NA,NA,NA,NA,1,NA,NA,NA,1.67246861440648,1.67246861440648
1999,"CSEO","slope","charter",0.9,"Southeast",NA,NA,NA,NA,NA,NA,NA,NA,NA,NA,NA,1,NA,NA,NA,1.67246861440648,1.67246861440648
2000,"CSEO","slope","charter",0.9,"Southeast",NA,NA,NA,NA,NA,NA,NA,NA,NA,NA,NA,1,NA,NA,NA,1.67246861440648,1.67246861440648
2001,"CSEO","slope","charter",0.9,"Southeast",NA,NA,NA,NA,NA,NA,NA,NA,NA,NA,NA,1,NA,NA,NA,1.67246861440648,1.67246861440648
2002,"CSEO","slope","charter",0.9,"Southeast",NA,NA,NA,NA,NA,NA,NA,NA,NA,NA,NA,1,NA,NA,NA,1.67246861440648,1.67246861440648
2003,"CSEO","slope","charter",0.9,"Southeast",NA,NA,NA,NA,NA,NA,NA,NA,NA,NA,NA,1,NA,NA,NA,1.67246861440648,1.67246861440648
2004,"CSEO","slope","charter",0.9,"Southeast",NA,NA,NA,NA,NA,NA,NA,NA,NA,NA,NA,1,NA,NA,NA,1.67246861440648,1.67246861440648
2005,"CSEO","slope","charter",0.9,"Southeast",NA,NA,NA,NA,NA,NA,NA,NA,NA,NA,NA,1,NA,NA,NA,1.67246861440648,1.67246861440648
2006,"CSEO","slope","charter",0.9,"Southeast",40,1,40,2.1406668061,1.13034605021355,0.182757079245428,231.133333333333,114.2,2.03106810312452,19.6940712812463,"bootstrap",0.528034557733384,4.71936246261121,2.49198647072845,0.402910390869603,1.67246861440648,0.402910390869603
2007,"CSEO","slope","charter",0.9,"Southeast",28,1,28,2.93022379439286,1.6741942068215,0.311040513790462,231.133333333333,114.2,2.03106810312452,13.7858498968724,"bootstrap",0.571353700022899,6.46003765878073,3.69096641863164,0.685726952438874,1.67246861440648,0.685726952438874
2008,"CSEO","slope","charter",0.9,"Southeast",35,1,35,2.7414352266,2.27052832592115,0.379309501597711,231.133333333333,114.2,2.03106810312452,17.2323123710905,"bootstrap",0.828226143696679,6.04383011182719,5.0056581066765,0.83623430720324,1.67246861440648,0.83623430720324
2009,"CSEO","slope","charter",0.9,"Southeast",35,1,35,2.2203584908,1.20365159311115,0.200367698997846,231.133333333333,114.2,2.03106810312452,17.2323123710905,"bootstrap",0.542097863069613,4.89505255332674,2.65359752877188,0.441735161528003,1.67246861440648,0.441735161528003
2010,"CSEO","slope","charter",0.9,"Southeast",84,1,84,1.51172833580952,0.987979632580801,0.111037024437508,231.133333333333,114.2,2.03106810312452,41.3575496906172,"bootstrap",0.653543106375488,3.33279048442062,2.17812224608692,0.244794735732423,1.67246861440648,0.244794735732423
2011,"CSEO","slope","charter",0.9,"Southeast",106,52,2.03846153846154,3.12585438910377,2.93099544185242,0.285121824469813,231.133333333333,114.2,2.03106810312452,52,"bootstrap",0.937662180320812,6.89132929304445,6.46173885022474,0.628586023681819,1.67246861440648,0.628586023681819
2012,"CSEO","slope","charter",0.9,"Southeast",249,132,1.88636363636364,1.96633581785944,1.66719212674936,0.10340717357109,231.133333333333,114.2,2.03106810312452,132,"bootstrap",0.847867445431712,4.33502842256912,3.67552947451755,0.227973793925091,1.67246861440648,0.227973793925091
2013,"CSEO","slope","charter",0.2,"Southeast",369,201,1.83582089552239,1.97914958888076,1.58145836926096,0.0818766996345948,231.133333333333,114.2,2.03106810312452,201,"bootstrap",0.799059544637704,4.36327795201022,3.48651889346102,0.180507224065373,1.67246861440648,0.180507224065373
2014,"CSEO","slope","charter",0.2,"Southeast",223,121,1.84297520661157,1.68576283197758,1.41751857974202,0.0922052112211355,231.133333333333,114.2,2.03106810312452,121,"bootstrap",0.840876636293564,3.71647087133303,3.12509352516953,0.203277694339993,1.67246861440648,0.203277694339993
2015,"CSEO","slope","charter",0.2,"Southeast",209,116,1.80172413793103,1.54332223249761,1.22133824123594,0.0856304381248041,231.133333333333,114.2,2.03106810312452,116,"bootstrap",0.791369563347382,3.40244310371313,2.69258991329977,0.188782800850453,1.67246861440648,0.188782800850453
2016,"CSEO","slope","charter",0.2,"Southeast",206,133,1.54887218045113,1.86121216776699,1.69024696832918,0.120290663212978,231.133333333333,114.2,2.03106810312452,133,"bootstrap",0.908143089542055,4.10327044567834,3.72635669976493,0.265195517094133,1.67246861440648,0.265195517094133
2017,"CSEO","slope","charter",0.2,"Southeast",98,61,1.60655737704918,2.29316185894898,2.19895280485153,0.216484006072996,231.133333333333,114.2,2.03106810312452,61,"bootstrap",0.958917398817793,5.05555650556017,4.84786109388813,0.477265536656744,1.67246861440648,0.477265536656744
2018,"CSEO","slope","charter",0.2,"Southeast",303,152,1.99342105263158,3.75454169360726,3.07511755762391,0.178844587844373,231.133333333333,114.2,2.03106810312452,152,"bootstrap",0.819039395103753,8.27734754545967,6.77947372669682,0.394284823826282,1.67246861440648,0.394284823826282
2019,"CSEO","slope","charter",0.2,"Southeast",119,60,1.98333333333333,3.44743636417647,2.44905367131085,0.215952034002626,231.133333333333,114.2,2.03106810312452,60,"bootstrap",0.710398514316271,7.600296189474,5.39923912136595,0.476092738997198,1.67246861440648,0.476092738997198
2020,"CSEO","slope","charter",0.2,"Southeast",101,57,1.7719298245614,2.73498968622772,2.44824374242223,0.239880551616543,231.133333333333,114.2,2.03106810312452,57,"bootstrap",0.89515648075405,6.02962012772433,5.3974535338175,0.528846090191908,1.67246861440648,0.528846090191908
2021,"CSEO","slope","charter",0.2,"Southeast",131,45,2.91111111111111,4.11837441096183,3.04438979678694,0.255719230497845,231.133333333333,114.2,2.03106810312452,45,"bootstrap",0.73922122978516,9.07946138403563,6.71173061009369,0.563764399924543,1.67246861440648,0.563764399924543
2022,"CSEO","slope","charter",0.2,"Southeast",236,121,1.9504132231405,3.37929455518644,3.27475970800245,0.21645480751668,231.133333333333,114.2,2.03106810312452,121,"bootstrap",0.96906607415339,7.45006921600686,7.2196093273268,0.477201164859019,1.67246861440648,0.477201164859019
2023,"CSEO","slope","charter",0.2,"Southeast",275,121,2.27272727272727,3.47700718180727,3.00403061296786,0.175097415076037,231.133333333333,114.2,2.03106810312452,121,"bootstrap",0.863970206528717,7.66548868291476,6.62275384052141,0.38602372198016,1.67246861440648,0.38602372198016
2024,"CSEO","slope","charter",0.2,"Southeast",234,90,2.6,2.97171323244444,2.66916575912097,0.169536016960109,231.133333333333,114.2,2.03106810312452,90,"bootstrap",0.898190892034827,6.55150621240033,5.88450320908756,0.37376293789496,1.67246861440648,0.37376293789496
2025,"CSEO","slope","charter",0.2,"Southeast",625,NA,NA,3.148595347,0.344815629,NA,NA,NA,NA,NA,"4-stage",0.109514113755057,6.94146452322295,0.760188335422928,NA,1.67246861440648,1.67246861440648
1977,"EWYKT","slope","charter",0.9,"Southeast",NA,NA,NA,NA,NA,NA,NA,NA,NA,NA,NA,1,NA,NA,NA,10,10
1978,"EWYKT","slope","charter",0.9,"Southeast",NA,NA,NA,NA,NA,NA,NA,NA,NA,NA,NA,1,NA,NA,NA,10,10
1979,"EWYKT","slope","charter",0.9,"Southeast",NA,NA,NA,NA,NA,NA,NA,NA,NA,NA,NA,1,NA,NA,NA,10,10
1980,"EWYKT","slope","charter",0.9,"Southeast",NA,NA,NA,NA,NA,NA,NA,NA,NA,NA,NA,1,NA,NA,NA,10,10
1981,"EWYKT","slope","charter",0.9,"Southeast",NA,NA,NA,NA,NA,NA,NA,NA,NA,NA,NA,1,NA,NA,NA,10,10
1982,"EWYKT","slope","charter",0.9,"Southeast",NA,NA,NA,NA,NA,NA,NA,NA,NA,NA,NA,1,NA,NA,NA,10,10
1983,"EWYKT","slope","charter",0.9,"Southeast",NA,NA,NA,NA,NA,NA,NA,NA,NA,NA,NA,1,NA,NA,NA,10,10
1984,"EWYKT","slope","charter",0.9,"Southeast",NA,NA,NA,NA,NA,NA,NA,NA,NA,NA,NA,1,NA,NA,NA,10,10
1985,"EWYKT","slope","charter",0.9,"Southeast",NA,NA,NA,NA,NA,NA,NA,NA,NA,NA,NA,1,NA,NA,NA,10,10
1986,"EWYKT","slope","charter",0.9,"Southeast",NA,NA,NA,NA,NA,NA,NA,NA,NA,NA,NA,1,NA,NA,NA,10,10
1987,"EWYKT","slope","charter",0.9,"Southeast",NA,NA,NA,NA,NA,NA,NA,NA,NA,NA,NA,1,NA,NA,NA,10,10
1988,"EWYKT","slope","charter",0.9,"Southeast",NA,NA,NA,NA,NA,NA,NA,NA,NA,NA,NA,1,NA,NA,NA,10,10
1989,"EWYKT","slope","charter",0.9,"Southeast",NA,NA,NA,NA,NA,NA,NA,NA,NA,NA,NA,1,NA,NA,NA,10,10
1990,"EWYKT","slope","charter",0.9,"Southeast",NA,NA,NA,NA,NA,NA,NA,NA,NA,NA,NA,1,NA,NA,NA,10,10
1991,"EWYKT","slope","charter",0.9,"Southeast",NA,NA,NA,NA,NA,NA,NA,NA,NA,NA,NA,1,NA,NA,NA,10,10
1992,"EWYKT","slope","charter",0.9,"Southeast",NA,NA,NA,NA,NA,NA,NA,NA,NA,NA,NA,1,NA,NA,NA,10,10
1993,"EWYKT","slope","charter",0.9,"Southeast",NA,NA,NA,NA,NA,NA,NA,NA,NA,NA,NA,1,NA,NA,NA,10,10
1994,"EWYKT","slope","charter",0.9,"Southeast",NA,NA,NA,NA,NA,NA,NA,NA,NA,NA,NA,1,NA,NA,NA,10,10
1995,"EWYKT","slope","charter",0.9,"Southeast",NA,NA,NA,NA,NA,NA,NA,NA,NA,NA,NA,1,NA,NA,NA,10,10
1996,"EWYKT","slope","charter",0.9,"Southeast",NA,NA,NA,NA,NA,NA,NA,NA,NA,NA,NA,1,NA,NA,NA,10,10
1997,"EWYKT","slope","charter",0.9,"Southeast",NA,NA,NA,NA,NA,NA,NA,NA,NA,NA,NA,1,NA,NA,NA,10,10
1998,"EWYKT","slope","charter",0.9,"Southeast",NA,NA,NA,NA,NA,NA,NA,NA,NA,NA,NA,1,NA,NA,NA,10,10
1999,"EWYKT","slope","charter",0.9,"Southeast",NA,NA,NA,NA,NA,NA,NA,NA,NA,NA,NA,1,NA,NA,NA,10,10
2000,"EWYKT","slope","charter",0.9,"Southeast",NA,NA,NA,NA,NA,NA,NA,NA,NA,NA,NA,1,NA,NA,NA,10,10
2001,"EWYKT","slope","charter",0.9,"Southeast",NA,NA,NA,NA,NA,NA,NA,NA,NA,NA,NA,1,NA,NA,NA,10,10
2002,"EWYKT","slope","charter",0.9,"Southeast",NA,NA,NA,NA,NA,NA,NA,NA,NA,NA,NA,1,NA,NA,NA,10,10
2003,"EWYKT","slope","charter",0.9,"Southeast",NA,NA,NA,NA,NA,NA,NA,NA,NA,NA,NA,1,NA,NA,NA,10,10
2004,"EWYKT","slope","charter",0.9,"Southeast",NA,NA,NA,NA,NA,NA,NA,NA,NA,NA,NA,1,NA,NA,NA,10,10
2005,"EWYKT","slope","charter",0.9,"Southeast",NA,NA,NA,NA,NA,NA,NA,NA,NA,NA,NA,1,NA,NA,NA,10,10
2006,"EWYKT","slope","charter",0.9,"Southeast",NA,NA,NA,NA,NA,NA,NA,NA,NA,NA,NA,1,NA,NA,NA,10,10
2007,"EWYKT","slope","charter",0.9,"Southeast",NA,NA,NA,NA,NA,NA,NA,NA,NA,NA,NA,1,NA,NA,NA,10,10
2008,"EWYKT","slope","charter",0.9,"Southeast",NA,NA,NA,NA,NA,NA,NA,NA,NA,NA,NA,1,NA,NA,NA,10,10
2009,"EWYKT","slope","charter",0.9,"Southeast",NA,NA,NA,NA,NA,NA,NA,NA,NA,NA,NA,1,NA,NA,NA,10,10
2010,"EWYKT","slope","charter",0.9,"Southeast",NA,NA,NA,NA,NA,NA,NA,NA,NA,NA,NA,1,NA,NA,NA,10,10
2011,"EWYKT","slope","charter",0.9,"Southeast",NA,NA,NA,NA,NA,NA,NA,NA,NA,NA,NA,1,NA,NA,NA,10,10
2012,"EWYKT","slope","charter",0.9,"Southeast",NA,NA,NA,NA,NA,NA,NA,NA,NA,NA,NA,1,NA,NA,NA,10,10
2013,"EWYKT","slope","charter",0.2,"Southeast",NA,NA,NA,NA,NA,NA,NA,NA,NA,NA,NA,1,NA,NA,NA,10,10
2014,"EWYKT","slope","charter",0.2,"Southeast",NA,NA,NA,NA,NA,NA,NA,NA,NA,NA,NA,1,NA,NA,NA,10,10
2015,"EWYKT","slope","charter",0.2,"Southeast",NA,NA,NA,NA,NA,NA,NA,NA,NA,NA,NA,1,NA,NA,NA,10,10
2016,"EWYKT","slope","charter",0.2,"Southeast",NA,NA,NA,NA,NA,NA,NA,NA,NA,NA,NA,1,NA,NA,NA,10,10
2017,"EWYKT","slope","charter",0.2,"Southeast",NA,NA,NA,NA,NA,NA,NA,NA,NA,NA,NA,1,NA,NA,NA,10,10
2018,"EWYKT","slope","charter",0.2,"Southeast",NA,NA,NA,NA,NA,NA,NA,NA,NA,NA,NA,1,NA,NA,NA,10,10
2019,"EWYKT","slope","charter",0.2,"Southeast",NA,NA,NA,NA,NA,NA,NA,NA,NA,NA,NA,1,NA,NA,NA,10,10
2020,"EWYKT","slope","charter",0.2,"Southeast",NA,NA,NA,NA,NA,NA,NA,NA,NA,NA,NA,1,NA,NA,NA,10,10
2021,"EWYKT","slope","charter",0.2,"Southeast",NA,NA,NA,NA,NA,NA,NA,NA,NA,NA,NA,1,NA,NA,NA,10,10
2022,"EWYKT","slope","charter",0.2,"Southeast",NA,NA,NA,NA,NA,NA,NA,NA,NA,NA,NA,1,NA,NA,NA,10,10
2023,"EWYKT","slope","charter",0.2,"Southeast",NA,NA,NA,NA,NA,NA,NA,NA,NA,NA,NA,1,NA,NA,NA,10,10
2024,"EWYKT","slope","charter",0.2,"Southeast",NA,NA,NA,NA,NA,NA,NA,NA,NA,NA,NA,1,NA,NA,NA,10,10
2025,"EWYKT","slope","charter",0.2,"Southeast",5,NA,NA,2.108803741,0.856097338,NA,NA,NA,NA,NA,"4-stage",0.405963495490593,4.64911642854922,1.88737155627659,NA,10,10
1977,"NSEI","slope","charter",0.9,"Southeast",NA,NA,NA,NA,NA,NA,NA,NA,NA,NA,NA,1,NA,NA,NA,2.58752117240889,2.58752117240889
1978,"NSEI","slope","charter",0.9,"Southeast",NA,NA,NA,NA,NA,NA,NA,NA,NA,NA,NA,1,NA,NA,NA,2.58752117240889,2.58752117240889
1979,"NSEI","slope","charter",0.9,"Southeast",NA,NA,NA,NA,NA,NA,NA,NA,NA,NA,NA,1,NA,NA,NA,2.58752117240889,2.58752117240889
1980,"NSEI","slope","charter",0.9,"Southeast",NA,NA,NA,NA,NA,NA,NA,NA,NA,NA,NA,1,NA,NA,NA,2.58752117240889,2.58752117240889
1981,"NSEI","slope","charter",0.9,"Southeast",NA,NA,NA,NA,NA,NA,NA,NA,NA,NA,NA,1,NA,NA,NA,2.58752117240889,2.58752117240889
1982,"NSEI","slope","charter",0.9,"Southeast",NA,NA,NA,NA,NA,NA,NA,NA,NA,NA,NA,1,NA,NA,NA,2.58752117240889,2.58752117240889
1983,"NSEI","slope","charter",0.9,"Southeast",NA,NA,NA,NA,NA,NA,NA,NA,NA,NA,NA,1,NA,NA,NA,2.58752117240889,2.58752117240889
1984,"NSEI","slope","charter",0.9,"Southeast",NA,NA,NA,NA,NA,NA,NA,NA,NA,NA,NA,1,NA,NA,NA,2.58752117240889,2.58752117240889
1985,"NSEI","slope","charter",0.9,"Southeast",NA,NA,NA,NA,NA,NA,NA,NA,NA,NA,NA,1,NA,NA,NA,2.58752117240889,2.58752117240889
1986,"NSEI","slope","charter",0.9,"Southeast",NA,NA,NA,NA,NA,NA,NA,NA,NA,NA,NA,1,NA,NA,NA,2.58752117240889,2.58752117240889
1987,"NSEI","slope","charter",0.9,"Southeast",NA,NA,NA,NA,NA,NA,NA,NA,NA,NA,NA,1,NA,NA,NA,2.58752117240889,2.58752117240889
1988,"NSEI","slope","charter",0.9,"Southeast",NA,NA,NA,NA,NA,NA,NA,NA,NA,NA,NA,1,NA,NA,NA,2.58752117240889,2.58752117240889
1989,"NSEI","slope","charter",0.9,"Southeast",NA,NA,NA,NA,NA,NA,NA,NA,NA,NA,NA,1,NA,NA,NA,2.58752117240889,2.58752117240889
1990,"NSEI","slope","charter",0.9,"Southeast",NA,NA,NA,NA,NA,NA,NA,NA,NA,NA,NA,1,NA,NA,NA,2.58752117240889,2.58752117240889
1991,"NSEI","slope","charter",0.9,"Southeast",NA,NA,NA,NA,NA,NA,NA,NA,NA,NA,NA,1,NA,NA,NA,2.58752117240889,2.58752117240889
1992,"NSEI","slope","charter",0.9,"Southeast",NA,NA,NA,NA,NA,NA,NA,NA,NA,NA,NA,1,NA,NA,NA,2.58752117240889,2.58752117240889
1993,"NSEI","slope","charter",0.9,"Southeast",NA,NA,NA,NA,NA,NA,NA,NA,NA,NA,NA,1,NA,NA,NA,2.58752117240889,2.58752117240889
1994,"NSEI","slope","charter",0.9,"Southeast",NA,NA,NA,NA,NA,NA,NA,NA,NA,NA,NA,1,NA,NA,NA,2.58752117240889,2.58752117240889
1995,"NSEI","slope","charter",0.9,"Southeast",NA,NA,NA,NA,NA,NA,NA,NA,NA,NA,NA,1,NA,NA,NA,2.58752117240889,2.58752117240889
1996,"NSEI","slope","charter",0.9,"Southeast",NA,NA,NA,NA,NA,NA,NA,NA,NA,NA,NA,1,NA,NA,NA,2.58752117240889,2.58752117240889
1997,"NSEI","slope","charter",0.9,"Southeast",NA,NA,NA,NA,NA,NA,NA,NA,NA,NA,NA,1,NA,NA,NA,2.58752117240889,2.58752117240889
1998,"NSEI","slope","charter",0.9,"Southeast",NA,NA,NA,NA,NA,NA,NA,NA,NA,NA,NA,1,NA,NA,NA,2.58752117240889,2.58752117240889
1999,"NSEI","slope","charter",0.9,"Southeast",NA,NA,NA,NA,NA,NA,NA,NA,NA,NA,NA,1,NA,NA,NA,2.58752117240889,2.58752117240889
2000,"NSEI","slope","charter",0.9,"Southeast",NA,NA,NA,NA,NA,NA,NA,NA,NA,NA,NA,1,NA,NA,NA,2.58752117240889,2.58752117240889
2001,"NSEI","slope","charter",0.9,"Southeast",NA,NA,NA,NA,NA,NA,NA,NA,NA,NA,NA,1,NA,NA,NA,2.58752117240889,2.58752117240889
2002,"NSEI","slope","charter",0.9,"Southeast",NA,NA,NA,NA,NA,NA,NA,NA,NA,NA,NA,1,NA,NA,NA,2.58752117240889,2.58752117240889
2003,"NSEI","slope","charter",0.9,"Southeast",NA,NA,NA,NA,NA,NA,NA,NA,NA,NA,NA,1,NA,NA,NA,2.58752117240889,2.58752117240889
2004,"NSEI","slope","charter",0.9,"Southeast",NA,NA,NA,NA,NA,NA,NA,NA,NA,NA,NA,1,NA,NA,NA,2.58752117240889,2.58752117240889
2005,"NSEI","slope","charter",0.9,"Southeast",NA,NA,NA,NA,NA,NA,NA,NA,NA,NA,NA,1,NA,NA,NA,2.58752117240889,2.58752117240889
2006,"NSEI","slope","charter",0.9,"Southeast",54,1,54,1.58035857305556,0.854476780232175,0.116950081947342,74.2666666666667,40.2,2.06879845470816,26.1021076640439,"bootstrap",0.540685382925521,3.48409425786921,1.88379883796462,0.257830796071964,2.58752117240889,0.257830796071964
2007,"NSEI","slope","charter",0.9,"Southeast",56,1,56,1.5433414805,0.878129040230591,0.120259710404975,74.2666666666667,40.2,2.06879845470816,27.0688523923419,"bootstrap",0.568979095893996,3.40248553829459,1.93594314537125,0.265127277833457,2.58752117240889,0.265127277833457
2008,"NSEI","slope","charter",0.9,"Southeast",27,1,27,3.17013997051852,3.03033162538023,0.586839931001183,74.2666666666667,40.2,2.06879845470816,13.051053832022,"bootstrap",0.955898368387998,6.98896228757126,6.68073764741462,1.29376058620445,2.58752117240889,1.29376058620445
2009,"NSEI","slope","charter",0.9,"Southeast",47,1,47,1.26469870112766,0.534402074999701,0.0760250764045596,74.2666666666667,40.2,2.06879845470816,22.7185011150012,"bootstrap",0.422552877237246,2.78818336399066,1.17815490271928,0.16760660312872,2.58752117240889,0.16760660312872
2010,"NSEI","slope","charter",0.9,"Southeast",30,1,30,1.5798437446,0.771965847568362,0.136005360413709,74.2666666666667,40.2,2.06879845470816,14.5011709244689,"bootstrap",0.488634303365119,3.48295925541066,1.70189336941668,0.299840494009315,2.58752117240889,0.299840494009315
2011,"NSEI","slope","charter",0.9,"Southeast",51,9,5.66666666666667,1.65103948296078,0.619476622720874,0.0886237358297442,74.2666666666667,40.2,2.06879845470816,9,"bootstrap",0.375204002759509,3.63991899064844,1.36571217501164,0.195381892679159,2.58752117240889,0.195381892679159
2012,"NSEI","slope","charter",0.9,"Southeast",44,20,2.2,2.66434200575,2.79640765262865,0.41067632414628,74.2666666666667,40.2,2.06879845470816,20,"bootstrap",1.04956782822687,5.87386865329262,6.16502356572622,0.905386313711341,2.58752117240889,0.905386313711341
2013,"NSEI","slope","charter",0.2,"Southeast",74,30,2.46666666666667,4.39874950647297,3.06239753458222,0.362685574913866,74.2666666666667,40.2,2.06879845470816,30,"bootstrap",0.696197301091084,9.69758266168414,6.75143087617219,0.799584822402813,2.58752117240889,0.799584822402813
2014,"NSEI","slope","charter",0.2,"Southeast",57,25,2.28,3.32812734014035,2.8886077196805,0.388810849221213,74.2666666666667,40.2,2.06879845470816,25,"bootstrap",0.867937859480667,7.33726481631385,6.36828991911425,0.857181193094495,2.58752117240889,0.857181193094495
2015,"NSEI","slope","charter",0.2,"Southeast",45,28,1.60714285714286,1.94892636817778,1.92467530210305,0.291336711160873,74.2666666666667,40.2,2.06879845470816,28,"bootstrap",0.987556704824408,4.29664715599918,4.24318270717172,0.642287503461667,2.58752117240889,0.642287503461667
2016,"NSEI","slope","charter",0.2,"Southeast",115,54,2.12962962962963,1.80342010195652,1.69413309400308,0.155069755282877,74.2666666666667,40.2,2.06879845470816,54,"bootstrap",0.939400138750325,3.97586075013605,3.73492414032978,0.341870290174495,2.58752117240889,0.341870290174495
2017,"NSEI","slope","charter",0.2,"Southeast",69,38,1.81578947368421,2.04626050113043,1.69500779756971,0.203619581977491,74.2666666666667,40.2,2.06879845470816,38,"bootstrap",0.828344092374028,4.51123218720468,3.73685253159856,0.448904336302521,2.58752117240889,0.448904336302521
2018,"NSEI","slope","charter",0.2,"Southeast",76,55,1.38181818181818,1.33213220578947,0.886336773788629,0.104436693039164,74.2666666666667,40.2,2.06879845470816,55,"bootstrap",0.6653519597654,2.93684879371396,1.95403810043223,0.230243495832137,2.58752117240889,0.230243495832137
2019,"NSEI","slope","charter",0.2,"Southeast",166,96,1.72916666666667,1.0866516538253,0.561687258082993,0.0458959494009652,74.2666666666667,40.2,2.06879845470816,96,"bootstrap",0.516897255993405,2.39565681608367,1.23830843453554,0.101183248215743,2.58752117240889,0.101183248215743
2020,"NSEI","slope","charter",0.2,"Southeast",NA,NA,NA,NA,NA,NA,NA,NA,NA,NA,NA,1,NA,NA,NA,2.58752117240889,2.58752117240889
2021,"NSEI","slope","charter",0.2,"Southeast",99,50,1.98,1.26393288565657,0.691632834480827,0.0700825788944856,74.2666666666667,40.2,2.06879845470816,50,"bootstrap",0.547206930312243,2.78649502988035,1.52478939163115,0.154505638698718,2.58752117240889,0.154505638698718
2022,"NSEI","slope","charter",0.2,"Southeast",81,51,1.58823529411765,1.35052334569136,0.729216430448267,0.0812416560325639,74.2666666666667,40.2,2.06879845470816,51,"bootstrap",0.539950999569701,2.97739431674925,1.60764703744191,0.17910719257565,2.58752117240889,0.17910719257565
2023,"NSEI","slope","charter",0.2,"Southeast",62,39,1.58974358974359,1.18415800925806,1.45988844607604,0.184833553822999,74.2666666666667,40.2,2.06879845470816,39,"bootstrap",1.23284936187759,2.61062153286449,3.21850309089589,0.407488233693171,2.58752117240889,0.407488233693171
2024,"NSEI","slope","charter",0.2,"Southeast",77,44,1.75,1.20130484172727,0.87885047802722,0.0997357417929206,74.2666666666667,40.2,2.06879845470816,44,"bootstrap",0.731579901703871,2.64842382758746,1.93753364345662,0.219879672379152,2.58752117240889,0.219879672379152
2025,"NSEI","slope","charter",0.2,"Southeast",90,NA,NA,1.306926873,0.172249773,NA,NA,NA,NA,NA,"4-stage",0.131797560030736,2.88128054690167,0.379745745845665,NA,2.58752117240889,2.58752117240889
1977,"NSEO","slope","charter",0.9,"Southeast",NA,NA,NA,NA,NA,NA,NA,NA,NA,NA,NA,1,NA,NA,NA,3.3671546047804,3.3671546047804
1978,"NSEO","slope","charter",0.9,"Southeast",NA,NA,NA,NA,NA,NA,NA,NA,NA,NA,NA,1,NA,NA,NA,3.3671546047804,3.3671546047804
1979,"NSEO","slope","charter",0.9,"Southeast",NA,NA,NA,NA,NA,NA,NA,NA,NA,NA,NA,1,NA,NA,NA,3.3671546047804,3.3671546047804
1980,"NSEO","slope","charter",0.9,"Southeast",NA,NA,NA,NA,NA,NA,NA,NA,NA,NA,NA,1,NA,NA,NA,3.3671546047804,3.3671546047804
1981,"NSEO","slope","charter",0.9,"Southeast",NA,NA,NA,NA,NA,NA,NA,NA,NA,NA,NA,1,NA,NA,NA,3.3671546047804,3.3671546047804
1982,"NSEO","slope","charter",0.9,"Southeast",NA,NA,NA,NA,NA,NA,NA,NA,NA,NA,NA,1,NA,NA,NA,3.3671546047804,3.3671546047804
1983,"NSEO","slope","charter",0.9,"Southeast",NA,NA,NA,NA,NA,NA,NA,NA,NA,NA,NA,1,NA,NA,NA,3.3671546047804,3.3671546047804
1984,"NSEO","slope","charter",0.9,"Southeast",NA,NA,NA,NA,NA,NA,NA,NA,NA,NA,NA,1,NA,NA,NA,3.3671546047804,3.3671546047804
1985,"NSEO","slope","charter",0.9,"Southeast",NA,NA,NA,NA,NA,NA,NA,NA,NA,NA,NA,1,NA,NA,NA,3.3671546047804,3.3671546047804
1986,"NSEO","slope","charter",0.9,"Southeast",NA,NA,NA,NA,NA,NA,NA,NA,NA,NA,NA,1,NA,NA,NA,3.3671546047804,3.3671546047804
1987,"NSEO","slope","charter",0.9,"Southeast",NA,NA,NA,NA,NA,NA,NA,NA,NA,NA,NA,1,NA,NA,NA,3.3671546047804,3.3671546047804
1988,"NSEO","slope","charter",0.9,"Southeast",NA,NA,NA,NA,NA,NA,NA,NA,NA,NA,NA,1,NA,NA,NA,3.3671546047804,3.3671546047804
1989,"NSEO","slope","charter",0.9,"Southeast",NA,NA,NA,NA,NA,NA,NA,NA,NA,NA,NA,1,NA,NA,NA,3.3671546047804,3.3671546047804
1990,"NSEO","slope","charter",0.9,"Southeast",NA,NA,NA,NA,NA,NA,NA,NA,NA,NA,NA,1,NA,NA,NA,3.3671546047804,3.3671546047804
1991,"NSEO","slope","charter",0.9,"Southeast",NA,NA,NA,NA,NA,NA,NA,NA,NA,NA,NA,1,NA,NA,NA,3.3671546047804,3.3671546047804
1992,"NSEO","slope","charter",0.9,"Southeast",NA,NA,NA,NA,NA,NA,NA,NA,NA,NA,NA,1,NA,NA,NA,3.3671546047804,3.3671546047804
1993,"NSEO","slope","charter",0.9,"Southeast",NA,NA,NA,NA,NA,NA,NA,NA,NA,NA,NA,1,NA,NA,NA,3.3671546047804,3.3671546047804
1994,"NSEO","slope","charter",0.9,"Southeast",NA,NA,NA,NA,NA,NA,NA,NA,NA,NA,NA,1,NA,NA,NA,3.3671546047804,3.3671546047804
1995,"NSEO","slope","charter",0.9,"Southeast",NA,NA,NA,NA,NA,NA,NA,NA,NA,NA,NA,1,NA,NA,NA,3.3671546047804,3.3671546047804
1996,"NSEO","slope","charter",0.9,"Southeast",NA,NA,NA,NA,NA,NA,NA,NA,NA,NA,NA,1,NA,NA,NA,3.3671546047804,3.3671546047804
1997,"NSEO","slope","charter",0.9,"Southeast",NA,NA,NA,NA,NA,NA,NA,NA,NA,NA,NA,1,NA,NA,NA,3.3671546047804,3.3671546047804
1998,"NSEO","slope","charter",0.9,"Southeast",NA,NA,NA,NA,NA,NA,NA,NA,NA,NA,NA,1,NA,NA,NA,3.3671546047804,3.3671546047804
1999,"NSEO","slope","charter",0.9,"Southeast",NA,NA,NA,NA,NA,NA,NA,NA,NA,NA,NA,1,NA,NA,NA,3.3671546047804,3.3671546047804
2000,"NSEO","slope","charter",0.9,"Southeast",NA,NA,NA,NA,NA,NA,NA,NA,NA,NA,NA,1,NA,NA,NA,3.3671546047804,3.3671546047804
2001,"NSEO","slope","charter",0.9,"Southeast",NA,NA,NA,NA,NA,NA,NA,NA,NA,NA,NA,1,NA,NA,NA,3.3671546047804,3.3671546047804
2002,"NSEO","slope","charter",0.9,"Southeast",NA,NA,NA,NA,NA,NA,NA,NA,NA,NA,NA,1,NA,NA,NA,3.3671546047804,3.3671546047804
2003,"NSEO","slope","charter",0.9,"Southeast",NA,NA,NA,NA,NA,NA,NA,NA,NA,NA,NA,1,NA,NA,NA,3.3671546047804,3.3671546047804
2004,"NSEO","slope","charter",0.9,"Southeast",NA,NA,NA,NA,NA,NA,NA,NA,NA,NA,NA,1,NA,NA,NA,3.3671546047804,3.3671546047804
2005,"NSEO","slope","charter",0.9,"Southeast",NA,NA,NA,NA,NA,NA,NA,NA,NA,NA,NA,1,NA,NA,NA,3.3671546047804,3.3671546047804
2006,"NSEO","slope","charter",0.9,"Southeast",NA,NA,NA,NA,NA,NA,NA,NA,NA,NA,NA,1,NA,NA,NA,3.3671546047804,3.3671546047804
2007,"NSEO","slope","charter",0.9,"Southeast",NA,NA,NA,NA,NA,NA,NA,NA,NA,NA,NA,1,NA,NA,NA,3.3671546047804,3.3671546047804
2008,"NSEO","slope","charter",0.9,"Southeast",24,1,24,4.62928190158333,2.78791632253639,0.559642913620675,82.9285714285714,32.7857142857143,2.50542137383102,9.57922697182941,"bootstrap",0.602235159103802,10.2058195945872,6.14630338733094,1.23380142649085,3.3671546047804,1.23380142649085
2009,"NSEO","slope","charter",0.9,"Southeast",NA,NA,NA,NA,NA,NA,NA,NA,NA,NA,NA,1,NA,NA,NA,3.3671546047804,3.3671546047804
2010,"NSEO","slope","charter",0.9,"Southeast",16,1,16,5.1489663708125,3.09141540655081,0.763657819309773,82.9285714285714,32.7857142857143,2.50542137383102,6.38615131455294,"bootstrap",0.60039533838769,11.3515277307125,6.81540433309841,1.6835773023902,3.3671546047804,1.6835773023902
2011,"NSEO","slope","charter",0.9,"Southeast",36,11,3.27272727272727,5.64833881086111,2.78810203893719,0.455449601025465,82.9285714285714,32.7857142857143,2.50542137383102,11,"bootstrap",0.493614517878423,12.4524555078483,6.14671282190905,1.00409449269072,3.3671546047804,1.00409449269072
2012,"NSEO","slope","charter",0.9,"Southeast",67,26,2.57692307692308,5.51102015931343,3.31603109280084,0.395107735095189,82.9285714285714,32.7857142857143,2.50542137383102,26,"bootstrap",0.601709120442404,12.1497197024984,7.31059715581205,0.871063450127821,3.3671546047804,0.871063450127821
2013,"NSEO","slope","charter",0.2,"Southeast",99,28,3.53571428571429,5.65406277974748,2.98200947176153,0.292439029193832,82.9285714285714,32.7857142857143,2.50542137383102,28,"bootstrap",0.527410039103724,12.4650746991314,6.57420553449972,0.644717698731562,3.3671546047804,0.644717698731562
2014,"NSEO","slope","charter",0.2,"Southeast",85,26,3.26923076923077,6.05941103827059,3.06478474766382,0.332438706809518,82.9285714285714,32.7857142857143,2.50542137383102,26,"bootstrap",0.505789214216855,13.358714638849,6.75669378013065,0.732901892795811,3.3671546047804,0.732901892795811
2015,"NSEO","slope","charter",0.2,"Southeast",62,29,2.13793103448276,5.02204199266129,3.23459962605204,0.426017260400864,82.9285714285714,32.7857142857143,2.50542137383102,29,"bootstrap",0.644080561408838,11.071707375611,7.13107150223787,0.939207288790175,3.3671546047804,0.939207288790175
2016,"NSEO","slope","charter",0.2,"Southeast",47,23,2.04347826086957,5.06807532312766,3.12227034388157,0.447248352585513,82.9285714285714,32.7857142857143,2.50542137383102,23,"bootstrap",0.616066286472381,11.173193497231,6.88342782587649,0.986013834867757,3.3671546047804,0.986013834867757
2017,"NSEO","slope","charter",0.2,"Southeast",45,23,1.95652173913043,4.59855523131111,3.62510543741924,0.519752611555161,82.9285714285714,32.7857142857143,2.50542137383102,23,"bootstrap",0.788313993216011,10.1380788822678,7.99198944721945,1.14585836423858,3.3671546047804,1.14585836423858
2018,"NSEO","slope","charter",0.2,"Southeast",51,34,1.5,3.73048033258824,2.96320148570591,0.41870773669567,82.9285714285714,32.7857142857143,2.50542137383102,34,"bootstrap",0.794321701637284,8.22430132468916,6.53274102300486,0.923092547488278,3.3671546047804,0.923092547488278
2019,"NSEO","slope","charter",0.2,"Southeast",60,34,1.76470588235294,3.78889972866667,3.14510263574871,0.413063330735104,82.9285714285714,32.7857142857143,2.50542137383102,34,"bootstrap",0.830083364823034,8.3530940467304,6.93376441299323,0.910648762431151,3.3671546047804,0.910648762431151
2020,"NSEO","slope","charter",0.2,"Southeast",NA,NA,NA,NA,NA,NA,NA,NA,NA,NA,NA,1,NA,NA,NA,3.3671546047804,3.3671546047804
2021,"NSEO","slope","charter",0.2,"Southeast",NA,NA,NA,NA,NA,NA,NA,NA,NA,NA,NA,1,NA,NA,NA,3.3671546047804,3.3671546047804
2022,"NSEO","slope","charter",0.2,"Southeast",168,65,2.58461538461538,5.55739627909524,2.98158937615372,0.240966974933755,82.9285714285714,32.7857142857143,2.50542137383102,65,"bootstrap",0.536508326276695,12.2519615451972,6.57327938222018,0.531241243611929,3.3671546047804,0.531241243611929
2023,"NSEO","slope","charter",0.2,"Southeast",154,48,3.20833333333333,5.0525564073961,2.69499622066412,0.212036120063356,82.9285714285714,32.7857142857143,2.50542137383102,48,"bootstrap",0.533392604329779,11.1389801445714,5.94144962889063,0.46745962654871,3.3671546047804,0.46745962654871
2024,"NSEO","slope","charter",0.2,"Southeast",121,43,2.81395348837209,5.00734822498347,2.48642082387149,0.229839102088926,82.9285714285714,32.7857142857143,2.50542137383102,43,"bootstrap",0.496554406075822,11.0393131630154,5.48161959114612,0.506708483425735,3.3671546047804,0.506708483425735
2025,"NSEO","slope","charter",0.2,"Southeast",174,NA,NA,5.657029345,0.776295042,NA,NA,NA,NA,NA,"4-stage",0.137226624550946,12.4716148559908,1.71143760938705,NA,3.3671546047804,3.3671546047804
1977,"SSEI","slope","charter",0.9,"Southeast",NA,NA,NA,NA,NA,NA,NA,NA,NA,NA,NA,1,NA,NA,NA,1.07928153349221,1.07928153349221
1978,"SSEI","slope","charter",0.9,"Southeast",NA,NA,NA,NA,NA,NA,NA,NA,NA,NA,NA,1,NA,NA,NA,1.07928153349221,1.07928153349221
1979,"SSEI","slope","charter",0.9,"Southeast",NA,NA,NA,NA,NA,NA,NA,NA,NA,NA,NA,1,NA,NA,NA,1.07928153349221,1.07928153349221
1980,"SSEI","slope","charter",0.9,"Southeast",NA,NA,NA,NA,NA,NA,NA,NA,NA,NA,NA,1,NA,NA,NA,1.07928153349221,1.07928153349221
1981,"SSEI","slope","charter",0.9,"Southeast",NA,NA,NA,NA,NA,NA,NA,NA,NA,NA,NA,1,NA,NA,NA,1.07928153349221,1.07928153349221
1982,"SSEI","slope","charter",0.9,"Southeast",NA,NA,NA,NA,NA,NA,NA,NA,NA,NA,NA,1,NA,NA,NA,1.07928153349221,1.07928153349221
1983,"SSEI","slope","charter",0.9,"Southeast",NA,NA,NA,NA,NA,NA,NA,NA,NA,NA,NA,1,NA,NA,NA,1.07928153349221,1.07928153349221
1984,"SSEI","slope","charter",0.9,"Southeast",NA,NA,NA,NA,NA,NA,NA,NA,NA,NA,NA,1,NA,NA,NA,1.07928153349221,1.07928153349221
1985,"SSEI","slope","charter",0.9,"Southeast",NA,NA,NA,NA,NA,NA,NA,NA,NA,NA,NA,1,NA,NA,NA,1.07928153349221,1.07928153349221
1986,"SSEI","slope","charter",0.9,"Southeast",NA,NA,NA,NA,NA,NA,NA,NA,NA,NA,NA,1,NA,NA,NA,1.07928153349221,1.07928153349221
1987,"SSEI","slope","charter",0.9,"Southeast",NA,NA,NA,NA,NA,NA,NA,NA,NA,NA,NA,1,NA,NA,NA,1.07928153349221,1.07928153349221
1988,"SSEI","slope","charter",0.9,"Southeast",NA,NA,NA,NA,NA,NA,NA,NA,NA,NA,NA,1,NA,NA,NA,1.07928153349221,1.07928153349221
1989,"SSEI","slope","charter",0.9,"Southeast",NA,NA,NA,NA,NA,NA,NA,NA,NA,NA,NA,1,NA,NA,NA,1.07928153349221,1.07928153349221
1990,"SSEI","slope","charter",0.9,"Southeast",NA,NA,NA,NA,NA,NA,NA,NA,NA,NA,NA,1,NA,NA,NA,1.07928153349221,1.07928153349221
1991,"SSEI","slope","charter",0.9,"Southeast",NA,NA,NA,NA,NA,NA,NA,NA,NA,NA,NA,1,NA,NA,NA,1.07928153349221,1.07928153349221
1992,"SSEI","slope","charter",0.9,"Southeast",NA,NA,NA,NA,NA,NA,NA,NA,NA,NA,NA,1,NA,NA,NA,1.07928153349221,1.07928153349221
1993,"SSEI","slope","charter",0.9,"Southeast",NA,NA,NA,NA,NA,NA,NA,NA,NA,NA,NA,1,NA,NA,NA,1.07928153349221,1.07928153349221
1994,"SSEI","slope","charter",0.9,"Southeast",NA,NA,NA,NA,NA,NA,NA,NA,NA,NA,NA,1,NA,NA,NA,1.07928153349221,1.07928153349221
1995,"SSEI","slope","charter",0.9,"Southeast",NA,NA,NA,NA,NA,NA,NA,NA,NA,NA,NA,1,NA,NA,NA,1.07928153349221,1.07928153349221
1996,"SSEI","slope","charter",0.9,"Southeast",NA,NA,NA,NA,NA,NA,NA,NA,NA,NA,NA,1,NA,NA,NA,1.07928153349221,1.07928153349221
1997,"SSEI","slope","charter",0.9,"Southeast",NA,NA,NA,NA,NA,NA,NA,NA,NA,NA,NA,1,NA,NA,NA,1.07928153349221,1.07928153349221
1998,"SSEI","slope","charter",0.9,"Southeast",NA,NA,NA,NA,NA,NA,NA,NA,NA,NA,NA,1,NA,NA,NA,1.07928153349221,1.07928153349221
1999,"SSEI","slope","charter",0.9,"Southeast",NA,NA,NA,NA,NA,NA,NA,NA,NA,NA,NA,1,NA,NA,NA,1.07928153349221,1.07928153349221
2000,"SSEI","slope","charter",0.9,"Southeast",NA,NA,NA,NA,NA,NA,NA,NA,NA,NA,NA,1,NA,NA,NA,1.07928153349221,1.07928153349221
2001,"SSEI","slope","charter",0.9,"Southeast",NA,NA,NA,NA,NA,NA,NA,NA,NA,NA,NA,1,NA,NA,NA,1.07928153349221,1.07928153349221
2002,"SSEI","slope","charter",0.9,"Southeast",NA,NA,NA,NA,NA,NA,NA,NA,NA,NA,NA,1,NA,NA,NA,1.07928153349221,1.07928153349221
2003,"SSEI","slope","charter",0.9,"Southeast",NA,NA,NA,NA,NA,NA,NA,NA,NA,NA,NA,1,NA,NA,NA,1.07928153349221,1.07928153349221
2004,"SSEI","slope","charter",0.9,"Southeast",NA,NA,NA,NA,NA,NA,NA,NA,NA,NA,NA,1,NA,NA,NA,1.07928153349221,1.07928153349221
2005,"SSEI","slope","charter",0.9,"Southeast",NA,NA,NA,NA,NA,NA,NA,NA,NA,NA,NA,1,NA,NA,NA,1.07928153349221,1.07928153349221
2006,"SSEI","slope","charter",0.9,"Southeast",16,1,16,1.5061321334375,1.00216295922444,0.24477693454225,123.2,61.9333333333333,1.95660312910477,8.17743760193244,"bootstrap",0.665388472216689,3.32045297008517,2.20939112883234,0.539640766746104,1.07928153349221,0.539640766746104
2007,"SSEI","slope","charter",0.9,"Southeast",38,1,38,1.54020018934211,0.848048895129793,0.136635255073064,123.2,61.9333333333333,1.95660312910477,19.4214143045896,"bootstrap",0.55060952530595,3.3955601767519,1.86962777706915,0.301229174023547,1.07928153349221,0.301229174023547
2008,"SSEI","slope","charter",0.9,"Southeast",45,1,45,1.8185469762,1.06373423198259,0.153899128813353,123.2,61.9333333333333,1.95660312910477,22.999043255435,"bootstrap",0.584936350781187,4.00920979926312,2.34513254949715,0.339289500580212,1.07928153349221,0.339289500580212
2009,"SSEI","slope","charter",0.9,"Southeast",13,1,13,0.934699655846154,0.274780184774273,0.0713423057257049,123.2,61.9333333333333,1.95660312910477,6.64416805157011,"bootstrap",0.293976982933115,2.06066000418465,0.605786610881142,0.157282860965845,1.07928153349221,0.157282860965845
2010,"SSEI","slope","charter",0.9,"Southeast",33,1,33,1.43496021930303,0.882249660956078,0.154806367321522,123.2,61.9333333333333,1.95660312910477,16.8659650539857,"bootstrap",0.614825170125338,3.16354575827562,1.9450275590311,0.341289619117056,1.07928153349221,0.341289619117056
2011,"SSEI","slope","charter",0.9,"Southeast",59,33,1.78787878787879,1.44455404111864,0.842127422320949,0.110474946116747,123.2,61.9333333333333,1.95660312910477,33,"bootstrap",0.582967059971546,3.18469651486256,1.85657316417106,0.243555565152262,1.07928153349221,0.243555565152262
2012,"SSEI","slope","charter",0.9,"Southeast",57,38,1.5,1.41132906501754,1.0658116414573,0.146340131392355,123.2,61.9333333333333,1.95660312910477,38,"bootstrap",0.755182946256445,3.11144798100112,2.34971245341609,0.322624763881358,1.07928153349221,0.322624763881358
2013,"SSEI","slope","charter",0.2,"Southeast",97,32,3.03125,1.1233638691134,0.54891760775777,0.0558973467149627,123.2,61.9333333333333,1.95660312910477,32,"bootstrap",0.488637406676606,2.47659339633812,1.21015617457907,0.123232554965789,1.07928153349221,0.123232554965789
2014,"SSEI","slope","charter",0.2,"Southeast",227,103,2.20388349514563,1.34072901291189,0.829592982299568,0.0554455857700711,123.2,61.9333333333333,1.95660312910477,103,"bootstrap",0.618762609229884,2.95580150915582,1.82893945417089,0.122236592567849,1.07928153349221,0.122236592567849
2015,"SSEI","slope","charter",0.2,"Southeast",252,88,2.86363636363636,1.09081791611905,0.632404785751076,0.0392973426366271,123.2,61.9333333333333,1.95660312910477,88,"bootstrap",0.5797528408784,2.40484185217732,1.39421389566308,0.0866358104825985,1.07928153349221,0.0866358104825985
2016,"SSEI","slope","charter",0.2,"Southeast",286,128,2.234375,1.26341762355594,0.629636724404235,0.035423603815761,123.2,61.9333333333333,1.95660312910477,128,"bootstrap",0.498359934723799,2.78535907139807,1.38811136500428,0.078095678254145,1.07928153349221,0.078095678254145
2017,"SSEI","slope","charter",0.2,"Southeast",123,79,1.55696202531646,1.39193900681301,0.712819723575211,0.0653365195837419,123.2,61.9333333333333,1.95660312910477,79,"bootstrap",0.512105573653896,3.0687002200803,1.57149848657606,0.14404236898639,1.07928153349221,0.14404236898639
2018,"SSEI","slope","charter",0.2,"Southeast",97,60,1.61666666666667,1.30714180250515,0.697416284842864,0.0673661300344035,123.2,61.9333333333333,1.95660312910477,60,"bootstrap",0.533542943471212,2.88175438535043,1.53753971712094,0.148516894095707,1.07928153349221,0.148516894095707
2019,"SSEI","slope","charter",0.2,"Southeast",83,49,1.69387755102041,1.29245030761446,0.658952464577804,0.0717492524436492,123.2,61.9333333333333,1.95660312910477,49,"bootstrap",0.509847427553378,2.8493651833928,1.45274150891298,0.158180024905359,1.07928153349221,0.158180024905359
2020,"SSEI","slope","charter",0.2,"Southeast",66,35,1.88571428571429,1.55316606562121,0.609181404310238,0.0759236610208134,123.2,61.9333333333333,1.95660312910477,35,"bootstrap",0.392219105087509,3.42414504088492,1.34301510362572,0.167383020479697,1.07928153349221,0.167383020479697
2021,"SSEI","slope","charter",0.2,"Southeast",87,49,1.77551020408163,1.5533833972069,1.81388770273249,0.194075196255484,123.2,61.9333333333333,1.95660312910477,49,"bootstrap",1.16770122945436,3.42462417501478,3.99893785958388,0.427862567645779,1.07928153349221,0.427862567645779
2022,"SSEI","slope","charter",0.2,"Southeast",91,59,1.54237288135593,1.90206287706593,1.55580504843766,0.165685537410373,123.2,61.9333333333333,1.95660312910477,59,"bootstrap",0.81795668649903,4.19333084344183,3.42996300209586,0.365274083581765,1.07928153349221,0.365274083581765
2023,"SSEI","slope","charter",0.2,"Southeast",48,25,1.92,1.475935273125,1.00878804102978,0.145360422939324,123.2,61.9333333333333,1.95660312910477,25,"bootstrap",0.683490705452057,3.25388028878725,2.22399693403974,0.320464876464801,1.07928153349221,0.320464876464801
2024,"SSEI","slope","charter",0.2,"Southeast",123,59,2.08474576271186,1.31470506213821,0.920478027513643,0.0823540712337714,123.2,61.9333333333333,1.95660312910477,59,"bootstrap",0.700140323500844,2.8984285186184,2.02930668066956,0.181559648291064,1.07928153349221,0.181559648291064
2025,"SSEI","slope","charter",0.2,"Southeast",159,NA,NA,1.08636467,0.135316751,NA,NA,NA,NA,NA,"4-stage",0.124559233871256,2.39502412505084,0.298322370119508,NA,1.07928153349221,1.07928153349221
1977,"SSEO","slope","charter",0.9,"Southeast",NA,NA,NA,NA,NA,NA,NA,NA,NA,NA,NA,1,NA,NA,NA,1.54925251415636,1.54925251415636
1978,"SSEO","slope","charter",0.9,"Southeast",NA,NA,NA,NA,NA,NA,NA,NA,NA,NA,NA,1,NA,NA,NA,1.54925251415636,1.54925251415636
1979,"SSEO","slope","charter",0.9,"Southeast",NA,NA,NA,NA,NA,NA,NA,NA,NA,NA,NA,1,NA,NA,NA,1.54925251415636,1.54925251415636
1980,"SSEO","slope","charter",0.9,"Southeast",NA,NA,NA,NA,NA,NA,NA,NA,NA,NA,NA,1,NA,NA,NA,1.54925251415636,1.54925251415636
1981,"SSEO","slope","charter",0.9,"Southeast",NA,NA,NA,NA,NA,NA,NA,NA,NA,NA,NA,1,NA,NA,NA,1.54925251415636,1.54925251415636
1982,"SSEO","slope","charter",0.9,"Southeast",NA,NA,NA,NA,NA,NA,NA,NA,NA,NA,NA,1,NA,NA,NA,1.54925251415636,1.54925251415636
1983,"SSEO","slope","charter",0.9,"Southeast",NA,NA,NA,NA,NA,NA,NA,NA,NA,NA,NA,1,NA,NA,NA,1.54925251415636,1.54925251415636
1984,"SSEO","slope","charter",0.9,"Southeast",NA,NA,NA,NA,NA,NA,NA,NA,NA,NA,NA,1,NA,NA,NA,1.54925251415636,1.54925251415636
1985,"SSEO","slope","charter",0.9,"Southeast",NA,NA,NA,NA,NA,NA,NA,NA,NA,NA,NA,1,NA,NA,NA,1.54925251415636,1.54925251415636
1986,"SSEO","slope","charter",0.9,"Southeast",NA,NA,NA,NA,NA,NA,NA,NA,NA,NA,NA,1,NA,NA,NA,1.54925251415636,1.54925251415636
1987,"SSEO","slope","charter",0.9,"Southeast",NA,NA,NA,NA,NA,NA,NA,NA,NA,NA,NA,1,NA,NA,NA,1.54925251415636,1.54925251415636
1988,"SSEO","slope","charter",0.9,"Southeast",NA,NA,NA,NA,NA,NA,NA,NA,NA,NA,NA,1,NA,NA,NA,1.54925251415636,1.54925251415636
1989,"SSEO","slope","charter",0.9,"Southeast",NA,NA,NA,NA,NA,NA,NA,NA,NA,NA,NA,1,NA,NA,NA,1.54925251415636,1.54925251415636
1990,"SSEO","slope","charter",0.9,"Southeast",NA,NA,NA,NA,NA,NA,NA,NA,NA,NA,NA,1,NA,NA,NA,1.54925251415636,1.54925251415636
1991,"SSEO","slope","charter",0.9,"Southeast",NA,NA,NA,NA,NA,NA,NA,NA,NA,NA,NA,1,NA,NA,NA,1.54925251415636,1.54925251415636
1992,"SSEO","slope","charter",0.9,"Southeast",NA,NA,NA,NA,NA,NA,NA,NA,NA,NA,NA,1,NA,NA,NA,1.54925251415636,1.54925251415636
1993,"SSEO","slope","charter",0.9,"Southeast",NA,NA,NA,NA,NA,NA,NA,NA,NA,NA,NA,1,NA,NA,NA,1.54925251415636,1.54925251415636
1994,"SSEO","slope","charter",0.9,"Southeast",NA,NA,NA,NA,NA,NA,NA,NA,NA,NA,NA,1,NA,NA,NA,1.54925251415636,1.54925251415636
1995,"SSEO","slope","charter",0.9,"Southeast",NA,NA,NA,NA,NA,NA,NA,NA,NA,NA,NA,1,NA,NA,NA,1.54925251415636,1.54925251415636
1996,"SSEO","slope","charter",0.9,"Southeast",NA,NA,NA,NA,NA,NA,NA,NA,NA,NA,NA,1,NA,NA,NA,1.54925251415636,1.54925251415636
1997,"SSEO","slope","charter",0.9,"Southeast",NA,NA,NA,NA,NA,NA,NA,NA,NA,NA,NA,1,NA,NA,NA,1.54925251415636,1.54925251415636
1998,"SSEO","slope","charter",0.9,"Southeast",NA,NA,NA,NA,NA,NA,NA,NA,NA,NA,NA,1,NA,NA,NA,1.54925251415636,1.54925251415636
1999,"SSEO","slope","charter",0.9,"Southeast",NA,NA,NA,NA,NA,NA,NA,NA,NA,NA,NA,1,NA,NA,NA,1.54925251415636,1.54925251415636
2000,"SSEO","slope","charter",0.9,"Southeast",NA,NA,NA,NA,NA,NA,NA,NA,NA,NA,NA,1,NA,NA,NA,1.54925251415636,1.54925251415636
2001,"SSEO","slope","charter",0.9,"Southeast",NA,NA,NA,NA,NA,NA,NA,NA,NA,NA,NA,1,NA,NA,NA,1.54925251415636,1.54925251415636
2002,"SSEO","slope","charter",0.9,"Southeast",NA,NA,NA,NA,NA,NA,NA,NA,NA,NA,NA,1,NA,NA,NA,1.54925251415636,1.54925251415636
2003,"SSEO","slope","charter",0.9,"Southeast",NA,NA,NA,NA,NA,NA,NA,NA,NA,NA,NA,1,NA,NA,NA,1.54925251415636,1.54925251415636
2004,"SSEO","slope","charter",0.9,"Southeast",NA,NA,NA,NA,NA,NA,NA,NA,NA,NA,NA,1,NA,NA,NA,1.54925251415636,1.54925251415636
2005,"SSEO","slope","charter",0.9,"Southeast",NA,NA,NA,NA,NA,NA,NA,NA,NA,NA,NA,1,NA,NA,NA,1.54925251415636,1.54925251415636
2006,"SSEO","slope","charter",0.9,"Southeast",14,1,14,1.48929025735714,0.67640803425874,0.176412954533668,67.6,45.1333333333333,1.45205046763777,9.64153816414901,"bootstrap",0.454181467257483,3.28332298911517,1.49122445267655,0.388923990025956,1.54925251415636,0.388923990025956
2007,"SSEO","slope","charter",0.9,"Southeast",NA,NA,NA,NA,NA,NA,NA,NA,NA,NA,NA,1,NA,NA,NA,1.54925251415636,1.54925251415636
2008,"SSEO","slope","charter",0.9,"Southeast",41,1,41,1.3343222852439,1.19266717917537,0.194932885223285,67.6,45.1333333333333,1.45205046763777,28.2359331950078,"bootstrap",0.893837412718744,2.94167709241879,2.62938104134161,0.429753448145118,1.54925251415636,0.429753448145118
2009,"SSEO","slope","charter",0.9,"Southeast",13,1,13,1.37300472061538,0.522831873835113,0.140377867522012,67.6,45.1333333333333,1.45205046763777,8.9528568667098,"bootstrap",0.380793937547993,3.02695726443545,1.15264697551388,0.309480222086391,1.54925251415636,0.309480222086391
2010,"SSEO","slope","charter",0.9,"Southeast",13,1,13,2.498795609,1.31875189608605,0.351364560106972,67.6,45.1333333333333,1.45205046763777,8.9528568667098,"bootstrap",0.527755007787054,5.50890132235808,2.9073502602792,0.77462625707818,1.54925251415636,0.77462625707818
2011,"SSEO","slope","charter",0.9,"Southeast",29,23,1.26086956521739,1.61821327627586,0.965502218674544,0.180615521938089,67.6,45.1333333333333,1.45205046763777,23,"bootstrap",0.596647075406859,3.56754959286207,2.12856803095009,0.398189065187817,1.54925251415636,0.398189065187817
2012,"SSEO","slope","charter",0.9,"Southeast",30,18,1.66666666666667,2.40338949323333,1.7076405545766,0.297332968144607,67.6,45.1333333333333,1.45205046763777,18,"bootstrap",0.710513447522514,5.29856684145254,3.76470299344892,0.65550698724334,1.54925251415636,0.65550698724334
2013,"SSEO","slope","charter",0.2,"Southeast",39,30,1.3,1.56038936166667,0.663997397176351,0.101951104744283,67.6,45.1333333333333,1.45205046763777,30,"bootstrap",0.425533148000399,3.4400696827377,1.46386368143611,0.224763711653236,1.54925251415636,0.224763711653236
2014,"SSEO","slope","charter",0.2,"Southeast",30,23,1.30434782608696,2.82755556306667,1.9346781184426,0.338784928908921,67.6,45.1333333333333,1.45205046763777,23,"bootstrap",0.684222847364426,6.23369295364362,4.26523514233759,0.746892917587699,1.54925251415636,0.746892917587699
2015,"SSEO","slope","charter",0.2,"Southeast",26,20,1.3,1.72883858657692,1.10905837085954,0.221313297600673,67.6,45.1333333333333,1.45205046763777,20,"bootstrap",0.641504868916341,3.81143665429631,2.44505517129729,0.487912301997235,1.54925251415636,0.487912301997235
2016,"SSEO","slope","charter",0.2,"Southeast",34,23,1.47826086956522,2.35466392564706,1.32045409559538,0.222979942499386,67.6,45.1333333333333,1.45205046763777,23,"bootstrap",0.560782403472937,5.19114535297951,2.91110296782122,0.491586625040446,1.54925251415636,0.491586625040446
2017,"SSEO","slope","charter",0.2,"Southeast",110,85,1.29411764705882,1.77381619348182,0.753594518338496,0.0693832742573923,67.6,45.1333333333333,1.45205046763777,85,"bootstrap",0.424843634367362,3.91059530387232,1.66139152143705,0.152963935877511,1.54925251415636,0.152963935877511
2018,"SSEO","slope","charter",0.2,"Southeast",108,81,1.33333333333333,1.54799360912963,0.452133166086696,0.042429812069329,67.6,45.1333333333333,1.45205046763777,81,"bootstrap",0.292076894516968,3.41274172630262,0.996783005206947,0.0935417234503917,1.54925251415636,0.0935417234503917
2019,"SSEO","slope","charter",0.2,"Southeast",36,30,1.2,1.74198804119444,0.826901959179231,0.135026965318404,67.6,45.1333333333333,1.45205046763777,30,"bootstrap",0.474688654356228,3.84042623938675,1.82300676372885,0.297683502050909,1.54925251415636,0.297683502050909
2020,"SSEO","slope","charter",0.2,"Southeast",29,21,1.38095238095238,1.62435297444828,0.742415334736503,0.138027316662126,67.6,45.1333333333333,1.45205046763777,21,"bootstrap",0.457052959803068,3.58108531033296,1.63674564039497,0.304298144491226,1.54925251415636,0.304298144491226
2021,"SSEO","slope","charter",0.2,"Southeast",67,44,1.52272727272727,1.56384707201493,0.675177329635558,0.0790464255655974,67.6,45.1333333333333,1.45205046763777,44,"bootstrap",0.431741275549168,3.44769262918488,1.48851121342575,0.174267537832062,1.54925251415636,0.174267537832062
2022,"SSEO","slope","charter",0.2,"Southeast",99,55,1.8,1.44997269787879,0.456915430062769,0.0455824332838143,67.6,45.1333333333333,1.45205046763777,55,"bootstrap",0.315120023108852,3.19664260812601,1.00732609254341,0.100492063492138,1.54925251415636,0.100492063492138
2023,"SSEO","slope","charter",0.2,"Southeast",73,49,1.48979591836735,1.93636815708219,0.881999717142609,0.101861619436685,67.6,45.1333333333333,1.45205046763777,49,"bootstrap",0.455491748259095,4.26896103975111,1.9444765272462,0.224566430319947,1.54925251415636,0.224566430319947
2024,"SSEO","slope","charter",0.2,"Southeast",115,69,1.66666666666667,1.83132198697391,0.814368534380645,0.074832560374093,67.6,45.1333333333333,1.45205046763777,69,"bootstrap",0.444688886046912,4.03737387698603,1.79537529191182,0.164977555313241,1.54925251415636,0.164977555313241
2025,"SSEO","slope","charter",0.2,"Southeast",198,NA,NA,2.08134848,0.245268601,NA,NA,NA,NA,NA,"4-stage",0.117841199278652,4.58858793911062,0.540724705740355,NA,1.54925251415636,1.54925251415636
1977,"CSEO","slope","private",0.9,"Southeast",NA,NA,NA,NA,NA,NA,NA,NA,NA,NA,NA,1,NA,NA,NA,2.86909159839051,2.86909159839051
1978,"CSEO","slope","private",0.9,"Southeast",NA,NA,NA,NA,NA,NA,NA,NA,NA,NA,NA,1,NA,NA,NA,2.86909159839051,2.86909159839051
1979,"CSEO","slope","private",0.9,"Southeast",NA,NA,NA,NA,NA,NA,NA,NA,NA,NA,NA,1,NA,NA,NA,2.86909159839051,2.86909159839051
1980,"CSEO","slope","private",0.9,"Southeast",NA,NA,NA,NA,NA,NA,NA,NA,NA,NA,NA,1,NA,NA,NA,2.86909159839051,2.86909159839051
1981,"CSEO","slope","private",0.9,"Southeast",NA,NA,NA,NA,NA,NA,NA,NA,NA,NA,NA,1,NA,NA,NA,2.86909159839051,2.86909159839051
1982,"CSEO","slope","private",0.9,"Southeast",NA,NA,NA,NA,NA,NA,NA,NA,NA,NA,NA,1,NA,NA,NA,2.86909159839051,2.86909159839051
1983,"CSEO","slope","private",0.9,"Southeast",NA,NA,NA,NA,NA,NA,NA,NA,NA,NA,NA,1,NA,NA,NA,2.86909159839051,2.86909159839051
1984,"CSEO","slope","private",0.9,"Southeast",NA,NA,NA,NA,NA,NA,NA,NA,NA,NA,NA,1,NA,NA,NA,2.86909159839051,2.86909159839051
1985,"CSEO","slope","private",0.9,"Southeast",NA,NA,NA,NA,NA,NA,NA,NA,NA,NA,NA,1,NA,NA,NA,2.86909159839051,2.86909159839051
1986,"CSEO","slope","private",0.9,"Southeast",NA,NA,NA,NA,NA,NA,NA,NA,NA,NA,NA,1,NA,NA,NA,2.86909159839051,2.86909159839051
1987,"CSEO","slope","private",0.9,"Southeast",NA,NA,NA,NA,NA,NA,NA,NA,NA,NA,NA,1,NA,NA,NA,2.86909159839051,2.86909159839051
1988,"CSEO","slope","private",0.9,"Southeast",NA,NA,NA,NA,NA,NA,NA,NA,NA,NA,NA,1,NA,NA,NA,2.86909159839051,2.86909159839051
1989,"CSEO","slope","private",0.9,"Southeast",NA,NA,NA,NA,NA,NA,NA,NA,NA,NA,NA,1,NA,NA,NA,2.86909159839051,2.86909159839051
1990,"CSEO","slope","private",0.9,"Southeast",NA,NA,NA,NA,NA,NA,NA,NA,NA,NA,NA,1,NA,NA,NA,2.86909159839051,2.86909159839051
1991,"CSEO","slope","private",0.9,"Southeast",NA,NA,NA,NA,NA,NA,NA,NA,NA,NA,NA,1,NA,NA,NA,2.86909159839051,2.86909159839051
1992,"CSEO","slope","private",0.9,"Southeast",NA,NA,NA,NA,NA,NA,NA,NA,NA,NA,NA,1,NA,NA,NA,2.86909159839051,2.86909159839051
1993,"CSEO","slope","private",0.9,"Southeast",NA,NA,NA,NA,NA,NA,NA,NA,NA,NA,NA,1,NA,NA,NA,2.86909159839051,2.86909159839051
1994,"CSEO","slope","private",0.9,"Southeast",NA,NA,NA,NA,NA,NA,NA,NA,NA,NA,NA,1,NA,NA,NA,2.86909159839051,2.86909159839051
1995,"CSEO","slope","private",0.9,"Southeast",NA,NA,NA,NA,NA,NA,NA,NA,NA,NA,NA,1,NA,NA,NA,2.86909159839051,2.86909159839051
1996,"CSEO","slope","private",0.9,"Southeast",NA,NA,NA,NA,NA,NA,NA,NA,NA,NA,NA,1,NA,NA,NA,2.86909159839051,2.86909159839051
1997,"CSEO","slope","private",0.9,"Southeast",NA,NA,NA,NA,NA,NA,NA,NA,NA,NA,NA,1,NA,NA,NA,2.86909159839051,2.86909159839051
1998,"CSEO","slope","private",0.9,"Southeast",NA,NA,NA,NA,NA,NA,NA,NA,NA,NA,NA,1,NA,NA,NA,2.86909159839051,2.86909159839051
1999,"CSEO","slope","private",0.9,"Southeast",NA,NA,NA,NA,NA,NA,NA,NA,NA,NA,NA,1,NA,NA,NA,2.86909159839051,2.86909159839051
2000,"CSEO","slope","private",0.9,"Southeast",NA,NA,NA,NA,NA,NA,NA,NA,NA,NA,NA,1,NA,NA,NA,2.86909159839051,2.86909159839051
2001,"CSEO","slope","private",0.9,"Southeast",NA,NA,NA,NA,NA,NA,NA,NA,NA,NA,NA,1,NA,NA,NA,2.86909159839051,2.86909159839051
2002,"CSEO","slope","private",0.9,"Southeast",NA,NA,NA,NA,NA,NA,NA,NA,NA,NA,NA,1,NA,NA,NA,2.86909159839051,2.86909159839051
2003,"CSEO","slope","private",0.9,"Southeast",NA,NA,NA,NA,NA,NA,NA,NA,NA,NA,NA,1,NA,NA,NA,2.86909159839051,2.86909159839051
2004,"CSEO","slope","private",0.9,"Southeast",NA,NA,NA,NA,NA,NA,NA,NA,NA,NA,NA,1,NA,NA,NA,2.86909159839051,2.86909159839051
2005,"CSEO","slope","private",0.9,"Southeast",NA,NA,NA,NA,NA,NA,NA,NA,NA,NA,NA,1,NA,NA,NA,2.86909159839051,2.86909159839051
2006,"CSEO","slope","private",0.9,"Southeast",NA,NA,NA,NA,NA,NA,NA,NA,NA,NA,NA,1,NA,NA,NA,2.86909159839051,2.86909159839051
2007,"CSEO","slope","private",0.9,"Southeast",NA,NA,NA,NA,NA,NA,NA,NA,NA,NA,NA,1,NA,NA,NA,2.86909159839051,2.86909159839051
2008,"CSEO","slope","private",0.9,"Southeast",NA,NA,NA,NA,NA,NA,NA,NA,NA,NA,NA,1,NA,NA,NA,2.86909159839051,2.86909159839051
2009,"CSEO","slope","private",0.9,"Southeast",NA,NA,NA,NA,NA,NA,NA,NA,NA,NA,NA,1,NA,NA,NA,2.86909159839051,2.86909159839051
2010,"CSEO","slope","private",0.9,"Southeast",14,1,14,1.36031036221429,1.49265282645551,0.371641640159536,29.4666666666667,19.4666666666667,1.4739572262278,9.49824034977548,"bootstrap",1.09728843352027,2.99897099475802,3.29073618501075,0.819329566429613,2.86909159839051,0.819329566429613
2011,"CSEO","slope","private",0.9,"Southeast",33,20,1.65,2.51414090948485,2.7987832384369,0.46419212397807,29.4666666666667,19.4666666666667,1.4739572262278,20,"bootstrap",1.11321653765635,5.54273191891767,6.17026083593484,1.0233684565479,2.86909159839051,1.0233684565479
2012,"CSEO","slope","private",0.9,"Southeast",34,26,1.30769230769231,1.34581536341176,0.686678835813678,0.112314839960481,29.4666666666667,19.4666666666667,1.4739572262278,26,"bootstrap",0.510232573116781,2.96701499252109,1.5138676941101,0.247611836738556,2.86909159839051,0.247611836738556
2013,"CSEO","slope","private",0.8,"Southeast",36,25,1.44,1.46629226541667,1.34172910042445,0.21366084670965,29.4666666666667,19.4666666666667,1.4739572262278,25,"bootstrap",0.915048883547904,3.23262109586863,2.95800632470799,0.471041535664447,2.86909159839051,0.471041535664447
2014,"CSEO","slope","private",0.8,"Southeast",45,25,1.8,1.08012455713333,0.592688743669923,0.0855972720292958,29.4666666666667,19.4666666666667,1.4739572262278,25,"bootstrap",0.548722589219645,2.38126703107362,1.30665501091409,0.188709682126079,2.86909159839051,0.188709682126079
2015,"CSEO","slope","private",0.8,"Southeast",45,29,1.55172413793103,1.30309385853333,0.924159298143282,0.144237054376804,29.4666666666667,19.4666666666667,1.4739572262278,29,"bootstrap",0.70920393960221,2.87283019650566,2.03742249317,0.317988272721272,2.86909159839051,0.317988272721272
2016,"CSEO","slope","private",0.8,"Southeast",61,36,1.69444444444444,1.10008772127869,0.561598201438893,0.0733301263677908,29.4666666666667,19.4666666666667,1.4739572262278,36,"bootstrap",0.510503108594029,2.42527827431526,1.2381120982435,0.16166525531789,2.86909159839051,0.16166525531789
2017,"CSEO","slope","private",0.7,"Southeast",25,21,1.19047619047619,1.16422003344,0.476040924413866,0.0967770144677916,29.4666666666667,19.4666666666667,1.4739572262278,21,"bootstrap",0.408892572486728,2.56666582037898,1.04949059000852,0.213356795191761,2.86909159839051,0.213356795191761
2018,"CSEO","slope","private",0.6,"Southeast",36,23,1.56521739130435,1.64854396036111,0.674226052896645,0.111615566702317,29.4666666666667,19.4666666666667,1.4739572262278,23,"bootstrap",0.408982756364566,3.63441730507649,1.48641400720926,0.246070203096047,2.86909159839051,0.246070203096047
2019,"CSEO","slope","private",0.5,"Southeast",20,17,1.17647058823529,1.54788873915,0.830954785328037,0.17851462910289,29.4666666666667,19.4666666666667,1.4739572262278,17,"bootstrap",0.53683108114369,3.41251052757337,1.83194171593143,0.393557389321142,2.86909159839051,0.393557389321142
2020,"CSEO","slope","private",0.2,"Southeast",11,9,1.22222222222222,1.41334396972727,1.34005377982719,0.378084596642917,29.4666666666667,19.4666666666667,1.4739572262278,9,"bootstrap",0.948144123815647,3.11589008550133,2.95431287502352,0.833533854032551,2.86909159839051,0.833533854032551
2021,"CSEO","slope","private",0.2,"Southeast",NA,NA,NA,NA,NA,NA,NA,NA,NA,NA,NA,1,NA,NA,NA,2.86909159839051,2.86909159839051
2022,"CSEO","slope","private",0.2,"Southeast",18,12,1.5,2.36385951594444,2.64172295259419,0.601558898481922,29.4666666666667,19.4666666666667,1.4739572262278,12,"bootstrap",1.11754651017776,5.21141815935336,5.82400217706234,1.32621035485553,2.86909159839051,1.32621035485553
2023,"CSEO","slope","private",0.2,"Southeast",19,9,2.11111111111111,3.27955578736842,2.90592344215923,0.650699029476191,29.4666666666667,19.4666666666667,1.4739572262278,9,"bootstrap",0.886072270321402,7.23018287238433,6.4064645525725,1.43454579919526,2.86909159839051,1.43454579919526
2024,"CSEO","slope","private",0.2,"Southeast",NA,NA,NA,NA,NA,NA,NA,NA,NA,NA,NA,1,NA,NA,NA,2.86909159839051,2.86909159839051
2025,"CSEO","slope","private",0.2,"Southeast",53,NA,NA,1.602700825,0.294795368,NA,NA,NA,NA,NA,"4-stage",0.183936617116298,3.53335049188766,0.649912536564024,NA,2.86909159839051,2.86909159839051
1977,"EWYKT","slope","private",0.9,"Southeast",NA,NA,NA,NA,NA,NA,NA,NA,NA,NA,NA,1,NA,NA,NA,10,10
1978,"EWYKT","slope","private",0.9,"Southeast",NA,NA,NA,NA,NA,NA,NA,NA,NA,NA,NA,1,NA,NA,NA,10,10
1979,"EWYKT","slope","private",0.9,"Southeast",NA,NA,NA,NA,NA,NA,NA,NA,NA,NA,NA,1,NA,NA,NA,10,10
1980,"EWYKT","slope","private",0.9,"Southeast",NA,NA,NA,NA,NA,NA,NA,NA,NA,NA,NA,1,NA,NA,NA,10,10
1981,"EWYKT","slope","private",0.9,"Southeast",NA,NA,NA,NA,NA,NA,NA,NA,NA,NA,NA,1,NA,NA,NA,10,10
1982,"EWYKT","slope","private",0.9,"Southeast",NA,NA,NA,NA,NA,NA,NA,NA,NA,NA,NA,1,NA,NA,NA,10,10
1983,"EWYKT","slope","private",0.9,"Southeast",NA,NA,NA,NA,NA,NA,NA,NA,NA,NA,NA,1,NA,NA,NA,10,10
1984,"EWYKT","slope","private",0.9,"Southeast",NA,NA,NA,NA,NA,NA,NA,NA,NA,NA,NA,1,NA,NA,NA,10,10
1985,"EWYKT","slope","private",0.9,"Southeast",NA,NA,NA,NA,NA,NA,NA,NA,NA,NA,NA,1,NA,NA,NA,10,10
1986,"EWYKT","slope","private",0.9,"Southeast",NA,NA,NA,NA,NA,NA,NA,NA,NA,NA,NA,1,NA,NA,NA,10,10
1987,"EWYKT","slope","private",0.9,"Southeast",NA,NA,NA,NA,NA,NA,NA,NA,NA,NA,NA,1,NA,NA,NA,10,10
1988,"EWYKT","slope","private",0.9,"Southeast",NA,NA,NA,NA,NA,NA,NA,NA,NA,NA,NA,1,NA,NA,NA,10,10
1989,"EWYKT","slope","private",0.9,"Southeast",NA,NA,NA,NA,NA,NA,NA,NA,NA,NA,NA,1,NA,NA,NA,10,10
1990,"EWYKT","slope","private",0.9,"Southeast",NA,NA,NA,NA,NA,NA,NA,NA,NA,NA,NA,1,NA,NA,NA,10,10
1991,"EWYKT","slope","private",0.9,"Southeast",NA,NA,NA,NA,NA,NA,NA,NA,NA,NA,NA,1,NA,NA,NA,10,10
1992,"EWYKT","slope","private",0.9,"Southeast",NA,NA,NA,NA,NA,NA,NA,NA,NA,NA,NA,1,NA,NA,NA,10,10
1993,"EWYKT","slope","private",0.9,"Southeast",NA,NA,NA,NA,NA,NA,NA,NA,NA,NA,NA,1,NA,NA,NA,10,10
1994,"EWYKT","slope","private",0.9,"Southeast",NA,NA,NA,NA,NA,NA,NA,NA,NA,NA,NA,1,NA,NA,NA,10,10
1995,"EWYKT","slope","private",0.9,"Southeast",NA,NA,NA,NA,NA,NA,NA,NA,NA,NA,NA,1,NA,NA,NA,10,10
1996,"EWYKT","slope","private",0.9,"Southeast",NA,NA,NA,NA,NA,NA,NA,NA,NA,NA,NA,1,NA,NA,NA,10,10
1997,"EWYKT","slope","private",0.9,"Southeast",NA,NA,NA,NA,NA,NA,NA,NA,NA,NA,NA,1,NA,NA,NA,10,10
1998,"EWYKT","slope","private",0.9,"Southeast",NA,NA,NA,NA,NA,NA,NA,NA,NA,NA,NA,1,NA,NA,NA,10,10
1999,"EWYKT","slope","private",0.9,"Southeast",NA,NA,NA,NA,NA,NA,NA,NA,NA,NA,NA,1,NA,NA,NA,10,10
2000,"EWYKT","slope","private",0.9,"Southeast",NA,NA,NA,NA,NA,NA,NA,NA,NA,NA,NA,1,NA,NA,NA,10,10
2001,"EWYKT","slope","private",0.9,"Southeast",NA,NA,NA,NA,NA,NA,NA,NA,NA,NA,NA,1,NA,NA,NA,10,10
2002,"EWYKT","slope","private",0.9,"Southeast",NA,NA,NA,NA,NA,NA,NA,NA,NA,NA,NA,1,NA,NA,NA,10,10
2003,"EWYKT","slope","private",0.9,"Southeast",NA,NA,NA,NA,NA,NA,NA,NA,NA,NA,NA,1,NA,NA,NA,10,10
2004,"EWYKT","slope","private",0.9,"Southeast",NA,NA,NA,NA,NA,NA,NA,NA,NA,NA,NA,1,NA,NA,NA,10,10
2005,"EWYKT","slope","private",0.9,"Southeast",NA,NA,NA,NA,NA,NA,NA,NA,NA,NA,NA,1,NA,NA,NA,10,10
2006,"EWYKT","slope","private",0.9,"Southeast",NA,NA,NA,NA,NA,NA,NA,NA,NA,NA,NA,1,NA,NA,NA,10,10
2007,"EWYKT","slope","private",0.9,"Southeast",NA,NA,NA,NA,NA,NA,NA,NA,NA,NA,NA,1,NA,NA,NA,10,10
2008,"EWYKT","slope","private",0.9,"Southeast",NA,NA,NA,NA,NA,NA,NA,NA,NA,NA,NA,1,NA,NA,NA,10,10
2009,"EWYKT","slope","private",0.9,"Southeast",NA,NA,NA,NA,NA,NA,NA,NA,NA,NA,NA,1,NA,NA,NA,10,10
2010,"EWYKT","slope","private",0.9,"Southeast",NA,NA,NA,NA,NA,NA,NA,NA,NA,NA,NA,1,NA,NA,NA,10,10
2011,"EWYKT","slope","private",0.9,"Southeast",NA,NA,NA,NA,NA,NA,NA,NA,NA,NA,NA,1,NA,NA,NA,10,10
2012,"EWYKT","slope","private",0.9,"Southeast",NA,NA,NA,NA,NA,NA,NA,NA,NA,NA,NA,1,NA,NA,NA,10,10
2013,"EWYKT","slope","private",0.8,"Southeast",NA,NA,NA,NA,NA,NA,NA,NA,NA,NA,NA,1,NA,NA,NA,10,10
2014,"EWYKT","slope","private",0.8,"Southeast",NA,NA,NA,NA,NA,NA,NA,NA,NA,NA,NA,1,NA,NA,NA,10,10
2015,"EWYKT","slope","private",0.8,"Southeast",NA,NA,NA,NA,NA,NA,NA,NA,NA,NA,NA,1,NA,NA,NA,10,10
2016,"EWYKT","slope","private",0.8,"Southeast",NA,NA,NA,NA,NA,NA,NA,NA,NA,NA,NA,1,NA,NA,NA,10,10
2017,"EWYKT","slope","private",0.7,"Southeast",NA,NA,NA,NA,NA,NA,NA,NA,NA,NA,NA,1,NA,NA,NA,10,10
2018,"EWYKT","slope","private",0.6,"Southeast",NA,NA,NA,NA,NA,NA,NA,NA,NA,NA,NA,1,NA,NA,NA,10,10
2019,"EWYKT","slope","private",0.5,"Southeast",NA,NA,NA,NA,NA,NA,NA,NA,NA,NA,NA,1,NA,NA,NA,10,10
2020,"EWYKT","slope","private",0.2,"Southeast",NA,NA,NA,NA,NA,NA,NA,NA,NA,NA,NA,1,NA,NA,NA,10,10
2021,"EWYKT","slope","private",0.2,"Southeast",NA,NA,NA,NA,NA,NA,NA,NA,NA,NA,NA,1,NA,NA,NA,10,10
2022,"EWYKT","slope","private",0.2,"Southeast",NA,NA,NA,NA,NA,NA,NA,NA,NA,NA,NA,1,NA,NA,NA,10,10
2023,"EWYKT","slope","private",0.2,"Southeast",NA,NA,NA,NA,NA,NA,NA,NA,NA,NA,NA,1,NA,NA,NA,10,10
2024,"EWYKT","slope","private",0.2,"Southeast",NA,NA,NA,NA,NA,NA,NA,NA,NA,NA,NA,1,NA,NA,NA,10,10
2025,"EWYKT","slope","private",0.2,"Southeast",NA,NA,NA,NA,NA,NA,NA,NA,NA,NA,NA,1,NA,NA,NA,10,10
1977,"NSEI","slope","private",0.9,"Southeast",NA,NA,NA,NA,NA,NA,NA,NA,NA,NA,NA,1,NA,NA,NA,0.906783811292657,0.906783811292657
1978,"NSEI","slope","private",0.9,"Southeast",NA,NA,NA,NA,NA,NA,NA,NA,NA,NA,NA,1,NA,NA,NA,0.906783811292657,0.906783811292657
1979,"NSEI","slope","private",0.9,"Southeast",NA,NA,NA,NA,NA,NA,NA,NA,NA,NA,NA,1,NA,NA,NA,0.906783811292657,0.906783811292657
1980,"NSEI","slope","private",0.9,"Southeast",NA,NA,NA,NA,NA,NA,NA,NA,NA,NA,NA,1,NA,NA,NA,0.906783811292657,0.906783811292657
1981,"NSEI","slope","private",0.9,"Southeast",NA,NA,NA,NA,NA,NA,NA,NA,NA,NA,NA,1,NA,NA,NA,0.906783811292657,0.906783811292657
1982,"NSEI","slope","private",0.9,"Southeast",NA,NA,NA,NA,NA,NA,NA,NA,NA,NA,NA,1,NA,NA,NA,0.906783811292657,0.906783811292657
1983,"NSEI","slope","private",0.9,"Southeast",NA,NA,NA,NA,NA,NA,NA,NA,NA,NA,NA,1,NA,NA,NA,0.906783811292657,0.906783811292657
1984,"NSEI","slope","private",0.9,"Southeast",NA,NA,NA,NA,NA,NA,NA,NA,NA,NA,NA,1,NA,NA,NA,0.906783811292657,0.906783811292657
1985,"NSEI","slope","private",0.9,"Southeast",NA,NA,NA,NA,NA,NA,NA,NA,NA,NA,NA,1,NA,NA,NA,0.906783811292657,0.906783811292657
1986,"NSEI","slope","private",0.9,"Southeast",NA,NA,NA,NA,NA,NA,NA,NA,NA,NA,NA,1,NA,NA,NA,0.906783811292657,0.906783811292657
1987,"NSEI","slope","private",0.9,"Southeast",NA,NA,NA,NA,NA,NA,NA,NA,NA,NA,NA,1,NA,NA,NA,0.906783811292657,0.906783811292657
1988,"NSEI","slope","private",0.9,"Southeast",NA,NA,NA,NA,NA,NA,NA,NA,NA,NA,NA,1,NA,NA,NA,0.906783811292657,0.906783811292657
1989,"NSEI","slope","private",0.9,"Southeast",NA,NA,NA,NA,NA,NA,NA,NA,NA,NA,NA,1,NA,NA,NA,0.906783811292657,0.906783811292657
1990,"NSEI","slope","private",0.9,"Southeast",NA,NA,NA,NA,NA,NA,NA,NA,NA,NA,NA,1,NA,NA,NA,0.906783811292657,0.906783811292657
1991,"NSEI","slope","private",0.9,"Southeast",NA,NA,NA,NA,NA,NA,NA,NA,NA,NA,NA,1,NA,NA,NA,0.906783811292657,0.906783811292657
1992,"NSEI","slope","private",0.9,"Southeast",NA,NA,NA,NA,NA,NA,NA,NA,NA,NA,NA,1,NA,NA,NA,0.906783811292657,0.906783811292657
1993,"NSEI","slope","private",0.9,"Southeast",NA,NA,NA,NA,NA,NA,NA,NA,NA,NA,NA,1,NA,NA,NA,0.906783811292657,0.906783811292657
1994,"NSEI","slope","private",0.9,"Southeast",NA,NA,NA,NA,NA,NA,NA,NA,NA,NA,NA,1,NA,NA,NA,0.906783811292657,0.906783811292657
1995,"NSEI","slope","private",0.9,"Southeast",NA,NA,NA,NA,NA,NA,NA,NA,NA,NA,NA,1,NA,NA,NA,0.906783811292657,0.906783811292657
1996,"NSEI","slope","private",0.9,"Southeast",NA,NA,NA,NA,NA,NA,NA,NA,NA,NA,NA,1,NA,NA,NA,0.906783811292657,0.906783811292657
1997,"NSEI","slope","private",0.9,"Southeast",NA,NA,NA,NA,NA,NA,NA,NA,NA,NA,NA,1,NA,NA,NA,0.906783811292657,0.906783811292657
1998,"NSEI","slope","private",0.9,"Southeast",NA,NA,NA,NA,NA,NA,NA,NA,NA,NA,NA,1,NA,NA,NA,0.906783811292657,0.906783811292657
1999,"NSEI","slope","private",0.9,"Southeast",NA,NA,NA,NA,NA,NA,NA,NA,NA,NA,NA,1,NA,NA,NA,0.906783811292657,0.906783811292657
2000,"NSEI","slope","private",0.9,"Southeast",NA,NA,NA,NA,NA,NA,NA,NA,NA,NA,NA,1,NA,NA,NA,0.906783811292657,0.906783811292657
2001,"NSEI","slope","private",0.9,"Southeast",NA,NA,NA,NA,NA,NA,NA,NA,NA,NA,NA,1,NA,NA,NA,0.906783811292657,0.906783811292657
2002,"NSEI","slope","private",0.9,"Southeast",NA,NA,NA,NA,NA,NA,NA,NA,NA,NA,NA,1,NA,NA,NA,0.906783811292657,0.906783811292657
2003,"NSEI","slope","private",0.9,"Southeast",NA,NA,NA,NA,NA,NA,NA,NA,NA,NA,NA,1,NA,NA,NA,0.906783811292657,0.906783811292657
2004,"NSEI","slope","private",0.9,"Southeast",NA,NA,NA,NA,NA,NA,NA,NA,NA,NA,NA,1,NA,NA,NA,0.906783811292657,0.906783811292657
2005,"NSEI","slope","private",0.9,"Southeast",NA,NA,NA,NA,NA,NA,NA,NA,NA,NA,NA,1,NA,NA,NA,0.906783811292657,0.906783811292657
2006,"NSEI","slope","private",0.9,"Southeast",31,1,31,1.38684982770968,0.985152859326269,0.171882986127213,107.933333333333,62.7333333333333,1.69758117461376,18.261276964887,"bootstrap",0.710352944956704,3.05748050071186,2.17189027782837,0.3789371192092,0.906783811292657,0.3789371192092
2007,"NSEI","slope","private",0.9,"Southeast",19,1,19,1.30401041431579,0.73723622738215,0.160902769119574,107.933333333333,62.7333333333333,1.69758117461376,11.1923955591243,"bootstrap",0.565360689829287,2.87485085611616,1.62532766317015,0.35472988442165,0.906783811292657,0.35472988442165
2008,"NSEI","slope","private",0.9,"Southeast",23,1,23,1.23564684095652,0.539437267310927,0.111999179881889,107.933333333333,62.7333333333333,1.69758117461376,13.5486893610452,"bootstrap",0.436562656441015,2.72413497590429,1.18925560158466,0.246915925389061,0.906783811292657,0.246915925389061
2009,"NSEI","slope","private",0.9,"Southeast",24,1,24,1.14853161120833,0.553938632721738,0.11167529818231,107.933333333333,62.7333333333333,1.69758117461376,14.1377628115254,"bootstrap",0.482301599116596,2.53207876985493,1.22122563979022,0.246201888467966,0.906783811292657,0.246201888467966
2010,"NSEI","slope","private",0.9,"Southeast",47,1,47,1.47910175989362,0.864744318664903,0.125394749516102,107.933333333333,62.7333333333333,1.69758117461376,27.6864521725705,"bootstrap",0.584641531849098,3.26086119714328,1.90643488544513,0.276448101212433,0.906783811292657,0.276448101212433
2011,"NSEI","slope","private",0.9,"Southeast",28,14,2,1.27624629175,1.01192922432679,0.188719687866479,107.933333333333,62.7333333333333,1.69758117461376,14,"bootstrap",0.792894937966263,2.81364144348317,2.2309220577899,0.416055692709779,0.906783811292657,0.416055692709779
2012,"NSEI","slope","private",0.9,"Southeast",62,39,1.58974358974359,1.5141527696129,1.28694305674359,0.153668617877209,107.933333333333,62.7333333333333,1.69758117461376,39,"bootstrap",0.849942675911495,3.33813544602425,2.83722377354886,0.338781310956231,0.906783811292657,0.338781310956231
2013,"NSEI","slope","private",0.8,"Southeast",108,52,2.07692307692308,1.67981563925,0.829688920555978,0.0779541844570848,107.933333333333,62.7333333333333,1.69758117461376,52,"bootstrap",0.493916654405251,3.70335955572031,1.82915096182109,0.171859558377742,0.906783811292657,0.171859558377742
2014,"NSEI","slope","private",0.8,"Southeast",146,76,1.92105263157895,1.38027087416438,1.18500063880747,0.0983369197601994,107.933333333333,62.7333333333333,1.69758117461376,76,"bootstrap",0.858527598450466,3.04297639090997,2.6124792130294,0.216795797684461,0.906783811292657,0.216795797684461
2015,"NSEI","slope","private",0.8,"Southeast",168,92,1.82608695652174,1.45959698029762,0.658648895690403,0.0509266268827653,107.933333333333,62.7333333333333,1.69758117461376,92,"bootstrap",0.451253945151422,3.21786051884783,1.45207225407708,0.112273993586044,0.906783811292657,0.112273993586044
2016,"NSEI","slope","private",0.8,"Southeast",279,134,2.08208955223881,1.18102195836918,0.526262646701631,0.0316193720819718,107.933333333333,62.7333333333333,1.69758117461376,134,"bootstrap",0.445599375161765,2.60370772413739,1.16021053497948,0.0697087829221115,0.906783811292657,0.0697087829221115
2017,"NSEI","slope","private",0.7,"Southeast",57,42,1.35714285714286,1.57868971831579,1.53281801280489,0.205655109193395,107.933333333333,62.7333333333333,1.69758117461376,42,"bootstrap",0.970943178397438,3.48041506296042,3.37928526337311,0.453391905646329,0.906783811292657,0.453391905646329
2018,"NSEI","slope","private",0.6,"Southeast",111,80,1.3875,1.45415543520721,0.816873759753045,0.0770554475387567,107.933333333333,62.7333333333333,1.69758117461376,80,"bootstrap",0.561751336875927,3.20586396545376,1.80089836843601,0.169878182638166,0.906783811292657,0.169878182638166
2019,"NSEI","slope","private",0.5,"Southeast",151,95,1.58947368421053,1.33854411878808,0.850757802318392,0.0732745306883704,107.933333333333,62.7333333333333,1.69758117461376,95,"bootstrap",0.635584431156942,2.95098464214817,1.87559989513262,0.161542687825466,0.906783811292657,0.161542687825466
2020,"NSEI","slope","private",0.2,"Southeast",64,43,1.48837209302326,1.49535261326562,0.562094776397105,0.0690520040172168,107.933333333333,62.7333333333333,1.69758117461376,43,"bootstrap",0.375894468910297,3.2966881960815,1.2392068586289,0.152233610012687,0.906783811292657,0.152233610012687
2021,"NSEI","slope","private",0.2,"Southeast",62,37,1.67567567567568,1.5525786073871,0.895249304776315,0.109797530820883,107.933333333333,62.7333333333333,1.69758117461376,37,"bootstrap",0.576620919879199,3.4228499171737,1.97368686784914,0.242062120067866,0.906783811292657,0.242062120067866
2022,"NSEI","slope","private",0.2,"Southeast",89,56,1.58928571428571,1.80845576049438,1.29956487277703,0.133966828642215,107.933333333333,62.7333333333333,1.69758117461376,56,"bootstrap",0.718604735136991,3.98696247685521,2.86505011468166,0.295346300754291,0.906783811292657,0.295346300754291
2023,"NSEI","slope","private",0.2,"Southeast",98,59,1.66101694915254,1.48060985588776,1.22437380702187,0.12600751392942,107.933333333333,62.7333333333333,1.69758117461376,59,"bootstrap",0.826938846957591,3.2641859796851,2.69928219029593,0.277799015498764,0.906783811292657,0.277799015498764
2024,"NSEI","slope","private",0.2,"Southeast",108,60,1.8,1.57793604880556,0.748064012052653,0.0697104495111067,107.933333333333,62.7333333333333,1.69758117461376,60,"bootstrap",0.474077522101678,3.47875350611016,1.64919884217923,0.153685233842554,0.906783811292657,0.153685233842554
2025,"NSEI","slope","private",0.2,"Southeast",88,NA,NA,1.781257278,0.242759725,NA,NA,NA,NA,NA,"4-stage",0.136285604554874,3.92700008711843,0.535193580959979,NA,0.906783811292657,0.906783811292657
1977,"NSEO","slope","private",0.9,"Southeast",NA,NA,NA,NA,NA,NA,NA,NA,NA,NA,NA,1,NA,NA,NA,10,10
1978,"NSEO","slope","private",0.9,"Southeast",NA,NA,NA,NA,NA,NA,NA,NA,NA,NA,NA,1,NA,NA,NA,10,10
1979,"NSEO","slope","private",0.9,"Southeast",NA,NA,NA,NA,NA,NA,NA,NA,NA,NA,NA,1,NA,NA,NA,10,10
1980,"NSEO","slope","private",0.9,"Southeast",NA,NA,NA,NA,NA,NA,NA,NA,NA,NA,NA,1,NA,NA,NA,10,10
1981,"NSEO","slope","private",0.9,"Southeast",NA,NA,NA,NA,NA,NA,NA,NA,NA,NA,NA,1,NA,NA,NA,10,10
1982,"NSEO","slope","private",0.9,"Southeast",NA,NA,NA,NA,NA,NA,NA,NA,NA,NA,NA,1,NA,NA,NA,10,10
1983,"NSEO","slope","private",0.9,"Southeast",NA,NA,NA,NA,NA,NA,NA,NA,NA,NA,NA,1,NA,NA,NA,10,10
1984,"NSEO","slope","private",0.9,"Southeast",NA,NA,NA,NA,NA,NA,NA,NA,NA,NA,NA,1,NA,NA,NA,10,10
1985,"NSEO","slope","private",0.9,"Southeast",NA,NA,NA,NA,NA,NA,NA,NA,NA,NA,NA,1,NA,NA,NA,10,10
1986,"NSEO","slope","private",0.9,"Southeast",NA,NA,NA,NA,NA,NA,NA,NA,NA,NA,NA,1,NA,NA,NA,10,10
1987,"NSEO","slope","private",0.9,"Southeast",NA,NA,NA,NA,NA,NA,NA,NA,NA,NA,NA,1,NA,NA,NA,10,10
1988,"NSEO","slope","private",0.9,"Southeast",NA,NA,NA,NA,NA,NA,NA,NA,NA,NA,NA,1,NA,NA,NA,10,10
1989,"NSEO","slope","private",0.9,"Southeast",NA,NA,NA,NA,NA,NA,NA,NA,NA,NA,NA,1,NA,NA,NA,10,10
1990,"NSEO","slope","private",0.9,"Southeast",NA,NA,NA,NA,NA,NA,NA,NA,NA,NA,NA,1,NA,NA,NA,10,10
1991,"NSEO","slope","private",0.9,"Southeast",NA,NA,NA,NA,NA,NA,NA,NA,NA,NA,NA,1,NA,NA,NA,10,10
1992,"NSEO","slope","private",0.9,"Southeast",NA,NA,NA,NA,NA,NA,NA,NA,NA,NA,NA,1,NA,NA,NA,10,10
1993,"NSEO","slope","private",0.9,"Southeast",NA,NA,NA,NA,NA,NA,NA,NA,NA,NA,NA,1,NA,NA,NA,10,10
1994,"NSEO","slope","private",0.9,"Southeast",NA,NA,NA,NA,NA,NA,NA,NA,NA,NA,NA,1,NA,NA,NA,10,10
1995,"NSEO","slope","private",0.9,"Southeast",NA,NA,NA,NA,NA,NA,NA,NA,NA,NA,NA,1,NA,NA,NA,10,10
1996,"NSEO","slope","private",0.9,"Southeast",NA,NA,NA,NA,NA,NA,NA,NA,NA,NA,NA,1,NA,NA,NA,10,10
1997,"NSEO","slope","private",0.9,"Southeast",NA,NA,NA,NA,NA,NA,NA,NA,NA,NA,NA,1,NA,NA,NA,10,10
1998,"NSEO","slope","private",0.9,"Southeast",NA,NA,NA,NA,NA,NA,NA,NA,NA,NA,NA,1,NA,NA,NA,10,10
1999,"NSEO","slope","private",0.9,"Southeast",NA,NA,NA,NA,NA,NA,NA,NA,NA,NA,NA,1,NA,NA,NA,10,10
2000,"NSEO","slope","private",0.9,"Southeast",NA,NA,NA,NA,NA,NA,NA,NA,NA,NA,NA,1,NA,NA,NA,10,10
2001,"NSEO","slope","private",0.9,"Southeast",NA,NA,NA,NA,NA,NA,NA,NA,NA,NA,NA,1,NA,NA,NA,10,10
2002,"NSEO","slope","private",0.9,"Southeast",NA,NA,NA,NA,NA,NA,NA,NA,NA,NA,NA,1,NA,NA,NA,10,10
2003,"NSEO","slope","private",0.9,"Southeast",NA,NA,NA,NA,NA,NA,NA,NA,NA,NA,NA,1,NA,NA,NA,10,10
2004,"NSEO","slope","private",0.9,"Southeast",NA,NA,NA,NA,NA,NA,NA,NA,NA,NA,NA,1,NA,NA,NA,10,10
2005,"NSEO","slope","private",0.9,"Southeast",NA,NA,NA,NA,NA,NA,NA,NA,NA,NA,NA,1,NA,NA,NA,10,10
2006,"NSEO","slope","private",0.9,"Southeast",NA,NA,NA,NA,NA,NA,NA,NA,NA,NA,NA,1,NA,NA,NA,10,10
2007,"NSEO","slope","private",0.9,"Southeast",NA,NA,NA,NA,NA,NA,NA,NA,NA,NA,NA,1,NA,NA,NA,10,10
2008,"NSEO","slope","private",0.9,"Southeast",NA,NA,NA,NA,NA,NA,NA,NA,NA,NA,NA,1,NA,NA,NA,10,10
2009,"NSEO","slope","private",0.9,"Southeast",NA,NA,NA,NA,NA,NA,NA,NA,NA,NA,NA,1,NA,NA,NA,10,10
2010,"NSEO","slope","private",0.9,"Southeast",NA,NA,NA,NA,NA,NA,NA,NA,NA,NA,NA,1,NA,NA,NA,10,10
2011,"NSEO","slope","private",0.9,"Southeast",NA,NA,NA,NA,NA,NA,NA,NA,NA,NA,NA,1,NA,NA,NA,10,10
2012,"NSEO","slope","private",0.9,"Southeast",NA,NA,NA,NA,NA,NA,NA,NA,NA,NA,NA,1,NA,NA,NA,10,10
2013,"NSEO","slope","private",0.8,"Southeast",NA,NA,NA,NA,NA,NA,NA,NA,NA,NA,NA,1,NA,NA,NA,10,10
2014,"NSEO","slope","private",0.8,"Southeast",NA,NA,NA,NA,NA,NA,NA,NA,NA,NA,NA,1,NA,NA,NA,10,10
2015,"NSEO","slope","private",0.8,"Southeast",NA,NA,NA,NA,NA,NA,NA,NA,NA,NA,NA,1,NA,NA,NA,10,10
2016,"NSEO","slope","private",0.8,"Southeast",NA,NA,NA,NA,NA,NA,NA,NA,NA,NA,NA,1,NA,NA,NA,10,10
2017,"NSEO","slope","private",0.7,"Southeast",NA,NA,NA,NA,NA,NA,NA,NA,NA,NA,NA,1,NA,NA,NA,10,10
2018,"NSEO","slope","private",0.6,"Southeast",NA,NA,NA,NA,NA,NA,NA,NA,NA,NA,NA,1,NA,NA,NA,10,10
2019,"NSEO","slope","private",0.5,"Southeast",NA,NA,NA,NA,NA,NA,NA,NA,NA,NA,NA,1,NA,NA,NA,10,10
2020,"NSEO","slope","private",0.2,"Southeast",NA,NA,NA,NA,NA,NA,NA,NA,NA,NA,NA,1,NA,NA,NA,10,10
2021,"NSEO","slope","private",0.2,"Southeast",NA,NA,NA,NA,NA,NA,NA,NA,NA,NA,NA,1,NA,NA,NA,10,10
2022,"NSEO","slope","private",0.2,"Southeast",NA,NA,NA,NA,NA,NA,NA,NA,NA,NA,NA,1,NA,NA,NA,10,10
2023,"NSEO","slope","private",0.2,"Southeast",NA,NA,NA,NA,NA,NA,NA,NA,NA,NA,NA,1,NA,NA,NA,10,10
2024,"NSEO","slope","private",0.2,"Southeast",NA,NA,NA,NA,NA,NA,NA,NA,NA,NA,NA,1,NA,NA,NA,10,10
2025,"NSEO","slope","private",0.2,"Southeast",18,NA,NA,6.426648192,1.039102103,NA,NA,NA,NA,NA,"4-stage",0.161686476675896,14.1683339748653,2.29082800076337,NA,10,10
1977,"SSEI","slope","private",0.9,"Southeast",NA,NA,NA,NA,NA,NA,NA,NA,NA,NA,NA,1,NA,NA,NA,0.840729370369569,0.840729370369569
1978,"SSEI","slope","private",0.9,"Southeast",NA,NA,NA,NA,NA,NA,NA,NA,NA,NA,NA,1,NA,NA,NA,0.840729370369569,0.840729370369569
1979,"SSEI","slope","private",0.9,"Southeast",NA,NA,NA,NA,NA,NA,NA,NA,NA,NA,NA,1,NA,NA,NA,0.840729370369569,0.840729370369569
1980,"SSEI","slope","private",0.9,"Southeast",NA,NA,NA,NA,NA,NA,NA,NA,NA,NA,NA,1,NA,NA,NA,0.840729370369569,0.840729370369569
1981,"SSEI","slope","private",0.9,"Southeast",NA,NA,NA,NA,NA,NA,NA,NA,NA,NA,NA,1,NA,NA,NA,0.840729370369569,0.840729370369569
1982,"SSEI","slope","private",0.9,"Southeast",NA,NA,NA,NA,NA,NA,NA,NA,NA,NA,NA,1,NA,NA,NA,0.840729370369569,0.840729370369569
1983,"SSEI","slope","private",0.9,"Southeast",NA,NA,NA,NA,NA,NA,NA,NA,NA,NA,NA,1,NA,NA,NA,0.840729370369569,0.840729370369569
1984,"SSEI","slope","private",0.9,"Southeast",NA,NA,NA,NA,NA,NA,NA,NA,NA,NA,NA,1,NA,NA,NA,0.840729370369569,0.840729370369569
1985,"SSEI","slope","private",0.9,"Southeast",NA,NA,NA,NA,NA,NA,NA,NA,NA,NA,NA,1,NA,NA,NA,0.840729370369569,0.840729370369569
1986,"SSEI","slope","private",0.9,"Southeast",NA,NA,NA,NA,NA,NA,NA,NA,NA,NA,NA,1,NA,NA,NA,0.840729370369569,0.840729370369569
1987,"SSEI","slope","private",0.9,"Southeast",NA,NA,NA,NA,NA,NA,NA,NA,NA,NA,NA,1,NA,NA,NA,0.840729370369569,0.840729370369569
1988,"SSEI","slope","private",0.9,"Southeast",NA,NA,NA,NA,NA,NA,NA,NA,NA,NA,NA,1,NA,NA,NA,0.840729370369569,0.840729370369569
1989,"SSEI","slope","private",0.9,"Southeast",NA,NA,NA,NA,NA,NA,NA,NA,NA,NA,NA,1,NA,NA,NA,0.840729370369569,0.840729370369569
1990,"SSEI","slope","private",0.9,"Southeast",NA,NA,NA,NA,NA,NA,NA,NA,NA,NA,NA,1,NA,NA,NA,0.840729370369569,0.840729370369569
1991,"SSEI","slope","private",0.9,"Southeast",NA,NA,NA,NA,NA,NA,NA,NA,NA,NA,NA,1,NA,NA,NA,0.840729370369569,0.840729370369569
1992,"SSEI","slope","private",0.9,"Southeast",NA,NA,NA,NA,NA,NA,NA,NA,NA,NA,NA,1,NA,NA,NA,0.840729370369569,0.840729370369569
1993,"SSEI","slope","private",0.9,"Southeast",NA,NA,NA,NA,NA,NA,NA,NA,NA,NA,NA,1,NA,NA,NA,0.840729370369569,0.840729370369569
1994,"SSEI","slope","private",0.9,"Southeast",NA,NA,NA,NA,NA,NA,NA,NA,NA,NA,NA,1,NA,NA,NA,0.840729370369569,0.840729370369569
1995,"SSEI","slope","private",0.9,"Southeast",NA,NA,NA,NA,NA,NA,NA,NA,NA,NA,NA,1,NA,NA,NA,0.840729370369569,0.840729370369569
1996,"SSEI","slope","private",0.9,"Southeast",NA,NA,NA,NA,NA,NA,NA,NA,NA,NA,NA,1,NA,NA,NA,0.840729370369569,0.840729370369569
1997,"SSEI","slope","private",0.9,"Southeast",NA,NA,NA,NA,NA,NA,NA,NA,NA,NA,NA,1,NA,NA,NA,0.840729370369569,0.840729370369569
1998,"SSEI","slope","private",0.9,"Southeast",NA,NA,NA,NA,NA,NA,NA,NA,NA,NA,NA,1,NA,NA,NA,0.840729370369569,0.840729370369569
1999,"SSEI","slope","private",0.9,"Southeast",NA,NA,NA,NA,NA,NA,NA,NA,NA,NA,NA,1,NA,NA,NA,0.840729370369569,0.840729370369569
2000,"SSEI","slope","private",0.9,"Southeast",NA,NA,NA,NA,NA,NA,NA,NA,NA,NA,NA,1,NA,NA,NA,0.840729370369569,0.840729370369569
2001,"SSEI","slope","private",0.9,"Southeast",NA,NA,NA,NA,NA,NA,NA,NA,NA,NA,NA,1,NA,NA,NA,0.840729370369569,0.840729370369569
2002,"SSEI","slope","private",0.9,"Southeast",NA,NA,NA,NA,NA,NA,NA,NA,NA,NA,NA,1,NA,NA,NA,0.840729370369569,0.840729370369569
2003,"SSEI","slope","private",0.9,"Southeast",NA,NA,NA,NA,NA,NA,NA,NA,NA,NA,NA,1,NA,NA,NA,0.840729370369569,0.840729370369569
2004,"SSEI","slope","private",0.9,"Southeast",NA,NA,NA,NA,NA,NA,NA,NA,NA,NA,NA,1,NA,NA,NA,0.840729370369569,0.840729370369569
2005,"SSEI","slope","private",0.9,"Southeast",NA,NA,NA,NA,NA,NA,NA,NA,NA,NA,NA,1,NA,NA,NA,0.840729370369569,0.840729370369569
2006,"SSEI","slope","private",0.9,"Southeast",75,1,75,1.4587777024,0.93710406329583,0.109500824335095,139.8,73.8666666666667,1.82537497036798,41.0874484516903,"bootstrap",0.642389900636741,3.21605432026267,2.0659608152359,0.241407994237797,0.840729370369569,0.241407994237797
2007,"SSEI","slope","private",0.9,"Southeast",84,1,84,1.6762527894881,0.945020550315155,0.102210668688986,139.8,73.8666666666667,1.82537497036798,46.0179422658931,"bootstrap",0.563769710774798,3.69550481654356,2.08341368158964,0.225335952197064,0.840729370369569,0.225335952197064
2008,"SSEI","slope","private",0.9,"Southeast",52,1,52,1.48886726438462,0.773197867990577,0.110013417879015,139.8,73.8666666666667,1.82537497036798,28.4872975931719,"bootstrap",0.519319543445101,3.28239044923985,1.7046095095078,0.242538069559589,0.840729370369569,0.242538069559589
2009,"SSEI","slope","private",0.9,"Southeast",35,1,35,1.48511544734286,1.05451520112162,0.17718533756403,139.8,73.8666666666667,1.82537497036798,19.1741426107888,"bootstrap",0.710056045143385,3.27411910852349,2.32480806552657,0.390626803125996,0.840729370369569,0.390626803125996
2010,"SSEI","slope","private",0.9,"Southeast",50,1,50,1.12102010696,0.810633147924545,0.11026264353515,139.8,73.8666666666667,1.82537497036798,27.3916323011269,"bootstrap",0.723120970704828,2.47142628527884,1.78714017443626,0.243087518078588,0.840729370369569,0.243087518078588
2011,"SSEI","slope","private",0.9,"Southeast",185,85,2.17647058823529,1.48049040534054,0.911824154229994,0.0683571102979173,139.8,73.8666666666667,1.82537497036798,85,"bootstrap",0.615893322199719,3.26392263630672,2.01022815587781,0.150701631600623,0.840729370369569,0.150701631600623
2012,"SSEI","slope","private",0.9,"Southeast",132,61,2.16393442622951,1.42874460466667,0.798607121118431,0.0676261249200501,139.8,73.8666666666667,1.82537497036798,61,"bootstrap",0.558957226162018,3.1498426736511,1.76062732371077,0.149090084701688,0.840729370369569,0.149090084701688
2013,"SSEI","slope","private",0.8,"Southeast",197,88,2.23863636363636,1.34370961507107,0.749177126575161,0.0538037278435847,139.8,73.8666666666667,1.82537497036798,88,"bootstrap",0.557543920332472,2.96237261209717,1.6516528396342,0.118616915444291,0.840729370369569,0.118616915444291
2014,"SSEI","slope","private",0.8,"Southeast",327,153,2.13725490196078,1.31867976064832,1.19763370559381,0.0667182347042008,139.8,73.8666666666667,1.82537497036798,153,"bootstrap",0.908206633129033,2.90719122886147,2.64033035782653,0.14708852939535,0.840729370369569,0.14708852939535
2015,"SSEI","slope","private",0.8,"Southeast",190,96,1.97916666666667,1.22997213705789,0.706101227748878,0.0491800231803365,139.8,73.8666666666667,1.82537497036798,96,"bootstrap",0.574079043317096,2.71162439532756,1.55668673870495,0.108423391555494,0.840729370369569,0.108423391555494
2016,"SSEI","slope","private",0.8,"Southeast",263,111,2.36936936936937,1.40664262525475,0.900980943404495,0.0544893322708616,139.8,73.8666666666667,1.82537497036798,111,"bootstrap",0.640518726809749,3.1011161498928,1.98632296801849,0.120128414473037,0.840729370369569,0.120128414473037
2017,"SSEI","slope","private",0.7,"Southeast",178,119,1.49579831932773,1.30092921823596,0.681266088072102,0.0517662282407395,139.8,73.8666666666667,1.82537497036798,119,"bootstrap",0.523676521767947,2.86805798154191,1.50193462800267,0.114124997731617,0.840729370369569,0.114124997731617
2018,"SSEI","slope","private",0.6,"Southeast",155,96,1.61458333333333,1.27574165723871,1.44315095406457,0.117167431357959,139.8,73.8666666666667,1.82537497036798,96,"bootstrap",1.13122507670417,2.81252891482475,3.18160323740533,0.258309969499054,0.840729370369569,0.258309969499054
2019,"SSEI","slope","private",0.5,"Southeast",85,53,1.60377358490566,1.19850235030588,0.696827905948936,0.076242059306184,139.8,73.8666666666667,1.82537497036798,53,"bootstrap",0.581415552310842,2.64224539160751,1.53624256370226,0.168084968541795,0.840729370369569,0.168084968541795
2020,"SSEI","slope","private",0.2,"Southeast",37,25,1.48,1.71850330464865,0.829938966695056,0.135728165847027,139.8,73.8666666666667,1.82537497036798,25,"bootstrap",0.482942898305766,3.78865125797316,1.82970221919535,0.299229384597467,0.840729370369569,0.299229384597467
2021,"SSEI","slope","private",0.2,"Southeast",58,38,1.52631578947368,1.71974945412069,0.836798314703545,0.105441860290129,139.8,73.8666666666667,1.82537497036798,38,"bootstrap",0.486581526569753,3.79139854728712,1.84482449297331,0.232459510290498,0.840729370369569,0.232459510290498
2022,"SSEI","slope","private",0.2,"Southeast",69,43,1.6046511627907,1.58218089863768,0.865810434084754,0.0993951240576464,139.8,73.8666666666667,1.82537497036798,43,"bootstrap",0.547225942893288,3.48811179806856,1.90878526761527,0.219128738815193,0.840729370369569,0.219128738815193
2023,"SSEI","slope","private",0.2,"Southeast",59,29,2.03448275862069,1.93720861374576,1.36327898128909,0.178119222475835,139.8,73.8666666666667,1.82537497036798,29,"bootstrap",0.703733697865958,4.27081392952275,3.00551567952048,0.392685666927038,0.840729370369569,0.392685666927038
2024,"SSEI","slope","private",0.2,"Southeast",73,46,1.58695652173913,1.63788535009589,1.69797755423216,0.190674213977168,139.8,73.8666666666667,1.82537497036798,46,"bootstrap",1.03668889530806,3.61091909178802,3.7433997243125,0.420364685184785,0.840729370369569,0.420364685184785
2025,"SSEI","slope","private",0.2,"Southeast",93,NA,NA,1.573353395,0.286876694,NA,NA,NA,NA,NA,"4-stage",0.182334556820911,3.46865048387079,0.632454848743218,NA,0.840729370369569,0.840729370369569
1977,"SSEO","slope","private",0.9,"Southeast",NA,NA,NA,NA,NA,NA,NA,NA,NA,NA,NA,1,NA,NA,NA,1.35164739695993,1.35164739695993
1978,"SSEO","slope","private",0.9,"Southeast",NA,NA,NA,NA,NA,NA,NA,NA,NA,NA,NA,1,NA,NA,NA,1.35164739695993,1.35164739695993
1979,"SSEO","slope","private",0.9,"Southeast",NA,NA,NA,NA,NA,NA,NA,NA,NA,NA,NA,1,NA,NA,NA,1.35164739695993,1.35164739695993
1980,"SSEO","slope","private",0.9,"Southeast",NA,NA,NA,NA,NA,NA,NA,NA,NA,NA,NA,1,NA,NA,NA,1.35164739695993,1.35164739695993
1981,"SSEO","slope","private",0.9,"Southeast",NA,NA,NA,NA,NA,NA,NA,NA,NA,NA,NA,1,NA,NA,NA,1.35164739695993,1.35164739695993
1982,"SSEO","slope","private",0.9,"Southeast",NA,NA,NA,NA,NA,NA,NA,NA,NA,NA,NA,1,NA,NA,NA,1.35164739695993,1.35164739695993
1983,"SSEO","slope","private",0.9,"Southeast",NA,NA,NA,NA,NA,NA,NA,NA,NA,NA,NA,1,NA,NA,NA,1.35164739695993,1.35164739695993
1984,"SSEO","slope","private",0.9,"Southeast",NA,NA,NA,NA,NA,NA,NA,NA,NA,NA,NA,1,NA,NA,NA,1.35164739695993,1.35164739695993
1985,"SSEO","slope","private",0.9,"Southeast",NA,NA,NA,NA,NA,NA,NA,NA,NA,NA,NA,1,NA,NA,NA,1.35164739695993,1.35164739695993
1986,"SSEO","slope","private",0.9,"Southeast",NA,NA,NA,NA,NA,NA,NA,NA,NA,NA,NA,1,NA,NA,NA,1.35164739695993,1.35164739695993
1987,"SSEO","slope","private",0.9,"Southeast",NA,NA,NA,NA,NA,NA,NA,NA,NA,NA,NA,1,NA,NA,NA,1.35164739695993,1.35164739695993
1988,"SSEO","slope","private",0.9,"Southeast",NA,NA,NA,NA,NA,NA,NA,NA,NA,NA,NA,1,NA,NA,NA,1.35164739695993,1.35164739695993
1989,"SSEO","slope","private",0.9,"Southeast",NA,NA,NA,NA,NA,NA,NA,NA,NA,NA,NA,1,NA,NA,NA,1.35164739695993,1.35164739695993
1990,"SSEO","slope","private",0.9,"Southeast",NA,NA,NA,NA,NA,NA,NA,NA,NA,NA,NA,1,NA,NA,NA,1.35164739695993,1.35164739695993
1991,"SSEO","slope","private",0.9,"Southeast",NA,NA,NA,NA,NA,NA,NA,NA,NA,NA,NA,1,NA,NA,NA,1.35164739695993,1.35164739695993
1992,"SSEO","slope","private",0.9,"Southeast",NA,NA,NA,NA,NA,NA,NA,NA,NA,NA,NA,1,NA,NA,NA,1.35164739695993,1.35164739695993
1993,"SSEO","slope","private",0.9,"Southeast",NA,NA,NA,NA,NA,NA,NA,NA,NA,NA,NA,1,NA,NA,NA,1.35164739695993,1.35164739695993
1994,"SSEO","slope","private",0.9,"Southeast",NA,NA,NA,NA,NA,NA,NA,NA,NA,NA,NA,1,NA,NA,NA,1.35164739695993,1.35164739695993
1995,"SSEO","slope","private",0.9,"Southeast",NA,NA,NA,NA,NA,NA,NA,NA,NA,NA,NA,1,NA,NA,NA,1.35164739695993,1.35164739695993
1996,"SSEO","slope","private",0.9,"Southeast",NA,NA,NA,NA,NA,NA,NA,NA,NA,NA,NA,1,NA,NA,NA,1.35164739695993,1.35164739695993
1997,"SSEO","slope","private",0.9,"Southeast",NA,NA,NA,NA,NA,NA,NA,NA,NA,NA,NA,1,NA,NA,NA,1.35164739695993,1.35164739695993
1998,"SSEO","slope","private",0.9,"Southeast",NA,NA,NA,NA,NA,NA,NA,NA,NA,NA,NA,1,NA,NA,NA,1.35164739695993,1.35164739695993
1999,"SSEO","slope","private",0.9,"Southeast",NA,NA,NA,NA,NA,NA,NA,NA,NA,NA,NA,1,NA,NA,NA,1.35164739695993,1.35164739695993
2000,"SSEO","slope","private",0.9,"Southeast",NA,NA,NA,NA,NA,NA,NA,NA,NA,NA,NA,1,NA,NA,NA,1.35164739695993,1.35164739695993
2001,"SSEO","slope","private",0.9,"Southeast",NA,NA,NA,NA,NA,NA,NA,NA,NA,NA,NA,1,NA,NA,NA,1.35164739695993,1.35164739695993
2002,"SSEO","slope","private",0.9,"Southeast",NA,NA,NA,NA,NA,NA,NA,NA,NA,NA,NA,1,NA,NA,NA,1.35164739695993,1.35164739695993
2003,"SSEO","slope","private",0.9,"Southeast",NA,NA,NA,NA,NA,NA,NA,NA,NA,NA,NA,1,NA,NA,NA,1.35164739695993,1.35164739695993
2004,"SSEO","slope","private",0.9,"Southeast",NA,NA,NA,NA,NA,NA,NA,NA,NA,NA,NA,1,NA,NA,NA,1.35164739695993,1.35164739695993
2005,"SSEO","slope","private",0.9,"Southeast",NA,NA,NA,NA,NA,NA,NA,NA,NA,NA,NA,1,NA,NA,NA,1.35164739695993,1.35164739695993
2006,"SSEO","slope","private",0.9,"Southeast",NA,NA,NA,NA,NA,NA,NA,NA,NA,NA,NA,1,NA,NA,NA,1.35164739695993,1.35164739695993
2007,"SSEO","slope","private",0.9,"Southeast",NA,NA,NA,NA,NA,NA,NA,NA,NA,NA,NA,1,NA,NA,NA,1.35164739695993,1.35164739695993
2008,"SSEO","slope","private",0.9,"Southeast",NA,NA,NA,NA,NA,NA,NA,NA,NA,NA,NA,1,NA,NA,NA,1.35164739695993,1.35164739695993
2009,"SSEO","slope","private",0.9,"Southeast",NA,NA,NA,NA,NA,NA,NA,NA,NA,NA,NA,1,NA,NA,NA,1.35164739695993,1.35164739695993
2010,"SSEO","slope","private",0.9,"Southeast",17,1,17,1.61948170364706,0.720526704998483,0.170892584572013,14.2666666666667,9.93333333333333,1.40035264930002,12.1397992202162,"bootstrap",0.444911914333989,3.57034599653644,1.58848947215372,0.376753657537723,1.35164739695993,0.376753657537723
2011,"SSEO","slope","private",0.9,"Southeast",13,12,1.08333333333333,1.46097394592308,0.745906674370059,0.201761122395343,14.2666666666667,9.93333333333333,1.40035264930002,12,"bootstrap",0.510554398626716,3.22089620841268,1.64444272672521,0.444807134269362,1.35164739695993,0.444807134269362
2012,"SSEO","slope","private",0.9,"Southeast",16,9,1.77777777777778,1.4022764436875,0.594687465372775,0.138149125723271,14.2666666666667,9.93333333333333,1.40035264930002,9,"bootstrap",0.424087181988848,3.09149036724662,1.31106143799129,0.304566687502747,1.35164739695993,0.304566687502747
2013,"SSEO","slope","private",0.8,"Southeast",NA,NA,NA,NA,NA,NA,NA,NA,NA,NA,NA,1,NA,NA,NA,1.35164739695993,1.35164739695993
2014,"SSEO","slope","private",0.8,"Southeast",10,8,1.25,1.731349331,1.01946374268734,0.306548473352762,14.2666666666667,9.93333333333333,1.40035264930002,8,"bootstrap",0.588826139493475,3.81697189824447,2.24753282739837,0.675823698479966,1.35164739695993,0.675823698479966
2015,"SSEO","slope","private",0.8,"Southeast",18,10,1.8,1.30802610327778,0.415414590615142,0.0931779772246852,14.2666666666667,9.93333333333333,1.40035264930002,10,"bootstrap",0.317588914758012,2.88370393483665,0.915832403148182,0.205422276275386,1.35164739695993,0.205422276275386
2016,"SSEO","slope","private",0.8,"Southeast",NA,NA,NA,NA,NA,NA,NA,NA,NA,NA,NA,1,NA,NA,NA,1.35164739695993,1.35164739695993
2017,"SSEO","slope","private",0.7,"Southeast",20,12,1.66666666666667,1.66720114035,0.520051175417665,0.116122650021924,14.2666666666667,9.93333333333333,1.40035264930002,12,"bootstrap",0.31193067400883,3.6755493461054,1.14651658488337,0.256006620932677,1.35164739695993,0.256006620932677
2018,"SSEO","slope","private",0.6,"Southeast",26,19,1.36842105263158,1.67664287919231,0.578105416200362,0.11041887162148,14.2666666666667,9.93333333333333,1.40035264930002,19,"bootstrap",0.344799374616289,3.69636481712929,1.27450427729983,0.243431942051591,1.35164739695993,0.243431942051591
2019,"SSEO","slope","private",0.5,"Southeast",21,15,1.4,1.50920924466667,0.46499390596298,0.100480559715292,14.2666666666667,9.93333333333333,1.40035264930002,15,"bootstrap",0.308104331858688,3.32723683910526,1.02513608324814,0.221521714818594,1.35164739695993,0.221521714818594
2020,"SSEO","slope","private",0.2,"Southeast",NA,NA,NA,NA,NA,NA,NA,NA,NA,NA,NA,1,NA,NA,NA,1.35164739695993,1.35164739695993
2021,"SSEO","slope","private",0.2,"Southeast",NA,NA,NA,NA,NA,NA,NA,NA,NA,NA,NA,1,NA,NA,NA,1.35164739695993,1.35164739695993
2022,"SSEO","slope","private",0.2,"Southeast",14,8,1.75,1.310652674,0.476261270281516,0.123529744967281,14.2666666666667,9.93333333333333,1.40035264930002,8,"bootstrap",0.363377178202374,2.88949453206389,1.04997636949256,0.272336469997699,1.35164739695993,0.272336469997699
2023,"SSEO","slope","private",0.2,"Southeast",NA,NA,NA,NA,NA,NA,NA,NA,NA,NA,NA,1,NA,NA,NA,1.35164739695993,1.35164739695993
2024,"SSEO","slope","private",0.2,"Southeast",20,12,1.66666666666667,1.66393397005,0.44651641940372,0.0939340950060218,14.2666666666667,9.93333333333333,1.40035264930002,12,"bootstrap",0.268349842866843,3.66834646855863,0.984400198418848,0.207089230639505,1.35164739695993,0.207089230639505
2025,"SSEO","slope","private",0.2,"Southeast",31,NA,NA,2.450020024,0.679105664,NA,NA,NA,NA,NA,"4-stage",0.27718371986661,5.40136956436334,1.49717170822452,NA,1.35164739695993,1.35164739695993
